============================================================
  Generated by:           Genus(TM) Synthesis Solution 21.16-s062_1
  Generated on:           Mar 22 2026  09:09:18 am
  Module:                 systolic_array_wrapper
  Operating conditions:   WCCOM (balanced_tree)
  Wireload mode:          segmented
  Area mode:              timing library
============================================================

#--------------------------------------------------------------------------------------
#   ID   Slack                      Endpoint                      Group      Mode      
#         (ps)                                                                         
#--------------------------------------------------------------------------------------
       1  2421   out_ready                                          I2O   default_mode 
       2  6644   output_buffer_pipe_6_reg[23]/D                     I2C   default_mode 
       3  6644   output_buffer_pipe_6_reg[15]/D                     I2C   default_mode 
       4  6644   output_buffer_pipe_6_reg[13]/D                     I2C   default_mode 
       5  6644   output_buffer_pipe_6_reg[12]/D                     I2C   default_mode 
       6  6644   output_buffer_pipe_6_reg[11]/D                     I2C   default_mode 
       7  6644   output_buffer_pipe_6_reg[6]/D                      I2C   default_mode 
       8  6644   output_buffer_pipe_6_reg[5]/D                      I2C   default_mode 
       9  6644   output_buffer_pipe_6_reg[4]/D                      I2C   default_mode 
      10  6644   output_buffer_pipe_6_reg[2]/D                      I2C   default_mode 
      11  6644   output_buffer_pipe_6_reg[1]/D                      I2C   default_mode 
      12  6644   output_buffer_pipe_5_reg[1][27]/D                  I2C   default_mode 
      13  6644   output_buffer_pipe_5_reg[1][24]/D                  I2C   default_mode 
      14  6644   output_buffer_pipe_5_reg[1][15]/D                  I2C   default_mode 
      15  6644   output_buffer_pipe_5_reg[1][14]/D                  I2C   default_mode 
      16  6644   output_buffer_pipe_5_reg[1][13]/D                  I2C   default_mode 
      17  6644   output_buffer_pipe_5_reg[1][10]/D                  I2C   default_mode 
      18  6644   output_buffer_pipe_5_reg[1][9]/D                   I2C   default_mode 
      19  6644   output_buffer_pipe_5_reg[1][0]/D                   I2C   default_mode 
      20  6644   output_buffer_pipe_4_reg[2][21]/D                  I2C   default_mode 
      21  6644   output_buffer_pipe_4_reg[2][20]/D                  I2C   default_mode 
      22  6644   output_buffer_pipe_4_reg[2][15]/D                  I2C   default_mode 
      23  6644   output_buffer_pipe_4_reg[2][6]/D                   I2C   default_mode 
      24  6644   output_buffer_pipe_4_reg[2][5]/D                   I2C   default_mode 
      25  6644   output_buffer_pipe_4_reg[2][2]/D                   I2C   default_mode 
      26  6644   output_buffer_pipe_3_reg[3][22]/D                  I2C   default_mode 
      27  6644   output_buffer_pipe_3_reg[3][21]/D                  I2C   default_mode 
      28  6644   output_buffer_pipe_3_reg[3][19]/D                  I2C   default_mode 
      29  6644   output_buffer_pipe_3_reg[3][15]/D                  I2C   default_mode 
      30  6644   output_buffer_pipe_3_reg[3][9]/D                   I2C   default_mode 
      31  6644   output_buffer_pipe_3_reg[3][7]/D                   I2C   default_mode 
      32  6644   output_buffer_pipe_3_reg[3][5]/D                   I2C   default_mode 
      33  6644   output_buffer_pipe_3_reg[3][4]/D                   I2C   default_mode 
      34  6644   output_buffer_pipe_3_reg[3][3]/D                   I2C   default_mode 
      35  6644   output_buffer_pipe_3_reg[3][2]/D                   I2C   default_mode 
      36  6644   output_buffer_pipe_2_reg[4][30]/D                  I2C   default_mode 
      37  6644   output_buffer_pipe_2_reg[4][29]/D                  I2C   default_mode 
      38  6644   output_buffer_pipe_2_reg[4][28]/D                  I2C   default_mode 
      39  6644   output_buffer_pipe_2_reg[4][27]/D                  I2C   default_mode 
      40  6644   output_buffer_pipe_2_reg[4][26]/D                  I2C   default_mode 
      41  6644   output_buffer_pipe_2_reg[4][25]/D                  I2C   default_mode 
      42  6644   output_buffer_pipe_2_reg[4][24]/D                  I2C   default_mode 
      43  6644   output_buffer_pipe_2_reg[4][22]/D                  I2C   default_mode 
      44  6644   output_buffer_pipe_2_reg[4][21]/D                  I2C   default_mode 
      45  6644   output_buffer_pipe_2_reg[4][20]/D                  I2C   default_mode 
      46  6644   output_buffer_pipe_2_reg[4][18]/D                  I2C   default_mode 
      47  6644   output_buffer_pipe_2_reg[4][15]/D                  I2C   default_mode 
      48  6644   output_buffer_pipe_2_reg[4][14]/D                  I2C   default_mode 
      49  6644   output_buffer_pipe_2_reg[4][13]/D                  I2C   default_mode 
      50  6644   output_buffer_pipe_2_reg[4][12]/D                  I2C   default_mode 
      51  6644   output_buffer_pipe_2_reg[4][10]/D                  I2C   default_mode 
      52  6644   output_buffer_pipe_2_reg[4][9]/D                   I2C   default_mode 
      53  6644   output_buffer_pipe_2_reg[4][8]/D                   I2C   default_mode 
      54  6644   output_buffer_pipe_2_reg[4][7]/D                   I2C   default_mode 
      55  6644   output_buffer_pipe_2_reg[4][6]/D                   I2C   default_mode 
      56  6644   output_buffer_pipe_2_reg[4][5]/D                   I2C   default_mode 
      57  6644   output_buffer_pipe_2_reg[4][4]/D                   I2C   default_mode 
      58  6644   output_buffer_pipe_2_reg[4][1]/D                   I2C   default_mode 
      59  6644   output_buffer_pipe_2_reg[4][0]/D                   I2C   default_mode 
      60  6644   output_buffer_pipe_1_reg[5][31]/D                  I2C   default_mode 
      61  6644   output_buffer_pipe_1_reg[5][25]/D                  I2C   default_mode 
      62  6644   output_buffer_pipe_1_reg[5][24]/D                  I2C   default_mode 
      63  6644   output_buffer_pipe_1_reg[5][23]/D                  I2C   default_mode 
      64  6644   output_buffer_pipe_1_reg[5][22]/D                  I2C   default_mode 
      65  6644   output_buffer_pipe_1_reg[5][21]/D                  I2C   default_mode 
      66  6644   output_buffer_pipe_1_reg[5][18]/D                  I2C   default_mode 
      67  6644   output_buffer_pipe_1_reg[5][15]/D                  I2C   default_mode 
      68  6644   output_buffer_pipe_1_reg[5][14]/D                  I2C   default_mode 
      69  6644   output_buffer_pipe_1_reg[5][13]/D                  I2C   default_mode 
      70  6644   output_buffer_pipe_1_reg[5][12]/D                  I2C   default_mode 
      71  6644   output_buffer_pipe_1_reg[5][9]/D                   I2C   default_mode 
      72  6644   output_buffer_pipe_1_reg[5][8]/D                   I2C   default_mode 
      73  6644   output_buffer_pipe_1_reg[5][4]/D                   I2C   default_mode 
      74  6644   output_buffer_pipe_1_reg[5][3]/D                   I2C   default_mode 
      75  6644   output_buffer_pipe_1_reg[5][2]/D                   I2C   default_mode 
      76  6644   output_buffer_pipe_1_reg[5][1]/D                   I2C   default_mode 
      77  6644   output_buffer_pipe_1_reg[5][0]/D                   I2C   default_mode 
      78  6644   output_buffer_pipe_0_reg[6][27]/D                  I2C   default_mode 
      79  6644   output_buffer_pipe_0_reg[6][26]/D                  I2C   default_mode 
      80  6644   output_buffer_pipe_0_reg[6][20]/D                  I2C   default_mode 
      81  6644   output_buffer_pipe_0_reg[6][19]/D                  I2C   default_mode 
      82  6644   output_buffer_pipe_0_reg[6][18]/D                  I2C   default_mode 
      83  6644   output_buffer_pipe_0_reg[6][15]/D                  I2C   default_mode 
      84  6644   output_buffer_pipe_0_reg[6][14]/D                  I2C   default_mode 
      85  6644   output_buffer_pipe_0_reg[6][1]/D                   I2C   default_mode 
      86  6644   output_buffer_pipe_0_reg[6][0]/D                   I2C   default_mode 
      87  6653   output_buffer_pipe_5_reg[0][31]/D                  I2C   default_mode 
      88  6653   output_buffer_pipe_5_reg[0][28]/D                  I2C   default_mode 
      89  6653   output_buffer_pipe_5_reg[0][26]/D                  I2C   default_mode 
      90  6653   output_buffer_pipe_5_reg[0][24]/D                  I2C   default_mode 
      91  6653   output_buffer_pipe_5_reg[0][22]/D                  I2C   default_mode 
      92  6653   output_buffer_pipe_5_reg[0][17]/D                  I2C   default_mode 
      93  6653   output_buffer_pipe_5_reg[0][15]/D                  I2C   default_mode 
      94  6653   output_buffer_pipe_5_reg[0][12]/D                  I2C   default_mode 
      95  6653   output_buffer_pipe_5_reg[0][6]/D                   I2C   default_mode 
      96  6653   output_buffer_pipe_5_reg[0][4]/D                   I2C   default_mode 
      97  6653   output_buffer_pipe_5_reg[0][2]/D                   I2C   default_mode 
      98  6653   output_buffer_pipe_4_reg[1][23]/D                  I2C   default_mode 
      99  6653   output_buffer_pipe_4_reg[1][22]/D                  I2C   default_mode 
     100  6653   output_buffer_pipe_4_reg[1][18]/D                  I2C   default_mode 
     101  6653   output_buffer_pipe_4_reg[1][4]/D                   I2C   default_mode 
     102  6653   output_buffer_pipe_4_reg[0][26]/D                  I2C   default_mode 
     103  6653   output_buffer_pipe_4_reg[0][20]/D                  I2C   default_mode 
     104  6653   output_buffer_pipe_4_reg[0][18]/D                  I2C   default_mode 
     105  6653   output_buffer_pipe_4_reg[0][10]/D                  I2C   default_mode 
     106  6653   output_buffer_pipe_4_reg[0][3]/D                   I2C   default_mode 
     107  6653   output_buffer_pipe_3_reg[2][27]/D                  I2C   default_mode 
     108  6653   output_buffer_pipe_3_reg[2][22]/D                  I2C   default_mode 
     109  6653   output_buffer_pipe_3_reg[2][20]/D                  I2C   default_mode 
     110  6653   output_buffer_pipe_3_reg[2][19]/D                  I2C   default_mode 
     111  6653   output_buffer_pipe_3_reg[2][18]/D                  I2C   default_mode 
     112  6653   output_buffer_pipe_3_reg[2][13]/D                  I2C   default_mode 
     113  6653   output_buffer_pipe_3_reg[2][10]/D                  I2C   default_mode 
     114  6653   output_buffer_pipe_3_reg[1][31]/D                  I2C   default_mode 
     115  6653   output_buffer_pipe_3_reg[1][29]/D                  I2C   default_mode 
     116  6653   output_buffer_pipe_3_reg[1][28]/D                  I2C   default_mode 
     117  6653   output_buffer_pipe_3_reg[1][27]/D                  I2C   default_mode 
     118  6653   output_buffer_pipe_3_reg[1][9]/D                   I2C   default_mode 
     119  6653   output_buffer_pipe_3_reg[1][8]/D                   I2C   default_mode 
     120  6653   output_buffer_pipe_3_reg[0][26]/D                  I2C   default_mode 
     121  6653   output_buffer_pipe_3_reg[0][24]/D                  I2C   default_mode 
     122  6653   output_buffer_pipe_3_reg[0][21]/D                  I2C   default_mode 
     123  6653   output_buffer_pipe_3_reg[0][20]/D                  I2C   default_mode 
     124  6653   output_buffer_pipe_3_reg[0][19]/D                  I2C   default_mode 
     125  6653   output_buffer_pipe_3_reg[0][18]/D                  I2C   default_mode 
     126  6653   output_buffer_pipe_3_reg[0][15]/D                  I2C   default_mode 
     127  6653   output_buffer_pipe_3_reg[0][10]/D                  I2C   default_mode 
     128  6653   output_buffer_pipe_3_reg[0][8]/D                   I2C   default_mode 
     129  6653   output_buffer_pipe_3_reg[0][2]/D                   I2C   default_mode 
     130  6653   output_buffer_pipe_2_reg[3][31]/D                  I2C   default_mode 
     131  6653   output_buffer_pipe_2_reg[3][29]/D                  I2C   default_mode 
     132  6653   output_buffer_pipe_2_reg[3][28]/D                  I2C   default_mode 
     133  6653   output_buffer_pipe_2_reg[3][27]/D                  I2C   default_mode 
     134  6653   output_buffer_pipe_2_reg[3][18]/D                  I2C   default_mode 
     135  6653   output_buffer_pipe_2_reg[3][17]/D                  I2C   default_mode 
     136  6653   output_buffer_pipe_2_reg[3][12]/D                  I2C   default_mode 
     137  6653   output_buffer_pipe_2_reg[3][11]/D                  I2C   default_mode 
     138  6653   output_buffer_pipe_2_reg[3][3]/D                   I2C   default_mode 
     139  6653   output_buffer_pipe_2_reg[2][30]/D                  I2C   default_mode 
     140  6653   output_buffer_pipe_2_reg[2][29]/D                  I2C   default_mode 
     141  6653   output_buffer_pipe_2_reg[2][27]/D                  I2C   default_mode 
     142  6653   output_buffer_pipe_2_reg[2][18]/D                  I2C   default_mode 
     143  6653   output_buffer_pipe_2_reg[2][17]/D                  I2C   default_mode 
     144  6653   output_buffer_pipe_2_reg[2][13]/D                  I2C   default_mode 
     145  6653   output_buffer_pipe_2_reg[2][12]/D                  I2C   default_mode 
     146  6653   output_buffer_pipe_2_reg[2][7]/D                   I2C   default_mode 
     147  6653   output_buffer_pipe_2_reg[2][6]/D                   I2C   default_mode 
     148  6653   output_buffer_pipe_2_reg[2][0]/D                   I2C   default_mode 
     149  6653   output_buffer_pipe_2_reg[1][27]/D                  I2C   default_mode 
     150  6653   output_buffer_pipe_2_reg[1][26]/D                  I2C   default_mode 
     151  6653   output_buffer_pipe_2_reg[1][25]/D                  I2C   default_mode 
     152  6653   output_buffer_pipe_2_reg[1][21]/D                  I2C   default_mode 
     153  6653   output_buffer_pipe_2_reg[1][20]/D                  I2C   default_mode 
     154  6653   output_buffer_pipe_2_reg[1][18]/D                  I2C   default_mode 
     155  6653   output_buffer_pipe_2_reg[1][17]/D                  I2C   default_mode 
     156  6653   output_buffer_pipe_2_reg[1][14]/D                  I2C   default_mode 
     157  6653   output_buffer_pipe_2_reg[1][5]/D                   I2C   default_mode 
     158  6653   output_buffer_pipe_2_reg[0][28]/D                  I2C   default_mode 
     159  6653   output_buffer_pipe_2_reg[0][25]/D                  I2C   default_mode 
     160  6653   output_buffer_pipe_2_reg[0][24]/D                  I2C   default_mode 
     161  6653   output_buffer_pipe_2_reg[0][20]/D                  I2C   default_mode 
     162  6653   output_buffer_pipe_2_reg[0][8]/D                   I2C   default_mode 
     163  6653   output_buffer_pipe_2_reg[0][7]/D                   I2C   default_mode 
     164  6653   output_buffer_pipe_1_reg[4][31]/D                  I2C   default_mode 
     165  6653   output_buffer_pipe_1_reg[4][30]/D                  I2C   default_mode 
     166  6653   output_buffer_pipe_1_reg[4][29]/D                  I2C   default_mode 
     167  6653   output_buffer_pipe_1_reg[4][28]/D                  I2C   default_mode 
     168  6653   output_buffer_pipe_1_reg[4][27]/D                  I2C   default_mode 
     169  6653   output_buffer_pipe_1_reg[4][26]/D                  I2C   default_mode 
     170  6653   output_buffer_pipe_1_reg[4][23]/D                  I2C   default_mode 
     171  6653   output_buffer_pipe_1_reg[4][22]/D                  I2C   default_mode 
     172  6653   output_buffer_pipe_1_reg[4][21]/D                  I2C   default_mode 
     173  6653   output_buffer_pipe_1_reg[4][20]/D                  I2C   default_mode 
     174  6653   output_buffer_pipe_1_reg[4][16]/D                  I2C   default_mode 
     175  6653   output_buffer_pipe_1_reg[4][15]/D                  I2C   default_mode 
     176  6653   output_buffer_pipe_1_reg[4][14]/D                  I2C   default_mode 
     177  6653   output_buffer_pipe_1_reg[4][3]/D                   I2C   default_mode 
     178  6653   output_buffer_pipe_1_reg[4][0]/D                   I2C   default_mode 
     179  6653   output_buffer_pipe_1_reg[3][31]/D                  I2C   default_mode 
     180  6653   output_buffer_pipe_1_reg[3][28]/D                  I2C   default_mode 
     181  6653   output_buffer_pipe_1_reg[3][27]/D                  I2C   default_mode 
     182  6653   output_buffer_pipe_1_reg[3][23]/D                  I2C   default_mode 
     183  6653   output_buffer_pipe_1_reg[3][22]/D                  I2C   default_mode 
     184  6653   output_buffer_pipe_1_reg[3][16]/D                  I2C   default_mode 
     185  6653   output_buffer_pipe_1_reg[3][15]/D                  I2C   default_mode 
     186  6653   output_buffer_pipe_1_reg[3][13]/D                  I2C   default_mode 
     187  6653   output_buffer_pipe_1_reg[3][10]/D                  I2C   default_mode 
     188  6653   output_buffer_pipe_1_reg[3][4]/D                   I2C   default_mode 
     189  6653   output_buffer_pipe_1_reg[2][28]/D                  I2C   default_mode 
     190  6653   output_buffer_pipe_1_reg[2][27]/D                  I2C   default_mode 
     191  6653   output_buffer_pipe_1_reg[2][7]/D                   I2C   default_mode 
     192  6653   output_buffer_pipe_1_reg[2][6]/D                   I2C   default_mode 
     193  6653   output_buffer_pipe_1_reg[1][29]/D                  I2C   default_mode 
     194  6653   output_buffer_pipe_1_reg[1][28]/D                  I2C   default_mode 
     195  6653   output_buffer_pipe_1_reg[1][21]/D                  I2C   default_mode 
     196  6653   output_buffer_pipe_1_reg[1][20]/D                  I2C   default_mode 
     197  6653   output_buffer_pipe_1_reg[1][14]/D                  I2C   default_mode 
     198  6653   output_buffer_pipe_1_reg[1][4]/D                   I2C   default_mode 
     199  6653   output_buffer_pipe_1_reg[1][2]/D                   I2C   default_mode 
     200  6653   output_buffer_pipe_1_reg[0][15]/D                  I2C   default_mode 
     201  6653   output_buffer_pipe_1_reg[0][13]/D                  I2C   default_mode 
     202  6653   output_buffer_pipe_1_reg[0][12]/D                  I2C   default_mode 
     203  6653   output_buffer_pipe_1_reg[0][11]/D                  I2C   default_mode 
     204  6653   output_buffer_pipe_1_reg[0][9]/D                   I2C   default_mode 
     205  6653   output_buffer_pipe_1_reg[0][8]/D                   I2C   default_mode 
     206  6653   output_buffer_pipe_0_reg[5][28]/D                  I2C   default_mode 
     207  6653   output_buffer_pipe_0_reg[5][25]/D                  I2C   default_mode 
     208  6653   output_buffer_pipe_0_reg[5][21]/D                  I2C   default_mode 
     209  6653   output_buffer_pipe_0_reg[5][20]/D                  I2C   default_mode 
     210  6653   output_buffer_pipe_0_reg[5][17]/D                  I2C   default_mode 
     211  6653   output_buffer_pipe_0_reg[5][9]/D                   I2C   default_mode 
     212  6653   output_buffer_pipe_0_reg[4][23]/D                  I2C   default_mode 
     213  6653   output_buffer_pipe_0_reg[4][20]/D                  I2C   default_mode 
     214  6653   output_buffer_pipe_0_reg[4][19]/D                  I2C   default_mode 
     215  6653   output_buffer_pipe_0_reg[4][15]/D                  I2C   default_mode 
     216  6653   output_buffer_pipe_0_reg[4][14]/D                  I2C   default_mode 
     217  6653   output_buffer_pipe_0_reg[4][9]/D                   I2C   default_mode 
     218  6653   output_buffer_pipe_0_reg[4][5]/D                   I2C   default_mode 
     219  6653   output_buffer_pipe_0_reg[4][4]/D                   I2C   default_mode 
     220  6653   output_buffer_pipe_0_reg[4][0]/D                   I2C   default_mode 
     221  6653   output_buffer_pipe_0_reg[3][31]/D                  I2C   default_mode 
     222  6653   output_buffer_pipe_0_reg[3][30]/D                  I2C   default_mode 
     223  6653   output_buffer_pipe_0_reg[3][28]/D                  I2C   default_mode 
     224  6653   output_buffer_pipe_0_reg[3][25]/D                  I2C   default_mode 
     225  6653   output_buffer_pipe_0_reg[3][24]/D                  I2C   default_mode 
     226  6653   output_buffer_pipe_0_reg[3][19]/D                  I2C   default_mode 
     227  6653   output_buffer_pipe_0_reg[3][16]/D                  I2C   default_mode 
     228  6653   output_buffer_pipe_0_reg[3][15]/D                  I2C   default_mode 
     229  6653   output_buffer_pipe_0_reg[3][10]/D                  I2C   default_mode 
     230  6653   output_buffer_pipe_0_reg[3][6]/D                   I2C   default_mode 
     231  6653   output_buffer_pipe_0_reg[3][3]/D                   I2C   default_mode 
     232  6653   output_buffer_pipe_0_reg[2][26]/D                  I2C   default_mode 
     233  6653   output_buffer_pipe_0_reg[2][25]/D                  I2C   default_mode 
     234  6653   output_buffer_pipe_0_reg[2][19]/D                  I2C   default_mode 
     235  6653   output_buffer_pipe_0_reg[2][18]/D                  I2C   default_mode 
     236  6653   output_buffer_pipe_0_reg[2][13]/D                  I2C   default_mode 
     237  6653   output_buffer_pipe_0_reg[1][25]/D                  I2C   default_mode 
     238  6653   output_buffer_pipe_0_reg[1][18]/D                  I2C   default_mode 
     239  6653   output_buffer_pipe_0_reg[1][17]/D                  I2C   default_mode 
     240  6653   output_buffer_pipe_0_reg[1][14]/D                  I2C   default_mode 
     241  6653   output_buffer_pipe_0_reg[1][13]/D                  I2C   default_mode 
     242  6653   output_buffer_pipe_0_reg[1][12]/D                  I2C   default_mode 
     243  6653   output_buffer_pipe_0_reg[1][11]/D                  I2C   default_mode 
     244  6653   output_buffer_pipe_0_reg[1][10]/D                  I2C   default_mode 
     245  6653   output_buffer_pipe_0_reg[1][6]/D                   I2C   default_mode 
     246  6653   output_buffer_pipe_0_reg[1][4]/D                   I2C   default_mode 
     247  6653   output_buffer_pipe_0_reg[1][3]/D                   I2C   default_mode 
     248  6653   output_buffer_pipe_0_reg[1][2]/D                   I2C   default_mode 
     249  6653   output_buffer_pipe_0_reg[1][1]/D                   I2C   default_mode 
     250  6653   output_buffer_pipe_0_reg[1][0]/D                   I2C   default_mode 
     251  6653   output_buffer_pipe_0_reg[0][26]/D                  I2C   default_mode 
     252  6653   output_buffer_pipe_0_reg[0][22]/D                  I2C   default_mode 
     253  6653   output_buffer_pipe_0_reg[0][20]/D                  I2C   default_mode 
     254  6653   output_buffer_pipe_0_reg[0][18]/D                  I2C   default_mode 
     255  6653   output_buffer_pipe_0_reg[0][11]/D                  I2C   default_mode 
     256  6653   output_buffer_pipe_0_reg[0][9]/D                   I2C   default_mode 
     257  6653   output_buffer_pipe_0_reg[0][5]/D                   I2C   default_mode 
     258  6834   output_buffer_pipe_5_reg[0][21]/D                  I2C   default_mode 
     259  6834   output_buffer_pipe_4_reg[1][29]/D                  I2C   default_mode 
     260  6834   output_buffer_pipe_4_reg[1][27]/D                  I2C   default_mode 
     261  6834   output_buffer_pipe_4_reg[1][5]/D                   I2C   default_mode 
     262  6834   output_buffer_pipe_3_reg[2][5]/D                   I2C   default_mode 
     263  6834   output_buffer_pipe_3_reg[1][11]/D                  I2C   default_mode 
     264  6834   output_buffer_pipe_3_reg[1][2]/D                   I2C   default_mode 
     265  6834   output_buffer_pipe_3_reg[0][12]/D                  I2C   default_mode 
     266  6834   output_buffer_pipe_3_reg[0][1]/D                   I2C   default_mode 
     267  6834   output_buffer_pipe_2_reg[1][12]/D                  I2C   default_mode 
     268  6834   output_buffer_pipe_2_reg[0][26]/D                  I2C   default_mode 
     269  6834   output_buffer_pipe_2_reg[0][11]/D                  I2C   default_mode 
     270  6834   output_buffer_pipe_1_reg[3][11]/D                  I2C   default_mode 
     271  6834   output_buffer_pipe_1_reg[3][6]/D                   I2C   default_mode 
     272  6834   output_buffer_pipe_1_reg[2][30]/D                  I2C   default_mode 
     273  6834   output_buffer_pipe_1_reg[3][0]/D                   I2C   default_mode 
     274  6834   output_buffer_pipe_0_reg[4][2]/D                   I2C   default_mode 
     275  6834   output_buffer_pipe_0_reg[3][20]/D                  I2C   default_mode 
     276  6834   output_buffer_pipe_0_reg[3][11]/D                  I2C   default_mode 
     277  6834   output_buffer_pipe_0_reg[2][20]/D                  I2C   default_mode 
     278  6834   output_buffer_pipe_0_reg[0][30]/D                  I2C   default_mode 
     279  6836   output_buffer_pipe_5_reg[0][30]/D                  I2C   default_mode 
     280  6836   output_buffer_pipe_5_reg[0][27]/D                  I2C   default_mode 
     281  6836   output_buffer_pipe_5_reg[0][25]/D                  I2C   default_mode 
     282  6836   output_buffer_pipe_5_reg[0][20]/D                  I2C   default_mode 
     283  6836   output_buffer_pipe_5_reg[0][16]/D                  I2C   default_mode 
     284  6836   output_buffer_pipe_5_reg[0][14]/D                  I2C   default_mode 
     285  6836   output_buffer_pipe_5_reg[0][13]/D                  I2C   default_mode 
     286  6836   output_buffer_pipe_5_reg[0][11]/D                  I2C   default_mode 
     287  6836   output_buffer_pipe_5_reg[0][10]/D                  I2C   default_mode 
     288  6836   output_buffer_pipe_5_reg[0][9]/D                   I2C   default_mode 
     289  6836   output_buffer_pipe_5_reg[0][8]/D                   I2C   default_mode 
     290  6836   output_buffer_pipe_5_reg[0][5]/D                   I2C   default_mode 
     291  6836   output_buffer_pipe_5_reg[0][3]/D                   I2C   default_mode 
     292  6836   output_buffer_pipe_5_reg[0][1]/D                   I2C   default_mode 
     293  6836   output_buffer_pipe_5_reg[0][0]/D                   I2C   default_mode 
     294  6836   output_buffer_pipe_4_reg[1][30]/D                  I2C   default_mode 
     295  6836   output_buffer_pipe_4_reg[1][25]/D                  I2C   default_mode 
     296  6836   output_buffer_pipe_4_reg[1][21]/D                  I2C   default_mode 
     297  6836   output_buffer_pipe_4_reg[1][19]/D                  I2C   default_mode 
     298  6836   output_buffer_pipe_4_reg[1][17]/D                  I2C   default_mode 
     299  6836   output_buffer_pipe_4_reg[1][14]/D                  I2C   default_mode 
     300  6836   output_buffer_pipe_4_reg[1][13]/D                  I2C   default_mode 
     301  6836   output_buffer_pipe_4_reg[1][10]/D                  I2C   default_mode 
     302  6836   output_buffer_pipe_4_reg[1][9]/D                   I2C   default_mode 
     303  6836   output_buffer_pipe_4_reg[1][12]/D                  I2C   default_mode 
     304  6836   output_buffer_pipe_4_reg[1][1]/D                   I2C   default_mode 
     305  6836   output_buffer_pipe_4_reg[1][0]/D                   I2C   default_mode 
     306  6836   output_buffer_pipe_4_reg[0][31]/D                  I2C   default_mode 
     307  6836   output_buffer_pipe_4_reg[1][3]/D                   I2C   default_mode 
     308  6836   output_buffer_pipe_4_reg[0][24]/D                  I2C   default_mode 
     309  6836   output_buffer_pipe_4_reg[0][23]/D                  I2C   default_mode 
     310  6836   output_buffer_pipe_4_reg[0][21]/D                  I2C   default_mode 
     311  6836   output_buffer_pipe_4_reg[0][19]/D                  I2C   default_mode 
     312  6836   output_buffer_pipe_4_reg[0][17]/D                  I2C   default_mode 
     313  6836   output_buffer_pipe_4_reg[0][16]/D                  I2C   default_mode 
     314  6836   output_buffer_pipe_4_reg[0][14]/D                  I2C   default_mode 
     315  6836   output_buffer_pipe_4_reg[0][12]/D                  I2C   default_mode 
     316  6836   output_buffer_pipe_4_reg[0][8]/D                   I2C   default_mode 
     317  6836   output_buffer_pipe_4_reg[0][7]/D                   I2C   default_mode 
     318  6836   output_buffer_pipe_4_reg[0][5]/D                   I2C   default_mode 
     319  6836   output_buffer_pipe_3_reg[2][30]/D                  I2C   default_mode 
     320  6836   output_buffer_pipe_3_reg[2][29]/D                  I2C   default_mode 
     321  6836   output_buffer_pipe_3_reg[2][28]/D                  I2C   default_mode 
     322  6836   output_buffer_pipe_3_reg[2][23]/D                  I2C   default_mode 
     323  6836   output_buffer_pipe_3_reg[2][24]/D                  I2C   default_mode 
     324  6836   output_buffer_pipe_3_reg[2][21]/D                  I2C   default_mode 
     325  6836   output_buffer_pipe_4_reg[0][4]/D                   I2C   default_mode 
     326  6836   output_buffer_pipe_3_reg[2][31]/D                  I2C   default_mode 
     327  6836   output_buffer_pipe_3_reg[2][17]/D                  I2C   default_mode 
     328  6836   output_buffer_pipe_4_reg[0][1]/D                   I2C   default_mode 
     329  6836   output_buffer_pipe_3_reg[2][16]/D                  I2C   default_mode 
     330  6836   output_buffer_pipe_3_reg[2][14]/D                  I2C   default_mode 
     331  6836   output_buffer_pipe_3_reg[2][12]/D                  I2C   default_mode 
     332  6836   output_buffer_pipe_3_reg[2][11]/D                  I2C   default_mode 
     333  6836   output_buffer_pipe_3_reg[2][9]/D                   I2C   default_mode 
     334  6836   output_buffer_pipe_3_reg[2][6]/D                   I2C   default_mode 
     335  6836   output_buffer_pipe_3_reg[2][4]/D                   I2C   default_mode 
     336  6836   output_buffer_pipe_3_reg[2][2]/D                   I2C   default_mode 
     337  6836   output_buffer_pipe_3_reg[2][1]/D                   I2C   default_mode 
     338  6836   output_buffer_pipe_3_reg[1][30]/D                  I2C   default_mode 
     339  6836   output_buffer_pipe_3_reg[1][23]/D                  I2C   default_mode 
     340  6836   output_buffer_pipe_3_reg[1][21]/D                  I2C   default_mode 
     341  6836   output_buffer_pipe_3_reg[1][19]/D                  I2C   default_mode 
     342  6836   output_buffer_pipe_3_reg[1][17]/D                  I2C   default_mode 
     343  6836   output_buffer_pipe_3_reg[1][20]/D                  I2C   default_mode 
     344  6836   output_buffer_pipe_3_reg[1][12]/D                  I2C   default_mode 
     345  6836   output_buffer_pipe_3_reg[1][7]/D                   I2C   default_mode 
     346  6836   output_buffer_pipe_3_reg[0][31]/D                  I2C   default_mode 
     347  6836   output_buffer_pipe_3_reg[0][30]/D                  I2C   default_mode 
     348  6836   output_buffer_pipe_3_reg[0][29]/D                  I2C   default_mode 
     349  6836   output_buffer_pipe_3_reg[0][28]/D                  I2C   default_mode 
     350  6836   output_buffer_pipe_3_reg[0][27]/D                  I2C   default_mode 
     351  6836   output_buffer_pipe_3_reg[1][1]/D                   I2C   default_mode 
     352  6836   output_buffer_pipe_3_reg[1][0]/D                   I2C   default_mode 
     353  6836   output_buffer_pipe_3_reg[0][17]/D                  I2C   default_mode 
     354  6836   output_buffer_pipe_3_reg[0][14]/D                  I2C   default_mode 
     355  6836   output_buffer_pipe_3_reg[0][11]/D                  I2C   default_mode 
     356  6836   output_buffer_pipe_3_reg[0][6]/D                   I2C   default_mode 
     357  6836   output_buffer_pipe_3_reg[0][5]/D                   I2C   default_mode 
     358  6836   output_buffer_pipe_3_reg[0][0]/D                   I2C   default_mode 
     359  6836   output_buffer_pipe_3_reg[0][3]/D                   I2C   default_mode 
     360  6836   output_buffer_pipe_2_reg[3][26]/D                  I2C   default_mode 
     361  6836   output_buffer_pipe_2_reg[3][25]/D                  I2C   default_mode 
     362  6836   output_buffer_pipe_2_reg[3][24]/D                  I2C   default_mode 
     363  6836   output_buffer_pipe_2_reg[3][22]/D                  I2C   default_mode 
     364  6836   output_buffer_pipe_2_reg[3][15]/D                  I2C   default_mode 
     365  6836   output_buffer_pipe_2_reg[3][14]/D                  I2C   default_mode 
     366  6836   output_buffer_pipe_2_reg[3][13]/D                  I2C   default_mode 
     367  6836   output_buffer_pipe_2_reg[3][7]/D                   I2C   default_mode 
     368  6836   output_buffer_pipe_2_reg[3][5]/D                   I2C   default_mode 
     369  6836   output_buffer_pipe_2_reg[3][1]/D                   I2C   default_mode 
     370  6836   output_buffer_pipe_2_reg[3][0]/D                   I2C   default_mode 
     371  6836   output_buffer_pipe_2_reg[3][4]/D                   I2C   default_mode 
     372  6836   output_buffer_pipe_2_reg[2][26]/D                  I2C   default_mode 
     373  6836   output_buffer_pipe_2_reg[2][24]/D                  I2C   default_mode 
     374  6836   output_buffer_pipe_2_reg[2][20]/D                  I2C   default_mode 
     375  6836   output_buffer_pipe_2_reg[2][19]/D                  I2C   default_mode 
     376  6836   output_buffer_pipe_2_reg[2][14]/D                  I2C   default_mode 
     377  6836   output_buffer_pipe_2_reg[2][9]/D                   I2C   default_mode 
     378  6836   output_buffer_pipe_2_reg[2][3]/D                   I2C   default_mode 
     379  6836   output_buffer_pipe_2_reg[1][30]/D                  I2C   default_mode 
     380  6836   output_buffer_pipe_2_reg[1][29]/D                  I2C   default_mode 
     381  6836   output_buffer_pipe_2_reg[2][4]/D                   I2C   default_mode 
     382  6836   output_buffer_pipe_2_reg[1][24]/D                  I2C   default_mode 
     383  6836   output_buffer_pipe_2_reg[1][22]/D                  I2C   default_mode 
     384  6836   output_buffer_pipe_2_reg[1][19]/D                  I2C   default_mode 
     385  6836   output_buffer_pipe_2_reg[1][16]/D                  I2C   default_mode 
     386  6836   output_buffer_pipe_2_reg[1][13]/D                  I2C   default_mode 
     387  6836   output_buffer_pipe_2_reg[1][9]/D                   I2C   default_mode 
     388  6836   output_buffer_pipe_2_reg[1][7]/D                   I2C   default_mode 
     389  6836   output_buffer_pipe_2_reg[1][8]/D                   I2C   default_mode 
     390  6836   output_buffer_pipe_2_reg[0][29]/D                  I2C   default_mode 
     391  6836   output_buffer_pipe_2_reg[0][31]/D                  I2C   default_mode 
     392  6836   output_buffer_pipe_2_reg[0][30]/D                  I2C   default_mode 
     393  6836   output_buffer_pipe_2_reg[0][27]/D                  I2C   default_mode 
     394  6836   output_buffer_pipe_2_reg[1][2]/D                   I2C   default_mode 
     395  6836   output_buffer_pipe_2_reg[0][23]/D                  I2C   default_mode 
     396  6836   output_buffer_pipe_2_reg[0][18]/D                  I2C   default_mode 
     397  6836   output_buffer_pipe_2_reg[0][17]/D                  I2C   default_mode 
     398  6836   output_buffer_pipe_2_reg[0][14]/D                  I2C   default_mode 
     399  6836   output_buffer_pipe_2_reg[0][10]/D                  I2C   default_mode 
     400  6836   output_buffer_pipe_2_reg[0][9]/D                   I2C   default_mode 
     401  6836   output_buffer_pipe_2_reg[0][5]/D                   I2C   default_mode 
     402  6836   output_buffer_pipe_2_reg[0][3]/D                   I2C   default_mode 
     403  6836   output_buffer_pipe_2_reg[0][1]/D                   I2C   default_mode 
     404  6836   output_buffer_pipe_1_reg[4][25]/D                  I2C   default_mode 
     405  6836   output_buffer_pipe_1_reg[4][24]/D                  I2C   default_mode 
     406  6836   output_buffer_pipe_1_reg[4][17]/D                  I2C   default_mode 
     407  6836   output_buffer_pipe_1_reg[4][18]/D                  I2C   default_mode 
     408  6836   output_buffer_pipe_1_reg[4][12]/D                  I2C   default_mode 
     409  6836   output_buffer_pipe_1_reg[4][11]/D                  I2C   default_mode 
     410  6836   output_buffer_pipe_1_reg[4][10]/D                  I2C   default_mode 
     411  6836   output_buffer_pipe_1_reg[4][9]/D                   I2C   default_mode 
     412  6836   output_buffer_pipe_1_reg[4][7]/D                   I2C   default_mode 
     413  6836   output_buffer_pipe_1_reg[4][6]/D                   I2C   default_mode 
     414  6836   output_buffer_pipe_1_reg[4][5]/D                   I2C   default_mode 
     415  6836   output_buffer_pipe_1_reg[3][26]/D                  I2C   default_mode 
     416  6836   output_buffer_pipe_1_reg[3][25]/D                  I2C   default_mode 
     417  6836   output_buffer_pipe_1_reg[3][30]/D                  I2C   default_mode 
     418  6836   output_buffer_pipe_1_reg[3][18]/D                  I2C   default_mode 
     419  6836   output_buffer_pipe_1_reg[3][19]/D                  I2C   default_mode 
     420  6836   output_buffer_pipe_1_reg[3][9]/D                   I2C   default_mode 
     421  6836   output_buffer_pipe_1_reg[3][7]/D                   I2C   default_mode 
     422  6836   output_buffer_pipe_1_reg[3][8]/D                   I2C   default_mode 
     423  6836   output_buffer_pipe_1_reg[3][2]/D                   I2C   default_mode 
     424  6836   output_buffer_pipe_1_reg[2][29]/D                  I2C   default_mode 
     425  6836   output_buffer_pipe_1_reg[2][26]/D                  I2C   default_mode 
     426  6836   output_buffer_pipe_1_reg[2][23]/D                  I2C   default_mode 
     427  6836   output_buffer_pipe_1_reg[2][21]/D                  I2C   default_mode 
     428  6836   output_buffer_pipe_1_reg[2][17]/D                  I2C   default_mode 
     429  6836   output_buffer_pipe_1_reg[2][16]/D                  I2C   default_mode 
     430  6836   output_buffer_pipe_1_reg[2][15]/D                  I2C   default_mode 
     431  6836   output_buffer_pipe_1_reg[2][20]/D                  I2C   default_mode 
     432  6836   output_buffer_pipe_1_reg[2][8]/D                   I2C   default_mode 
     433  6836   output_buffer_pipe_1_reg[2][11]/D                  I2C   default_mode 
     434  6836   output_buffer_pipe_1_reg[2][0]/D                   I2C   default_mode 
     435  6836   output_buffer_pipe_1_reg[1][31]/D                  I2C   default_mode 
     436  6836   output_buffer_pipe_1_reg[1][30]/D                  I2C   default_mode 
     437  6836   output_buffer_pipe_1_reg[2][4]/D                   I2C   default_mode 
     438  6836   output_buffer_pipe_1_reg[1][27]/D                  I2C   default_mode 
     439  6836   output_buffer_pipe_1_reg[1][26]/D                  I2C   default_mode 
     440  6836   output_buffer_pipe_1_reg[1][25]/D                  I2C   default_mode 
     441  6836   output_buffer_pipe_1_reg[2][3]/D                   I2C   default_mode 
     442  6836   output_buffer_pipe_1_reg[1][23]/D                  I2C   default_mode 
     443  6836   output_buffer_pipe_1_reg[1][24]/D                  I2C   default_mode 
     444  6836   output_buffer_pipe_1_reg[1][22]/D                  I2C   default_mode 
     445  6836   output_buffer_pipe_1_reg[1][17]/D                  I2C   default_mode 
     446  6836   output_buffer_pipe_1_reg[1][19]/D                  I2C   default_mode 
     447  6836   output_buffer_pipe_1_reg[1][12]/D                  I2C   default_mode 
     448  6836   output_buffer_pipe_1_reg[1][11]/D                  I2C   default_mode 
     449  6836   output_buffer_pipe_1_reg[1][8]/D                   I2C   default_mode 
     450  6836   output_buffer_pipe_1_reg[1][7]/D                   I2C   default_mode 
     451  6836   output_buffer_pipe_1_reg[1][5]/D                   I2C   default_mode 
     452  6836   output_buffer_pipe_1_reg[1][1]/D                   I2C   default_mode 
     453  6836   output_buffer_pipe_1_reg[0][31]/D                  I2C   default_mode 
     454  6836   output_buffer_pipe_1_reg[0][28]/D                  I2C   default_mode 
     455  6836   output_buffer_pipe_1_reg[0][27]/D                  I2C   default_mode 
     456  6836   output_buffer_pipe_1_reg[0][25]/D                  I2C   default_mode 
     457  6836   output_buffer_pipe_1_reg[0][24]/D                  I2C   default_mode 
     458  6836   output_buffer_pipe_1_reg[0][22]/D                  I2C   default_mode 
     459  6836   output_buffer_pipe_1_reg[0][21]/D                  I2C   default_mode 
     460  6836   output_buffer_pipe_1_reg[0][17]/D                  I2C   default_mode 
     461  6836   output_buffer_pipe_1_reg[0][6]/D                   I2C   default_mode 
     462  6836   output_buffer_pipe_1_reg[0][2]/D                   I2C   default_mode 
     463  6836   output_buffer_pipe_1_reg[0][0]/D                   I2C   default_mode 
     464  6836   output_buffer_pipe_0_reg[5][27]/D                  I2C   default_mode 
     465  6836   output_buffer_pipe_0_reg[5][26]/D                  I2C   default_mode 
     466  6836   output_buffer_pipe_0_reg[5][31]/D                  I2C   default_mode 
     467  6836   output_buffer_pipe_0_reg[5][23]/D                  I2C   default_mode 
     468  6836   output_buffer_pipe_0_reg[5][24]/D                  I2C   default_mode 
     469  6836   output_buffer_pipe_0_reg[5][22]/D                  I2C   default_mode 
     470  6836   output_buffer_pipe_0_reg[5][19]/D                  I2C   default_mode 
     471  6836   output_buffer_pipe_0_reg[5][14]/D                  I2C   default_mode 
     472  6836   output_buffer_pipe_0_reg[5][13]/D                  I2C   default_mode 
     473  6836   output_buffer_pipe_0_reg[5][7]/D                   I2C   default_mode 
     474  6836   output_buffer_pipe_0_reg[5][6]/D                   I2C   default_mode 
     475  6836   output_buffer_pipe_0_reg[5][5]/D                   I2C   default_mode 
     476  6836   output_buffer_pipe_0_reg[5][4]/D                   I2C   default_mode 
     477  6836   output_buffer_pipe_0_reg[5][1]/D                   I2C   default_mode 
     478  6836   output_buffer_pipe_0_reg[5][0]/D                   I2C   default_mode 
     479  6836   output_buffer_pipe_0_reg[5][2]/D                   I2C   default_mode 
     480  6836   output_buffer_pipe_0_reg[4][27]/D                  I2C   default_mode 
     481  6836   output_buffer_pipe_0_reg[4][25]/D                  I2C   default_mode 
     482  6836   output_buffer_pipe_0_reg[4][28]/D                  I2C   default_mode 
     483  6836   output_buffer_pipe_0_reg[4][24]/D                  I2C   default_mode 
     484  6836   output_buffer_pipe_0_reg[4][21]/D                  I2C   default_mode 
     485  6836   output_buffer_pipe_0_reg[4][18]/D                  I2C   default_mode 
     486  6836   output_buffer_pipe_0_reg[4][16]/D                  I2C   default_mode 
     487  6836   output_buffer_pipe_0_reg[4][7]/D                   I2C   default_mode 
     488  6836   output_buffer_pipe_0_reg[4][8]/D                   I2C   default_mode 
     489  6836   output_buffer_pipe_0_reg[4][1]/D                   I2C   default_mode 
     490  6836   output_buffer_pipe_0_reg[3][27]/D                  I2C   default_mode 
     491  6836   output_buffer_pipe_0_reg[3][26]/D                  I2C   default_mode 
     492  6836   output_buffer_pipe_0_reg[3][22]/D                  I2C   default_mode 
     493  6836   output_buffer_pipe_0_reg[3][21]/D                  I2C   default_mode 
     494  6836   output_buffer_pipe_0_reg[3][17]/D                  I2C   default_mode 
     495  6836   output_buffer_pipe_0_reg[3][14]/D                  I2C   default_mode 
     496  6836   output_buffer_pipe_0_reg[3][13]/D                  I2C   default_mode 
     497  6836   output_buffer_pipe_0_reg[3][9]/D                   I2C   default_mode 
     498  6836   output_buffer_pipe_0_reg[2][31]/D                  I2C   default_mode 
     499  6836   output_buffer_pipe_0_reg[2][30]/D                  I2C   default_mode 
     500  6836   output_buffer_pipe_0_reg[3][0]/D                   I2C   default_mode 
     501  6836   output_buffer_pipe_0_reg[2][28]/D                  I2C   default_mode 
     502  6836   output_buffer_pipe_0_reg[2][24]/D                  I2C   default_mode 
     503  6836   output_buffer_pipe_0_reg[2][17]/D                  I2C   default_mode 
     504  6836   output_buffer_pipe_0_reg[2][14]/D                  I2C   default_mode 
     505  6836   output_buffer_pipe_0_reg[2][12]/D                  I2C   default_mode 
     506  6836   output_buffer_pipe_0_reg[2][10]/D                  I2C   default_mode 
     507  6836   output_buffer_pipe_0_reg[2][8]/D                   I2C   default_mode 
     508  6836   output_buffer_pipe_0_reg[2][6]/D                   I2C   default_mode 
     509  6836   output_buffer_pipe_0_reg[2][5]/D                   I2C   default_mode 
     510  6836   output_buffer_pipe_0_reg[1][28]/D                  I2C   default_mode 
     511  6836   output_buffer_pipe_0_reg[1][27]/D                  I2C   default_mode 
     512  6836   output_buffer_pipe_0_reg[1][24]/D                  I2C   default_mode 
     513  6836   output_buffer_pipe_0_reg[1][23]/D                  I2C   default_mode 
     514  6836   output_buffer_pipe_0_reg[1][22]/D                  I2C   default_mode 
     515  6836   output_buffer_pipe_0_reg[1][21]/D                  I2C   default_mode 
     516  6836   output_buffer_pipe_0_reg[2][2]/D                   I2C   default_mode 
     517  6836   output_buffer_pipe_0_reg[1][20]/D                  I2C   default_mode 
     518  6836   output_buffer_pipe_0_reg[1][19]/D                  I2C   default_mode 
     519  6836   output_buffer_pipe_0_reg[2][1]/D                   I2C   default_mode 
     520  6836   output_buffer_pipe_0_reg[2][0]/D                   I2C   default_mode 
     521  6836   output_buffer_pipe_0_reg[2][4]/D                   I2C   default_mode 
     522  6836   output_buffer_pipe_0_reg[0][31]/D                  I2C   default_mode 
     523  6836   output_buffer_pipe_0_reg[0][29]/D                  I2C   default_mode 
     524  6836   output_buffer_pipe_0_reg[0][28]/D                  I2C   default_mode 
     525  6836   output_buffer_pipe_0_reg[0][25]/D                  I2C   default_mode 
     526  6836   output_buffer_pipe_0_reg[0][21]/D                  I2C   default_mode 
     527  6836   output_buffer_pipe_0_reg[0][19]/D                  I2C   default_mode 
     528  6836   output_buffer_pipe_0_reg[0][17]/D                  I2C   default_mode 
     529  6836   output_buffer_pipe_0_reg[0][16]/D                  I2C   default_mode 
     530  6836   output_buffer_pipe_0_reg[0][15]/D                  I2C   default_mode 
     531  6836   output_buffer_pipe_0_reg[0][10]/D                  I2C   default_mode 
     532  6836   output_buffer_pipe_0_reg[0][7]/D                   I2C   default_mode 
     533  6836   output_buffer_pipe_0_reg[0][8]/D                   I2C   default_mode 
     534  6836   output_buffer_pipe_0_reg[0][4]/D                   I2C   default_mode 
     535  6844   output_buffer_out_valid_pipe_reg[6]/D              I2C   default_mode 
     536  6844   output_buffer_out_valid_pipe_reg[5]/D              I2C   default_mode 
     537  6844   output_buffer_out_valid_pipe_reg[4]/D              I2C   default_mode 
     538  6844   output_buffer_out_valid_pipe_reg[3]/D              I2C   default_mode 
     539  6844   output_buffer_out_valid_pipe_reg[2]/D              I2C   default_mode 
     540  6844   output_buffer_out_valid_pipe_reg[1]/D              I2C   default_mode 
     541  6871   output_buffer_pipe_6_reg[25]/D                     I2C   default_mode 
     542  6871   output_buffer_pipe_6_reg[24]/D                     I2C   default_mode 
     543  6871   output_buffer_pipe_6_reg[22]/D                     I2C   default_mode 
     544  6871   output_buffer_pipe_6_reg[21]/D                     I2C   default_mode 
     545  6871   output_buffer_pipe_6_reg[20]/D                     I2C   default_mode 
     546  6871   output_buffer_pipe_6_reg[19]/D                     I2C   default_mode 
     547  6871   output_buffer_pipe_6_reg[28]/D                     I2C   default_mode 
     548  6871   output_buffer_pipe_6_reg[17]/D                     I2C   default_mode 
     549  6871   output_buffer_pipe_6_reg[16]/D                     I2C   default_mode 
     550  6871   output_buffer_pipe_6_reg[27]/D                     I2C   default_mode 
     551  6871   output_buffer_pipe_6_reg[14]/D                     I2C   default_mode 
     552  6871   output_buffer_pipe_6_reg[26]/D                     I2C   default_mode 
     553  6871   output_buffer_pipe_6_reg[18]/D                     I2C   default_mode 
     554  6871   output_buffer_pipe_6_reg[31]/D                     I2C   default_mode 
     555  6871   output_buffer_pipe_6_reg[9]/D                      I2C   default_mode 
     556  6871   output_buffer_pipe_6_reg[8]/D                      I2C   default_mode 
     557  6871   output_buffer_pipe_6_reg[7]/D                      I2C   default_mode 
     558  6871   output_buffer_pipe_6_reg[30]/D                     I2C   default_mode 
     559  6871   output_buffer_pipe_6_reg[10]/D                     I2C   default_mode 
     560  6871   output_buffer_pipe_6_reg[29]/D                     I2C   default_mode 
     561  6871   output_buffer_pipe_6_reg[3]/D                      I2C   default_mode 
     562  6871   output_buffer_pipe_5_reg[1][31]/D                  I2C   default_mode 
     563  6871   output_buffer_pipe_6_reg[0]/D                      I2C   default_mode 
     564  6871   output_buffer_pipe_5_reg[1][29]/D                  I2C   default_mode 
     565  6871   output_buffer_pipe_5_reg[1][30]/D                  I2C   default_mode 
     566  6871   output_buffer_pipe_5_reg[1][28]/D                  I2C   default_mode 
     567  6871   output_buffer_pipe_5_reg[1][26]/D                  I2C   default_mode 
     568  6871   output_buffer_pipe_5_reg[1][25]/D                  I2C   default_mode 
     569  6871   output_buffer_pipe_5_reg[1][23]/D                  I2C   default_mode 
     570  6871   output_buffer_pipe_5_reg[1][22]/D                  I2C   default_mode 
     571  6871   output_buffer_pipe_5_reg[1][21]/D                  I2C   default_mode 
     572  6871   output_buffer_pipe_5_reg[1][20]/D                  I2C   default_mode 
     573  6871   output_buffer_pipe_5_reg[1][19]/D                  I2C   default_mode 
     574  6871   output_buffer_pipe_5_reg[1][17]/D                  I2C   default_mode 
     575  6871   output_buffer_pipe_5_reg[1][16]/D                  I2C   default_mode 
     576  6871   output_buffer_pipe_5_reg[1][18]/D                  I2C   default_mode 
     577  6871   output_buffer_pipe_5_reg[1][12]/D                  I2C   default_mode 
     578  6871   output_buffer_pipe_5_reg[1][11]/D                  I2C   default_mode 
     579  6871   output_buffer_pipe_5_reg[1][8]/D                   I2C   default_mode 
     580  6871   output_buffer_pipe_5_reg[1][7]/D                   I2C   default_mode 
     581  6871   output_buffer_pipe_5_reg[1][6]/D                   I2C   default_mode 
     582  6871   output_buffer_pipe_5_reg[1][5]/D                   I2C   default_mode 
     583  6871   output_buffer_pipe_5_reg[1][4]/D                   I2C   default_mode 
     584  6871   output_buffer_pipe_5_reg[1][3]/D                   I2C   default_mode 
     585  6871   output_buffer_pipe_5_reg[1][1]/D                   I2C   default_mode 
     586  6871   output_buffer_pipe_4_reg[2][29]/D                  I2C   default_mode 
     587  6871   output_buffer_pipe_4_reg[2][28]/D                  I2C   default_mode 
     588  6871   output_buffer_pipe_4_reg[2][27]/D                  I2C   default_mode 
     589  6871   output_buffer_pipe_4_reg[2][31]/D                  I2C   default_mode 
     590  6871   output_buffer_pipe_4_reg[2][25]/D                  I2C   default_mode 
     591  6871   output_buffer_pipe_4_reg[2][24]/D                  I2C   default_mode 
     592  6871   output_buffer_pipe_4_reg[2][23]/D                  I2C   default_mode 
     593  6871   output_buffer_pipe_4_reg[2][30]/D                  I2C   default_mode 
     594  6871   output_buffer_pipe_4_reg[2][22]/D                  I2C   default_mode 
     595  6871   output_buffer_pipe_4_reg[2][26]/D                  I2C   default_mode 
     596  6871   output_buffer_pipe_4_reg[2][19]/D                  I2C   default_mode 
     597  6871   output_buffer_pipe_4_reg[2][18]/D                  I2C   default_mode 
     598  6871   output_buffer_pipe_4_reg[2][17]/D                  I2C   default_mode 
     599  6871   output_buffer_pipe_4_reg[2][16]/D                  I2C   default_mode 
     600  6871   output_buffer_pipe_4_reg[2][14]/D                  I2C   default_mode 
     601  6871   output_buffer_pipe_4_reg[2][13]/D                  I2C   default_mode 
     602  6871   output_buffer_pipe_4_reg[2][12]/D                  I2C   default_mode 
     603  6871   output_buffer_pipe_4_reg[2][11]/D                  I2C   default_mode 
     604  6871   output_buffer_pipe_4_reg[2][9]/D                   I2C   default_mode 
     605  6871   output_buffer_pipe_4_reg[2][8]/D                   I2C   default_mode 
     606  6871   output_buffer_pipe_4_reg[2][7]/D                   I2C   default_mode 
     607  6871   output_buffer_pipe_5_reg[1][2]/D                   I2C   default_mode 
     608  6871   output_buffer_pipe_4_reg[2][10]/D                  I2C   default_mode 
     609  6871   output_buffer_pipe_4_reg[2][4]/D                   I2C   default_mode 
     610  6871   output_buffer_pipe_4_reg[2][3]/D                   I2C   default_mode 
     611  6871   output_buffer_pipe_4_reg[2][0]/D                   I2C   default_mode 
     612  6871   output_buffer_pipe_3_reg[3][31]/D                  I2C   default_mode 
     613  6871   output_buffer_pipe_3_reg[3][30]/D                  I2C   default_mode 
     614  6871   output_buffer_pipe_3_reg[3][29]/D                  I2C   default_mode 
     615  6871   output_buffer_pipe_3_reg[3][28]/D                  I2C   default_mode 
     616  6871   output_buffer_pipe_3_reg[3][27]/D                  I2C   default_mode 
     617  6871   output_buffer_pipe_3_reg[3][25]/D                  I2C   default_mode 
     618  6871   output_buffer_pipe_3_reg[3][24]/D                  I2C   default_mode 
     619  6871   output_buffer_pipe_3_reg[3][23]/D                  I2C   default_mode 
     620  6871   output_buffer_pipe_3_reg[3][26]/D                  I2C   default_mode 
     621  6871   output_buffer_pipe_4_reg[2][1]/D                   I2C   default_mode 
     622  6871   output_buffer_pipe_3_reg[3][20]/D                  I2C   default_mode 
     623  6871   output_buffer_pipe_3_reg[3][18]/D                  I2C   default_mode 
     624  6871   output_buffer_pipe_3_reg[3][17]/D                  I2C   default_mode 
     625  6871   output_buffer_pipe_3_reg[3][16]/D                  I2C   default_mode 
     626  6871   output_buffer_pipe_3_reg[3][14]/D                  I2C   default_mode 
     627  6871   output_buffer_pipe_3_reg[3][13]/D                  I2C   default_mode 
     628  6871   output_buffer_pipe_3_reg[3][12]/D                  I2C   default_mode 
     629  6871   output_buffer_pipe_3_reg[3][11]/D                  I2C   default_mode 
     630  6871   output_buffer_pipe_3_reg[3][10]/D                  I2C   default_mode 
     631  6871   output_buffer_pipe_3_reg[3][8]/D                   I2C   default_mode 
     632  6871   output_buffer_pipe_3_reg[3][6]/D                   I2C   default_mode 
     633  6871   output_buffer_pipe_2_reg[4][31]/D                  I2C   default_mode 
     634  6871   output_buffer_pipe_3_reg[3][1]/D                   I2C   default_mode 
     635  6871   output_buffer_pipe_3_reg[3][0]/D                   I2C   default_mode 
     636  6871   output_buffer_pipe_2_reg[4][23]/D                  I2C   default_mode 
     637  6871   output_buffer_pipe_2_reg[4][19]/D                  I2C   default_mode 
     638  6871   output_buffer_pipe_2_reg[4][17]/D                  I2C   default_mode 
     639  6871   output_buffer_pipe_2_reg[4][16]/D                  I2C   default_mode 
     640  6871   output_buffer_pipe_2_reg[4][11]/D                  I2C   default_mode 
     641  6871   output_buffer_pipe_2_reg[4][3]/D                   I2C   default_mode 
     642  6871   output_buffer_pipe_2_reg[4][2]/D                   I2C   default_mode 
     643  6871   output_buffer_pipe_1_reg[5][30]/D                  I2C   default_mode 
     644  6871   output_buffer_pipe_1_reg[5][29]/D                  I2C   default_mode 
     645  6871   output_buffer_pipe_1_reg[5][28]/D                  I2C   default_mode 
     646  6871   output_buffer_pipe_1_reg[5][27]/D                  I2C   default_mode 
     647  6871   output_buffer_pipe_1_reg[5][26]/D                  I2C   default_mode 
     648  6871   output_buffer_pipe_1_reg[5][20]/D                  I2C   default_mode 
     649  6871   output_buffer_pipe_1_reg[5][19]/D                  I2C   default_mode 
     650  6871   output_buffer_pipe_1_reg[5][17]/D                  I2C   default_mode 
     651  6871   output_buffer_pipe_1_reg[5][16]/D                  I2C   default_mode 
     652  6871   output_buffer_pipe_1_reg[5][11]/D                  I2C   default_mode 
     653  6871   output_buffer_pipe_1_reg[5][10]/D                  I2C   default_mode 
     654  6871   output_buffer_pipe_1_reg[5][7]/D                   I2C   default_mode 
     655  6871   output_buffer_pipe_1_reg[5][5]/D                   I2C   default_mode 
     656  6871   output_buffer_pipe_1_reg[5][6]/D                   I2C   default_mode 
     657  6871   output_buffer_pipe_0_reg[6][31]/D                  I2C   default_mode 
     658  6871   output_buffer_pipe_0_reg[6][30]/D                  I2C   default_mode 
     659  6871   output_buffer_pipe_0_reg[6][29]/D                  I2C   default_mode 
     660  6871   output_buffer_pipe_0_reg[6][28]/D                  I2C   default_mode 
     661  6871   output_buffer_pipe_0_reg[6][25]/D                  I2C   default_mode 
     662  6871   output_buffer_pipe_0_reg[6][24]/D                  I2C   default_mode 
     663  6871   output_buffer_pipe_0_reg[6][23]/D                  I2C   default_mode 
     664  6871   output_buffer_pipe_0_reg[6][21]/D                  I2C   default_mode 
     665  6871   output_buffer_pipe_0_reg[6][22]/D                  I2C   default_mode 
     666  6871   output_buffer_pipe_0_reg[6][17]/D                  I2C   default_mode 
     667  6871   output_buffer_pipe_0_reg[6][16]/D                  I2C   default_mode 
     668  6871   output_buffer_pipe_0_reg[6][13]/D                  I2C   default_mode 
     669  6871   output_buffer_pipe_0_reg[6][12]/D                  I2C   default_mode 
     670  6871   output_buffer_pipe_0_reg[6][11]/D                  I2C   default_mode 
     671  6871   output_buffer_pipe_0_reg[6][10]/D                  I2C   default_mode 
     672  6871   output_buffer_pipe_0_reg[6][9]/D                   I2C   default_mode 
     673  6871   output_buffer_pipe_0_reg[6][8]/D                   I2C   default_mode 
     674  6871   output_buffer_pipe_0_reg[6][7]/D                   I2C   default_mode 
     675  6871   output_buffer_pipe_0_reg[6][6]/D                   I2C   default_mode 
     676  6871   output_buffer_pipe_0_reg[6][5]/D                   I2C   default_mode 
     677  6871   output_buffer_pipe_0_reg[6][4]/D                   I2C   default_mode 
     678  6871   output_buffer_pipe_0_reg[6][3]/D                   I2C   default_mode 
     679  6871   output_buffer_pipe_0_reg[6][2]/D                   I2C   default_mode 
     680  6908   output_buffer_pipe_5_reg[0][23]/D                  I2C   default_mode 
     681  6908   output_buffer_pipe_5_reg[0][18]/D                  I2C   default_mode 
     682  6908   output_buffer_pipe_4_reg[1][26]/D                  I2C   default_mode 
     683  6908   output_buffer_pipe_4_reg[1][16]/D                  I2C   default_mode 
     684  6908   output_buffer_pipe_4_reg[0][27]/D                  I2C   default_mode 
     685  6908   output_buffer_pipe_4_reg[0][25]/D                  I2C   default_mode 
     686  6908   output_buffer_pipe_4_reg[0][15]/D                  I2C   default_mode 
     687  6908   output_buffer_pipe_4_reg[0][0]/D                   I2C   default_mode 
     688  6908   output_buffer_pipe_3_reg[2][8]/D                   I2C   default_mode 
     689  6908   output_buffer_pipe_3_reg[1][25]/D                  I2C   default_mode 
     690  6908   output_buffer_pipe_3_reg[1][24]/D                  I2C   default_mode 
     691  6908   output_buffer_pipe_3_reg[1][22]/D                  I2C   default_mode 
     692  6908   output_buffer_pipe_3_reg[1][18]/D                  I2C   default_mode 
     693  6908   output_buffer_pipe_3_reg[1][16]/D                  I2C   default_mode 
     694  6908   output_buffer_pipe_3_reg[1][13]/D                  I2C   default_mode 
     695  6908   output_buffer_pipe_3_reg[1][10]/D                  I2C   default_mode 
     696  6908   output_buffer_pipe_3_reg[1][4]/D                   I2C   default_mode 
     697  6908   output_buffer_pipe_3_reg[0][16]/D                  I2C   default_mode 
     698  6908   output_buffer_pipe_3_reg[0][13]/D                  I2C   default_mode 
     699  6908   output_buffer_pipe_3_reg[0][4]/D                   I2C   default_mode 
     700  6908   output_buffer_pipe_2_reg[3][30]/D                  I2C   default_mode 
     701  6908   output_buffer_pipe_2_reg[3][21]/D                  I2C   default_mode 
     702  6908   output_buffer_pipe_2_reg[3][16]/D                  I2C   default_mode 
     703  6908   output_buffer_pipe_2_reg[3][10]/D                  I2C   default_mode 
     704  6908   output_buffer_pipe_2_reg[3][9]/D                   I2C   default_mode 
     705  6908   output_buffer_pipe_2_reg[2][31]/D                  I2C   default_mode 
     706  6908   output_buffer_pipe_2_reg[2][28]/D                  I2C   default_mode 
     707  6908   output_buffer_pipe_2_reg[2][21]/D                  I2C   default_mode 
     708  6908   output_buffer_pipe_2_reg[2][8]/D                   I2C   default_mode 
     709  6908   output_buffer_pipe_2_reg[1][28]/D                  I2C   default_mode 
     710  6908   output_buffer_pipe_2_reg[1][11]/D                  I2C   default_mode 
     711  6908   output_buffer_pipe_2_reg[1][10]/D                  I2C   default_mode 
     712  6908   output_buffer_pipe_2_reg[1][6]/D                   I2C   default_mode 
     713  6908   output_buffer_pipe_2_reg[0][6]/D                   I2C   default_mode 
     714  6908   output_buffer_pipe_1_reg[4][19]/D                  I2C   default_mode 
     715  6908   output_buffer_pipe_1_reg[4][8]/D                   I2C   default_mode 
     716  6908   output_buffer_pipe_1_reg[3][29]/D                  I2C   default_mode 
     717  6908   output_buffer_pipe_1_reg[3][21]/D                  I2C   default_mode 
     718  6908   output_buffer_pipe_1_reg[3][20]/D                  I2C   default_mode 
     719  6908   output_buffer_pipe_1_reg[3][5]/D                   I2C   default_mode 
     720  6908   output_buffer_pipe_1_reg[3][1]/D                   I2C   default_mode 
     721  6908   output_buffer_pipe_1_reg[3][3]/D                   I2C   default_mode 
     722  6908   output_buffer_pipe_1_reg[2][24]/D                  I2C   default_mode 
     723  6908   output_buffer_pipe_1_reg[2][19]/D                  I2C   default_mode 
     724  6908   output_buffer_pipe_1_reg[2][18]/D                  I2C   default_mode 
     725  6908   output_buffer_pipe_1_reg[2][13]/D                  I2C   default_mode 
     726  6908   output_buffer_pipe_1_reg[1][3]/D                   I2C   default_mode 
     727  6908   output_buffer_pipe_1_reg[0][18]/D                  I2C   default_mode 
     728  6908   output_buffer_pipe_1_reg[0][14]/D                  I2C   default_mode 
     729  6908   output_buffer_pipe_1_reg[0][7]/D                   I2C   default_mode 
     730  6908   output_buffer_pipe_1_reg[0][5]/D                   I2C   default_mode 
     731  6908   output_buffer_pipe_0_reg[5][29]/D                  I2C   default_mode 
     732  6908   output_buffer_pipe_0_reg[5][18]/D                  I2C   default_mode 
     733  6908   output_buffer_pipe_0_reg[5][12]/D                  I2C   default_mode 
     734  6908   output_buffer_pipe_0_reg[5][3]/D                   I2C   default_mode 
     735  6908   output_buffer_pipe_0_reg[4][31]/D                  I2C   default_mode 
     736  6908   output_buffer_pipe_0_reg[4][29]/D                  I2C   default_mode 
     737  6908   output_buffer_pipe_0_reg[4][22]/D                  I2C   default_mode 
     738  6908   output_buffer_pipe_0_reg[4][6]/D                   I2C   default_mode 
     739  6908   output_buffer_pipe_0_reg[4][3]/D                   I2C   default_mode 
     740  6908   output_buffer_pipe_0_reg[3][29]/D                  I2C   default_mode 
     741  6908   output_buffer_pipe_0_reg[1][29]/D                  I2C   default_mode 
     742  6908   output_buffer_pipe_0_reg[1][26]/D                  I2C   default_mode 
     743  6908   output_buffer_pipe_0_reg[1][5]/D                   I2C   default_mode 
     744  6908   output_buffer_pipe_0_reg[0][14]/D                  I2C   default_mode 
     745  6908   output_buffer_pipe_0_reg[0][12]/D                  I2C   default_mode 
     746  6915   output_buffer_pipe_5_reg[0][29]/D                  I2C   default_mode 
     747  6915   output_buffer_pipe_5_reg[0][19]/D                  I2C   default_mode 
     748  6915   output_buffer_pipe_5_reg[0][7]/D                   I2C   default_mode 
     749  6915   output_buffer_pipe_4_reg[1][31]/D                  I2C   default_mode 
     750  6915   output_buffer_pipe_4_reg[1][28]/D                  I2C   default_mode 
     751  6915   output_buffer_pipe_4_reg[1][24]/D                  I2C   default_mode 
     752  6915   output_buffer_pipe_4_reg[1][20]/D                  I2C   default_mode 
     753  6915   output_buffer_pipe_4_reg[1][15]/D                  I2C   default_mode 
     754  6915   output_buffer_pipe_4_reg[1][11]/D                  I2C   default_mode 
     755  6915   output_buffer_pipe_4_reg[1][7]/D                   I2C   default_mode 
     756  6915   output_buffer_pipe_4_reg[1][8]/D                   I2C   default_mode 
     757  6915   output_buffer_pipe_4_reg[1][6]/D                   I2C   default_mode 
     758  6915   output_buffer_pipe_4_reg[1][2]/D                   I2C   default_mode 
     759  6915   output_buffer_pipe_4_reg[0][30]/D                  I2C   default_mode 
     760  6915   output_buffer_pipe_4_reg[0][29]/D                  I2C   default_mode 
     761  6915   output_buffer_pipe_4_reg[0][28]/D                  I2C   default_mode 
     762  6915   output_buffer_pipe_4_reg[0][22]/D                  I2C   default_mode 
     763  6915   output_buffer_pipe_4_reg[0][13]/D                  I2C   default_mode 
     764  6915   output_buffer_pipe_4_reg[0][11]/D                  I2C   default_mode 
     765  6915   output_buffer_pipe_4_reg[0][9]/D                   I2C   default_mode 
     766  6915   output_buffer_pipe_4_reg[0][6]/D                   I2C   default_mode 
     767  6915   output_buffer_pipe_4_reg[0][2]/D                   I2C   default_mode 
     768  6915   output_buffer_pipe_3_reg[2][26]/D                  I2C   default_mode 
     769  6915   output_buffer_pipe_3_reg[2][25]/D                  I2C   default_mode 
     770  6915   output_buffer_pipe_3_reg[2][15]/D                  I2C   default_mode 
     771  6915   output_buffer_pipe_3_reg[2][7]/D                   I2C   default_mode 
     772  6915   output_buffer_pipe_3_reg[2][3]/D                   I2C   default_mode 
     773  6915   output_buffer_pipe_3_reg[2][0]/D                   I2C   default_mode 
     774  6915   output_buffer_pipe_3_reg[1][26]/D                  I2C   default_mode 
     775  6915   output_buffer_pipe_3_reg[1][15]/D                  I2C   default_mode 
     776  6915   output_buffer_pipe_3_reg[1][14]/D                  I2C   default_mode 
     777  6915   output_buffer_pipe_3_reg[1][6]/D                   I2C   default_mode 
     778  6915   output_buffer_pipe_3_reg[1][5]/D                   I2C   default_mode 
     779  6915   output_buffer_pipe_3_reg[1][3]/D                   I2C   default_mode 
     780  6915   output_buffer_pipe_3_reg[0][25]/D                  I2C   default_mode 
     781  6915   output_buffer_pipe_3_reg[0][23]/D                  I2C   default_mode 
     782  6915   output_buffer_pipe_3_reg[0][22]/D                  I2C   default_mode 
     783  6915   output_buffer_pipe_3_reg[0][9]/D                   I2C   default_mode 
     784  6915   output_buffer_pipe_3_reg[0][7]/D                   I2C   default_mode 
     785  6915   output_buffer_pipe_2_reg[3][23]/D                  I2C   default_mode 
     786  6915   output_buffer_pipe_2_reg[3][20]/D                  I2C   default_mode 
     787  6915   output_buffer_pipe_2_reg[3][19]/D                  I2C   default_mode 
     788  6915   output_buffer_pipe_2_reg[3][8]/D                   I2C   default_mode 
     789  6915   output_buffer_pipe_2_reg[3][6]/D                   I2C   default_mode 
     790  6915   output_buffer_pipe_2_reg[3][2]/D                   I2C   default_mode 
     791  6915   output_buffer_pipe_2_reg[2][25]/D                  I2C   default_mode 
     792  6915   output_buffer_pipe_2_reg[2][23]/D                  I2C   default_mode 
     793  6915   output_buffer_pipe_2_reg[2][22]/D                  I2C   default_mode 
     794  6915   output_buffer_pipe_2_reg[2][15]/D                  I2C   default_mode 
     795  6915   output_buffer_pipe_2_reg[2][16]/D                  I2C   default_mode 
     796  6915   output_buffer_pipe_2_reg[2][11]/D                  I2C   default_mode 
     797  6915   output_buffer_pipe_2_reg[2][10]/D                  I2C   default_mode 
     798  6915   output_buffer_pipe_2_reg[2][5]/D                   I2C   default_mode 
     799  6915   output_buffer_pipe_2_reg[2][1]/D                   I2C   default_mode 
     800  6915   output_buffer_pipe_2_reg[1][31]/D                  I2C   default_mode 
     801  6915   output_buffer_pipe_2_reg[2][2]/D                   I2C   default_mode 
     802  6915   output_buffer_pipe_2_reg[1][23]/D                  I2C   default_mode 
     803  6915   output_buffer_pipe_2_reg[1][15]/D                  I2C   default_mode 
     804  6915   output_buffer_pipe_2_reg[1][4]/D                   I2C   default_mode 
     805  6915   output_buffer_pipe_2_reg[1][0]/D                   I2C   default_mode 
     806  6915   output_buffer_pipe_2_reg[1][3]/D                   I2C   default_mode 
     807  6915   output_buffer_pipe_2_reg[1][1]/D                   I2C   default_mode 
     808  6915   output_buffer_pipe_2_reg[0][22]/D                  I2C   default_mode 
     809  6915   output_buffer_pipe_2_reg[0][21]/D                  I2C   default_mode 
     810  6915   output_buffer_pipe_2_reg[0][19]/D                  I2C   default_mode 
     811  6915   output_buffer_pipe_2_reg[0][15]/D                  I2C   default_mode 
     812  6915   output_buffer_pipe_2_reg[0][16]/D                  I2C   default_mode 
     813  6915   output_buffer_pipe_2_reg[0][13]/D                  I2C   default_mode 
     814  6915   output_buffer_pipe_2_reg[0][12]/D                  I2C   default_mode 
     815  6915   output_buffer_pipe_2_reg[0][2]/D                   I2C   default_mode 
     816  6915   output_buffer_pipe_2_reg[0][0]/D                   I2C   default_mode 
     817  6915   output_buffer_pipe_2_reg[0][4]/D                   I2C   default_mode 
     818  6915   output_buffer_pipe_1_reg[4][13]/D                  I2C   default_mode 
     819  6915   output_buffer_pipe_1_reg[4][4]/D                   I2C   default_mode 
     820  6915   output_buffer_pipe_1_reg[4][2]/D                   I2C   default_mode 
     821  6915   output_buffer_pipe_1_reg[4][1]/D                   I2C   default_mode 
     822  6915   output_buffer_pipe_1_reg[3][24]/D                  I2C   default_mode 
     823  6915   output_buffer_pipe_1_reg[3][17]/D                  I2C   default_mode 
     824  6915   output_buffer_pipe_1_reg[3][14]/D                  I2C   default_mode 
     825  6915   output_buffer_pipe_1_reg[3][12]/D                  I2C   default_mode 
     826  6915   output_buffer_pipe_1_reg[2][31]/D                  I2C   default_mode 
     827  6915   output_buffer_pipe_1_reg[2][25]/D                  I2C   default_mode 
     828  6915   output_buffer_pipe_1_reg[2][22]/D                  I2C   default_mode 
     829  6915   output_buffer_pipe_1_reg[2][14]/D                  I2C   default_mode 
     830  6915   output_buffer_pipe_1_reg[2][12]/D                  I2C   default_mode 
     831  6915   output_buffer_pipe_1_reg[2][10]/D                  I2C   default_mode 
     832  6915   output_buffer_pipe_1_reg[2][9]/D                   I2C   default_mode 
     833  6915   output_buffer_pipe_1_reg[2][5]/D                   I2C   default_mode 
     834  6915   output_buffer_pipe_1_reg[2][1]/D                   I2C   default_mode 
     835  6915   output_buffer_pipe_1_reg[2][2]/D                   I2C   default_mode 
     836  6915   output_buffer_pipe_1_reg[1][18]/D                  I2C   default_mode 
     837  6915   output_buffer_pipe_1_reg[1][15]/D                  I2C   default_mode 
     838  6915   output_buffer_pipe_1_reg[1][16]/D                  I2C   default_mode 
     839  6915   output_buffer_pipe_1_reg[1][13]/D                  I2C   default_mode 
     840  6915   output_buffer_pipe_1_reg[1][10]/D                  I2C   default_mode 
     841  6915   output_buffer_pipe_1_reg[1][9]/D                   I2C   default_mode 
     842  6915   output_buffer_pipe_1_reg[1][6]/D                   I2C   default_mode 
     843  6915   output_buffer_pipe_1_reg[1][0]/D                   I2C   default_mode 
     844  6915   output_buffer_pipe_1_reg[0][30]/D                  I2C   default_mode 
     845  6915   output_buffer_pipe_1_reg[0][29]/D                  I2C   default_mode 
     846  6915   output_buffer_pipe_1_reg[0][26]/D                  I2C   default_mode 
     847  6915   output_buffer_pipe_1_reg[0][23]/D                  I2C   default_mode 
     848  6915   output_buffer_pipe_1_reg[0][20]/D                  I2C   default_mode 
     849  6915   output_buffer_pipe_1_reg[0][19]/D                  I2C   default_mode 
     850  6915   output_buffer_pipe_1_reg[0][16]/D                  I2C   default_mode 
     851  6915   output_buffer_pipe_1_reg[0][10]/D                  I2C   default_mode 
     852  6915   output_buffer_pipe_1_reg[0][4]/D                   I2C   default_mode 
     853  6915   output_buffer_pipe_1_reg[0][3]/D                   I2C   default_mode 
     854  6915   output_buffer_pipe_1_reg[0][1]/D                   I2C   default_mode 
     855  6915   output_buffer_pipe_0_reg[5][30]/D                  I2C   default_mode 
     856  6915   output_buffer_pipe_0_reg[5][15]/D                  I2C   default_mode 
     857  6915   output_buffer_pipe_0_reg[5][16]/D                  I2C   default_mode 
     858  6915   output_buffer_pipe_0_reg[5][11]/D                  I2C   default_mode 
     859  6915   output_buffer_pipe_0_reg[5][10]/D                  I2C   default_mode 
     860  6915   output_buffer_pipe_0_reg[5][8]/D                   I2C   default_mode 
     861  6915   output_buffer_pipe_0_reg[4][30]/D                  I2C   default_mode 
     862  6915   output_buffer_pipe_0_reg[4][26]/D                  I2C   default_mode 
     863  6915   output_buffer_pipe_0_reg[4][17]/D                  I2C   default_mode 
     864  6915   output_buffer_pipe_0_reg[4][13]/D                  I2C   default_mode 
     865  6915   output_buffer_pipe_0_reg[4][12]/D                  I2C   default_mode 
     866  6915   output_buffer_pipe_0_reg[4][11]/D                  I2C   default_mode 
     867  6915   output_buffer_pipe_0_reg[4][10]/D                  I2C   default_mode 
     868  6915   output_buffer_pipe_0_reg[3][23]/D                  I2C   default_mode 
     869  6915   output_buffer_pipe_0_reg[3][18]/D                  I2C   default_mode 
     870  6915   output_buffer_pipe_0_reg[3][12]/D                  I2C   default_mode 
     871  6915   output_buffer_pipe_0_reg[3][7]/D                   I2C   default_mode 
     872  6915   output_buffer_pipe_0_reg[3][8]/D                   I2C   default_mode 
     873  6915   output_buffer_pipe_0_reg[3][5]/D                   I2C   default_mode 
     874  6915   output_buffer_pipe_0_reg[3][1]/D                   I2C   default_mode 
     875  6915   output_buffer_pipe_0_reg[3][2]/D                   I2C   default_mode 
     876  6915   output_buffer_pipe_0_reg[3][4]/D                   I2C   default_mode 
     877  6915   output_buffer_pipe_0_reg[2][29]/D                  I2C   default_mode 
     878  6915   output_buffer_pipe_0_reg[2][27]/D                  I2C   default_mode 
     879  6915   output_buffer_pipe_0_reg[2][23]/D                  I2C   default_mode 
     880  6915   output_buffer_pipe_0_reg[2][22]/D                  I2C   default_mode 
     881  6915   output_buffer_pipe_0_reg[2][21]/D                  I2C   default_mode 
     882  6915   output_buffer_pipe_0_reg[2][15]/D                  I2C   default_mode 
     883  6915   output_buffer_pipe_0_reg[2][16]/D                  I2C   default_mode 
     884  6915   output_buffer_pipe_0_reg[2][11]/D                  I2C   default_mode 
     885  6915   output_buffer_pipe_0_reg[2][9]/D                   I2C   default_mode 
     886  6915   output_buffer_pipe_0_reg[2][7]/D                   I2C   default_mode 
     887  6915   output_buffer_pipe_0_reg[1][31]/D                  I2C   default_mode 
     888  6915   output_buffer_pipe_0_reg[1][30]/D                  I2C   default_mode 
     889  6915   output_buffer_pipe_0_reg[2][3]/D                   I2C   default_mode 
     890  6915   output_buffer_pipe_0_reg[1][15]/D                  I2C   default_mode 
     891  6915   output_buffer_pipe_0_reg[1][16]/D                  I2C   default_mode 
     892  6915   output_buffer_pipe_0_reg[1][9]/D                   I2C   default_mode 
     893  6915   output_buffer_pipe_0_reg[1][7]/D                   I2C   default_mode 
     894  6915   output_buffer_pipe_0_reg[1][8]/D                   I2C   default_mode 
     895  6915   output_buffer_pipe_0_reg[0][27]/D                  I2C   default_mode 
     896  6915   output_buffer_pipe_0_reg[0][23]/D                  I2C   default_mode 
     897  6915   output_buffer_pipe_0_reg[0][24]/D                  I2C   default_mode 
     898  6915   output_buffer_pipe_0_reg[0][13]/D                  I2C   default_mode 
     899  6915   output_buffer_pipe_0_reg[0][6]/D                   I2C   default_mode 
     900  6915   output_buffer_pipe_0_reg[0][1]/D                   I2C   default_mode 
     901  6915   output_buffer_pipe_0_reg[0][0]/D                   I2C   default_mode 
     902  6915   output_buffer_pipe_0_reg[0][2]/D                   I2C   default_mode 
     903  6915   output_buffer_pipe_0_reg[0][3]/D                   I2C   default_mode 
     904  7002   output_buffer_out_valid_pipe_reg[0]/D              I2C   default_mode 
     905  7215   systolic_array_8X8_matrix_index_reg[1]/D           I2C   default_mode 
     906  7258   systolic_array_8X8_matrix_index_reg[2]/D           I2C   default_mode 
     907  7290   systolic_array_8X8_matrix_index_reg[0]/DA          I2C   default_mode 
     908  7290   systolic_array_8X8_matrix_index_reg[3]/D           I2C   default_mode 
     909  7337   systolic_array_8X8_matrix_index_reg[0]/DB          I2C   default_mode 
     910  7578   systolic_array_8X8_matrix_mul_2D_reg[3][7][31]/D   I2C   default_mode 
     911  7578   systolic_array_8X8_matrix_mul_2D_reg[3][7][30]/D   I2C   default_mode 
     912  7578   systolic_array_8X8_matrix_mul_2D_reg[3][7][29]/D   I2C   default_mode 
     913  7578   systolic_array_8X8_matrix_mul_2D_reg[3][7][28]/D   I2C   default_mode 
     914  7578   systolic_array_8X8_matrix_mul_2D_reg[3][7][27]/D   I2C   default_mode 
     915  7578   systolic_array_8X8_matrix_mul_2D_reg[3][7][26]/D   I2C   default_mode 
     916  7578   systolic_array_8X8_matrix_mul_2D_reg[3][7][24]/D   I2C   default_mode 
     917  7578   systolic_array_8X8_matrix_mul_2D_reg[3][7][23]/D   I2C   default_mode 
     918  7578   systolic_array_8X8_matrix_mul_2D_reg[3][7][25]/D   I2C   default_mode 
     919  7578   systolic_array_8X8_matrix_mul_2D_reg[3][7][21]/D   I2C   default_mode 
     920  7578   systolic_array_8X8_matrix_mul_2D_reg[3][7][22]/D   I2C   default_mode 
     921  7578   systolic_array_8X8_matrix_mul_2D_reg[3][7][20]/D   I2C   default_mode 
     922  7578   systolic_array_8X8_matrix_mul_2D_reg[3][7][19]/D   I2C   default_mode 
     923  7578   systolic_array_8X8_matrix_mul_2D_reg[3][7][18]/D   I2C   default_mode 
     924  7578   systolic_array_8X8_matrix_mul_2D_reg[3][7][17]/D   I2C   default_mode 
     925  7578   systolic_array_8X8_matrix_mul_2D_reg[7][3][29]/D   I2C   default_mode 
     926  7578   systolic_array_8X8_matrix_mul_2D_reg[7][3][28]/D   I2C   default_mode 
     927  7578   systolic_array_8X8_matrix_mul_2D_reg[7][3][27]/D   I2C   default_mode 
     928  7578   systolic_array_8X8_matrix_mul_2D_reg[7][3][26]/D   I2C   default_mode 
     929  7578   systolic_array_8X8_matrix_mul_2D_reg[7][3][25]/D   I2C   default_mode 
     930  7578   systolic_array_8X8_matrix_mul_2D_reg[7][3][24]/D   I2C   default_mode 
     931  7578   systolic_array_8X8_matrix_mul_2D_reg[7][3][23]/D   I2C   default_mode 
     932  7578   systolic_array_8X8_matrix_mul_2D_reg[7][3][22]/D   I2C   default_mode 
     933  7578   systolic_array_8X8_matrix_mul_2D_reg[7][3][21]/D   I2C   default_mode 
     934  7578   systolic_array_8X8_matrix_mul_2D_reg[7][3][20]/D   I2C   default_mode 
     935  7578   systolic_array_8X8_matrix_mul_2D_reg[7][3][19]/D   I2C   default_mode 
     936  7578   systolic_array_8X8_matrix_mul_2D_reg[7][3][18]/D   I2C   default_mode 
     937  7578   systolic_array_8X8_matrix_mul_2D_reg[7][3][17]/D   I2C   default_mode 
     938  7578   systolic_array_8X8_matrix_mul_2D_reg[7][3][30]/D   I2C   default_mode 
     939  7578   systolic_array_8X8_matrix_mul_2D_reg[7][3][31]/D   I2C   default_mode 
     940  7578   systolic_array_8X8_matrix_mul_2D_reg[6][4][31]/D   I2C   default_mode 
     941  7578   systolic_array_8X8_matrix_mul_2D_reg[6][4][30]/D   I2C   default_mode 
     942  7578   systolic_array_8X8_matrix_mul_2D_reg[6][4][29]/D   I2C   default_mode 
     943  7578   systolic_array_8X8_matrix_mul_2D_reg[6][4][28]/D   I2C   default_mode 
     944  7578   systolic_array_8X8_matrix_mul_2D_reg[6][4][27]/D   I2C   default_mode 
     945  7578   systolic_array_8X8_matrix_mul_2D_reg[6][4][25]/D   I2C   default_mode 
     946  7578   systolic_array_8X8_matrix_mul_2D_reg[6][4][26]/D   I2C   default_mode 
     947  7578   systolic_array_8X8_matrix_mul_2D_reg[6][4][24]/D   I2C   default_mode 
     948  7578   systolic_array_8X8_matrix_mul_2D_reg[6][4][23]/D   I2C   default_mode 
     949  7578   systolic_array_8X8_matrix_mul_2D_reg[6][4][22]/D   I2C   default_mode 
     950  7578   systolic_array_8X8_matrix_mul_2D_reg[6][4][21]/D   I2C   default_mode 
     951  7578   systolic_array_8X8_matrix_mul_2D_reg[6][4][20]/D   I2C   default_mode 
     952  7578   systolic_array_8X8_matrix_mul_2D_reg[6][4][19]/D   I2C   default_mode 
     953  7578   systolic_array_8X8_matrix_mul_2D_reg[6][4][18]/D   I2C   default_mode 
     954  7578   systolic_array_8X8_matrix_mul_2D_reg[6][4][17]/D   I2C   default_mode 
     955  7578   systolic_array_8X8_matrix_mul_2D_reg[5][5][30]/D   I2C   default_mode 
     956  7578   systolic_array_8X8_matrix_mul_2D_reg[5][5][31]/D   I2C   default_mode 
     957  7578   systolic_array_8X8_matrix_mul_2D_reg[5][5][29]/D   I2C   default_mode 
     958  7578   systolic_array_8X8_matrix_mul_2D_reg[5][5][27]/D   I2C   default_mode 
     959  7578   systolic_array_8X8_matrix_mul_2D_reg[5][5][26]/D   I2C   default_mode 
     960  7578   systolic_array_8X8_matrix_mul_2D_reg[5][5][28]/D   I2C   default_mode 
     961  7578   systolic_array_8X8_matrix_mul_2D_reg[5][5][24]/D   I2C   default_mode 
     962  7578   systolic_array_8X8_matrix_mul_2D_reg[5][5][25]/D   I2C   default_mode 
     963  7578   systolic_array_8X8_matrix_mul_2D_reg[5][5][23]/D   I2C   default_mode 
     964  7578   systolic_array_8X8_matrix_mul_2D_reg[5][5][22]/D   I2C   default_mode 
     965  7578   systolic_array_8X8_matrix_mul_2D_reg[5][5][21]/D   I2C   default_mode 
     966  7578   systolic_array_8X8_matrix_mul_2D_reg[5][5][20]/D   I2C   default_mode 
     967  7578   systolic_array_8X8_matrix_mul_2D_reg[5][5][19]/D   I2C   default_mode 
     968  7578   systolic_array_8X8_matrix_mul_2D_reg[5][5][18]/D   I2C   default_mode 
     969  7578   systolic_array_8X8_matrix_mul_2D_reg[5][5][17]/D   I2C   default_mode 
     970  7578   systolic_array_8X8_matrix_mul_2D_reg[4][6][31]/D   I2C   default_mode 
     971  7578   systolic_array_8X8_matrix_mul_2D_reg[4][6][30]/D   I2C   default_mode 
     972  7578   systolic_array_8X8_matrix_mul_2D_reg[4][6][29]/D   I2C   default_mode 
     973  7578   systolic_array_8X8_matrix_mul_2D_reg[4][6][28]/D   I2C   default_mode 
     974  7578   systolic_array_8X8_matrix_mul_2D_reg[4][6][27]/D   I2C   default_mode 
     975  7578   systolic_array_8X8_matrix_mul_2D_reg[4][6][26]/D   I2C   default_mode 
     976  7578   systolic_array_8X8_matrix_mul_2D_reg[4][6][25]/D   I2C   default_mode 
     977  7578   systolic_array_8X8_matrix_mul_2D_reg[4][6][24]/D   I2C   default_mode 
     978  7578   systolic_array_8X8_matrix_mul_2D_reg[4][6][23]/D   I2C   default_mode 
     979  7578   systolic_array_8X8_matrix_mul_2D_reg[4][6][22]/D   I2C   default_mode 
     980  7578   systolic_array_8X8_matrix_mul_2D_reg[4][6][21]/D   I2C   default_mode 
     981  7578   systolic_array_8X8_matrix_mul_2D_reg[4][6][20]/D   I2C   default_mode 
     982  7578   systolic_array_8X8_matrix_mul_2D_reg[4][6][19]/D   I2C   default_mode 
     983  7578   systolic_array_8X8_matrix_mul_2D_reg[4][6][18]/D   I2C   default_mode 
     984  7578   systolic_array_8X8_matrix_mul_2D_reg[4][6][17]/D   I2C   default_mode 
     985  7582   systolic_array_8X8_matrix_mul_2D_reg[3][5][31]/D   I2C   default_mode 
     986  7582   systolic_array_8X8_matrix_mul_2D_reg[3][5][29]/D   I2C   default_mode 
     987  7582   systolic_array_8X8_matrix_mul_2D_reg[3][5][28]/D   I2C   default_mode 
     988  7582   systolic_array_8X8_matrix_mul_2D_reg[3][5][27]/D   I2C   default_mode 
     989  7582   systolic_array_8X8_matrix_mul_2D_reg[3][5][25]/D   I2C   default_mode 
     990  7582   systolic_array_8X8_matrix_mul_2D_reg[3][5][24]/D   I2C   default_mode 
     991  7582   systolic_array_8X8_matrix_mul_2D_reg[3][5][23]/D   I2C   default_mode 
     992  7582   systolic_array_8X8_matrix_mul_2D_reg[3][5][21]/D   I2C   default_mode 
     993  7582   systolic_array_8X8_matrix_mul_2D_reg[3][5][20]/D   I2C   default_mode 
     994  7582   systolic_array_8X8_matrix_mul_2D_reg[3][5][19]/D   I2C   default_mode 
     995  7582   systolic_array_8X8_matrix_mul_2D_reg[3][5][18]/D   I2C   default_mode 
     996  7582   systolic_array_8X8_matrix_mul_2D_reg[2][6][30]/D   I2C   default_mode 
     997  7582   systolic_array_8X8_matrix_mul_2D_reg[2][6][28]/D   I2C   default_mode 
     998  7582   systolic_array_8X8_matrix_mul_2D_reg[2][6][27]/D   I2C   default_mode 
     999  7582   systolic_array_8X8_matrix_mul_2D_reg[2][6][24]/D   I2C   default_mode 
    1000  7582   systolic_array_8X8_matrix_mul_2D_reg[2][6][23]/D   I2C   default_mode 
    1001  7582   systolic_array_8X8_matrix_mul_2D_reg[2][6][22]/D   I2C   default_mode 
    1002  7582   systolic_array_8X8_matrix_mul_2D_reg[2][6][21]/D   I2C   default_mode 
    1003  7582   systolic_array_8X8_matrix_mul_2D_reg[2][6][20]/D   I2C   default_mode 
    1004  7582   systolic_array_8X8_matrix_mul_2D_reg[2][6][19]/D   I2C   default_mode 
    1005  7582   systolic_array_8X8_matrix_mul_2D_reg[2][6][18]/D   I2C   default_mode 
    1006  7582   systolic_array_8X8_matrix_mul_2D_reg[2][6][17]/D   I2C   default_mode 
    1007  7582   systolic_array_8X8_matrix_mul_2D_reg[7][1][27]/D   I2C   default_mode 
    1008  7582   systolic_array_8X8_matrix_mul_2D_reg[7][1][26]/D   I2C   default_mode 
    1009  7582   systolic_array_8X8_matrix_mul_2D_reg[1][7][31]/D   I2C   default_mode 
    1010  7582   systolic_array_8X8_matrix_mul_2D_reg[1][7][30]/D   I2C   default_mode 
    1011  7582   systolic_array_8X8_matrix_mul_2D_reg[1][7][29]/D   I2C   default_mode 
    1012  7582   systolic_array_8X8_matrix_mul_2D_reg[1][7][26]/D   I2C   default_mode 
    1013  7582   systolic_array_8X8_matrix_mul_2D_reg[1][7][24]/D   I2C   default_mode 
    1014  7582   systolic_array_8X8_matrix_mul_2D_reg[1][7][23]/D   I2C   default_mode 
    1015  7582   systolic_array_8X8_matrix_mul_2D_reg[1][7][20]/D   I2C   default_mode 
    1016  7582   systolic_array_8X8_matrix_mul_2D_reg[1][7][19]/D   I2C   default_mode 
    1017  7582   systolic_array_8X8_matrix_mul_2D_reg[7][1][25]/D   I2C   default_mode 
    1018  7582   systolic_array_8X8_matrix_mul_2D_reg[7][1][24]/D   I2C   default_mode 
    1019  7582   systolic_array_8X8_matrix_mul_2D_reg[1][7][18]/D   I2C   default_mode 
    1020  7582   systolic_array_8X8_matrix_mul_2D_reg[7][1][22]/D   I2C   default_mode 
    1021  7582   systolic_array_8X8_matrix_mul_2D_reg[7][1][21]/D   I2C   default_mode 
    1022  7582   systolic_array_8X8_matrix_mul_2D_reg[7][1][30]/D   I2C   default_mode 
    1023  7582   systolic_array_8X8_matrix_mul_2D_reg[6][2][28]/D   I2C   default_mode 
    1024  7582   systolic_array_8X8_matrix_mul_2D_reg[6][2][27]/D   I2C   default_mode 
    1025  7582   systolic_array_8X8_matrix_mul_2D_reg[6][2][24]/D   I2C   default_mode 
    1026  7582   systolic_array_8X8_matrix_mul_2D_reg[6][2][22]/D   I2C   default_mode 
    1027  7582   systolic_array_8X8_matrix_mul_2D_reg[6][2][21]/D   I2C   default_mode 
    1028  7582   systolic_array_8X8_matrix_mul_2D_reg[6][2][20]/D   I2C   default_mode 
    1029  7582   systolic_array_8X8_matrix_mul_2D_reg[6][2][19]/D   I2C   default_mode 
    1030  7582   systolic_array_8X8_matrix_mul_2D_reg[6][2][18]/D   I2C   default_mode 
    1031  7582   systolic_array_8X8_matrix_mul_2D_reg[6][2][17]/D   I2C   default_mode 
    1032  7582   systolic_array_8X8_matrix_mul_2D_reg[6][2][29]/D   I2C   default_mode 
    1033  7582   systolic_array_8X8_matrix_mul_2D_reg[6][2][30]/D   I2C   default_mode 
    1034  7582   systolic_array_8X8_matrix_mul_2D_reg[6][2][31]/D   I2C   default_mode 
    1035  7582   systolic_array_8X8_matrix_mul_2D_reg[5][3][27]/D   I2C   default_mode 
    1036  7582   systolic_array_8X8_matrix_mul_2D_reg[5][3][26]/D   I2C   default_mode 
    1037  7582   systolic_array_8X8_matrix_mul_2D_reg[5][3][28]/D   I2C   default_mode 
    1038  7582   systolic_array_8X8_matrix_mul_2D_reg[5][3][29]/D   I2C   default_mode 
    1039  7582   systolic_array_8X8_matrix_mul_2D_reg[5][3][24]/D   I2C   default_mode 
    1040  7582   systolic_array_8X8_matrix_mul_2D_reg[5][3][25]/D   I2C   default_mode 
    1041  7582   systolic_array_8X8_matrix_mul_2D_reg[5][3][23]/D   I2C   default_mode 
    1042  7582   systolic_array_8X8_matrix_mul_2D_reg[5][3][22]/D   I2C   default_mode 
    1043  7582   systolic_array_8X8_matrix_mul_2D_reg[5][3][21]/D   I2C   default_mode 
    1044  7582   systolic_array_8X8_matrix_mul_2D_reg[5][3][20]/D   I2C   default_mode 
    1045  7582   systolic_array_8X8_matrix_mul_2D_reg[5][3][17]/D   I2C   default_mode 
    1046  7582   systolic_array_8X8_matrix_mul_2D_reg[5][3][31]/D   I2C   default_mode 
    1047  7582   systolic_array_8X8_matrix_mul_2D_reg[4][4][31]/D   I2C   default_mode 
    1048  7582   systolic_array_8X8_matrix_mul_2D_reg[4][4][30]/D   I2C   default_mode 
    1049  7582   systolic_array_8X8_matrix_mul_2D_reg[4][4][28]/D   I2C   default_mode 
    1050  7582   systolic_array_8X8_matrix_mul_2D_reg[4][4][23]/D   I2C   default_mode 
    1051  7582   systolic_array_8X8_matrix_mul_2D_reg[4][4][22]/D   I2C   default_mode 
    1052  7582   systolic_array_8X8_matrix_mul_2D_reg[4][4][20]/D   I2C   default_mode 
    1053  7582   systolic_array_8X8_matrix_mul_2D_reg[4][4][19]/D   I2C   default_mode 
    1054  7582   systolic_array_8X8_matrix_mul_2D_reg[4][4][18]/D   I2C   default_mode 
    1055  7582   systolic_array_8X8_matrix_mul_2D_reg[4][4][17]/D   I2C   default_mode 
    1056  7582   systolic_array_8X8_matrix_mul_2D_reg[3][5][30]/D   I2C   default_mode 
    1057  7582   systolic_array_8X8_matrix_mul_2D_reg[3][5][26]/D   I2C   default_mode 
    1058  7582   systolic_array_8X8_matrix_mul_2D_reg[3][5][22]/D   I2C   default_mode 
    1059  7582   systolic_array_8X8_matrix_mul_2D_reg[3][5][17]/D   I2C   default_mode 
    1060  7582   systolic_array_8X8_matrix_mul_2D_reg[2][6][29]/D   I2C   default_mode 
    1061  7582   systolic_array_8X8_matrix_mul_2D_reg[2][6][26]/D   I2C   default_mode 
    1062  7582   systolic_array_8X8_matrix_mul_2D_reg[2][6][25]/D   I2C   default_mode 
    1063  7582   systolic_array_8X8_matrix_mul_2D_reg[2][6][31]/D   I2C   default_mode 
    1064  7582   systolic_array_8X8_matrix_mul_2D_reg[7][1][29]/D   I2C   default_mode 
    1065  7582   systolic_array_8X8_matrix_mul_2D_reg[1][7][28]/D   I2C   default_mode 
    1066  7582   systolic_array_8X8_matrix_mul_2D_reg[1][7][27]/D   I2C   default_mode 
    1067  7582   systolic_array_8X8_matrix_mul_2D_reg[1][7][25]/D   I2C   default_mode 
    1068  7582   systolic_array_8X8_matrix_mul_2D_reg[7][1][28]/D   I2C   default_mode 
    1069  7582   systolic_array_8X8_matrix_mul_2D_reg[1][7][21]/D   I2C   default_mode 
    1070  7582   systolic_array_8X8_matrix_mul_2D_reg[1][7][22]/D   I2C   default_mode 
    1071  7582   systolic_array_8X8_matrix_mul_2D_reg[1][7][17]/D   I2C   default_mode 
    1072  7582   systolic_array_8X8_matrix_mul_2D_reg[7][1][31]/D   I2C   default_mode 
    1073  7582   systolic_array_8X8_matrix_mul_2D_reg[7][1][23]/D   I2C   default_mode 
    1074  7582   systolic_array_8X8_matrix_mul_2D_reg[7][1][20]/D   I2C   default_mode 
    1075  7582   systolic_array_8X8_matrix_mul_2D_reg[7][1][19]/D   I2C   default_mode 
    1076  7582   systolic_array_8X8_matrix_mul_2D_reg[7][1][18]/D   I2C   default_mode 
    1077  7582   systolic_array_8X8_matrix_mul_2D_reg[7][1][17]/D   I2C   default_mode 
    1078  7582   systolic_array_8X8_matrix_mul_2D_reg[6][2][25]/D   I2C   default_mode 
    1079  7582   systolic_array_8X8_matrix_mul_2D_reg[6][2][23]/D   I2C   default_mode 
    1080  7582   systolic_array_8X8_matrix_mul_2D_reg[6][2][26]/D   I2C   default_mode 
    1081  7582   systolic_array_8X8_matrix_mul_2D_reg[5][3][30]/D   I2C   default_mode 
    1082  7582   systolic_array_8X8_matrix_mul_2D_reg[5][3][19]/D   I2C   default_mode 
    1083  7582   systolic_array_8X8_matrix_mul_2D_reg[5][3][18]/D   I2C   default_mode 
    1084  7582   systolic_array_8X8_matrix_mul_2D_reg[4][4][29]/D   I2C   default_mode 
    1085  7582   systolic_array_8X8_matrix_mul_2D_reg[4][4][27]/D   I2C   default_mode 
    1086  7582   systolic_array_8X8_matrix_mul_2D_reg[4][4][26]/D   I2C   default_mode 
    1087  7582   systolic_array_8X8_matrix_mul_2D_reg[4][4][25]/D   I2C   default_mode 
    1088  7582   systolic_array_8X8_matrix_mul_2D_reg[4][4][24]/D   I2C   default_mode 
    1089  7582   systolic_array_8X8_matrix_mul_2D_reg[4][4][21]/D   I2C   default_mode 
    1090  7587   systolic_array_8X8_matrix_mul_2D_reg[4][3][29]/D   I2C   default_mode 
    1091  7587   systolic_array_8X8_matrix_mul_2D_reg[4][3][28]/D   I2C   default_mode 
    1092  7587   systolic_array_8X8_matrix_mul_2D_reg[4][3][27]/D   I2C   default_mode 
    1093  7587   systolic_array_8X8_matrix_mul_2D_reg[4][3][26]/D   I2C   default_mode 
    1094  7587   systolic_array_8X8_matrix_mul_2D_reg[4][3][25]/D   I2C   default_mode 
    1095  7587   systolic_array_8X8_matrix_mul_2D_reg[4][3][24]/D   I2C   default_mode 
    1096  7587   systolic_array_8X8_matrix_mul_2D_reg[4][3][23]/D   I2C   default_mode 
    1097  7587   systolic_array_8X8_matrix_mul_2D_reg[4][3][22]/D   I2C   default_mode 
    1098  7587   systolic_array_8X8_matrix_mul_2D_reg[4][3][21]/D   I2C   default_mode 
    1099  7587   systolic_array_8X8_matrix_mul_2D_reg[4][3][20]/D   I2C   default_mode 
    1100  7587   systolic_array_8X8_matrix_mul_2D_reg[4][3][19]/D   I2C   default_mode 
    1101  7587   systolic_array_8X8_matrix_mul_2D_reg[4][3][18]/D   I2C   default_mode 
    1102  7587   systolic_array_8X8_matrix_mul_2D_reg[4][3][17]/D   I2C   default_mode 
    1103  7587   systolic_array_8X8_matrix_mul_2D_reg[4][3][30]/D   I2C   default_mode 
    1104  7587   systolic_array_8X8_matrix_mul_2D_reg[4][3][31]/D   I2C   default_mode 
    1105  7587   systolic_array_8X8_matrix_mul_2D_reg[3][4][31]/D   I2C   default_mode 
    1106  7587   systolic_array_8X8_matrix_mul_2D_reg[3][4][30]/D   I2C   default_mode 
    1107  7587   systolic_array_8X8_matrix_mul_2D_reg[3][4][29]/D   I2C   default_mode 
    1108  7587   systolic_array_8X8_matrix_mul_2D_reg[3][4][28]/D   I2C   default_mode 
    1109  7587   systolic_array_8X8_matrix_mul_2D_reg[3][4][27]/D   I2C   default_mode 
    1110  7587   systolic_array_8X8_matrix_mul_2D_reg[3][4][26]/D   I2C   default_mode 
    1111  7587   systolic_array_8X8_matrix_mul_2D_reg[3][4][25]/D   I2C   default_mode 
    1112  7587   systolic_array_8X8_matrix_mul_2D_reg[3][4][24]/D   I2C   default_mode 
    1113  7587   systolic_array_8X8_matrix_mul_2D_reg[3][4][23]/D   I2C   default_mode 
    1114  7587   systolic_array_8X8_matrix_mul_2D_reg[3][4][22]/D   I2C   default_mode 
    1115  7587   systolic_array_8X8_matrix_mul_2D_reg[3][4][21]/D   I2C   default_mode 
    1116  7587   systolic_array_8X8_matrix_mul_2D_reg[3][4][20]/D   I2C   default_mode 
    1117  7587   systolic_array_8X8_matrix_mul_2D_reg[3][4][19]/D   I2C   default_mode 
    1118  7587   systolic_array_8X8_matrix_mul_2D_reg[3][4][18]/D   I2C   default_mode 
    1119  7587   systolic_array_8X8_matrix_mul_2D_reg[3][4][17]/D   I2C   default_mode 
    1120  7587   systolic_array_8X8_matrix_mul_2D_reg[2][5][31]/D   I2C   default_mode 
    1121  7587   systolic_array_8X8_matrix_mul_2D_reg[2][5][30]/D   I2C   default_mode 
    1122  7587   systolic_array_8X8_matrix_mul_2D_reg[2][5][29]/D   I2C   default_mode 
    1123  7587   systolic_array_8X8_matrix_mul_2D_reg[2][5][28]/D   I2C   default_mode 
    1124  7587   systolic_array_8X8_matrix_mul_2D_reg[2][5][27]/D   I2C   default_mode 
    1125  7587   systolic_array_8X8_matrix_mul_2D_reg[2][5][26]/D   I2C   default_mode 
    1126  7587   systolic_array_8X8_matrix_mul_2D_reg[2][5][25]/D   I2C   default_mode 
    1127  7587   systolic_array_8X8_matrix_mul_2D_reg[2][5][24]/D   I2C   default_mode 
    1128  7587   systolic_array_8X8_matrix_mul_2D_reg[2][5][23]/D   I2C   default_mode 
    1129  7587   systolic_array_8X8_matrix_mul_2D_reg[2][5][22]/D   I2C   default_mode 
    1130  7587   systolic_array_8X8_matrix_mul_2D_reg[2][5][21]/D   I2C   default_mode 
    1131  7587   systolic_array_8X8_matrix_mul_2D_reg[2][5][20]/D   I2C   default_mode 
    1132  7587   systolic_array_8X8_matrix_mul_2D_reg[2][5][19]/D   I2C   default_mode 
    1133  7587   systolic_array_8X8_matrix_mul_2D_reg[2][5][18]/D   I2C   default_mode 
    1134  7587   systolic_array_8X8_matrix_mul_2D_reg[2][5][17]/D   I2C   default_mode 
    1135  7587   systolic_array_8X8_matrix_mul_2D_reg[1][6][31]/D   I2C   default_mode 
    1136  7587   systolic_array_8X8_matrix_mul_2D_reg[1][6][30]/D   I2C   default_mode 
    1137  7587   systolic_array_8X8_matrix_mul_2D_reg[1][6][29]/D   I2C   default_mode 
    1138  7587   systolic_array_8X8_matrix_mul_2D_reg[1][6][28]/D   I2C   default_mode 
    1139  7587   systolic_array_8X8_matrix_mul_2D_reg[1][6][27]/D   I2C   default_mode 
    1140  7587   systolic_array_8X8_matrix_mul_2D_reg[1][6][26]/D   I2C   default_mode 
    1141  7587   systolic_array_8X8_matrix_mul_2D_reg[1][6][25]/D   I2C   default_mode 
    1142  7587   systolic_array_8X8_matrix_mul_2D_reg[1][6][24]/D   I2C   default_mode 
    1143  7587   systolic_array_8X8_matrix_mul_2D_reg[1][6][23]/D   I2C   default_mode 
    1144  7587   systolic_array_8X8_matrix_mul_2D_reg[1][6][22]/D   I2C   default_mode 
    1145  7587   systolic_array_8X8_matrix_mul_2D_reg[1][6][21]/D   I2C   default_mode 
    1146  7587   systolic_array_8X8_matrix_mul_2D_reg[1][6][20]/D   I2C   default_mode 
    1147  7587   systolic_array_8X8_matrix_mul_2D_reg[1][6][19]/D   I2C   default_mode 
    1148  7587   systolic_array_8X8_matrix_mul_2D_reg[1][6][18]/D   I2C   default_mode 
    1149  7587   systolic_array_8X8_matrix_mul_2D_reg[1][6][17]/D   I2C   default_mode 
    1150  7587   systolic_array_8X8_matrix_mul_2D_reg[7][0][29]/D   I2C   default_mode 
    1151  7587   systolic_array_8X8_matrix_mul_2D_reg[7][0][31]/D   I2C   default_mode 
    1152  7587   systolic_array_8X8_matrix_mul_2D_reg[7][0][30]/D   I2C   default_mode 
    1153  7587   systolic_array_8X8_matrix_mul_2D_reg[7][0][28]/D   I2C   default_mode 
    1154  7587   systolic_array_8X8_matrix_mul_2D_reg[7][0][27]/D   I2C   default_mode 
    1155  7587   systolic_array_8X8_matrix_mul_2D_reg[7][0][25]/D   I2C   default_mode 
    1156  7587   systolic_array_8X8_matrix_mul_2D_reg[7][0][26]/D   I2C   default_mode 
    1157  7587   systolic_array_8X8_matrix_mul_2D_reg[7][0][24]/D   I2C   default_mode 
    1158  7587   systolic_array_8X8_matrix_mul_2D_reg[7][0][23]/D   I2C   default_mode 
    1159  7587   systolic_array_8X8_matrix_mul_2D_reg[7][0][22]/D   I2C   default_mode 
    1160  7587   systolic_array_8X8_matrix_mul_2D_reg[7][0][21]/D   I2C   default_mode 
    1161  7587   systolic_array_8X8_matrix_mul_2D_reg[7][0][20]/D   I2C   default_mode 
    1162  7587   systolic_array_8X8_matrix_mul_2D_reg[7][0][19]/D   I2C   default_mode 
    1163  7587   systolic_array_8X8_matrix_mul_2D_reg[7][0][18]/D   I2C   default_mode 
    1164  7587   systolic_array_8X8_matrix_mul_2D_reg[7][0][17]/D   I2C   default_mode 
    1165  7587   systolic_array_8X8_matrix_mul_2D_reg[0][7][31]/D   I2C   default_mode 
    1166  7587   systolic_array_8X8_matrix_mul_2D_reg[0][7][28]/D   I2C   default_mode 
    1167  7587   systolic_array_8X8_matrix_mul_2D_reg[0][7][30]/D   I2C   default_mode 
    1168  7587   systolic_array_8X8_matrix_mul_2D_reg[0][7][29]/D   I2C   default_mode 
    1169  7587   systolic_array_8X8_matrix_mul_2D_reg[0][7][27]/D   I2C   default_mode 
    1170  7587   systolic_array_8X8_matrix_mul_2D_reg[0][7][26]/D   I2C   default_mode 
    1171  7587   systolic_array_8X8_matrix_mul_2D_reg[0][7][25]/D   I2C   default_mode 
    1172  7587   systolic_array_8X8_matrix_mul_2D_reg[0][7][24]/D   I2C   default_mode 
    1173  7587   systolic_array_8X8_matrix_mul_2D_reg[0][7][23]/D   I2C   default_mode 
    1174  7587   systolic_array_8X8_matrix_mul_2D_reg[0][7][21]/D   I2C   default_mode 
    1175  7587   systolic_array_8X8_matrix_mul_2D_reg[0][7][22]/D   I2C   default_mode 
    1176  7587   systolic_array_8X8_matrix_mul_2D_reg[0][7][20]/D   I2C   default_mode 
    1177  7587   systolic_array_8X8_matrix_mul_2D_reg[0][7][19]/D   I2C   default_mode 
    1178  7587   systolic_array_8X8_matrix_mul_2D_reg[0][7][17]/D   I2C   default_mode 
    1179  7587   systolic_array_8X8_matrix_mul_2D_reg[0][7][18]/D   I2C   default_mode 
    1180  7587   systolic_array_8X8_matrix_mul_2D_reg[6][1][30]/D   I2C   default_mode 
    1181  7587   systolic_array_8X8_matrix_mul_2D_reg[6][1][31]/D   I2C   default_mode 
    1182  7587   systolic_array_8X8_matrix_mul_2D_reg[6][1][29]/D   I2C   default_mode 
    1183  7587   systolic_array_8X8_matrix_mul_2D_reg[6][1][28]/D   I2C   default_mode 
    1184  7587   systolic_array_8X8_matrix_mul_2D_reg[6][1][27]/D   I2C   default_mode 
    1185  7587   systolic_array_8X8_matrix_mul_2D_reg[6][1][25]/D   I2C   default_mode 
    1186  7587   systolic_array_8X8_matrix_mul_2D_reg[6][1][26]/D   I2C   default_mode 
    1187  7587   systolic_array_8X8_matrix_mul_2D_reg[6][1][24]/D   I2C   default_mode 
    1188  7587   systolic_array_8X8_matrix_mul_2D_reg[6][1][23]/D   I2C   default_mode 
    1189  7587   systolic_array_8X8_matrix_mul_2D_reg[6][1][22]/D   I2C   default_mode 
    1190  7587   systolic_array_8X8_matrix_mul_2D_reg[6][1][21]/D   I2C   default_mode 
    1191  7587   systolic_array_8X8_matrix_mul_2D_reg[6][1][20]/D   I2C   default_mode 
    1192  7587   systolic_array_8X8_matrix_mul_2D_reg[6][1][19]/D   I2C   default_mode 
    1193  7587   systolic_array_8X8_matrix_mul_2D_reg[6][1][18]/D   I2C   default_mode 
    1194  7587   systolic_array_8X8_matrix_mul_2D_reg[6][1][17]/D   I2C   default_mode 
    1195  7587   systolic_array_8X8_matrix_mul_2D_reg[5][2][31]/D   I2C   default_mode 
    1196  7587   systolic_array_8X8_matrix_mul_2D_reg[5][2][30]/D   I2C   default_mode 
    1197  7587   systolic_array_8X8_matrix_mul_2D_reg[5][2][29]/D   I2C   default_mode 
    1198  7587   systolic_array_8X8_matrix_mul_2D_reg[5][2][28]/D   I2C   default_mode 
    1199  7587   systolic_array_8X8_matrix_mul_2D_reg[5][2][27]/D   I2C   default_mode 
    1200  7587   systolic_array_8X8_matrix_mul_2D_reg[5][2][26]/D   I2C   default_mode 
    1201  7587   systolic_array_8X8_matrix_mul_2D_reg[5][2][25]/D   I2C   default_mode 
    1202  7587   systolic_array_8X8_matrix_mul_2D_reg[5][2][24]/D   I2C   default_mode 
    1203  7587   systolic_array_8X8_matrix_mul_2D_reg[5][2][23]/D   I2C   default_mode 
    1204  7587   systolic_array_8X8_matrix_mul_2D_reg[5][2][22]/D   I2C   default_mode 
    1205  7587   systolic_array_8X8_matrix_mul_2D_reg[5][2][21]/D   I2C   default_mode 
    1206  7587   systolic_array_8X8_matrix_mul_2D_reg[5][2][20]/D   I2C   default_mode 
    1207  7587   systolic_array_8X8_matrix_mul_2D_reg[5][2][19]/D   I2C   default_mode 
    1208  7587   systolic_array_8X8_matrix_mul_2D_reg[5][2][18]/D   I2C   default_mode 
    1209  7587   systolic_array_8X8_matrix_mul_2D_reg[5][2][17]/D   I2C   default_mode 
    1210  7593   systolic_array_8X8_matrix_mul_2D_reg[4][2][31]/D   I2C   default_mode 
    1211  7593   systolic_array_8X8_matrix_mul_2D_reg[4][2][30]/D   I2C   default_mode 
    1212  7593   systolic_array_8X8_matrix_mul_2D_reg[4][2][29]/D   I2C   default_mode 
    1213  7593   systolic_array_8X8_matrix_mul_2D_reg[4][2][28]/D   I2C   default_mode 
    1214  7593   systolic_array_8X8_matrix_mul_2D_reg[4][2][27]/D   I2C   default_mode 
    1215  7593   systolic_array_8X8_matrix_mul_2D_reg[4][2][26]/D   I2C   default_mode 
    1216  7593   systolic_array_8X8_matrix_mul_2D_reg[4][2][25]/D   I2C   default_mode 
    1217  7593   systolic_array_8X8_matrix_mul_2D_reg[4][2][24]/D   I2C   default_mode 
    1218  7593   systolic_array_8X8_matrix_mul_2D_reg[4][2][23]/D   I2C   default_mode 
    1219  7593   systolic_array_8X8_matrix_mul_2D_reg[4][2][22]/D   I2C   default_mode 
    1220  7593   systolic_array_8X8_matrix_mul_2D_reg[4][2][21]/D   I2C   default_mode 
    1221  7593   systolic_array_8X8_matrix_mul_2D_reg[4][2][20]/D   I2C   default_mode 
    1222  7593   systolic_array_8X8_matrix_mul_2D_reg[4][2][19]/D   I2C   default_mode 
    1223  7593   systolic_array_8X8_matrix_mul_2D_reg[4][2][18]/D   I2C   default_mode 
    1224  7593   systolic_array_8X8_matrix_mul_2D_reg[4][2][17]/D   I2C   default_mode 
    1225  7593   systolic_array_8X8_matrix_mul_2D_reg[3][3][30]/D   I2C   default_mode 
    1226  7593   systolic_array_8X8_matrix_mul_2D_reg[3][3][29]/D   I2C   default_mode 
    1227  7593   systolic_array_8X8_matrix_mul_2D_reg[3][3][28]/D   I2C   default_mode 
    1228  7593   systolic_array_8X8_matrix_mul_2D_reg[3][3][27]/D   I2C   default_mode 
    1229  7593   systolic_array_8X8_matrix_mul_2D_reg[3][3][26]/D   I2C   default_mode 
    1230  7593   systolic_array_8X8_matrix_mul_2D_reg[3][3][25]/D   I2C   default_mode 
    1231  7593   systolic_array_8X8_matrix_mul_2D_reg[3][3][24]/D   I2C   default_mode 
    1232  7593   systolic_array_8X8_matrix_mul_2D_reg[3][3][23]/D   I2C   default_mode 
    1233  7593   systolic_array_8X8_matrix_mul_2D_reg[3][3][22]/D   I2C   default_mode 
    1234  7593   systolic_array_8X8_matrix_mul_2D_reg[3][3][21]/D   I2C   default_mode 
    1235  7593   systolic_array_8X8_matrix_mul_2D_reg[3][3][20]/D   I2C   default_mode 
    1236  7593   systolic_array_8X8_matrix_mul_2D_reg[3][3][19]/D   I2C   default_mode 
    1237  7593   systolic_array_8X8_matrix_mul_2D_reg[3][3][18]/D   I2C   default_mode 
    1238  7593   systolic_array_8X8_matrix_mul_2D_reg[3][3][17]/D   I2C   default_mode 
    1239  7593   systolic_array_8X8_matrix_mul_2D_reg[3][3][31]/D   I2C   default_mode 
    1240  7593   systolic_array_8X8_matrix_mul_2D_reg[2][4][31]/D   I2C   default_mode 
    1241  7593   systolic_array_8X8_matrix_mul_2D_reg[2][4][30]/D   I2C   default_mode 
    1242  7593   systolic_array_8X8_matrix_mul_2D_reg[2][4][29]/D   I2C   default_mode 
    1243  7593   systolic_array_8X8_matrix_mul_2D_reg[2][4][28]/D   I2C   default_mode 
    1244  7593   systolic_array_8X8_matrix_mul_2D_reg[2][4][27]/D   I2C   default_mode 
    1245  7593   systolic_array_8X8_matrix_mul_2D_reg[2][4][26]/D   I2C   default_mode 
    1246  7593   systolic_array_8X8_matrix_mul_2D_reg[2][4][25]/D   I2C   default_mode 
    1247  7593   systolic_array_8X8_matrix_mul_2D_reg[2][4][24]/D   I2C   default_mode 
    1248  7593   systolic_array_8X8_matrix_mul_2D_reg[2][4][23]/D   I2C   default_mode 
    1249  7593   systolic_array_8X8_matrix_mul_2D_reg[2][4][22]/D   I2C   default_mode 
    1250  7593   systolic_array_8X8_matrix_mul_2D_reg[2][4][21]/D   I2C   default_mode 
    1251  7593   systolic_array_8X8_matrix_mul_2D_reg[2][4][20]/D   I2C   default_mode 
    1252  7593   systolic_array_8X8_matrix_mul_2D_reg[2][4][19]/D   I2C   default_mode 
    1253  7593   systolic_array_8X8_matrix_mul_2D_reg[2][4][18]/D   I2C   default_mode 
    1254  7593   systolic_array_8X8_matrix_mul_2D_reg[2][4][17]/D   I2C   default_mode 
    1255  7593   systolic_array_8X8_matrix_mul_2D_reg[1][5][31]/D   I2C   default_mode 
    1256  7593   systolic_array_8X8_matrix_mul_2D_reg[1][5][29]/D   I2C   default_mode 
    1257  7593   systolic_array_8X8_matrix_mul_2D_reg[1][5][30]/D   I2C   default_mode 
    1258  7593   systolic_array_8X8_matrix_mul_2D_reg[1][5][28]/D   I2C   default_mode 
    1259  7593   systolic_array_8X8_matrix_mul_2D_reg[1][5][27]/D   I2C   default_mode 
    1260  7593   systolic_array_8X8_matrix_mul_2D_reg[1][5][25]/D   I2C   default_mode 
    1261  7593   systolic_array_8X8_matrix_mul_2D_reg[1][5][26]/D   I2C   default_mode 
    1262  7593   systolic_array_8X8_matrix_mul_2D_reg[1][5][24]/D   I2C   default_mode 
    1263  7593   systolic_array_8X8_matrix_mul_2D_reg[1][5][23]/D   I2C   default_mode 
    1264  7593   systolic_array_8X8_matrix_mul_2D_reg[1][5][22]/D   I2C   default_mode 
    1265  7593   systolic_array_8X8_matrix_mul_2D_reg[1][5][21]/D   I2C   default_mode 
    1266  7593   systolic_array_8X8_matrix_mul_2D_reg[1][5][20]/D   I2C   default_mode 
    1267  7593   systolic_array_8X8_matrix_mul_2D_reg[1][5][19]/D   I2C   default_mode 
    1268  7593   systolic_array_8X8_matrix_mul_2D_reg[1][5][17]/D   I2C   default_mode 
    1269  7593   systolic_array_8X8_matrix_mul_2D_reg[1][5][18]/D   I2C   default_mode 
    1270  7593   systolic_array_8X8_matrix_mul_2D_reg[0][6][31]/D   I2C   default_mode 
    1271  7593   systolic_array_8X8_matrix_mul_2D_reg[0][6][29]/D   I2C   default_mode 
    1272  7593   systolic_array_8X8_matrix_mul_2D_reg[0][6][30]/D   I2C   default_mode 
    1273  7593   systolic_array_8X8_matrix_mul_2D_reg[0][6][28]/D   I2C   default_mode 
    1274  7593   systolic_array_8X8_matrix_mul_2D_reg[0][6][27]/D   I2C   default_mode 
    1275  7593   systolic_array_8X8_matrix_mul_2D_reg[0][6][26]/D   I2C   default_mode 
    1276  7593   systolic_array_8X8_matrix_mul_2D_reg[0][6][25]/D   I2C   default_mode 
    1277  7593   systolic_array_8X8_matrix_mul_2D_reg[0][6][24]/D   I2C   default_mode 
    1278  7593   systolic_array_8X8_matrix_mul_2D_reg[0][6][23]/D   I2C   default_mode 
    1279  7593   systolic_array_8X8_matrix_mul_2D_reg[0][6][21]/D   I2C   default_mode 
    1280  7593   systolic_array_8X8_matrix_mul_2D_reg[0][6][22]/D   I2C   default_mode 
    1281  7593   systolic_array_8X8_matrix_mul_2D_reg[0][6][20]/D   I2C   default_mode 
    1282  7593   systolic_array_8X8_matrix_mul_2D_reg[0][6][19]/D   I2C   default_mode 
    1283  7593   systolic_array_8X8_matrix_mul_2D_reg[0][6][17]/D   I2C   default_mode 
    1284  7593   systolic_array_8X8_matrix_mul_2D_reg[0][6][18]/D   I2C   default_mode 
    1285  7593   systolic_array_8X8_matrix_mul_2D_reg[6][0][31]/D   I2C   default_mode 
    1286  7593   systolic_array_8X8_matrix_mul_2D_reg[6][0][30]/D   I2C   default_mode 
    1287  7593   systolic_array_8X8_matrix_mul_2D_reg[6][0][29]/D   I2C   default_mode 
    1288  7593   systolic_array_8X8_matrix_mul_2D_reg[6][0][28]/D   I2C   default_mode 
    1289  7593   systolic_array_8X8_matrix_mul_2D_reg[6][0][27]/D   I2C   default_mode 
    1290  7593   systolic_array_8X8_matrix_mul_2D_reg[6][0][25]/D   I2C   default_mode 
    1291  7593   systolic_array_8X8_matrix_mul_2D_reg[6][0][26]/D   I2C   default_mode 
    1292  7593   systolic_array_8X8_matrix_mul_2D_reg[6][0][24]/D   I2C   default_mode 
    1293  7593   systolic_array_8X8_matrix_mul_2D_reg[6][0][23]/D   I2C   default_mode 
    1294  7593   systolic_array_8X8_matrix_mul_2D_reg[6][0][22]/D   I2C   default_mode 
    1295  7593   systolic_array_8X8_matrix_mul_2D_reg[6][0][21]/D   I2C   default_mode 
    1296  7593   systolic_array_8X8_matrix_mul_2D_reg[6][0][20]/D   I2C   default_mode 
    1297  7593   systolic_array_8X8_matrix_mul_2D_reg[6][0][19]/D   I2C   default_mode 
    1298  7593   systolic_array_8X8_matrix_mul_2D_reg[6][0][18]/D   I2C   default_mode 
    1299  7593   systolic_array_8X8_matrix_mul_2D_reg[6][0][17]/D   I2C   default_mode 
    1300  7593   systolic_array_8X8_matrix_mul_2D_reg[5][1][31]/D   I2C   default_mode 
    1301  7593   systolic_array_8X8_matrix_mul_2D_reg[5][1][30]/D   I2C   default_mode 
    1302  7593   systolic_array_8X8_matrix_mul_2D_reg[5][1][29]/D   I2C   default_mode 
    1303  7593   systolic_array_8X8_matrix_mul_2D_reg[5][1][28]/D   I2C   default_mode 
    1304  7593   systolic_array_8X8_matrix_mul_2D_reg[5][1][27]/D   I2C   default_mode 
    1305  7593   systolic_array_8X8_matrix_mul_2D_reg[5][1][26]/D   I2C   default_mode 
    1306  7593   systolic_array_8X8_matrix_mul_2D_reg[5][1][25]/D   I2C   default_mode 
    1307  7593   systolic_array_8X8_matrix_mul_2D_reg[5][1][24]/D   I2C   default_mode 
    1308  7593   systolic_array_8X8_matrix_mul_2D_reg[5][1][23]/D   I2C   default_mode 
    1309  7593   systolic_array_8X8_matrix_mul_2D_reg[5][1][22]/D   I2C   default_mode 
    1310  7593   systolic_array_8X8_matrix_mul_2D_reg[5][1][21]/D   I2C   default_mode 
    1311  7593   systolic_array_8X8_matrix_mul_2D_reg[5][1][20]/D   I2C   default_mode 
    1312  7593   systolic_array_8X8_matrix_mul_2D_reg[5][1][19]/D   I2C   default_mode 
    1313  7593   systolic_array_8X8_matrix_mul_2D_reg[5][1][18]/D   I2C   default_mode 
    1314  7593   systolic_array_8X8_matrix_mul_2D_reg[5][1][17]/D   I2C   default_mode 
    1315  7625   systolic_array_8X8_matrix_mul_2D_reg[4][0][31]/D   I2C   default_mode 
    1316  7625   systolic_array_8X8_matrix_mul_2D_reg[4][0][30]/D   I2C   default_mode 
    1317  7625   systolic_array_8X8_matrix_mul_2D_reg[4][0][29]/D   I2C   default_mode 
    1318  7625   systolic_array_8X8_matrix_mul_2D_reg[4][0][28]/D   I2C   default_mode 
    1319  7625   systolic_array_8X8_matrix_mul_2D_reg[4][0][27]/D   I2C   default_mode 
    1320  7625   systolic_array_8X8_matrix_mul_2D_reg[4][0][26]/D   I2C   default_mode 
    1321  7625   systolic_array_8X8_matrix_mul_2D_reg[4][0][25]/D   I2C   default_mode 
    1322  7625   systolic_array_8X8_matrix_mul_2D_reg[4][0][24]/D   I2C   default_mode 
    1323  7625   systolic_array_8X8_matrix_mul_2D_reg[4][0][23]/D   I2C   default_mode 
    1324  7625   systolic_array_8X8_matrix_mul_2D_reg[4][0][22]/D   I2C   default_mode 
    1325  7625   systolic_array_8X8_matrix_mul_2D_reg[4][0][21]/D   I2C   default_mode 
    1326  7625   systolic_array_8X8_matrix_mul_2D_reg[4][0][20]/D   I2C   default_mode 
    1327  7625   systolic_array_8X8_matrix_mul_2D_reg[4][0][19]/D   I2C   default_mode 
    1328  7625   systolic_array_8X8_matrix_mul_2D_reg[4][0][18]/D   I2C   default_mode 
    1329  7625   systolic_array_8X8_matrix_mul_2D_reg[4][0][17]/D   I2C   default_mode 
    1330  7625   systolic_array_8X8_matrix_mul_2D_reg[3][1][31]/D   I2C   default_mode 
    1331  7625   systolic_array_8X8_matrix_mul_2D_reg[3][1][30]/D   I2C   default_mode 
    1332  7625   systolic_array_8X8_matrix_mul_2D_reg[3][1][29]/D   I2C   default_mode 
    1333  7625   systolic_array_8X8_matrix_mul_2D_reg[3][1][28]/D   I2C   default_mode 
    1334  7625   systolic_array_8X8_matrix_mul_2D_reg[3][1][27]/D   I2C   default_mode 
    1335  7625   systolic_array_8X8_matrix_mul_2D_reg[3][1][26]/D   I2C   default_mode 
    1336  7625   systolic_array_8X8_matrix_mul_2D_reg[3][1][25]/D   I2C   default_mode 
    1337  7625   systolic_array_8X8_matrix_mul_2D_reg[3][1][24]/D   I2C   default_mode 
    1338  7625   systolic_array_8X8_matrix_mul_2D_reg[3][1][23]/D   I2C   default_mode 
    1339  7625   systolic_array_8X8_matrix_mul_2D_reg[3][1][22]/D   I2C   default_mode 
    1340  7625   systolic_array_8X8_matrix_mul_2D_reg[3][1][21]/D   I2C   default_mode 
    1341  7625   systolic_array_8X8_matrix_mul_2D_reg[3][1][20]/D   I2C   default_mode 
    1342  7625   systolic_array_8X8_matrix_mul_2D_reg[3][1][19]/D   I2C   default_mode 
    1343  7625   systolic_array_8X8_matrix_mul_2D_reg[3][1][18]/D   I2C   default_mode 
    1344  7625   systolic_array_8X8_matrix_mul_2D_reg[3][1][17]/D   I2C   default_mode 
    1345  7625   systolic_array_8X8_matrix_mul_2D_reg[2][2][31]/D   I2C   default_mode 
    1346  7625   systolic_array_8X8_matrix_mul_2D_reg[2][2][30]/D   I2C   default_mode 
    1347  7625   systolic_array_8X8_matrix_mul_2D_reg[2][2][29]/D   I2C   default_mode 
    1348  7625   systolic_array_8X8_matrix_mul_2D_reg[2][2][28]/D   I2C   default_mode 
    1349  7625   systolic_array_8X8_matrix_mul_2D_reg[2][2][27]/D   I2C   default_mode 
    1350  7625   systolic_array_8X8_matrix_mul_2D_reg[2][2][26]/D   I2C   default_mode 
    1351  7625   systolic_array_8X8_matrix_mul_2D_reg[2][2][25]/D   I2C   default_mode 
    1352  7625   systolic_array_8X8_matrix_mul_2D_reg[2][2][24]/D   I2C   default_mode 
    1353  7625   systolic_array_8X8_matrix_mul_2D_reg[2][2][23]/D   I2C   default_mode 
    1354  7625   systolic_array_8X8_matrix_mul_2D_reg[2][2][22]/D   I2C   default_mode 
    1355  7625   systolic_array_8X8_matrix_mul_2D_reg[2][2][21]/D   I2C   default_mode 
    1356  7625   systolic_array_8X8_matrix_mul_2D_reg[2][2][20]/D   I2C   default_mode 
    1357  7625   systolic_array_8X8_matrix_mul_2D_reg[2][2][19]/D   I2C   default_mode 
    1358  7625   systolic_array_8X8_matrix_mul_2D_reg[2][2][18]/D   I2C   default_mode 
    1359  7625   systolic_array_8X8_matrix_mul_2D_reg[2][2][17]/D   I2C   default_mode 
    1360  7625   systolic_array_8X8_matrix_mul_2D_reg[1][3][30]/D   I2C   default_mode 
    1361  7625   systolic_array_8X8_matrix_mul_2D_reg[1][3][27]/D   I2C   default_mode 
    1362  7625   systolic_array_8X8_matrix_mul_2D_reg[1][3][29]/D   I2C   default_mode 
    1363  7625   systolic_array_8X8_matrix_mul_2D_reg[1][3][28]/D   I2C   default_mode 
    1364  7625   systolic_array_8X8_matrix_mul_2D_reg[1][3][31]/D   I2C   default_mode 
    1365  7625   systolic_array_8X8_matrix_mul_2D_reg[1][3][26]/D   I2C   default_mode 
    1366  7625   systolic_array_8X8_matrix_mul_2D_reg[1][3][25]/D   I2C   default_mode 
    1367  7625   systolic_array_8X8_matrix_mul_2D_reg[1][3][24]/D   I2C   default_mode 
    1368  7625   systolic_array_8X8_matrix_mul_2D_reg[1][3][23]/D   I2C   default_mode 
    1369  7625   systolic_array_8X8_matrix_mul_2D_reg[1][3][21]/D   I2C   default_mode 
    1370  7625   systolic_array_8X8_matrix_mul_2D_reg[1][3][22]/D   I2C   default_mode 
    1371  7625   systolic_array_8X8_matrix_mul_2D_reg[1][3][20]/D   I2C   default_mode 
    1372  7625   systolic_array_8X8_matrix_mul_2D_reg[1][3][19]/D   I2C   default_mode 
    1373  7625   systolic_array_8X8_matrix_mul_2D_reg[1][3][17]/D   I2C   default_mode 
    1374  7625   systolic_array_8X8_matrix_mul_2D_reg[1][3][18]/D   I2C   default_mode 
    1375  7625   systolic_array_8X8_matrix_mul_2D_reg[0][4][31]/D   I2C   default_mode 
    1376  7625   systolic_array_8X8_matrix_mul_2D_reg[0][4][29]/D   I2C   default_mode 
    1377  7625   systolic_array_8X8_matrix_mul_2D_reg[0][4][30]/D   I2C   default_mode 
    1378  7625   systolic_array_8X8_matrix_mul_2D_reg[0][4][28]/D   I2C   default_mode 
    1379  7625   systolic_array_8X8_matrix_mul_2D_reg[0][4][27]/D   I2C   default_mode 
    1380  7625   systolic_array_8X8_matrix_mul_2D_reg[0][4][26]/D   I2C   default_mode 
    1381  7625   systolic_array_8X8_matrix_mul_2D_reg[0][4][25]/D   I2C   default_mode 
    1382  7625   systolic_array_8X8_matrix_mul_2D_reg[0][4][24]/D   I2C   default_mode 
    1383  7625   systolic_array_8X8_matrix_mul_2D_reg[0][4][23]/D   I2C   default_mode 
    1384  7625   systolic_array_8X8_matrix_mul_2D_reg[0][4][21]/D   I2C   default_mode 
    1385  7625   systolic_array_8X8_matrix_mul_2D_reg[0][4][22]/D   I2C   default_mode 
    1386  7625   systolic_array_8X8_matrix_mul_2D_reg[0][4][20]/D   I2C   default_mode 
    1387  7625   systolic_array_8X8_matrix_mul_2D_reg[0][4][19]/D   I2C   default_mode 
    1388  7625   systolic_array_8X8_matrix_mul_2D_reg[0][4][17]/D   I2C   default_mode 
    1389  7625   systolic_array_8X8_matrix_mul_2D_reg[0][4][18]/D   I2C   default_mode 
    1390  7680   systolic_array_8X8_matrix_mul_2D_reg[4][1][30]/D   I2C   default_mode 
    1391  7680   systolic_array_8X8_matrix_mul_2D_reg[4][1][29]/D   I2C   default_mode 
    1392  7680   systolic_array_8X8_matrix_mul_2D_reg[4][1][28]/D   I2C   default_mode 
    1393  7680   systolic_array_8X8_matrix_mul_2D_reg[4][1][27]/D   I2C   default_mode 
    1394  7680   systolic_array_8X8_matrix_mul_2D_reg[4][1][26]/D   I2C   default_mode 
    1395  7680   systolic_array_8X8_matrix_mul_2D_reg[4][1][25]/D   I2C   default_mode 
    1396  7680   systolic_array_8X8_matrix_mul_2D_reg[4][1][24]/D   I2C   default_mode 
    1397  7680   systolic_array_8X8_matrix_mul_2D_reg[4][1][23]/D   I2C   default_mode 
    1398  7680   systolic_array_8X8_matrix_mul_2D_reg[4][1][22]/D   I2C   default_mode 
    1399  7680   systolic_array_8X8_matrix_mul_2D_reg[4][1][21]/D   I2C   default_mode 
    1400  7680   systolic_array_8X8_matrix_mul_2D_reg[4][1][20]/D   I2C   default_mode 
    1401  7680   systolic_array_8X8_matrix_mul_2D_reg[4][1][19]/D   I2C   default_mode 
    1402  7680   systolic_array_8X8_matrix_mul_2D_reg[4][1][18]/D   I2C   default_mode 
    1403  7680   systolic_array_8X8_matrix_mul_2D_reg[4][1][17]/D   I2C   default_mode 
    1404  7680   systolic_array_8X8_matrix_mul_2D_reg[4][1][31]/D   I2C   default_mode 
    1405  7680   systolic_array_8X8_matrix_mul_2D_reg[3][2][31]/D   I2C   default_mode 
    1406  7680   systolic_array_8X8_matrix_mul_2D_reg[3][2][30]/D   I2C   default_mode 
    1407  7680   systolic_array_8X8_matrix_mul_2D_reg[3][2][29]/D   I2C   default_mode 
    1408  7680   systolic_array_8X8_matrix_mul_2D_reg[3][2][28]/D   I2C   default_mode 
    1409  7680   systolic_array_8X8_matrix_mul_2D_reg[3][2][27]/D   I2C   default_mode 
    1410  7680   systolic_array_8X8_matrix_mul_2D_reg[3][2][26]/D   I2C   default_mode 
    1411  7680   systolic_array_8X8_matrix_mul_2D_reg[3][2][25]/D   I2C   default_mode 
    1412  7680   systolic_array_8X8_matrix_mul_2D_reg[3][2][24]/D   I2C   default_mode 
    1413  7680   systolic_array_8X8_matrix_mul_2D_reg[3][2][23]/D   I2C   default_mode 
    1414  7680   systolic_array_8X8_matrix_mul_2D_reg[3][2][22]/D   I2C   default_mode 
    1415  7680   systolic_array_8X8_matrix_mul_2D_reg[3][2][21]/D   I2C   default_mode 
    1416  7680   systolic_array_8X8_matrix_mul_2D_reg[3][2][20]/D   I2C   default_mode 
    1417  7680   systolic_array_8X8_matrix_mul_2D_reg[3][2][19]/D   I2C   default_mode 
    1418  7680   systolic_array_8X8_matrix_mul_2D_reg[3][2][18]/D   I2C   default_mode 
    1419  7680   systolic_array_8X8_matrix_mul_2D_reg[3][2][17]/D   I2C   default_mode 
    1420  7680   systolic_array_8X8_matrix_mul_2D_reg[2][3][31]/D   I2C   default_mode 
    1421  7680   systolic_array_8X8_matrix_mul_2D_reg[2][3][30]/D   I2C   default_mode 
    1422  7680   systolic_array_8X8_matrix_mul_2D_reg[2][3][29]/D   I2C   default_mode 
    1423  7680   systolic_array_8X8_matrix_mul_2D_reg[2][3][28]/D   I2C   default_mode 
    1424  7680   systolic_array_8X8_matrix_mul_2D_reg[2][3][27]/D   I2C   default_mode 
    1425  7680   systolic_array_8X8_matrix_mul_2D_reg[2][3][26]/D   I2C   default_mode 
    1426  7680   systolic_array_8X8_matrix_mul_2D_reg[2][3][25]/D   I2C   default_mode 
    1427  7680   systolic_array_8X8_matrix_mul_2D_reg[2][3][24]/D   I2C   default_mode 
    1428  7680   systolic_array_8X8_matrix_mul_2D_reg[2][3][23]/D   I2C   default_mode 
    1429  7680   systolic_array_8X8_matrix_mul_2D_reg[2][3][22]/D   I2C   default_mode 
    1430  7680   systolic_array_8X8_matrix_mul_2D_reg[2][3][21]/D   I2C   default_mode 
    1431  7680   systolic_array_8X8_matrix_mul_2D_reg[2][3][20]/D   I2C   default_mode 
    1432  7680   systolic_array_8X8_matrix_mul_2D_reg[2][3][19]/D   I2C   default_mode 
    1433  7680   systolic_array_8X8_matrix_mul_2D_reg[2][3][18]/D   I2C   default_mode 
    1434  7680   systolic_array_8X8_matrix_mul_2D_reg[2][3][17]/D   I2C   default_mode 
    1435  7680   systolic_array_8X8_matrix_mul_2D_reg[1][4][31]/D   I2C   default_mode 
    1436  7680   systolic_array_8X8_matrix_mul_2D_reg[1][4][29]/D   I2C   default_mode 
    1437  7680   systolic_array_8X8_matrix_mul_2D_reg[1][4][30]/D   I2C   default_mode 
    1438  7680   systolic_array_8X8_matrix_mul_2D_reg[1][4][28]/D   I2C   default_mode 
    1439  7680   systolic_array_8X8_matrix_mul_2D_reg[1][4][27]/D   I2C   default_mode 
    1440  7680   systolic_array_8X8_matrix_mul_2D_reg[1][4][26]/D   I2C   default_mode 
    1441  7680   systolic_array_8X8_matrix_mul_2D_reg[1][4][25]/D   I2C   default_mode 
    1442  7680   systolic_array_8X8_matrix_mul_2D_reg[1][4][24]/D   I2C   default_mode 
    1443  7680   systolic_array_8X8_matrix_mul_2D_reg[1][4][23]/D   I2C   default_mode 
    1444  7680   systolic_array_8X8_matrix_mul_2D_reg[1][4][21]/D   I2C   default_mode 
    1445  7680   systolic_array_8X8_matrix_mul_2D_reg[1][4][22]/D   I2C   default_mode 
    1446  7680   systolic_array_8X8_matrix_mul_2D_reg[1][4][20]/D   I2C   default_mode 
    1447  7680   systolic_array_8X8_matrix_mul_2D_reg[1][4][19]/D   I2C   default_mode 
    1448  7680   systolic_array_8X8_matrix_mul_2D_reg[1][4][17]/D   I2C   default_mode 
    1449  7680   systolic_array_8X8_matrix_mul_2D_reg[1][4][18]/D   I2C   default_mode 
    1450  7680   systolic_array_8X8_matrix_mul_2D_reg[0][5][31]/D   I2C   default_mode 
    1451  7680   systolic_array_8X8_matrix_mul_2D_reg[0][5][29]/D   I2C   default_mode 
    1452  7680   systolic_array_8X8_matrix_mul_2D_reg[0][5][30]/D   I2C   default_mode 
    1453  7680   systolic_array_8X8_matrix_mul_2D_reg[0][5][28]/D   I2C   default_mode 
    1454  7680   systolic_array_8X8_matrix_mul_2D_reg[0][5][27]/D   I2C   default_mode 
    1455  7680   systolic_array_8X8_matrix_mul_2D_reg[0][5][26]/D   I2C   default_mode 
    1456  7680   systolic_array_8X8_matrix_mul_2D_reg[0][5][25]/D   I2C   default_mode 
    1457  7680   systolic_array_8X8_matrix_mul_2D_reg[0][5][24]/D   I2C   default_mode 
    1458  7680   systolic_array_8X8_matrix_mul_2D_reg[0][5][23]/D   I2C   default_mode 
    1459  7680   systolic_array_8X8_matrix_mul_2D_reg[0][5][21]/D   I2C   default_mode 
    1460  7680   systolic_array_8X8_matrix_mul_2D_reg[0][5][22]/D   I2C   default_mode 
    1461  7680   systolic_array_8X8_matrix_mul_2D_reg[0][5][20]/D   I2C   default_mode 
    1462  7680   systolic_array_8X8_matrix_mul_2D_reg[0][5][19]/D   I2C   default_mode 
    1463  7680   systolic_array_8X8_matrix_mul_2D_reg[0][5][17]/D   I2C   default_mode 
    1464  7680   systolic_array_8X8_matrix_mul_2D_reg[0][5][18]/D   I2C   default_mode 
    1465  7680   systolic_array_8X8_matrix_mul_2D_reg[5][0][31]/D   I2C   default_mode 
    1466  7680   systolic_array_8X8_matrix_mul_2D_reg[5][0][30]/D   I2C   default_mode 
    1467  7680   systolic_array_8X8_matrix_mul_2D_reg[5][0][29]/D   I2C   default_mode 
    1468  7680   systolic_array_8X8_matrix_mul_2D_reg[5][0][28]/D   I2C   default_mode 
    1469  7680   systolic_array_8X8_matrix_mul_2D_reg[5][0][27]/D   I2C   default_mode 
    1470  7680   systolic_array_8X8_matrix_mul_2D_reg[5][0][26]/D   I2C   default_mode 
    1471  7680   systolic_array_8X8_matrix_mul_2D_reg[5][0][25]/D   I2C   default_mode 
    1472  7680   systolic_array_8X8_matrix_mul_2D_reg[5][0][24]/D   I2C   default_mode 
    1473  7680   systolic_array_8X8_matrix_mul_2D_reg[5][0][23]/D   I2C   default_mode 
    1474  7680   systolic_array_8X8_matrix_mul_2D_reg[5][0][22]/D   I2C   default_mode 
    1475  7680   systolic_array_8X8_matrix_mul_2D_reg[5][0][21]/D   I2C   default_mode 
    1476  7680   systolic_array_8X8_matrix_mul_2D_reg[5][0][20]/D   I2C   default_mode 
    1477  7680   systolic_array_8X8_matrix_mul_2D_reg[5][0][19]/D   I2C   default_mode 
    1478  7680   systolic_array_8X8_matrix_mul_2D_reg[5][0][18]/D   I2C   default_mode 
    1479  7680   systolic_array_8X8_matrix_mul_2D_reg[5][0][17]/D   I2C   default_mode 
    1480  7684   systolic_array_8X8_matrix_mul_2D_reg[3][6][31]/D   I2C   default_mode 
    1481  7684   systolic_array_8X8_matrix_mul_2D_reg[3][6][30]/D   I2C   default_mode 
    1482  7684   systolic_array_8X8_matrix_mul_2D_reg[3][6][29]/D   I2C   default_mode 
    1483  7684   systolic_array_8X8_matrix_mul_2D_reg[3][6][28]/D   I2C   default_mode 
    1484  7684   systolic_array_8X8_matrix_mul_2D_reg[3][6][27]/D   I2C   default_mode 
    1485  7684   systolic_array_8X8_matrix_mul_2D_reg[3][6][26]/D   I2C   default_mode 
    1486  7684   systolic_array_8X8_matrix_mul_2D_reg[3][6][25]/D   I2C   default_mode 
    1487  7684   systolic_array_8X8_matrix_mul_2D_reg[3][6][24]/D   I2C   default_mode 
    1488  7684   systolic_array_8X8_matrix_mul_2D_reg[3][6][23]/D   I2C   default_mode 
    1489  7684   systolic_array_8X8_matrix_mul_2D_reg[3][6][22]/D   I2C   default_mode 
    1490  7684   systolic_array_8X8_matrix_mul_2D_reg[3][6][21]/D   I2C   default_mode 
    1491  7684   systolic_array_8X8_matrix_mul_2D_reg[3][6][20]/D   I2C   default_mode 
    1492  7684   systolic_array_8X8_matrix_mul_2D_reg[3][6][19]/D   I2C   default_mode 
    1493  7684   systolic_array_8X8_matrix_mul_2D_reg[3][6][18]/D   I2C   default_mode 
    1494  7684   systolic_array_8X8_matrix_mul_2D_reg[3][6][17]/D   I2C   default_mode 
    1495  7684   systolic_array_8X8_matrix_mul_2D_reg[2][7][29]/D   I2C   default_mode 
    1496  7684   systolic_array_8X8_matrix_mul_2D_reg[2][7][28]/D   I2C   default_mode 
    1497  7684   systolic_array_8X8_matrix_mul_2D_reg[2][7][27]/D   I2C   default_mode 
    1498  7684   systolic_array_8X8_matrix_mul_2D_reg[2][7][26]/D   I2C   default_mode 
    1499  7684   systolic_array_8X8_matrix_mul_2D_reg[2][7][25]/D   I2C   default_mode 
    1500  7684   systolic_array_8X8_matrix_mul_2D_reg[2][7][24]/D   I2C   default_mode 
    1501  7684   systolic_array_8X8_matrix_mul_2D_reg[2][7][23]/D   I2C   default_mode 
    1502  7684   systolic_array_8X8_matrix_mul_2D_reg[2][7][22]/D   I2C   default_mode 
    1503  7684   systolic_array_8X8_matrix_mul_2D_reg[2][7][21]/D   I2C   default_mode 
    1504  7684   systolic_array_8X8_matrix_mul_2D_reg[2][7][20]/D   I2C   default_mode 
    1505  7684   systolic_array_8X8_matrix_mul_2D_reg[2][7][19]/D   I2C   default_mode 
    1506  7684   systolic_array_8X8_matrix_mul_2D_reg[2][7][18]/D   I2C   default_mode 
    1507  7684   systolic_array_8X8_matrix_mul_2D_reg[2][7][17]/D   I2C   default_mode 
    1508  7684   systolic_array_8X8_matrix_mul_2D_reg[2][7][31]/D   I2C   default_mode 
    1509  7684   systolic_array_8X8_matrix_mul_2D_reg[2][7][30]/D   I2C   default_mode 
    1510  7684   systolic_array_8X8_matrix_mul_2D_reg[7][2][31]/D   I2C   default_mode 
    1511  7684   systolic_array_8X8_matrix_mul_2D_reg[7][2][30]/D   I2C   default_mode 
    1512  7684   systolic_array_8X8_matrix_mul_2D_reg[7][2][29]/D   I2C   default_mode 
    1513  7684   systolic_array_8X8_matrix_mul_2D_reg[7][2][28]/D   I2C   default_mode 
    1514  7684   systolic_array_8X8_matrix_mul_2D_reg[7][2][27]/D   I2C   default_mode 
    1515  7684   systolic_array_8X8_matrix_mul_2D_reg[7][2][26]/D   I2C   default_mode 
    1516  7684   systolic_array_8X8_matrix_mul_2D_reg[7][2][25]/D   I2C   default_mode 
    1517  7684   systolic_array_8X8_matrix_mul_2D_reg[7][2][24]/D   I2C   default_mode 
    1518  7684   systolic_array_8X8_matrix_mul_2D_reg[7][2][23]/D   I2C   default_mode 
    1519  7684   systolic_array_8X8_matrix_mul_2D_reg[7][2][22]/D   I2C   default_mode 
    1520  7684   systolic_array_8X8_matrix_mul_2D_reg[7][2][21]/D   I2C   default_mode 
    1521  7684   systolic_array_8X8_matrix_mul_2D_reg[7][2][20]/D   I2C   default_mode 
    1522  7684   systolic_array_8X8_matrix_mul_2D_reg[7][2][19]/D   I2C   default_mode 
    1523  7684   systolic_array_8X8_matrix_mul_2D_reg[7][2][18]/D   I2C   default_mode 
    1524  7684   systolic_array_8X8_matrix_mul_2D_reg[7][2][17]/D   I2C   default_mode 
    1525  7684   systolic_array_8X8_matrix_mul_2D_reg[6][3][27]/D   I2C   default_mode 
    1526  7684   systolic_array_8X8_matrix_mul_2D_reg[6][3][26]/D   I2C   default_mode 
    1527  7684   systolic_array_8X8_matrix_mul_2D_reg[6][3][24]/D   I2C   default_mode 
    1528  7684   systolic_array_8X8_matrix_mul_2D_reg[6][3][25]/D   I2C   default_mode 
    1529  7684   systolic_array_8X8_matrix_mul_2D_reg[6][3][23]/D   I2C   default_mode 
    1530  7684   systolic_array_8X8_matrix_mul_2D_reg[6][3][22]/D   I2C   default_mode 
    1531  7684   systolic_array_8X8_matrix_mul_2D_reg[6][3][21]/D   I2C   default_mode 
    1532  7684   systolic_array_8X8_matrix_mul_2D_reg[6][3][20]/D   I2C   default_mode 
    1533  7684   systolic_array_8X8_matrix_mul_2D_reg[6][3][19]/D   I2C   default_mode 
    1534  7684   systolic_array_8X8_matrix_mul_2D_reg[6][3][18]/D   I2C   default_mode 
    1535  7684   systolic_array_8X8_matrix_mul_2D_reg[6][3][17]/D   I2C   default_mode 
    1536  7684   systolic_array_8X8_matrix_mul_2D_reg[6][3][30]/D   I2C   default_mode 
    1537  7684   systolic_array_8X8_matrix_mul_2D_reg[6][3][29]/D   I2C   default_mode 
    1538  7684   systolic_array_8X8_matrix_mul_2D_reg[6][3][28]/D   I2C   default_mode 
    1539  7684   systolic_array_8X8_matrix_mul_2D_reg[6][3][31]/D   I2C   default_mode 
    1540  7684   systolic_array_8X8_matrix_mul_2D_reg[5][4][31]/D   I2C   default_mode 
    1541  7684   systolic_array_8X8_matrix_mul_2D_reg[5][4][30]/D   I2C   default_mode 
    1542  7684   systolic_array_8X8_matrix_mul_2D_reg[5][4][29]/D   I2C   default_mode 
    1543  7684   systolic_array_8X8_matrix_mul_2D_reg[5][4][28]/D   I2C   default_mode 
    1544  7684   systolic_array_8X8_matrix_mul_2D_reg[5][4][27]/D   I2C   default_mode 
    1545  7684   systolic_array_8X8_matrix_mul_2D_reg[5][4][25]/D   I2C   default_mode 
    1546  7684   systolic_array_8X8_matrix_mul_2D_reg[5][4][26]/D   I2C   default_mode 
    1547  7684   systolic_array_8X8_matrix_mul_2D_reg[5][4][24]/D   I2C   default_mode 
    1548  7684   systolic_array_8X8_matrix_mul_2D_reg[5][4][23]/D   I2C   default_mode 
    1549  7684   systolic_array_8X8_matrix_mul_2D_reg[5][4][22]/D   I2C   default_mode 
    1550  7684   systolic_array_8X8_matrix_mul_2D_reg[5][4][21]/D   I2C   default_mode 
    1551  7684   systolic_array_8X8_matrix_mul_2D_reg[5][4][20]/D   I2C   default_mode 
    1552  7684   systolic_array_8X8_matrix_mul_2D_reg[5][4][19]/D   I2C   default_mode 
    1553  7684   systolic_array_8X8_matrix_mul_2D_reg[5][4][18]/D   I2C   default_mode 
    1554  7684   systolic_array_8X8_matrix_mul_2D_reg[5][4][17]/D   I2C   default_mode 
    1555  7684   systolic_array_8X8_matrix_mul_2D_reg[4][5][30]/D   I2C   default_mode 
    1556  7684   systolic_array_8X8_matrix_mul_2D_reg[4][5][29]/D   I2C   default_mode 
    1557  7684   systolic_array_8X8_matrix_mul_2D_reg[4][5][28]/D   I2C   default_mode 
    1558  7684   systolic_array_8X8_matrix_mul_2D_reg[4][5][27]/D   I2C   default_mode 
    1559  7684   systolic_array_8X8_matrix_mul_2D_reg[4][5][26]/D   I2C   default_mode 
    1560  7684   systolic_array_8X8_matrix_mul_2D_reg[4][5][25]/D   I2C   default_mode 
    1561  7684   systolic_array_8X8_matrix_mul_2D_reg[4][5][24]/D   I2C   default_mode 
    1562  7684   systolic_array_8X8_matrix_mul_2D_reg[4][5][23]/D   I2C   default_mode 
    1563  7684   systolic_array_8X8_matrix_mul_2D_reg[4][5][22]/D   I2C   default_mode 
    1564  7684   systolic_array_8X8_matrix_mul_2D_reg[4][5][21]/D   I2C   default_mode 
    1565  7684   systolic_array_8X8_matrix_mul_2D_reg[4][5][20]/D   I2C   default_mode 
    1566  7684   systolic_array_8X8_matrix_mul_2D_reg[4][5][19]/D   I2C   default_mode 
    1567  7684   systolic_array_8X8_matrix_mul_2D_reg[4][5][18]/D   I2C   default_mode 
    1568  7684   systolic_array_8X8_matrix_mul_2D_reg[4][5][17]/D   I2C   default_mode 
    1569  7684   systolic_array_8X8_matrix_mul_2D_reg[4][5][31]/D   I2C   default_mode 
    1570  7690   systolic_array_8X8_matrix_mul_2D_reg[0][0][31]/D   I2C   default_mode 
    1571  7690   systolic_array_8X8_matrix_mul_2D_reg[0][0][29]/D   I2C   default_mode 
    1572  7690   systolic_array_8X8_matrix_mul_2D_reg[0][0][30]/D   I2C   default_mode 
    1573  7690   systolic_array_8X8_matrix_mul_2D_reg[0][0][28]/D   I2C   default_mode 
    1574  7690   systolic_array_8X8_matrix_mul_2D_reg[0][0][27]/D   I2C   default_mode 
    1575  7690   systolic_array_8X8_matrix_mul_2D_reg[0][0][26]/D   I2C   default_mode 
    1576  7690   systolic_array_8X8_matrix_mul_2D_reg[0][0][25]/D   I2C   default_mode 
    1577  7690   systolic_array_8X8_matrix_mul_2D_reg[0][0][24]/D   I2C   default_mode 
    1578  7690   systolic_array_8X8_matrix_mul_2D_reg[0][0][23]/D   I2C   default_mode 
    1579  7690   systolic_array_8X8_matrix_mul_2D_reg[0][0][21]/D   I2C   default_mode 
    1580  7690   systolic_array_8X8_matrix_mul_2D_reg[0][0][22]/D   I2C   default_mode 
    1581  7690   systolic_array_8X8_matrix_mul_2D_reg[0][0][20]/D   I2C   default_mode 
    1582  7690   systolic_array_8X8_matrix_mul_2D_reg[0][0][19]/D   I2C   default_mode 
    1583  7690   systolic_array_8X8_matrix_mul_2D_reg[0][0][17]/D   I2C   default_mode 
    1584  7690   systolic_array_8X8_matrix_mul_2D_reg[0][0][18]/D   I2C   default_mode 
    1585  7692   systolic_array_8X8_matrix_mul_2D_reg[1][0][31]/D   I2C   default_mode 
    1586  7692   systolic_array_8X8_matrix_mul_2D_reg[1][0][28]/D   I2C   default_mode 
    1587  7692   systolic_array_8X8_matrix_mul_2D_reg[1][0][30]/D   I2C   default_mode 
    1588  7692   systolic_array_8X8_matrix_mul_2D_reg[1][0][29]/D   I2C   default_mode 
    1589  7692   systolic_array_8X8_matrix_mul_2D_reg[1][0][27]/D   I2C   default_mode 
    1590  7692   systolic_array_8X8_matrix_mul_2D_reg[1][0][26]/D   I2C   default_mode 
    1591  7692   systolic_array_8X8_matrix_mul_2D_reg[1][0][25]/D   I2C   default_mode 
    1592  7692   systolic_array_8X8_matrix_mul_2D_reg[1][0][24]/D   I2C   default_mode 
    1593  7692   systolic_array_8X8_matrix_mul_2D_reg[1][0][23]/D   I2C   default_mode 
    1594  7692   systolic_array_8X8_matrix_mul_2D_reg[1][0][21]/D   I2C   default_mode 
    1595  7692   systolic_array_8X8_matrix_mul_2D_reg[1][0][22]/D   I2C   default_mode 
    1596  7692   systolic_array_8X8_matrix_mul_2D_reg[1][0][20]/D   I2C   default_mode 
    1597  7692   systolic_array_8X8_matrix_mul_2D_reg[1][0][19]/D   I2C   default_mode 
    1598  7692   systolic_array_8X8_matrix_mul_2D_reg[1][0][17]/D   I2C   default_mode 
    1599  7692   systolic_array_8X8_matrix_mul_2D_reg[1][0][18]/D   I2C   default_mode 
    1600  7692   systolic_array_8X8_matrix_mul_2D_reg[0][1][31]/D   I2C   default_mode 
    1601  7692   systolic_array_8X8_matrix_mul_2D_reg[0][1][29]/D   I2C   default_mode 
    1602  7692   systolic_array_8X8_matrix_mul_2D_reg[0][1][30]/D   I2C   default_mode 
    1603  7692   systolic_array_8X8_matrix_mul_2D_reg[0][1][28]/D   I2C   default_mode 
    1604  7692   systolic_array_8X8_matrix_mul_2D_reg[0][1][27]/D   I2C   default_mode 
    1605  7692   systolic_array_8X8_matrix_mul_2D_reg[0][1][25]/D   I2C   default_mode 
    1606  7692   systolic_array_8X8_matrix_mul_2D_reg[0][1][26]/D   I2C   default_mode 
    1607  7692   systolic_array_8X8_matrix_mul_2D_reg[0][1][24]/D   I2C   default_mode 
    1608  7692   systolic_array_8X8_matrix_mul_2D_reg[0][1][23]/D   I2C   default_mode 
    1609  7692   systolic_array_8X8_matrix_mul_2D_reg[0][1][22]/D   I2C   default_mode 
    1610  7692   systolic_array_8X8_matrix_mul_2D_reg[0][1][21]/D   I2C   default_mode 
    1611  7692   systolic_array_8X8_matrix_mul_2D_reg[0][1][20]/D   I2C   default_mode 
    1612  7692   systolic_array_8X8_matrix_mul_2D_reg[0][1][19]/D   I2C   default_mode 
    1613  7692   systolic_array_8X8_matrix_mul_2D_reg[0][1][17]/D   I2C   default_mode 
    1614  7692   systolic_array_8X8_matrix_mul_2D_reg[0][1][18]/D   I2C   default_mode 
    1615  7698   systolic_array_8X8_matrix_mul_2D_reg[7][4][31]/D   I2C   default_mode 
    1616  7698   systolic_array_8X8_matrix_mul_2D_reg[7][4][30]/D   I2C   default_mode 
    1617  7698   systolic_array_8X8_matrix_mul_2D_reg[7][4][29]/D   I2C   default_mode 
    1618  7698   systolic_array_8X8_matrix_mul_2D_reg[7][4][28]/D   I2C   default_mode 
    1619  7698   systolic_array_8X8_matrix_mul_2D_reg[7][4][27]/D   I2C   default_mode 
    1620  7698   systolic_array_8X8_matrix_mul_2D_reg[7][4][26]/D   I2C   default_mode 
    1621  7698   systolic_array_8X8_matrix_mul_2D_reg[7][4][25]/D   I2C   default_mode 
    1622  7698   systolic_array_8X8_matrix_mul_2D_reg[7][4][24]/D   I2C   default_mode 
    1623  7698   systolic_array_8X8_matrix_mul_2D_reg[7][4][23]/D   I2C   default_mode 
    1624  7698   systolic_array_8X8_matrix_mul_2D_reg[7][4][22]/D   I2C   default_mode 
    1625  7698   systolic_array_8X8_matrix_mul_2D_reg[7][4][21]/D   I2C   default_mode 
    1626  7698   systolic_array_8X8_matrix_mul_2D_reg[7][4][20]/D   I2C   default_mode 
    1627  7698   systolic_array_8X8_matrix_mul_2D_reg[7][4][19]/D   I2C   default_mode 
    1628  7698   systolic_array_8X8_matrix_mul_2D_reg[7][4][17]/D   I2C   default_mode 
    1629  7698   systolic_array_8X8_matrix_mul_2D_reg[7][4][18]/D   I2C   default_mode 
    1630  7698   systolic_array_8X8_matrix_mul_2D_reg[6][5][27]/D   I2C   default_mode 
    1631  7698   systolic_array_8X8_matrix_mul_2D_reg[6][5][29]/D   I2C   default_mode 
    1632  7698   systolic_array_8X8_matrix_mul_2D_reg[6][5][28]/D   I2C   default_mode 
    1633  7698   systolic_array_8X8_matrix_mul_2D_reg[6][5][25]/D   I2C   default_mode 
    1634  7698   systolic_array_8X8_matrix_mul_2D_reg[6][5][26]/D   I2C   default_mode 
    1635  7698   systolic_array_8X8_matrix_mul_2D_reg[6][5][24]/D   I2C   default_mode 
    1636  7698   systolic_array_8X8_matrix_mul_2D_reg[6][5][23]/D   I2C   default_mode 
    1637  7698   systolic_array_8X8_matrix_mul_2D_reg[6][5][22]/D   I2C   default_mode 
    1638  7698   systolic_array_8X8_matrix_mul_2D_reg[6][5][21]/D   I2C   default_mode 
    1639  7698   systolic_array_8X8_matrix_mul_2D_reg[6][5][20]/D   I2C   default_mode 
    1640  7698   systolic_array_8X8_matrix_mul_2D_reg[6][5][19]/D   I2C   default_mode 
    1641  7698   systolic_array_8X8_matrix_mul_2D_reg[6][5][17]/D   I2C   default_mode 
    1642  7698   systolic_array_8X8_matrix_mul_2D_reg[6][5][18]/D   I2C   default_mode 
    1643  7698   systolic_array_8X8_matrix_mul_2D_reg[6][5][31]/D   I2C   default_mode 
    1644  7698   systolic_array_8X8_matrix_mul_2D_reg[6][5][30]/D   I2C   default_mode 
    1645  7698   systolic_array_8X8_matrix_mul_2D_reg[5][6][30]/D   I2C   default_mode 
    1646  7698   systolic_array_8X8_matrix_mul_2D_reg[5][6][29]/D   I2C   default_mode 
    1647  7698   systolic_array_8X8_matrix_mul_2D_reg[5][6][28]/D   I2C   default_mode 
    1648  7698   systolic_array_8X8_matrix_mul_2D_reg[5][6][27]/D   I2C   default_mode 
    1649  7698   systolic_array_8X8_matrix_mul_2D_reg[5][6][25]/D   I2C   default_mode 
    1650  7698   systolic_array_8X8_matrix_mul_2D_reg[5][6][26]/D   I2C   default_mode 
    1651  7698   systolic_array_8X8_matrix_mul_2D_reg[5][6][24]/D   I2C   default_mode 
    1652  7698   systolic_array_8X8_matrix_mul_2D_reg[5][6][23]/D   I2C   default_mode 
    1653  7698   systolic_array_8X8_matrix_mul_2D_reg[5][6][22]/D   I2C   default_mode 
    1654  7698   systolic_array_8X8_matrix_mul_2D_reg[5][6][21]/D   I2C   default_mode 
    1655  7698   systolic_array_8X8_matrix_mul_2D_reg[5][6][20]/D   I2C   default_mode 
    1656  7698   systolic_array_8X8_matrix_mul_2D_reg[5][6][19]/D   I2C   default_mode 
    1657  7698   systolic_array_8X8_matrix_mul_2D_reg[5][6][18]/D   I2C   default_mode 
    1658  7698   systolic_array_8X8_matrix_mul_2D_reg[5][6][17]/D   I2C   default_mode 
    1659  7698   systolic_array_8X8_matrix_mul_2D_reg[5][6][31]/D   I2C   default_mode 
    1660  7698   systolic_array_8X8_matrix_mul_2D_reg[4][7][29]/D   I2C   default_mode 
    1661  7698   systolic_array_8X8_matrix_mul_2D_reg[4][7][28]/D   I2C   default_mode 
    1662  7698   systolic_array_8X8_matrix_mul_2D_reg[4][7][27]/D   I2C   default_mode 
    1663  7698   systolic_array_8X8_matrix_mul_2D_reg[4][7][26]/D   I2C   default_mode 
    1664  7698   systolic_array_8X8_matrix_mul_2D_reg[4][7][25]/D   I2C   default_mode 
    1665  7698   systolic_array_8X8_matrix_mul_2D_reg[4][7][24]/D   I2C   default_mode 
    1666  7698   systolic_array_8X8_matrix_mul_2D_reg[4][7][23]/D   I2C   default_mode 
    1667  7698   systolic_array_8X8_matrix_mul_2D_reg[4][7][22]/D   I2C   default_mode 
    1668  7698   systolic_array_8X8_matrix_mul_2D_reg[4][7][21]/D   I2C   default_mode 
    1669  7698   systolic_array_8X8_matrix_mul_2D_reg[4][7][20]/D   I2C   default_mode 
    1670  7698   systolic_array_8X8_matrix_mul_2D_reg[4][7][19]/D   I2C   default_mode 
    1671  7698   systolic_array_8X8_matrix_mul_2D_reg[4][7][18]/D   I2C   default_mode 
    1672  7698   systolic_array_8X8_matrix_mul_2D_reg[4][7][17]/D   I2C   default_mode 
    1673  7698   systolic_array_8X8_matrix_mul_2D_reg[4][7][31]/D   I2C   default_mode 
    1674  7698   systolic_array_8X8_matrix_mul_2D_reg[4][7][30]/D   I2C   default_mode 
    1675  7702   systolic_array_8X8_matrix_mul_2D_reg[3][0][31]/D   I2C   default_mode 
    1676  7702   systolic_array_8X8_matrix_mul_2D_reg[3][0][30]/D   I2C   default_mode 
    1677  7702   systolic_array_8X8_matrix_mul_2D_reg[3][0][29]/D   I2C   default_mode 
    1678  7702   systolic_array_8X8_matrix_mul_2D_reg[3][0][28]/D   I2C   default_mode 
    1679  7702   systolic_array_8X8_matrix_mul_2D_reg[3][0][27]/D   I2C   default_mode 
    1680  7702   systolic_array_8X8_matrix_mul_2D_reg[3][0][26]/D   I2C   default_mode 
    1681  7702   systolic_array_8X8_matrix_mul_2D_reg[3][0][25]/D   I2C   default_mode 
    1682  7702   systolic_array_8X8_matrix_mul_2D_reg[3][0][24]/D   I2C   default_mode 
    1683  7702   systolic_array_8X8_matrix_mul_2D_reg[3][0][23]/D   I2C   default_mode 
    1684  7702   systolic_array_8X8_matrix_mul_2D_reg[3][0][22]/D   I2C   default_mode 
    1685  7702   systolic_array_8X8_matrix_mul_2D_reg[3][0][21]/D   I2C   default_mode 
    1686  7702   systolic_array_8X8_matrix_mul_2D_reg[3][0][20]/D   I2C   default_mode 
    1687  7702   systolic_array_8X8_matrix_mul_2D_reg[3][0][19]/D   I2C   default_mode 
    1688  7702   systolic_array_8X8_matrix_mul_2D_reg[3][0][18]/D   I2C   default_mode 
    1689  7702   systolic_array_8X8_matrix_mul_2D_reg[3][0][17]/D   I2C   default_mode 
    1690  7702   systolic_array_8X8_matrix_mul_2D_reg[2][1][31]/D   I2C   default_mode 
    1691  7702   systolic_array_8X8_matrix_mul_2D_reg[2][1][30]/D   I2C   default_mode 
    1692  7702   systolic_array_8X8_matrix_mul_2D_reg[2][1][29]/D   I2C   default_mode 
    1693  7702   systolic_array_8X8_matrix_mul_2D_reg[2][1][28]/D   I2C   default_mode 
    1694  7702   systolic_array_8X8_matrix_mul_2D_reg[2][1][27]/D   I2C   default_mode 
    1695  7702   systolic_array_8X8_matrix_mul_2D_reg[2][1][26]/D   I2C   default_mode 
    1696  7702   systolic_array_8X8_matrix_mul_2D_reg[2][1][25]/D   I2C   default_mode 
    1697  7702   systolic_array_8X8_matrix_mul_2D_reg[2][1][24]/D   I2C   default_mode 
    1698  7702   systolic_array_8X8_matrix_mul_2D_reg[2][1][23]/D   I2C   default_mode 
    1699  7702   systolic_array_8X8_matrix_mul_2D_reg[2][1][22]/D   I2C   default_mode 
    1700  7702   systolic_array_8X8_matrix_mul_2D_reg[2][1][21]/D   I2C   default_mode 
    1701  7702   systolic_array_8X8_matrix_mul_2D_reg[2][1][20]/D   I2C   default_mode 
    1702  7702   systolic_array_8X8_matrix_mul_2D_reg[2][1][19]/D   I2C   default_mode 
    1703  7702   systolic_array_8X8_matrix_mul_2D_reg[2][1][18]/D   I2C   default_mode 
    1704  7702   systolic_array_8X8_matrix_mul_2D_reg[2][1][17]/D   I2C   default_mode 
    1705  7702   systolic_array_8X8_matrix_mul_2D_reg[1][2][29]/D   I2C   default_mode 
    1706  7702   systolic_array_8X8_matrix_mul_2D_reg[1][2][31]/D   I2C   default_mode 
    1707  7702   systolic_array_8X8_matrix_mul_2D_reg[1][2][30]/D   I2C   default_mode 
    1708  7702   systolic_array_8X8_matrix_mul_2D_reg[1][2][28]/D   I2C   default_mode 
    1709  7702   systolic_array_8X8_matrix_mul_2D_reg[1][2][27]/D   I2C   default_mode 
    1710  7702   systolic_array_8X8_matrix_mul_2D_reg[1][2][26]/D   I2C   default_mode 
    1711  7702   systolic_array_8X8_matrix_mul_2D_reg[1][2][25]/D   I2C   default_mode 
    1712  7702   systolic_array_8X8_matrix_mul_2D_reg[1][2][24]/D   I2C   default_mode 
    1713  7702   systolic_array_8X8_matrix_mul_2D_reg[1][2][23]/D   I2C   default_mode 
    1714  7702   systolic_array_8X8_matrix_mul_2D_reg[1][2][21]/D   I2C   default_mode 
    1715  7702   systolic_array_8X8_matrix_mul_2D_reg[1][2][22]/D   I2C   default_mode 
    1716  7702   systolic_array_8X8_matrix_mul_2D_reg[1][2][20]/D   I2C   default_mode 
    1717  7702   systolic_array_8X8_matrix_mul_2D_reg[1][2][19]/D   I2C   default_mode 
    1718  7702   systolic_array_8X8_matrix_mul_2D_reg[1][2][17]/D   I2C   default_mode 
    1719  7702   systolic_array_8X8_matrix_mul_2D_reg[1][2][18]/D   I2C   default_mode 
    1720  7702   systolic_array_8X8_matrix_mul_2D_reg[0][3][30]/D   I2C   default_mode 
    1721  7702   systolic_array_8X8_matrix_mul_2D_reg[0][3][31]/D   I2C   default_mode 
    1722  7702   systolic_array_8X8_matrix_mul_2D_reg[0][3][29]/D   I2C   default_mode 
    1723  7702   systolic_array_8X8_matrix_mul_2D_reg[0][3][28]/D   I2C   default_mode 
    1724  7702   systolic_array_8X8_matrix_mul_2D_reg[0][3][27]/D   I2C   default_mode 
    1725  7702   systolic_array_8X8_matrix_mul_2D_reg[0][3][26]/D   I2C   default_mode 
    1726  7702   systolic_array_8X8_matrix_mul_2D_reg[0][3][25]/D   I2C   default_mode 
    1727  7702   systolic_array_8X8_matrix_mul_2D_reg[0][3][24]/D   I2C   default_mode 
    1728  7702   systolic_array_8X8_matrix_mul_2D_reg[0][3][23]/D   I2C   default_mode 
    1729  7702   systolic_array_8X8_matrix_mul_2D_reg[0][3][21]/D   I2C   default_mode 
    1730  7702   systolic_array_8X8_matrix_mul_2D_reg[0][3][22]/D   I2C   default_mode 
    1731  7702   systolic_array_8X8_matrix_mul_2D_reg[0][3][20]/D   I2C   default_mode 
    1732  7702   systolic_array_8X8_matrix_mul_2D_reg[0][3][19]/D   I2C   default_mode 
    1733  7702   systolic_array_8X8_matrix_mul_2D_reg[0][3][17]/D   I2C   default_mode 
    1734  7702   systolic_array_8X8_matrix_mul_2D_reg[0][3][18]/D   I2C   default_mode 
    1735  7706   systolic_array_8X8_matrix_mul_2D_reg[2][0][31]/D   I2C   default_mode 
    1736  7706   systolic_array_8X8_matrix_mul_2D_reg[2][0][30]/D   I2C   default_mode 
    1737  7706   systolic_array_8X8_matrix_mul_2D_reg[2][0][29]/D   I2C   default_mode 
    1738  7706   systolic_array_8X8_matrix_mul_2D_reg[2][0][28]/D   I2C   default_mode 
    1739  7706   systolic_array_8X8_matrix_mul_2D_reg[2][0][27]/D   I2C   default_mode 
    1740  7706   systolic_array_8X8_matrix_mul_2D_reg[2][0][26]/D   I2C   default_mode 
    1741  7706   systolic_array_8X8_matrix_mul_2D_reg[2][0][25]/D   I2C   default_mode 
    1742  7706   systolic_array_8X8_matrix_mul_2D_reg[2][0][24]/D   I2C   default_mode 
    1743  7706   systolic_array_8X8_matrix_mul_2D_reg[2][0][23]/D   I2C   default_mode 
    1744  7706   systolic_array_8X8_matrix_mul_2D_reg[2][0][22]/D   I2C   default_mode 
    1745  7706   systolic_array_8X8_matrix_mul_2D_reg[2][0][21]/D   I2C   default_mode 
    1746  7706   systolic_array_8X8_matrix_mul_2D_reg[2][0][20]/D   I2C   default_mode 
    1747  7706   systolic_array_8X8_matrix_mul_2D_reg[2][0][19]/D   I2C   default_mode 
    1748  7706   systolic_array_8X8_matrix_mul_2D_reg[2][0][18]/D   I2C   default_mode 
    1749  7706   systolic_array_8X8_matrix_mul_2D_reg[2][0][17]/D   I2C   default_mode 
    1750  7706   systolic_array_8X8_matrix_mul_2D_reg[1][1][28]/D   I2C   default_mode 
    1751  7706   systolic_array_8X8_matrix_mul_2D_reg[1][1][30]/D   I2C   default_mode 
    1752  7706   systolic_array_8X8_matrix_mul_2D_reg[1][1][29]/D   I2C   default_mode 
    1753  7706   systolic_array_8X8_matrix_mul_2D_reg[1][1][27]/D   I2C   default_mode 
    1754  7706   systolic_array_8X8_matrix_mul_2D_reg[1][1][26]/D   I2C   default_mode 
    1755  7706   systolic_array_8X8_matrix_mul_2D_reg[1][1][25]/D   I2C   default_mode 
    1756  7706   systolic_array_8X8_matrix_mul_2D_reg[1][1][24]/D   I2C   default_mode 
    1757  7706   systolic_array_8X8_matrix_mul_2D_reg[1][1][23]/D   I2C   default_mode 
    1758  7706   systolic_array_8X8_matrix_mul_2D_reg[1][1][21]/D   I2C   default_mode 
    1759  7706   systolic_array_8X8_matrix_mul_2D_reg[1][1][22]/D   I2C   default_mode 
    1760  7706   systolic_array_8X8_matrix_mul_2D_reg[1][1][20]/D   I2C   default_mode 
    1761  7706   systolic_array_8X8_matrix_mul_2D_reg[1][1][19]/D   I2C   default_mode 
    1762  7706   systolic_array_8X8_matrix_mul_2D_reg[1][1][17]/D   I2C   default_mode 
    1763  7706   systolic_array_8X8_matrix_mul_2D_reg[1][1][18]/D   I2C   default_mode 
    1764  7706   systolic_array_8X8_matrix_mul_2D_reg[1][1][31]/D   I2C   default_mode 
    1765  7706   systolic_array_8X8_matrix_mul_2D_reg[0][2][31]/D   I2C   default_mode 
    1766  7706   systolic_array_8X8_matrix_mul_2D_reg[0][2][29]/D   I2C   default_mode 
    1767  7706   systolic_array_8X8_matrix_mul_2D_reg[0][2][30]/D   I2C   default_mode 
    1768  7706   systolic_array_8X8_matrix_mul_2D_reg[0][2][28]/D   I2C   default_mode 
    1769  7706   systolic_array_8X8_matrix_mul_2D_reg[0][2][27]/D   I2C   default_mode 
    1770  7706   systolic_array_8X8_matrix_mul_2D_reg[0][2][26]/D   I2C   default_mode 
    1771  7706   systolic_array_8X8_matrix_mul_2D_reg[0][2][25]/D   I2C   default_mode 
    1772  7706   systolic_array_8X8_matrix_mul_2D_reg[0][2][24]/D   I2C   default_mode 
    1773  7706   systolic_array_8X8_matrix_mul_2D_reg[0][2][23]/D   I2C   default_mode 
    1774  7706   systolic_array_8X8_matrix_mul_2D_reg[0][2][21]/D   I2C   default_mode 
    1775  7706   systolic_array_8X8_matrix_mul_2D_reg[0][2][22]/D   I2C   default_mode 
    1776  7706   systolic_array_8X8_matrix_mul_2D_reg[0][2][20]/D   I2C   default_mode 
    1777  7706   systolic_array_8X8_matrix_mul_2D_reg[0][2][19]/D   I2C   default_mode 
    1778  7706   systolic_array_8X8_matrix_mul_2D_reg[0][2][17]/D   I2C   default_mode 
    1779  7706   systolic_array_8X8_matrix_mul_2D_reg[0][2][18]/D   I2C   default_mode 
    1780  7718   systolic_array_8X8_matrix_mul_2D_reg[7][7][29]/D   I2C   default_mode 
    1781  7718   systolic_array_8X8_matrix_mul_2D_reg[7][7][28]/D   I2C   default_mode 
    1782  7718   systolic_array_8X8_matrix_mul_2D_reg[7][7][27]/D   I2C   default_mode 
    1783  7718   systolic_array_8X8_matrix_mul_2D_reg[7][7][26]/D   I2C   default_mode 
    1784  7718   systolic_array_8X8_matrix_mul_2D_reg[7][7][25]/D   I2C   default_mode 
    1785  7718   systolic_array_8X8_matrix_mul_2D_reg[7][7][24]/D   I2C   default_mode 
    1786  7718   systolic_array_8X8_matrix_mul_2D_reg[7][7][23]/D   I2C   default_mode 
    1787  7718   systolic_array_8X8_matrix_mul_2D_reg[7][7][22]/D   I2C   default_mode 
    1788  7718   systolic_array_8X8_matrix_mul_2D_reg[7][7][21]/D   I2C   default_mode 
    1789  7718   systolic_array_8X8_matrix_mul_2D_reg[7][7][20]/D   I2C   default_mode 
    1790  7718   systolic_array_8X8_matrix_mul_2D_reg[7][7][19]/D   I2C   default_mode 
    1791  7718   systolic_array_8X8_matrix_mul_2D_reg[7][7][17]/D   I2C   default_mode 
    1792  7718   systolic_array_8X8_matrix_mul_2D_reg[7][7][18]/D   I2C   default_mode 
    1793  7718   systolic_array_8X8_matrix_mul_2D_reg[7][7][31]/D   I2C   default_mode 
    1794  7718   systolic_array_8X8_matrix_mul_2D_reg[7][7][30]/D   I2C   default_mode 
    1795  7722   systolic_array_8X8_matrix_mul_2D_reg[3][7][16]/D   I2C   default_mode 
    1796  7722   systolic_array_8X8_matrix_mul_2D_reg[3][7][15]/D   I2C   default_mode 
    1797  7722   systolic_array_8X8_matrix_mul_2D_reg[3][7][14]/D   I2C   default_mode 
    1798  7722   systolic_array_8X8_matrix_mul_2D_reg[3][7][13]/D   I2C   default_mode 
    1799  7722   systolic_array_8X8_matrix_mul_2D_reg[3][7][12]/D   I2C   default_mode 
    1800  7722   systolic_array_8X8_matrix_mul_2D_reg[3][7][11]/D   I2C   default_mode 
    1801  7722   systolic_array_8X8_matrix_mul_2D_reg[3][7][10]/D   I2C   default_mode 
    1802  7722   systolic_array_8X8_matrix_mul_2D_reg[3][7][9]/D    I2C   default_mode 
    1803  7722   systolic_array_8X8_matrix_mul_2D_reg[3][7][8]/D    I2C   default_mode 
    1804  7722   systolic_array_8X8_matrix_mul_2D_reg[3][7][7]/D    I2C   default_mode 
    1805  7722   systolic_array_8X8_matrix_mul_2D_reg[3][7][6]/D    I2C   default_mode 
    1806  7722   systolic_array_8X8_matrix_mul_2D_reg[3][7][5]/D    I2C   default_mode 
    1807  7722   systolic_array_8X8_matrix_mul_2D_reg[3][7][4]/D    I2C   default_mode 
    1808  7722   systolic_array_8X8_matrix_mul_2D_reg[3][7][3]/D    I2C   default_mode 
    1809  7722   systolic_array_8X8_matrix_mul_2D_reg[3][7][0]/D    I2C   default_mode 
    1810  7722   systolic_array_8X8_matrix_mul_2D_reg[3][7][1]/D    I2C   default_mode 
    1811  7722   systolic_array_8X8_matrix_mul_2D_reg[3][7][2]/D    I2C   default_mode 
    1812  7722   systolic_array_8X8_matrix_mul_2D_reg[7][3][16]/D   I2C   default_mode 
    1813  7722   systolic_array_8X8_matrix_mul_2D_reg[7][3][15]/D   I2C   default_mode 
    1814  7722   systolic_array_8X8_matrix_mul_2D_reg[7][3][14]/D   I2C   default_mode 
    1815  7722   systolic_array_8X8_matrix_mul_2D_reg[7][3][13]/D   I2C   default_mode 
    1816  7722   systolic_array_8X8_matrix_mul_2D_reg[7][3][12]/D   I2C   default_mode 
    1817  7722   systolic_array_8X8_matrix_mul_2D_reg[7][3][11]/D   I2C   default_mode 
    1818  7722   systolic_array_8X8_matrix_mul_2D_reg[7][3][10]/D   I2C   default_mode 
    1819  7722   systolic_array_8X8_matrix_mul_2D_reg[7][3][9]/D    I2C   default_mode 
    1820  7722   systolic_array_8X8_matrix_mul_2D_reg[7][3][8]/D    I2C   default_mode 
    1821  7722   systolic_array_8X8_matrix_mul_2D_reg[7][3][7]/D    I2C   default_mode 
    1822  7722   systolic_array_8X8_matrix_mul_2D_reg[7][3][6]/D    I2C   default_mode 
    1823  7722   systolic_array_8X8_matrix_mul_2D_reg[7][3][5]/D    I2C   default_mode 
    1824  7722   systolic_array_8X8_matrix_mul_2D_reg[7][3][4]/D    I2C   default_mode 
    1825  7722   systolic_array_8X8_matrix_mul_2D_reg[7][3][3]/D    I2C   default_mode 
    1826  7722   systolic_array_8X8_matrix_mul_2D_reg[7][3][0]/D    I2C   default_mode 
    1827  7722   systolic_array_8X8_matrix_mul_2D_reg[7][3][1]/D    I2C   default_mode 
    1828  7722   systolic_array_8X8_matrix_mul_2D_reg[7][3][2]/D    I2C   default_mode 
    1829  7722   systolic_array_8X8_matrix_mul_2D_reg[6][4][16]/D   I2C   default_mode 
    1830  7722   systolic_array_8X8_matrix_mul_2D_reg[6][4][15]/D   I2C   default_mode 
    1831  7722   systolic_array_8X8_matrix_mul_2D_reg[6][4][14]/D   I2C   default_mode 
    1832  7722   systolic_array_8X8_matrix_mul_2D_reg[6][4][13]/D   I2C   default_mode 
    1833  7722   systolic_array_8X8_matrix_mul_2D_reg[6][4][12]/D   I2C   default_mode 
    1834  7722   systolic_array_8X8_matrix_mul_2D_reg[6][4][11]/D   I2C   default_mode 
    1835  7722   systolic_array_8X8_matrix_mul_2D_reg[6][4][9]/D    I2C   default_mode 
    1836  7722   systolic_array_8X8_matrix_mul_2D_reg[6][4][10]/D   I2C   default_mode 
    1837  7722   systolic_array_8X8_matrix_mul_2D_reg[6][4][8]/D    I2C   default_mode 
    1838  7722   systolic_array_8X8_matrix_mul_2D_reg[6][4][7]/D    I2C   default_mode 
    1839  7722   systolic_array_8X8_matrix_mul_2D_reg[6][4][6]/D    I2C   default_mode 
    1840  7722   systolic_array_8X8_matrix_mul_2D_reg[6][4][5]/D    I2C   default_mode 
    1841  7722   systolic_array_8X8_matrix_mul_2D_reg[6][4][4]/D    I2C   default_mode 
    1842  7722   systolic_array_8X8_matrix_mul_2D_reg[6][4][3]/D    I2C   default_mode 
    1843  7722   systolic_array_8X8_matrix_mul_2D_reg[6][4][1]/D    I2C   default_mode 
    1844  7722   systolic_array_8X8_matrix_mul_2D_reg[6][4][0]/D    I2C   default_mode 
    1845  7722   systolic_array_8X8_matrix_mul_2D_reg[6][4][2]/D    I2C   default_mode 
    1846  7722   systolic_array_8X8_matrix_mul_2D_reg[5][5][16]/D   I2C   default_mode 
    1847  7722   systolic_array_8X8_matrix_mul_2D_reg[5][5][15]/D   I2C   default_mode 
    1848  7722   systolic_array_8X8_matrix_mul_2D_reg[5][5][14]/D   I2C   default_mode 
    1849  7722   systolic_array_8X8_matrix_mul_2D_reg[5][5][13]/D   I2C   default_mode 
    1850  7722   systolic_array_8X8_matrix_mul_2D_reg[5][5][12]/D   I2C   default_mode 
    1851  7722   systolic_array_8X8_matrix_mul_2D_reg[5][5][11]/D   I2C   default_mode 
    1852  7722   systolic_array_8X8_matrix_mul_2D_reg[5][5][9]/D    I2C   default_mode 
    1853  7722   systolic_array_8X8_matrix_mul_2D_reg[5][5][10]/D   I2C   default_mode 
    1854  7722   systolic_array_8X8_matrix_mul_2D_reg[5][5][8]/D    I2C   default_mode 
    1855  7722   systolic_array_8X8_matrix_mul_2D_reg[5][5][7]/D    I2C   default_mode 
    1856  7722   systolic_array_8X8_matrix_mul_2D_reg[5][5][6]/D    I2C   default_mode 
    1857  7722   systolic_array_8X8_matrix_mul_2D_reg[5][5][5]/D    I2C   default_mode 
    1858  7722   systolic_array_8X8_matrix_mul_2D_reg[5][5][4]/D    I2C   default_mode 
    1859  7722   systolic_array_8X8_matrix_mul_2D_reg[5][5][3]/D    I2C   default_mode 
    1860  7722   systolic_array_8X8_matrix_mul_2D_reg[5][5][0]/D    I2C   default_mode 
    1861  7722   systolic_array_8X8_matrix_mul_2D_reg[5][5][1]/D    I2C   default_mode 
    1862  7722   systolic_array_8X8_matrix_mul_2D_reg[5][5][2]/D    I2C   default_mode 
    1863  7722   systolic_array_8X8_matrix_mul_2D_reg[4][6][16]/D   I2C   default_mode 
    1864  7722   systolic_array_8X8_matrix_mul_2D_reg[4][6][15]/D   I2C   default_mode 
    1865  7722   systolic_array_8X8_matrix_mul_2D_reg[4][6][14]/D   I2C   default_mode 
    1866  7722   systolic_array_8X8_matrix_mul_2D_reg[4][6][13]/D   I2C   default_mode 
    1867  7722   systolic_array_8X8_matrix_mul_2D_reg[4][6][12]/D   I2C   default_mode 
    1868  7722   systolic_array_8X8_matrix_mul_2D_reg[4][6][11]/D   I2C   default_mode 
    1869  7722   systolic_array_8X8_matrix_mul_2D_reg[4][6][10]/D   I2C   default_mode 
    1870  7722   systolic_array_8X8_matrix_mul_2D_reg[4][6][9]/D    I2C   default_mode 
    1871  7722   systolic_array_8X8_matrix_mul_2D_reg[4][6][8]/D    I2C   default_mode 
    1872  7722   systolic_array_8X8_matrix_mul_2D_reg[4][6][7]/D    I2C   default_mode 
    1873  7722   systolic_array_8X8_matrix_mul_2D_reg[4][6][6]/D    I2C   default_mode 
    1874  7722   systolic_array_8X8_matrix_mul_2D_reg[4][6][5]/D    I2C   default_mode 
    1875  7722   systolic_array_8X8_matrix_mul_2D_reg[4][6][4]/D    I2C   default_mode 
    1876  7722   systolic_array_8X8_matrix_mul_2D_reg[4][6][3]/D    I2C   default_mode 
    1877  7722   systolic_array_8X8_matrix_mul_2D_reg[4][6][0]/D    I2C   default_mode 
    1878  7722   systolic_array_8X8_matrix_mul_2D_reg[4][6][2]/D    I2C   default_mode 
    1879  7722   systolic_array_8X8_matrix_mul_2D_reg[4][6][1]/D    I2C   default_mode 
    1880  7725   systolic_array_8X8_matrix_mul_2D_reg[3][5][16]/D   I2C   default_mode 
    1881  7725   systolic_array_8X8_matrix_mul_2D_reg[3][5][15]/D   I2C   default_mode 
    1882  7725   systolic_array_8X8_matrix_mul_2D_reg[3][5][9]/D    I2C   default_mode 
    1883  7725   systolic_array_8X8_matrix_mul_2D_reg[3][5][8]/D    I2C   default_mode 
    1884  7725   systolic_array_8X8_matrix_mul_2D_reg[3][5][0]/D    I2C   default_mode 
    1885  7725   systolic_array_8X8_matrix_mul_2D_reg[3][5][1]/D    I2C   default_mode 
    1886  7725   systolic_array_8X8_matrix_mul_2D_reg[2][6][16]/D   I2C   default_mode 
    1887  7725   systolic_array_8X8_matrix_mul_2D_reg[2][6][14]/D   I2C   default_mode 
    1888  7725   systolic_array_8X8_matrix_mul_2D_reg[2][6][13]/D   I2C   default_mode 
    1889  7725   systolic_array_8X8_matrix_mul_2D_reg[2][6][12]/D   I2C   default_mode 
    1890  7725   systolic_array_8X8_matrix_mul_2D_reg[2][6][11]/D   I2C   default_mode 
    1891  7725   systolic_array_8X8_matrix_mul_2D_reg[2][6][7]/D    I2C   default_mode 
    1892  7725   systolic_array_8X8_matrix_mul_2D_reg[2][6][6]/D    I2C   default_mode 
    1893  7725   systolic_array_8X8_matrix_mul_2D_reg[2][6][5]/D    I2C   default_mode 
    1894  7725   systolic_array_8X8_matrix_mul_2D_reg[2][6][4]/D    I2C   default_mode 
    1895  7725   systolic_array_8X8_matrix_mul_2D_reg[2][6][3]/D    I2C   default_mode 
    1896  7725   systolic_array_8X8_matrix_mul_2D_reg[1][7][15]/D   I2C   default_mode 
    1897  7725   systolic_array_8X8_matrix_mul_2D_reg[1][7][14]/D   I2C   default_mode 
    1898  7725   systolic_array_8X8_matrix_mul_2D_reg[1][7][13]/D   I2C   default_mode 
    1899  7725   systolic_array_8X8_matrix_mul_2D_reg[1][7][12]/D   I2C   default_mode 
    1900  7725   systolic_array_8X8_matrix_mul_2D_reg[1][7][9]/D    I2C   default_mode 
    1901  7725   systolic_array_8X8_matrix_mul_2D_reg[1][7][7]/D    I2C   default_mode 
    1902  7725   systolic_array_8X8_matrix_mul_2D_reg[1][7][5]/D    I2C   default_mode 
    1903  7725   systolic_array_8X8_matrix_mul_2D_reg[1][7][3]/D    I2C   default_mode 
    1904  7725   systolic_array_8X8_matrix_mul_2D_reg[1][7][1]/D    I2C   default_mode 
    1905  7725   systolic_array_8X8_matrix_mul_2D_reg[1][7][0]/D    I2C   default_mode 
    1906  7725   systolic_array_8X8_matrix_mul_2D_reg[7][1][13]/D   I2C   default_mode 
    1907  7725   systolic_array_8X8_matrix_mul_2D_reg[7][1][11]/D   I2C   default_mode 
    1908  7725   systolic_array_8X8_matrix_mul_2D_reg[7][1][9]/D    I2C   default_mode 
    1909  7725   systolic_array_8X8_matrix_mul_2D_reg[7][1][8]/D    I2C   default_mode 
    1910  7725   systolic_array_8X8_matrix_mul_2D_reg[7][1][7]/D    I2C   default_mode 
    1911  7725   systolic_array_8X8_matrix_mul_2D_reg[7][1][5]/D    I2C   default_mode 
    1912  7725   systolic_array_8X8_matrix_mul_2D_reg[7][1][3]/D    I2C   default_mode 
    1913  7725   systolic_array_8X8_matrix_mul_2D_reg[7][1][2]/D    I2C   default_mode 
    1914  7725   systolic_array_8X8_matrix_mul_2D_reg[6][2][15]/D   I2C   default_mode 
    1915  7725   systolic_array_8X8_matrix_mul_2D_reg[6][2][14]/D   I2C   default_mode 
    1916  7725   systolic_array_8X8_matrix_mul_2D_reg[6][2][13]/D   I2C   default_mode 
    1917  7725   systolic_array_8X8_matrix_mul_2D_reg[6][2][12]/D   I2C   default_mode 
    1918  7725   systolic_array_8X8_matrix_mul_2D_reg[6][2][8]/D    I2C   default_mode 
    1919  7725   systolic_array_8X8_matrix_mul_2D_reg[6][2][10]/D   I2C   default_mode 
    1920  7725   systolic_array_8X8_matrix_mul_2D_reg[6][2][5]/D    I2C   default_mode 
    1921  7725   systolic_array_8X8_matrix_mul_2D_reg[6][2][2]/D    I2C   default_mode 
    1922  7725   systolic_array_8X8_matrix_mul_2D_reg[6][2][0]/D    I2C   default_mode 
    1923  7725   systolic_array_8X8_matrix_mul_2D_reg[5][3][16]/D   I2C   default_mode 
    1924  7725   systolic_array_8X8_matrix_mul_2D_reg[5][3][15]/D   I2C   default_mode 
    1925  7725   systolic_array_8X8_matrix_mul_2D_reg[5][3][14]/D   I2C   default_mode 
    1926  7725   systolic_array_8X8_matrix_mul_2D_reg[5][3][12]/D   I2C   default_mode 
    1927  7725   systolic_array_8X8_matrix_mul_2D_reg[5][3][11]/D   I2C   default_mode 
    1928  7725   systolic_array_8X8_matrix_mul_2D_reg[5][3][8]/D    I2C   default_mode 
    1929  7725   systolic_array_8X8_matrix_mul_2D_reg[5][3][10]/D   I2C   default_mode 
    1930  7725   systolic_array_8X8_matrix_mul_2D_reg[5][3][7]/D    I2C   default_mode 
    1931  7725   systolic_array_8X8_matrix_mul_2D_reg[5][3][6]/D    I2C   default_mode 
    1932  7725   systolic_array_8X8_matrix_mul_2D_reg[4][4][14]/D   I2C   default_mode 
    1933  7725   systolic_array_8X8_matrix_mul_2D_reg[4][4][12]/D   I2C   default_mode 
    1934  7725   systolic_array_8X8_matrix_mul_2D_reg[4][4][9]/D    I2C   default_mode 
    1935  7725   systolic_array_8X8_matrix_mul_2D_reg[4][4][6]/D    I2C   default_mode 
    1936  7726   systolic_array_8X8_matrix_mul_2D_reg[4][4][2]/D    I2C   default_mode 
    1937  7726   systolic_array_8X8_matrix_mul_2D_reg[4][4][1]/D    I2C   default_mode 
    1938  7726   systolic_array_8X8_matrix_mul_2D_reg[4][4][0]/D    I2C   default_mode 
    1939  7726   systolic_array_8X8_matrix_mul_2D_reg[3][5][14]/D   I2C   default_mode 
    1940  7726   systolic_array_8X8_matrix_mul_2D_reg[3][5][13]/D   I2C   default_mode 
    1941  7726   systolic_array_8X8_matrix_mul_2D_reg[3][5][12]/D   I2C   default_mode 
    1942  7726   systolic_array_8X8_matrix_mul_2D_reg[3][5][11]/D   I2C   default_mode 
    1943  7726   systolic_array_8X8_matrix_mul_2D_reg[3][5][10]/D   I2C   default_mode 
    1944  7726   systolic_array_8X8_matrix_mul_2D_reg[3][5][7]/D    I2C   default_mode 
    1945  7726   systolic_array_8X8_matrix_mul_2D_reg[3][5][6]/D    I2C   default_mode 
    1946  7726   systolic_array_8X8_matrix_mul_2D_reg[3][5][5]/D    I2C   default_mode 
    1947  7726   systolic_array_8X8_matrix_mul_2D_reg[3][5][4]/D    I2C   default_mode 
    1948  7726   systolic_array_8X8_matrix_mul_2D_reg[3][5][3]/D    I2C   default_mode 
    1949  7726   systolic_array_8X8_matrix_mul_2D_reg[3][5][2]/D    I2C   default_mode 
    1950  7726   systolic_array_8X8_matrix_mul_2D_reg[2][6][15]/D   I2C   default_mode 
    1951  7726   systolic_array_8X8_matrix_mul_2D_reg[2][6][10]/D   I2C   default_mode 
    1952  7726   systolic_array_8X8_matrix_mul_2D_reg[2][6][9]/D    I2C   default_mode 
    1953  7726   systolic_array_8X8_matrix_mul_2D_reg[2][6][8]/D    I2C   default_mode 
    1954  7726   systolic_array_8X8_matrix_mul_2D_reg[2][6][2]/D    I2C   default_mode 
    1955  7726   systolic_array_8X8_matrix_mul_2D_reg[2][6][1]/D    I2C   default_mode 
    1956  7726   systolic_array_8X8_matrix_mul_2D_reg[2][6][0]/D    I2C   default_mode 
    1957  7726   systolic_array_8X8_matrix_mul_2D_reg[1][7][16]/D   I2C   default_mode 
    1958  7726   systolic_array_8X8_matrix_mul_2D_reg[1][7][11]/D   I2C   default_mode 
    1959  7726   systolic_array_8X8_matrix_mul_2D_reg[1][7][10]/D   I2C   default_mode 
    1960  7726   systolic_array_8X8_matrix_mul_2D_reg[1][7][8]/D    I2C   default_mode 
    1961  7726   systolic_array_8X8_matrix_mul_2D_reg[1][7][6]/D    I2C   default_mode 
    1962  7726   systolic_array_8X8_matrix_mul_2D_reg[1][7][4]/D    I2C   default_mode 
    1963  7726   systolic_array_8X8_matrix_mul_2D_reg[1][7][2]/D    I2C   default_mode 
    1964  7726   systolic_array_8X8_matrix_mul_2D_reg[7][1][16]/D   I2C   default_mode 
    1965  7726   systolic_array_8X8_matrix_mul_2D_reg[7][1][15]/D   I2C   default_mode 
    1966  7726   systolic_array_8X8_matrix_mul_2D_reg[7][1][14]/D   I2C   default_mode 
    1967  7726   systolic_array_8X8_matrix_mul_2D_reg[7][1][12]/D   I2C   default_mode 
    1968  7726   systolic_array_8X8_matrix_mul_2D_reg[7][1][10]/D   I2C   default_mode 
    1969  7726   systolic_array_8X8_matrix_mul_2D_reg[7][1][6]/D    I2C   default_mode 
    1970  7726   systolic_array_8X8_matrix_mul_2D_reg[7][1][4]/D    I2C   default_mode 
    1971  7726   systolic_array_8X8_matrix_mul_2D_reg[7][1][0]/D    I2C   default_mode 
    1972  7726   systolic_array_8X8_matrix_mul_2D_reg[7][1][1]/D    I2C   default_mode 
    1973  7726   systolic_array_8X8_matrix_mul_2D_reg[6][2][16]/D   I2C   default_mode 
    1974  7726   systolic_array_8X8_matrix_mul_2D_reg[6][2][11]/D   I2C   default_mode 
    1975  7726   systolic_array_8X8_matrix_mul_2D_reg[6][2][9]/D    I2C   default_mode 
    1976  7726   systolic_array_8X8_matrix_mul_2D_reg[6][2][7]/D    I2C   default_mode 
    1977  7726   systolic_array_8X8_matrix_mul_2D_reg[6][2][6]/D    I2C   default_mode 
    1978  7726   systolic_array_8X8_matrix_mul_2D_reg[6][2][4]/D    I2C   default_mode 
    1979  7726   systolic_array_8X8_matrix_mul_2D_reg[6][2][3]/D    I2C   default_mode 
    1980  7726   systolic_array_8X8_matrix_mul_2D_reg[6][2][1]/D    I2C   default_mode 
    1981  7726   systolic_array_8X8_matrix_mul_2D_reg[5][3][13]/D   I2C   default_mode 
    1982  7726   systolic_array_8X8_matrix_mul_2D_reg[5][3][9]/D    I2C   default_mode 
    1983  7726   systolic_array_8X8_matrix_mul_2D_reg[5][3][5]/D    I2C   default_mode 
    1984  7726   systolic_array_8X8_matrix_mul_2D_reg[5][3][4]/D    I2C   default_mode 
    1985  7726   systolic_array_8X8_matrix_mul_2D_reg[5][3][3]/D    I2C   default_mode 
    1986  7726   systolic_array_8X8_matrix_mul_2D_reg[5][3][0]/D    I2C   default_mode 
    1987  7726   systolic_array_8X8_matrix_mul_2D_reg[5][3][1]/D    I2C   default_mode 
    1988  7726   systolic_array_8X8_matrix_mul_2D_reg[5][3][2]/D    I2C   default_mode 
    1989  7726   systolic_array_8X8_matrix_mul_2D_reg[4][4][16]/D   I2C   default_mode 
    1990  7726   systolic_array_8X8_matrix_mul_2D_reg[4][4][15]/D   I2C   default_mode 
    1991  7726   systolic_array_8X8_matrix_mul_2D_reg[4][4][13]/D   I2C   default_mode 
    1992  7726   systolic_array_8X8_matrix_mul_2D_reg[4][4][11]/D   I2C   default_mode 
    1993  7726   systolic_array_8X8_matrix_mul_2D_reg[4][4][10]/D   I2C   default_mode 
    1994  7726   systolic_array_8X8_matrix_mul_2D_reg[4][4][8]/D    I2C   default_mode 
    1995  7726   systolic_array_8X8_matrix_mul_2D_reg[4][4][7]/D    I2C   default_mode 
    1996  7726   systolic_array_8X8_matrix_mul_2D_reg[4][4][5]/D    I2C   default_mode 
    1997  7726   systolic_array_8X8_matrix_mul_2D_reg[4][4][4]/D    I2C   default_mode 
    1998  7726   systolic_array_8X8_matrix_mul_2D_reg[4][4][3]/D    I2C   default_mode 
    1999  7728   systolic_array_8X8_matrix_mul_2D_reg[7][6][29]/D   I2C   default_mode 
    2000  7728   systolic_array_8X8_matrix_mul_2D_reg[7][6][31]/D   I2C   default_mode 
    2001  7728   systolic_array_8X8_matrix_mul_2D_reg[7][6][30]/D   I2C   default_mode 
    2002  7728   systolic_array_8X8_matrix_mul_2D_reg[7][6][28]/D   I2C   default_mode 
    2003  7728   systolic_array_8X8_matrix_mul_2D_reg[7][6][27]/D   I2C   default_mode 
    2004  7728   systolic_array_8X8_matrix_mul_2D_reg[7][6][26]/D   I2C   default_mode 
    2005  7728   systolic_array_8X8_matrix_mul_2D_reg[7][6][25]/D   I2C   default_mode 
    2006  7728   systolic_array_8X8_matrix_mul_2D_reg[7][6][24]/D   I2C   default_mode 
    2007  7728   systolic_array_8X8_matrix_mul_2D_reg[7][6][23]/D   I2C   default_mode 
    2008  7728   systolic_array_8X8_matrix_mul_2D_reg[7][6][22]/D   I2C   default_mode 
    2009  7728   systolic_array_8X8_matrix_mul_2D_reg[7][6][21]/D   I2C   default_mode 
    2010  7728   systolic_array_8X8_matrix_mul_2D_reg[7][6][20]/D   I2C   default_mode 
    2011  7728   systolic_array_8X8_matrix_mul_2D_reg[7][6][19]/D   I2C   default_mode 
    2012  7728   systolic_array_8X8_matrix_mul_2D_reg[7][6][17]/D   I2C   default_mode 
    2013  7728   systolic_array_8X8_matrix_mul_2D_reg[7][6][18]/D   I2C   default_mode 
    2014  7728   systolic_array_8X8_matrix_mul_2D_reg[6][7][27]/D   I2C   default_mode 
    2015  7728   systolic_array_8X8_matrix_mul_2D_reg[6][7][30]/D   I2C   default_mode 
    2016  7728   systolic_array_8X8_matrix_mul_2D_reg[6][7][29]/D   I2C   default_mode 
    2017  7728   systolic_array_8X8_matrix_mul_2D_reg[6][7][28]/D   I2C   default_mode 
    2018  7728   systolic_array_8X8_matrix_mul_2D_reg[6][7][25]/D   I2C   default_mode 
    2019  7728   systolic_array_8X8_matrix_mul_2D_reg[6][7][26]/D   I2C   default_mode 
    2020  7728   systolic_array_8X8_matrix_mul_2D_reg[6][7][24]/D   I2C   default_mode 
    2021  7728   systolic_array_8X8_matrix_mul_2D_reg[6][7][23]/D   I2C   default_mode 
    2022  7728   systolic_array_8X8_matrix_mul_2D_reg[6][7][22]/D   I2C   default_mode 
    2023  7728   systolic_array_8X8_matrix_mul_2D_reg[6][7][21]/D   I2C   default_mode 
    2024  7728   systolic_array_8X8_matrix_mul_2D_reg[6][7][20]/D   I2C   default_mode 
    2025  7728   systolic_array_8X8_matrix_mul_2D_reg[6][7][19]/D   I2C   default_mode 
    2026  7728   systolic_array_8X8_matrix_mul_2D_reg[6][7][17]/D   I2C   default_mode 
    2027  7728   systolic_array_8X8_matrix_mul_2D_reg[6][7][18]/D   I2C   default_mode 
    2028  7728   systolic_array_8X8_matrix_mul_2D_reg[6][7][31]/D   I2C   default_mode 
    2029  7728   systolic_array_8X8_matrix_mul_2D_reg[4][3][16]/D   I2C   default_mode 
    2030  7728   systolic_array_8X8_matrix_mul_2D_reg[4][3][15]/D   I2C   default_mode 
    2031  7728   systolic_array_8X8_matrix_mul_2D_reg[4][3][14]/D   I2C   default_mode 
    2032  7728   systolic_array_8X8_matrix_mul_2D_reg[4][3][13]/D   I2C   default_mode 
    2033  7728   systolic_array_8X8_matrix_mul_2D_reg[4][3][12]/D   I2C   default_mode 
    2034  7728   systolic_array_8X8_matrix_mul_2D_reg[4][3][11]/D   I2C   default_mode 
    2035  7728   systolic_array_8X8_matrix_mul_2D_reg[4][3][10]/D   I2C   default_mode 
    2036  7728   systolic_array_8X8_matrix_mul_2D_reg[4][3][9]/D    I2C   default_mode 
    2037  7728   systolic_array_8X8_matrix_mul_2D_reg[4][3][8]/D    I2C   default_mode 
    2038  7728   systolic_array_8X8_matrix_mul_2D_reg[4][3][7]/D    I2C   default_mode 
    2039  7728   systolic_array_8X8_matrix_mul_2D_reg[4][3][6]/D    I2C   default_mode 
    2040  7728   systolic_array_8X8_matrix_mul_2D_reg[4][3][5]/D    I2C   default_mode 
    2041  7728   systolic_array_8X8_matrix_mul_2D_reg[4][3][4]/D    I2C   default_mode 
    2042  7728   systolic_array_8X8_matrix_mul_2D_reg[4][3][3]/D    I2C   default_mode 
    2043  7728   systolic_array_8X8_matrix_mul_2D_reg[4][3][0]/D    I2C   default_mode 
    2044  7728   systolic_array_8X8_matrix_mul_2D_reg[4][3][1]/D    I2C   default_mode 
    2045  7728   systolic_array_8X8_matrix_mul_2D_reg[4][3][2]/D    I2C   default_mode 
    2046  7728   systolic_array_8X8_matrix_mul_2D_reg[3][4][16]/D   I2C   default_mode 
    2047  7728   systolic_array_8X8_matrix_mul_2D_reg[3][4][15]/D   I2C   default_mode 
    2048  7728   systolic_array_8X8_matrix_mul_2D_reg[3][4][14]/D   I2C   default_mode 
    2049  7728   systolic_array_8X8_matrix_mul_2D_reg[3][4][13]/D   I2C   default_mode 
    2050  7728   systolic_array_8X8_matrix_mul_2D_reg[3][4][12]/D   I2C   default_mode 
    2051  7728   systolic_array_8X8_matrix_mul_2D_reg[3][4][11]/D   I2C   default_mode 
    2052  7728   systolic_array_8X8_matrix_mul_2D_reg[3][4][10]/D   I2C   default_mode 
    2053  7728   systolic_array_8X8_matrix_mul_2D_reg[3][4][9]/D    I2C   default_mode 
    2054  7728   systolic_array_8X8_matrix_mul_2D_reg[3][4][8]/D    I2C   default_mode 
    2055  7728   systolic_array_8X8_matrix_mul_2D_reg[3][4][7]/D    I2C   default_mode 
    2056  7728   systolic_array_8X8_matrix_mul_2D_reg[3][4][6]/D    I2C   default_mode 
    2057  7728   systolic_array_8X8_matrix_mul_2D_reg[3][4][5]/D    I2C   default_mode 
    2058  7728   systolic_array_8X8_matrix_mul_2D_reg[3][4][4]/D    I2C   default_mode 
    2059  7728   systolic_array_8X8_matrix_mul_2D_reg[3][4][3]/D    I2C   default_mode 
    2060  7728   systolic_array_8X8_matrix_mul_2D_reg[3][4][1]/D    I2C   default_mode 
    2061  7728   systolic_array_8X8_matrix_mul_2D_reg[3][4][0]/D    I2C   default_mode 
    2062  7728   systolic_array_8X8_matrix_mul_2D_reg[3][4][2]/D    I2C   default_mode 
    2063  7728   systolic_array_8X8_matrix_mul_2D_reg[2][5][16]/D   I2C   default_mode 
    2064  7728   systolic_array_8X8_matrix_mul_2D_reg[2][5][15]/D   I2C   default_mode 
    2065  7728   systolic_array_8X8_matrix_mul_2D_reg[2][5][14]/D   I2C   default_mode 
    2066  7728   systolic_array_8X8_matrix_mul_2D_reg[2][5][13]/D   I2C   default_mode 
    2067  7728   systolic_array_8X8_matrix_mul_2D_reg[2][5][12]/D   I2C   default_mode 
    2068  7728   systolic_array_8X8_matrix_mul_2D_reg[2][5][11]/D   I2C   default_mode 
    2069  7728   systolic_array_8X8_matrix_mul_2D_reg[2][5][10]/D   I2C   default_mode 
    2070  7728   systolic_array_8X8_matrix_mul_2D_reg[2][5][9]/D    I2C   default_mode 
    2071  7728   systolic_array_8X8_matrix_mul_2D_reg[2][5][8]/D    I2C   default_mode 
    2072  7728   systolic_array_8X8_matrix_mul_2D_reg[2][5][7]/D    I2C   default_mode 
    2073  7728   systolic_array_8X8_matrix_mul_2D_reg[2][5][6]/D    I2C   default_mode 
    2074  7728   systolic_array_8X8_matrix_mul_2D_reg[2][5][5]/D    I2C   default_mode 
    2075  7728   systolic_array_8X8_matrix_mul_2D_reg[2][5][4]/D    I2C   default_mode 
    2076  7728   systolic_array_8X8_matrix_mul_2D_reg[2][5][3]/D    I2C   default_mode 
    2077  7728   systolic_array_8X8_matrix_mul_2D_reg[2][5][2]/D    I2C   default_mode 
    2078  7728   systolic_array_8X8_matrix_mul_2D_reg[2][5][1]/D    I2C   default_mode 
    2079  7728   systolic_array_8X8_matrix_mul_2D_reg[2][5][0]/D    I2C   default_mode 
    2080  7728   systolic_array_8X8_matrix_mul_2D_reg[1][6][16]/D   I2C   default_mode 
    2081  7728   systolic_array_8X8_matrix_mul_2D_reg[1][6][15]/D   I2C   default_mode 
    2082  7728   systolic_array_8X8_matrix_mul_2D_reg[1][6][14]/D   I2C   default_mode 
    2083  7728   systolic_array_8X8_matrix_mul_2D_reg[1][6][13]/D   I2C   default_mode 
    2084  7728   systolic_array_8X8_matrix_mul_2D_reg[1][6][12]/D   I2C   default_mode 
    2085  7728   systolic_array_8X8_matrix_mul_2D_reg[1][6][11]/D   I2C   default_mode 
    2086  7728   systolic_array_8X8_matrix_mul_2D_reg[1][6][10]/D   I2C   default_mode 
    2087  7728   systolic_array_8X8_matrix_mul_2D_reg[1][6][9]/D    I2C   default_mode 
    2088  7728   systolic_array_8X8_matrix_mul_2D_reg[1][6][8]/D    I2C   default_mode 
    2089  7728   systolic_array_8X8_matrix_mul_2D_reg[1][6][7]/D    I2C   default_mode 
    2090  7728   systolic_array_8X8_matrix_mul_2D_reg[1][6][6]/D    I2C   default_mode 
    2091  7728   systolic_array_8X8_matrix_mul_2D_reg[1][6][5]/D    I2C   default_mode 
    2092  7728   systolic_array_8X8_matrix_mul_2D_reg[1][6][4]/D    I2C   default_mode 
    2093  7728   systolic_array_8X8_matrix_mul_2D_reg[1][6][3]/D    I2C   default_mode 
    2094  7728   systolic_array_8X8_matrix_mul_2D_reg[1][6][1]/D    I2C   default_mode 
    2095  7728   systolic_array_8X8_matrix_mul_2D_reg[1][6][2]/D    I2C   default_mode 
    2096  7728   systolic_array_8X8_matrix_mul_2D_reg[1][6][0]/D    I2C   default_mode 
    2097  7728   systolic_array_8X8_matrix_mul_2D_reg[7][0][16]/D   I2C   default_mode 
    2098  7728   systolic_array_8X8_matrix_mul_2D_reg[7][0][15]/D   I2C   default_mode 
    2099  7728   systolic_array_8X8_matrix_mul_2D_reg[7][0][14]/D   I2C   default_mode 
    2100  7728   systolic_array_8X8_matrix_mul_2D_reg[7][0][13]/D   I2C   default_mode 
    2101  7728   systolic_array_8X8_matrix_mul_2D_reg[7][0][12]/D   I2C   default_mode 
    2102  7728   systolic_array_8X8_matrix_mul_2D_reg[7][0][11]/D   I2C   default_mode 
    2103  7728   systolic_array_8X8_matrix_mul_2D_reg[7][0][9]/D    I2C   default_mode 
    2104  7728   systolic_array_8X8_matrix_mul_2D_reg[7][0][10]/D   I2C   default_mode 
    2105  7728   systolic_array_8X8_matrix_mul_2D_reg[7][0][8]/D    I2C   default_mode 
    2106  7728   systolic_array_8X8_matrix_mul_2D_reg[7][0][7]/D    I2C   default_mode 
    2107  7728   systolic_array_8X8_matrix_mul_2D_reg[7][0][6]/D    I2C   default_mode 
    2108  7728   systolic_array_8X8_matrix_mul_2D_reg[7][0][5]/D    I2C   default_mode 
    2109  7728   systolic_array_8X8_matrix_mul_2D_reg[7][0][4]/D    I2C   default_mode 
    2110  7728   systolic_array_8X8_matrix_mul_2D_reg[7][0][3]/D    I2C   default_mode 
    2111  7728   systolic_array_8X8_matrix_mul_2D_reg[7][0][2]/D    I2C   default_mode 
    2112  7728   systolic_array_8X8_matrix_mul_2D_reg[7][0][1]/D    I2C   default_mode 
    2113  7728   systolic_array_8X8_matrix_mul_2D_reg[7][0][0]/D    I2C   default_mode 
    2114  7728   systolic_array_8X8_matrix_mul_2D_reg[0][7][16]/D   I2C   default_mode 
    2115  7728   systolic_array_8X8_matrix_mul_2D_reg[0][7][15]/D   I2C   default_mode 
    2116  7728   systolic_array_8X8_matrix_mul_2D_reg[0][7][14]/D   I2C   default_mode 
    2117  7728   systolic_array_8X8_matrix_mul_2D_reg[0][7][13]/D   I2C   default_mode 
    2118  7728   systolic_array_8X8_matrix_mul_2D_reg[0][7][12]/D   I2C   default_mode 
    2119  7728   systolic_array_8X8_matrix_mul_2D_reg[0][7][11]/D   I2C   default_mode 
    2120  7728   systolic_array_8X8_matrix_mul_2D_reg[0][7][10]/D   I2C   default_mode 
    2121  7728   systolic_array_8X8_matrix_mul_2D_reg[0][7][9]/D    I2C   default_mode 
    2122  7728   systolic_array_8X8_matrix_mul_2D_reg[0][7][8]/D    I2C   default_mode 
    2123  7728   systolic_array_8X8_matrix_mul_2D_reg[0][7][7]/D    I2C   default_mode 
    2124  7728   systolic_array_8X8_matrix_mul_2D_reg[0][7][6]/D    I2C   default_mode 
    2125  7728   systolic_array_8X8_matrix_mul_2D_reg[0][7][5]/D    I2C   default_mode 
    2126  7728   systolic_array_8X8_matrix_mul_2D_reg[0][7][4]/D    I2C   default_mode 
    2127  7728   systolic_array_8X8_matrix_mul_2D_reg[0][7][3]/D    I2C   default_mode 
    2128  7728   systolic_array_8X8_matrix_mul_2D_reg[0][7][2]/D    I2C   default_mode 
    2129  7728   systolic_array_8X8_matrix_mul_2D_reg[0][7][1]/D    I2C   default_mode 
    2130  7728   systolic_array_8X8_matrix_mul_2D_reg[0][7][0]/D    I2C   default_mode 
    2131  7728   systolic_array_8X8_matrix_mul_2D_reg[6][1][16]/D   I2C   default_mode 
    2132  7728   systolic_array_8X8_matrix_mul_2D_reg[6][1][15]/D   I2C   default_mode 
    2133  7728   systolic_array_8X8_matrix_mul_2D_reg[6][1][14]/D   I2C   default_mode 
    2134  7728   systolic_array_8X8_matrix_mul_2D_reg[6][1][13]/D   I2C   default_mode 
    2135  7728   systolic_array_8X8_matrix_mul_2D_reg[6][1][12]/D   I2C   default_mode 
    2136  7728   systolic_array_8X8_matrix_mul_2D_reg[6][1][11]/D   I2C   default_mode 
    2137  7728   systolic_array_8X8_matrix_mul_2D_reg[6][1][9]/D    I2C   default_mode 
    2138  7728   systolic_array_8X8_matrix_mul_2D_reg[6][1][10]/D   I2C   default_mode 
    2139  7728   systolic_array_8X8_matrix_mul_2D_reg[6][1][8]/D    I2C   default_mode 
    2140  7728   systolic_array_8X8_matrix_mul_2D_reg[6][1][7]/D    I2C   default_mode 
    2141  7728   systolic_array_8X8_matrix_mul_2D_reg[6][1][6]/D    I2C   default_mode 
    2142  7728   systolic_array_8X8_matrix_mul_2D_reg[6][1][5]/D    I2C   default_mode 
    2143  7728   systolic_array_8X8_matrix_mul_2D_reg[6][1][4]/D    I2C   default_mode 
    2144  7728   systolic_array_8X8_matrix_mul_2D_reg[6][1][3]/D    I2C   default_mode 
    2145  7728   systolic_array_8X8_matrix_mul_2D_reg[6][1][0]/D    I2C   default_mode 
    2146  7728   systolic_array_8X8_matrix_mul_2D_reg[6][1][1]/D    I2C   default_mode 
    2147  7728   systolic_array_8X8_matrix_mul_2D_reg[6][1][2]/D    I2C   default_mode 
    2148  7728   systolic_array_8X8_matrix_mul_2D_reg[5][2][16]/D   I2C   default_mode 
    2149  7728   systolic_array_8X8_matrix_mul_2D_reg[5][2][15]/D   I2C   default_mode 
    2150  7728   systolic_array_8X8_matrix_mul_2D_reg[5][2][14]/D   I2C   default_mode 
    2151  7728   systolic_array_8X8_matrix_mul_2D_reg[5][2][13]/D   I2C   default_mode 
    2152  7728   systolic_array_8X8_matrix_mul_2D_reg[5][2][12]/D   I2C   default_mode 
    2153  7728   systolic_array_8X8_matrix_mul_2D_reg[5][2][11]/D   I2C   default_mode 
    2154  7728   systolic_array_8X8_matrix_mul_2D_reg[5][2][10]/D   I2C   default_mode 
    2155  7728   systolic_array_8X8_matrix_mul_2D_reg[5][2][9]/D    I2C   default_mode 
    2156  7728   systolic_array_8X8_matrix_mul_2D_reg[5][2][8]/D    I2C   default_mode 
    2157  7728   systolic_array_8X8_matrix_mul_2D_reg[5][2][7]/D    I2C   default_mode 
    2158  7728   systolic_array_8X8_matrix_mul_2D_reg[5][2][6]/D    I2C   default_mode 
    2159  7728   systolic_array_8X8_matrix_mul_2D_reg[5][2][5]/D    I2C   default_mode 
    2160  7728   systolic_array_8X8_matrix_mul_2D_reg[5][2][4]/D    I2C   default_mode 
    2161  7728   systolic_array_8X8_matrix_mul_2D_reg[5][2][3]/D    I2C   default_mode 
    2162  7728   systolic_array_8X8_matrix_mul_2D_reg[5][2][0]/D    I2C   default_mode 
    2163  7728   systolic_array_8X8_matrix_mul_2D_reg[5][2][2]/D    I2C   default_mode 
    2164  7728   systolic_array_8X8_matrix_mul_2D_reg[5][2][1]/D    I2C   default_mode 
    2165  7736   systolic_array_8X8_matrix_mul_2D_reg[4][2][16]/D   I2C   default_mode 
    2166  7736   systolic_array_8X8_matrix_mul_2D_reg[4][2][15]/D   I2C   default_mode 
    2167  7736   systolic_array_8X8_matrix_mul_2D_reg[4][2][14]/D   I2C   default_mode 
    2168  7736   systolic_array_8X8_matrix_mul_2D_reg[4][2][13]/D   I2C   default_mode 
    2169  7736   systolic_array_8X8_matrix_mul_2D_reg[4][2][12]/D   I2C   default_mode 
    2170  7736   systolic_array_8X8_matrix_mul_2D_reg[4][2][11]/D   I2C   default_mode 
    2171  7736   systolic_array_8X8_matrix_mul_2D_reg[4][2][10]/D   I2C   default_mode 
    2172  7736   systolic_array_8X8_matrix_mul_2D_reg[4][2][9]/D    I2C   default_mode 
    2173  7736   systolic_array_8X8_matrix_mul_2D_reg[4][2][8]/D    I2C   default_mode 
    2174  7736   systolic_array_8X8_matrix_mul_2D_reg[4][2][7]/D    I2C   default_mode 
    2175  7736   systolic_array_8X8_matrix_mul_2D_reg[4][2][6]/D    I2C   default_mode 
    2176  7736   systolic_array_8X8_matrix_mul_2D_reg[4][2][5]/D    I2C   default_mode 
    2177  7736   systolic_array_8X8_matrix_mul_2D_reg[4][2][4]/D    I2C   default_mode 
    2178  7736   systolic_array_8X8_matrix_mul_2D_reg[4][2][3]/D    I2C   default_mode 
    2179  7736   systolic_array_8X8_matrix_mul_2D_reg[4][2][0]/D    I2C   default_mode 
    2180  7736   systolic_array_8X8_matrix_mul_2D_reg[4][2][2]/D    I2C   default_mode 
    2181  7736   systolic_array_8X8_matrix_mul_2D_reg[4][2][1]/D    I2C   default_mode 
    2182  7736   systolic_array_8X8_matrix_mul_2D_reg[3][3][16]/D   I2C   default_mode 
    2183  7736   systolic_array_8X8_matrix_mul_2D_reg[3][3][15]/D   I2C   default_mode 
    2184  7736   systolic_array_8X8_matrix_mul_2D_reg[3][3][14]/D   I2C   default_mode 
    2185  7736   systolic_array_8X8_matrix_mul_2D_reg[3][3][13]/D   I2C   default_mode 
    2186  7736   systolic_array_8X8_matrix_mul_2D_reg[3][3][12]/D   I2C   default_mode 
    2187  7736   systolic_array_8X8_matrix_mul_2D_reg[3][3][11]/D   I2C   default_mode 
    2188  7736   systolic_array_8X8_matrix_mul_2D_reg[3][3][10]/D   I2C   default_mode 
    2189  7736   systolic_array_8X8_matrix_mul_2D_reg[3][3][9]/D    I2C   default_mode 
    2190  7736   systolic_array_8X8_matrix_mul_2D_reg[3][3][8]/D    I2C   default_mode 
    2191  7736   systolic_array_8X8_matrix_mul_2D_reg[3][3][7]/D    I2C   default_mode 
    2192  7736   systolic_array_8X8_matrix_mul_2D_reg[3][3][6]/D    I2C   default_mode 
    2193  7736   systolic_array_8X8_matrix_mul_2D_reg[3][3][5]/D    I2C   default_mode 
    2194  7736   systolic_array_8X8_matrix_mul_2D_reg[3][3][4]/D    I2C   default_mode 
    2195  7736   systolic_array_8X8_matrix_mul_2D_reg[3][3][3]/D    I2C   default_mode 
    2196  7736   systolic_array_8X8_matrix_mul_2D_reg[3][3][2]/D    I2C   default_mode 
    2197  7736   systolic_array_8X8_matrix_mul_2D_reg[3][3][1]/D    I2C   default_mode 
    2198  7736   systolic_array_8X8_matrix_mul_2D_reg[3][3][0]/D    I2C   default_mode 
    2199  7736   systolic_array_8X8_matrix_mul_2D_reg[2][4][16]/D   I2C   default_mode 
    2200  7736   systolic_array_8X8_matrix_mul_2D_reg[2][4][15]/D   I2C   default_mode 
    2201  7736   systolic_array_8X8_matrix_mul_2D_reg[2][4][14]/D   I2C   default_mode 
    2202  7736   systolic_array_8X8_matrix_mul_2D_reg[2][4][13]/D   I2C   default_mode 
    2203  7736   systolic_array_8X8_matrix_mul_2D_reg[2][4][12]/D   I2C   default_mode 
    2204  7736   systolic_array_8X8_matrix_mul_2D_reg[2][4][11]/D   I2C   default_mode 
    2205  7736   systolic_array_8X8_matrix_mul_2D_reg[2][4][10]/D   I2C   default_mode 
    2206  7736   systolic_array_8X8_matrix_mul_2D_reg[2][4][9]/D    I2C   default_mode 
    2207  7736   systolic_array_8X8_matrix_mul_2D_reg[2][4][8]/D    I2C   default_mode 
    2208  7736   systolic_array_8X8_matrix_mul_2D_reg[2][4][7]/D    I2C   default_mode 
    2209  7736   systolic_array_8X8_matrix_mul_2D_reg[2][4][6]/D    I2C   default_mode 
    2210  7736   systolic_array_8X8_matrix_mul_2D_reg[2][4][5]/D    I2C   default_mode 
    2211  7736   systolic_array_8X8_matrix_mul_2D_reg[2][4][4]/D    I2C   default_mode 
    2212  7736   systolic_array_8X8_matrix_mul_2D_reg[2][4][3]/D    I2C   default_mode 
    2213  7736   systolic_array_8X8_matrix_mul_2D_reg[2][4][1]/D    I2C   default_mode 
    2214  7736   systolic_array_8X8_matrix_mul_2D_reg[2][4][0]/D    I2C   default_mode 
    2215  7736   systolic_array_8X8_matrix_mul_2D_reg[2][4][2]/D    I2C   default_mode 
    2216  7736   systolic_array_8X8_matrix_mul_2D_reg[1][5][16]/D   I2C   default_mode 
    2217  7736   systolic_array_8X8_matrix_mul_2D_reg[1][5][15]/D   I2C   default_mode 
    2218  7736   systolic_array_8X8_matrix_mul_2D_reg[1][5][14]/D   I2C   default_mode 
    2219  7736   systolic_array_8X8_matrix_mul_2D_reg[1][5][13]/D   I2C   default_mode 
    2220  7736   systolic_array_8X8_matrix_mul_2D_reg[1][5][12]/D   I2C   default_mode 
    2221  7736   systolic_array_8X8_matrix_mul_2D_reg[1][5][11]/D   I2C   default_mode 
    2222  7736   systolic_array_8X8_matrix_mul_2D_reg[1][5][10]/D   I2C   default_mode 
    2223  7736   systolic_array_8X8_matrix_mul_2D_reg[1][5][9]/D    I2C   default_mode 
    2224  7736   systolic_array_8X8_matrix_mul_2D_reg[1][5][8]/D    I2C   default_mode 
    2225  7736   systolic_array_8X8_matrix_mul_2D_reg[1][5][7]/D    I2C   default_mode 
    2226  7736   systolic_array_8X8_matrix_mul_2D_reg[1][5][6]/D    I2C   default_mode 
    2227  7736   systolic_array_8X8_matrix_mul_2D_reg[1][5][5]/D    I2C   default_mode 
    2228  7736   systolic_array_8X8_matrix_mul_2D_reg[1][5][4]/D    I2C   default_mode 
    2229  7736   systolic_array_8X8_matrix_mul_2D_reg[1][5][3]/D    I2C   default_mode 
    2230  7736   systolic_array_8X8_matrix_mul_2D_reg[1][5][1]/D    I2C   default_mode 
    2231  7736   systolic_array_8X8_matrix_mul_2D_reg[1][5][2]/D    I2C   default_mode 
    2232  7736   systolic_array_8X8_matrix_mul_2D_reg[1][5][0]/D    I2C   default_mode 
    2233  7736   systolic_array_8X8_matrix_mul_2D_reg[0][6][16]/D   I2C   default_mode 
    2234  7736   systolic_array_8X8_matrix_mul_2D_reg[0][6][15]/D   I2C   default_mode 
    2235  7736   systolic_array_8X8_matrix_mul_2D_reg[0][6][13]/D   I2C   default_mode 
    2236  7736   systolic_array_8X8_matrix_mul_2D_reg[0][6][14]/D   I2C   default_mode 
    2237  7736   systolic_array_8X8_matrix_mul_2D_reg[0][6][12]/D   I2C   default_mode 
    2238  7736   systolic_array_8X8_matrix_mul_2D_reg[0][6][11]/D   I2C   default_mode 
    2239  7736   systolic_array_8X8_matrix_mul_2D_reg[0][6][10]/D   I2C   default_mode 
    2240  7736   systolic_array_8X8_matrix_mul_2D_reg[0][6][9]/D    I2C   default_mode 
    2241  7736   systolic_array_8X8_matrix_mul_2D_reg[0][6][8]/D    I2C   default_mode 
    2242  7736   systolic_array_8X8_matrix_mul_2D_reg[0][6][7]/D    I2C   default_mode 
    2243  7736   systolic_array_8X8_matrix_mul_2D_reg[0][6][5]/D    I2C   default_mode 
    2244  7736   systolic_array_8X8_matrix_mul_2D_reg[0][6][6]/D    I2C   default_mode 
    2245  7736   systolic_array_8X8_matrix_mul_2D_reg[0][6][4]/D    I2C   default_mode 
    2246  7736   systolic_array_8X8_matrix_mul_2D_reg[0][6][3]/D    I2C   default_mode 
    2247  7736   systolic_array_8X8_matrix_mul_2D_reg[0][6][2]/D    I2C   default_mode 
    2248  7736   systolic_array_8X8_matrix_mul_2D_reg[0][6][1]/D    I2C   default_mode 
    2249  7736   systolic_array_8X8_matrix_mul_2D_reg[0][6][0]/D    I2C   default_mode 
    2250  7736   systolic_array_8X8_matrix_mul_2D_reg[6][0][16]/D   I2C   default_mode 
    2251  7736   systolic_array_8X8_matrix_mul_2D_reg[6][0][15]/D   I2C   default_mode 
    2252  7736   systolic_array_8X8_matrix_mul_2D_reg[6][0][14]/D   I2C   default_mode 
    2253  7736   systolic_array_8X8_matrix_mul_2D_reg[6][0][13]/D   I2C   default_mode 
    2254  7736   systolic_array_8X8_matrix_mul_2D_reg[6][0][12]/D   I2C   default_mode 
    2255  7736   systolic_array_8X8_matrix_mul_2D_reg[6][0][11]/D   I2C   default_mode 
    2256  7736   systolic_array_8X8_matrix_mul_2D_reg[6][0][9]/D    I2C   default_mode 
    2257  7736   systolic_array_8X8_matrix_mul_2D_reg[6][0][10]/D   I2C   default_mode 
    2258  7736   systolic_array_8X8_matrix_mul_2D_reg[6][0][8]/D    I2C   default_mode 
    2259  7736   systolic_array_8X8_matrix_mul_2D_reg[6][0][7]/D    I2C   default_mode 
    2260  7736   systolic_array_8X8_matrix_mul_2D_reg[6][0][6]/D    I2C   default_mode 
    2261  7736   systolic_array_8X8_matrix_mul_2D_reg[6][0][5]/D    I2C   default_mode 
    2262  7736   systolic_array_8X8_matrix_mul_2D_reg[6][0][4]/D    I2C   default_mode 
    2263  7736   systolic_array_8X8_matrix_mul_2D_reg[6][0][3]/D    I2C   default_mode 
    2264  7736   systolic_array_8X8_matrix_mul_2D_reg[6][0][0]/D    I2C   default_mode 
    2265  7736   systolic_array_8X8_matrix_mul_2D_reg[6][0][2]/D    I2C   default_mode 
    2266  7736   systolic_array_8X8_matrix_mul_2D_reg[6][0][1]/D    I2C   default_mode 
    2267  7736   systolic_array_8X8_matrix_mul_2D_reg[5][1][16]/D   I2C   default_mode 
    2268  7736   systolic_array_8X8_matrix_mul_2D_reg[5][1][15]/D   I2C   default_mode 
    2269  7736   systolic_array_8X8_matrix_mul_2D_reg[5][1][14]/D   I2C   default_mode 
    2270  7736   systolic_array_8X8_matrix_mul_2D_reg[5][1][13]/D   I2C   default_mode 
    2271  7736   systolic_array_8X8_matrix_mul_2D_reg[5][1][12]/D   I2C   default_mode 
    2272  7736   systolic_array_8X8_matrix_mul_2D_reg[5][1][11]/D   I2C   default_mode 
    2273  7736   systolic_array_8X8_matrix_mul_2D_reg[5][1][10]/D   I2C   default_mode 
    2274  7736   systolic_array_8X8_matrix_mul_2D_reg[5][1][9]/D    I2C   default_mode 
    2275  7736   systolic_array_8X8_matrix_mul_2D_reg[5][1][8]/D    I2C   default_mode 
    2276  7736   systolic_array_8X8_matrix_mul_2D_reg[5][1][7]/D    I2C   default_mode 
    2277  7736   systolic_array_8X8_matrix_mul_2D_reg[5][1][6]/D    I2C   default_mode 
    2278  7736   systolic_array_8X8_matrix_mul_2D_reg[5][1][5]/D    I2C   default_mode 
    2279  7736   systolic_array_8X8_matrix_mul_2D_reg[5][1][4]/D    I2C   default_mode 
    2280  7736   systolic_array_8X8_matrix_mul_2D_reg[5][1][3]/D    I2C   default_mode 
    2281  7736   systolic_array_8X8_matrix_mul_2D_reg[5][1][0]/D    I2C   default_mode 
    2282  7736   systolic_array_8X8_matrix_mul_2D_reg[5][1][1]/D    I2C   default_mode 
    2283  7736   systolic_array_8X8_matrix_mul_2D_reg[5][1][2]/D    I2C   default_mode 
    2284  7755   systolic_array_8X8_matrix_mul_2D_reg[4][0][16]/D   I2C   default_mode 
    2285  7755   systolic_array_8X8_matrix_mul_2D_reg[4][0][15]/D   I2C   default_mode 
    2286  7755   systolic_array_8X8_matrix_mul_2D_reg[4][0][14]/D   I2C   default_mode 
    2287  7755   systolic_array_8X8_matrix_mul_2D_reg[4][0][13]/D   I2C   default_mode 
    2288  7755   systolic_array_8X8_matrix_mul_2D_reg[4][0][12]/D   I2C   default_mode 
    2289  7755   systolic_array_8X8_matrix_mul_2D_reg[4][0][11]/D   I2C   default_mode 
    2290  7755   systolic_array_8X8_matrix_mul_2D_reg[4][0][10]/D   I2C   default_mode 
    2291  7755   systolic_array_8X8_matrix_mul_2D_reg[4][0][9]/D    I2C   default_mode 
    2292  7755   systolic_array_8X8_matrix_mul_2D_reg[4][0][8]/D    I2C   default_mode 
    2293  7755   systolic_array_8X8_matrix_mul_2D_reg[4][0][7]/D    I2C   default_mode 
    2294  7755   systolic_array_8X8_matrix_mul_2D_reg[4][0][6]/D    I2C   default_mode 
    2295  7755   systolic_array_8X8_matrix_mul_2D_reg[4][0][5]/D    I2C   default_mode 
    2296  7755   systolic_array_8X8_matrix_mul_2D_reg[4][0][4]/D    I2C   default_mode 
    2297  7755   systolic_array_8X8_matrix_mul_2D_reg[4][0][3]/D    I2C   default_mode 
    2298  7755   systolic_array_8X8_matrix_mul_2D_reg[4][0][2]/D    I2C   default_mode 
    2299  7755   systolic_array_8X8_matrix_mul_2D_reg[4][0][1]/D    I2C   default_mode 
    2300  7755   systolic_array_8X8_matrix_mul_2D_reg[4][0][0]/D    I2C   default_mode 
    2301  7755   systolic_array_8X8_matrix_mul_2D_reg[3][1][16]/D   I2C   default_mode 
    2302  7755   systolic_array_8X8_matrix_mul_2D_reg[3][1][15]/D   I2C   default_mode 
    2303  7755   systolic_array_8X8_matrix_mul_2D_reg[3][1][14]/D   I2C   default_mode 
    2304  7755   systolic_array_8X8_matrix_mul_2D_reg[3][1][13]/D   I2C   default_mode 
    2305  7755   systolic_array_8X8_matrix_mul_2D_reg[3][1][12]/D   I2C   default_mode 
    2306  7755   systolic_array_8X8_matrix_mul_2D_reg[3][1][11]/D   I2C   default_mode 
    2307  7755   systolic_array_8X8_matrix_mul_2D_reg[3][1][10]/D   I2C   default_mode 
    2308  7755   systolic_array_8X8_matrix_mul_2D_reg[3][1][9]/D    I2C   default_mode 
    2309  7755   systolic_array_8X8_matrix_mul_2D_reg[3][1][8]/D    I2C   default_mode 
    2310  7755   systolic_array_8X8_matrix_mul_2D_reg[3][1][7]/D    I2C   default_mode 
    2311  7755   systolic_array_8X8_matrix_mul_2D_reg[3][1][6]/D    I2C   default_mode 
    2312  7755   systolic_array_8X8_matrix_mul_2D_reg[3][1][5]/D    I2C   default_mode 
    2313  7755   systolic_array_8X8_matrix_mul_2D_reg[3][1][4]/D    I2C   default_mode 
    2314  7755   systolic_array_8X8_matrix_mul_2D_reg[3][1][3]/D    I2C   default_mode 
    2315  7755   systolic_array_8X8_matrix_mul_2D_reg[3][1][2]/D    I2C   default_mode 
    2316  7755   systolic_array_8X8_matrix_mul_2D_reg[3][1][1]/D    I2C   default_mode 
    2317  7755   systolic_array_8X8_matrix_mul_2D_reg[3][1][0]/D    I2C   default_mode 
    2318  7755   systolic_array_8X8_matrix_mul_2D_reg[2][2][16]/D   I2C   default_mode 
    2319  7755   systolic_array_8X8_matrix_mul_2D_reg[2][2][15]/D   I2C   default_mode 
    2320  7755   systolic_array_8X8_matrix_mul_2D_reg[2][2][14]/D   I2C   default_mode 
    2321  7755   systolic_array_8X8_matrix_mul_2D_reg[2][2][13]/D   I2C   default_mode 
    2322  7755   systolic_array_8X8_matrix_mul_2D_reg[2][2][12]/D   I2C   default_mode 
    2323  7755   systolic_array_8X8_matrix_mul_2D_reg[2][2][11]/D   I2C   default_mode 
    2324  7755   systolic_array_8X8_matrix_mul_2D_reg[2][2][10]/D   I2C   default_mode 
    2325  7755   systolic_array_8X8_matrix_mul_2D_reg[2][2][9]/D    I2C   default_mode 
    2326  7755   systolic_array_8X8_matrix_mul_2D_reg[2][2][8]/D    I2C   default_mode 
    2327  7755   systolic_array_8X8_matrix_mul_2D_reg[2][2][7]/D    I2C   default_mode 
    2328  7755   systolic_array_8X8_matrix_mul_2D_reg[2][2][6]/D    I2C   default_mode 
    2329  7755   systolic_array_8X8_matrix_mul_2D_reg[2][2][5]/D    I2C   default_mode 
    2330  7755   systolic_array_8X8_matrix_mul_2D_reg[2][2][4]/D    I2C   default_mode 
    2331  7755   systolic_array_8X8_matrix_mul_2D_reg[2][2][3]/D    I2C   default_mode 
    2332  7755   systolic_array_8X8_matrix_mul_2D_reg[2][2][1]/D    I2C   default_mode 
    2333  7755   systolic_array_8X8_matrix_mul_2D_reg[2][2][2]/D    I2C   default_mode 
    2334  7755   systolic_array_8X8_matrix_mul_2D_reg[2][2][0]/D    I2C   default_mode 
    2335  7755   systolic_array_8X8_matrix_mul_2D_reg[1][3][16]/D   I2C   default_mode 
    2336  7755   systolic_array_8X8_matrix_mul_2D_reg[1][3][15]/D   I2C   default_mode 
    2337  7755   systolic_array_8X8_matrix_mul_2D_reg[1][3][14]/D   I2C   default_mode 
    2338  7755   systolic_array_8X8_matrix_mul_2D_reg[1][3][13]/D   I2C   default_mode 
    2339  7755   systolic_array_8X8_matrix_mul_2D_reg[1][3][12]/D   I2C   default_mode 
    2340  7755   systolic_array_8X8_matrix_mul_2D_reg[1][3][11]/D   I2C   default_mode 
    2341  7755   systolic_array_8X8_matrix_mul_2D_reg[1][3][10]/D   I2C   default_mode 
    2342  7755   systolic_array_8X8_matrix_mul_2D_reg[1][3][9]/D    I2C   default_mode 
    2343  7755   systolic_array_8X8_matrix_mul_2D_reg[1][3][8]/D    I2C   default_mode 
    2344  7755   systolic_array_8X8_matrix_mul_2D_reg[1][3][7]/D    I2C   default_mode 
    2345  7755   systolic_array_8X8_matrix_mul_2D_reg[1][3][6]/D    I2C   default_mode 
    2346  7755   systolic_array_8X8_matrix_mul_2D_reg[1][3][5]/D    I2C   default_mode 
    2347  7755   systolic_array_8X8_matrix_mul_2D_reg[1][3][4]/D    I2C   default_mode 
    2348  7755   systolic_array_8X8_matrix_mul_2D_reg[1][3][3]/D    I2C   default_mode 
    2349  7755   systolic_array_8X8_matrix_mul_2D_reg[1][3][2]/D    I2C   default_mode 
    2350  7755   systolic_array_8X8_matrix_mul_2D_reg[1][3][1]/D    I2C   default_mode 
    2351  7755   systolic_array_8X8_matrix_mul_2D_reg[1][3][0]/D    I2C   default_mode 
    2352  7755   systolic_array_8X8_matrix_mul_2D_reg[0][4][16]/D   I2C   default_mode 
    2353  7755   systolic_array_8X8_matrix_mul_2D_reg[0][4][15]/D   I2C   default_mode 
    2354  7755   systolic_array_8X8_matrix_mul_2D_reg[0][4][14]/D   I2C   default_mode 
    2355  7755   systolic_array_8X8_matrix_mul_2D_reg[0][4][13]/D   I2C   default_mode 
    2356  7755   systolic_array_8X8_matrix_mul_2D_reg[0][4][12]/D   I2C   default_mode 
    2357  7755   systolic_array_8X8_matrix_mul_2D_reg[0][4][11]/D   I2C   default_mode 
    2358  7755   systolic_array_8X8_matrix_mul_2D_reg[0][4][10]/D   I2C   default_mode 
    2359  7755   systolic_array_8X8_matrix_mul_2D_reg[0][4][9]/D    I2C   default_mode 
    2360  7755   systolic_array_8X8_matrix_mul_2D_reg[0][4][8]/D    I2C   default_mode 
    2361  7755   systolic_array_8X8_matrix_mul_2D_reg[0][4][7]/D    I2C   default_mode 
    2362  7755   systolic_array_8X8_matrix_mul_2D_reg[0][4][6]/D    I2C   default_mode 
    2363  7755   systolic_array_8X8_matrix_mul_2D_reg[0][4][5]/D    I2C   default_mode 
    2364  7755   systolic_array_8X8_matrix_mul_2D_reg[0][4][4]/D    I2C   default_mode 
    2365  7755   systolic_array_8X8_matrix_mul_2D_reg[0][4][3]/D    I2C   default_mode 
    2366  7755   systolic_array_8X8_matrix_mul_2D_reg[0][4][2]/D    I2C   default_mode 
    2367  7755   systolic_array_8X8_matrix_mul_2D_reg[0][4][1]/D    I2C   default_mode 
    2368  7755   systolic_array_8X8_matrix_mul_2D_reg[0][4][0]/D    I2C   default_mode 
    2369  7797   systolic_array_8X8_matrix_mul_2D_reg[7][5][28]/D   I2C   default_mode 
    2370  7797   systolic_array_8X8_matrix_mul_2D_reg[7][5][30]/D   I2C   default_mode 
    2371  7797   systolic_array_8X8_matrix_mul_2D_reg[7][5][29]/D   I2C   default_mode 
    2372  7797   systolic_array_8X8_matrix_mul_2D_reg[7][5][27]/D   I2C   default_mode 
    2373  7797   systolic_array_8X8_matrix_mul_2D_reg[7][5][26]/D   I2C   default_mode 
    2374  7797   systolic_array_8X8_matrix_mul_2D_reg[7][5][25]/D   I2C   default_mode 
    2375  7797   systolic_array_8X8_matrix_mul_2D_reg[7][5][24]/D   I2C   default_mode 
    2376  7797   systolic_array_8X8_matrix_mul_2D_reg[7][5][23]/D   I2C   default_mode 
    2377  7797   systolic_array_8X8_matrix_mul_2D_reg[7][5][22]/D   I2C   default_mode 
    2378  7797   systolic_array_8X8_matrix_mul_2D_reg[7][5][21]/D   I2C   default_mode 
    2379  7797   systolic_array_8X8_matrix_mul_2D_reg[7][5][20]/D   I2C   default_mode 
    2380  7797   systolic_array_8X8_matrix_mul_2D_reg[7][5][19]/D   I2C   default_mode 
    2381  7797   systolic_array_8X8_matrix_mul_2D_reg[7][5][17]/D   I2C   default_mode 
    2382  7797   systolic_array_8X8_matrix_mul_2D_reg[7][5][18]/D   I2C   default_mode 
    2383  7797   systolic_array_8X8_matrix_mul_2D_reg[7][5][31]/D   I2C   default_mode 
    2384  7797   systolic_array_8X8_matrix_mul_2D_reg[6][6][29]/D   I2C   default_mode 
    2385  7797   systolic_array_8X8_matrix_mul_2D_reg[6][6][31]/D   I2C   default_mode 
    2386  7797   systolic_array_8X8_matrix_mul_2D_reg[6][6][30]/D   I2C   default_mode 
    2387  7797   systolic_array_8X8_matrix_mul_2D_reg[6][6][28]/D   I2C   default_mode 
    2388  7797   systolic_array_8X8_matrix_mul_2D_reg[6][6][27]/D   I2C   default_mode 
    2389  7797   systolic_array_8X8_matrix_mul_2D_reg[6][6][25]/D   I2C   default_mode 
    2390  7797   systolic_array_8X8_matrix_mul_2D_reg[6][6][26]/D   I2C   default_mode 
    2391  7797   systolic_array_8X8_matrix_mul_2D_reg[6][6][24]/D   I2C   default_mode 
    2392  7797   systolic_array_8X8_matrix_mul_2D_reg[6][6][23]/D   I2C   default_mode 
    2393  7797   systolic_array_8X8_matrix_mul_2D_reg[6][6][22]/D   I2C   default_mode 
    2394  7797   systolic_array_8X8_matrix_mul_2D_reg[6][6][21]/D   I2C   default_mode 
    2395  7797   systolic_array_8X8_matrix_mul_2D_reg[6][6][20]/D   I2C   default_mode 
    2396  7797   systolic_array_8X8_matrix_mul_2D_reg[6][6][19]/D   I2C   default_mode 
    2397  7797   systolic_array_8X8_matrix_mul_2D_reg[6][6][17]/D   I2C   default_mode 
    2398  7797   systolic_array_8X8_matrix_mul_2D_reg[6][6][18]/D   I2C   default_mode 
    2399  7797   systolic_array_8X8_matrix_mul_2D_reg[5][7][31]/D   I2C   default_mode 
    2400  7797   systolic_array_8X8_matrix_mul_2D_reg[5][7][30]/D   I2C   default_mode 
    2401  7797   systolic_array_8X8_matrix_mul_2D_reg[5][7][29]/D   I2C   default_mode 
    2402  7797   systolic_array_8X8_matrix_mul_2D_reg[5][7][28]/D   I2C   default_mode 
    2403  7797   systolic_array_8X8_matrix_mul_2D_reg[5][7][27]/D   I2C   default_mode 
    2404  7797   systolic_array_8X8_matrix_mul_2D_reg[5][7][25]/D   I2C   default_mode 
    2405  7797   systolic_array_8X8_matrix_mul_2D_reg[5][7][26]/D   I2C   default_mode 
    2406  7797   systolic_array_8X8_matrix_mul_2D_reg[5][7][24]/D   I2C   default_mode 
    2407  7797   systolic_array_8X8_matrix_mul_2D_reg[5][7][23]/D   I2C   default_mode 
    2408  7797   systolic_array_8X8_matrix_mul_2D_reg[5][7][22]/D   I2C   default_mode 
    2409  7797   systolic_array_8X8_matrix_mul_2D_reg[5][7][21]/D   I2C   default_mode 
    2410  7797   systolic_array_8X8_matrix_mul_2D_reg[5][7][20]/D   I2C   default_mode 
    2411  7797   systolic_array_8X8_matrix_mul_2D_reg[5][7][19]/D   I2C   default_mode 
    2412  7797   systolic_array_8X8_matrix_mul_2D_reg[5][7][18]/D   I2C   default_mode 
    2413  7797   systolic_array_8X8_matrix_mul_2D_reg[5][7][17]/D   I2C   default_mode 
    2414  7825   systolic_array_8X8_matrix_mul_2D_reg[4][1][16]/D   I2C   default_mode 
    2415  7825   systolic_array_8X8_matrix_mul_2D_reg[4][1][15]/D   I2C   default_mode 
    2416  7825   systolic_array_8X8_matrix_mul_2D_reg[4][1][14]/D   I2C   default_mode 
    2417  7825   systolic_array_8X8_matrix_mul_2D_reg[4][1][13]/D   I2C   default_mode 
    2418  7825   systolic_array_8X8_matrix_mul_2D_reg[4][1][12]/D   I2C   default_mode 
    2419  7825   systolic_array_8X8_matrix_mul_2D_reg[4][1][11]/D   I2C   default_mode 
    2420  7825   systolic_array_8X8_matrix_mul_2D_reg[4][1][10]/D   I2C   default_mode 
    2421  7825   systolic_array_8X8_matrix_mul_2D_reg[4][1][9]/D    I2C   default_mode 
    2422  7825   systolic_array_8X8_matrix_mul_2D_reg[4][1][8]/D    I2C   default_mode 
    2423  7825   systolic_array_8X8_matrix_mul_2D_reg[4][1][7]/D    I2C   default_mode 
    2424  7825   systolic_array_8X8_matrix_mul_2D_reg[4][1][6]/D    I2C   default_mode 
    2425  7825   systolic_array_8X8_matrix_mul_2D_reg[4][1][5]/D    I2C   default_mode 
    2426  7825   systolic_array_8X8_matrix_mul_2D_reg[4][1][4]/D    I2C   default_mode 
    2427  7825   systolic_array_8X8_matrix_mul_2D_reg[4][1][3]/D    I2C   default_mode 
    2428  7825   systolic_array_8X8_matrix_mul_2D_reg[4][1][0]/D    I2C   default_mode 
    2429  7825   systolic_array_8X8_matrix_mul_2D_reg[4][1][1]/D    I2C   default_mode 
    2430  7825   systolic_array_8X8_matrix_mul_2D_reg[4][1][2]/D    I2C   default_mode 
    2431  7825   systolic_array_8X8_matrix_mul_2D_reg[3][2][16]/D   I2C   default_mode 
    2432  7825   systolic_array_8X8_matrix_mul_2D_reg[3][2][15]/D   I2C   default_mode 
    2433  7825   systolic_array_8X8_matrix_mul_2D_reg[3][2][14]/D   I2C   default_mode 
    2434  7825   systolic_array_8X8_matrix_mul_2D_reg[3][2][13]/D   I2C   default_mode 
    2435  7825   systolic_array_8X8_matrix_mul_2D_reg[3][2][12]/D   I2C   default_mode 
    2436  7825   systolic_array_8X8_matrix_mul_2D_reg[3][2][11]/D   I2C   default_mode 
    2437  7825   systolic_array_8X8_matrix_mul_2D_reg[3][2][10]/D   I2C   default_mode 
    2438  7825   systolic_array_8X8_matrix_mul_2D_reg[3][2][9]/D    I2C   default_mode 
    2439  7825   systolic_array_8X8_matrix_mul_2D_reg[3][2][8]/D    I2C   default_mode 
    2440  7825   systolic_array_8X8_matrix_mul_2D_reg[3][2][7]/D    I2C   default_mode 
    2441  7825   systolic_array_8X8_matrix_mul_2D_reg[3][2][6]/D    I2C   default_mode 
    2442  7825   systolic_array_8X8_matrix_mul_2D_reg[3][2][5]/D    I2C   default_mode 
    2443  7825   systolic_array_8X8_matrix_mul_2D_reg[3][2][4]/D    I2C   default_mode 
    2444  7825   systolic_array_8X8_matrix_mul_2D_reg[3][2][3]/D    I2C   default_mode 
    2445  7825   systolic_array_8X8_matrix_mul_2D_reg[3][2][2]/D    I2C   default_mode 
    2446  7825   systolic_array_8X8_matrix_mul_2D_reg[3][2][1]/D    I2C   default_mode 
    2447  7825   systolic_array_8X8_matrix_mul_2D_reg[3][2][0]/D    I2C   default_mode 
    2448  7825   systolic_array_8X8_matrix_mul_2D_reg[2][3][16]/D   I2C   default_mode 
    2449  7825   systolic_array_8X8_matrix_mul_2D_reg[2][3][15]/D   I2C   default_mode 
    2450  7825   systolic_array_8X8_matrix_mul_2D_reg[2][3][14]/D   I2C   default_mode 
    2451  7825   systolic_array_8X8_matrix_mul_2D_reg[2][3][13]/D   I2C   default_mode 
    2452  7825   systolic_array_8X8_matrix_mul_2D_reg[2][3][12]/D   I2C   default_mode 
    2453  7825   systolic_array_8X8_matrix_mul_2D_reg[2][3][11]/D   I2C   default_mode 
    2454  7825   systolic_array_8X8_matrix_mul_2D_reg[2][3][10]/D   I2C   default_mode 
    2455  7825   systolic_array_8X8_matrix_mul_2D_reg[2][3][9]/D    I2C   default_mode 
    2456  7825   systolic_array_8X8_matrix_mul_2D_reg[2][3][8]/D    I2C   default_mode 
    2457  7825   systolic_array_8X8_matrix_mul_2D_reg[2][3][7]/D    I2C   default_mode 
    2458  7825   systolic_array_8X8_matrix_mul_2D_reg[2][3][6]/D    I2C   default_mode 
    2459  7825   systolic_array_8X8_matrix_mul_2D_reg[2][3][5]/D    I2C   default_mode 
    2460  7825   systolic_array_8X8_matrix_mul_2D_reg[2][3][4]/D    I2C   default_mode 
    2461  7825   systolic_array_8X8_matrix_mul_2D_reg[2][3][3]/D    I2C   default_mode 
    2462  7825   systolic_array_8X8_matrix_mul_2D_reg[2][3][1]/D    I2C   default_mode 
    2463  7825   systolic_array_8X8_matrix_mul_2D_reg[2][3][2]/D    I2C   default_mode 
    2464  7825   systolic_array_8X8_matrix_mul_2D_reg[2][3][0]/D    I2C   default_mode 
    2465  7825   systolic_array_8X8_matrix_mul_2D_reg[1][4][16]/D   I2C   default_mode 
    2466  7825   systolic_array_8X8_matrix_mul_2D_reg[1][4][15]/D   I2C   default_mode 
    2467  7825   systolic_array_8X8_matrix_mul_2D_reg[1][4][14]/D   I2C   default_mode 
    2468  7825   systolic_array_8X8_matrix_mul_2D_reg[1][4][13]/D   I2C   default_mode 
    2469  7825   systolic_array_8X8_matrix_mul_2D_reg[1][4][12]/D   I2C   default_mode 
    2470  7825   systolic_array_8X8_matrix_mul_2D_reg[1][4][11]/D   I2C   default_mode 
    2471  7825   systolic_array_8X8_matrix_mul_2D_reg[1][4][10]/D   I2C   default_mode 
    2472  7825   systolic_array_8X8_matrix_mul_2D_reg[1][4][9]/D    I2C   default_mode 
    2473  7825   systolic_array_8X8_matrix_mul_2D_reg[1][4][8]/D    I2C   default_mode 
    2474  7825   systolic_array_8X8_matrix_mul_2D_reg[1][4][7]/D    I2C   default_mode 
    2475  7825   systolic_array_8X8_matrix_mul_2D_reg[1][4][6]/D    I2C   default_mode 
    2476  7825   systolic_array_8X8_matrix_mul_2D_reg[1][4][5]/D    I2C   default_mode 
    2477  7825   systolic_array_8X8_matrix_mul_2D_reg[1][4][4]/D    I2C   default_mode 
    2478  7825   systolic_array_8X8_matrix_mul_2D_reg[1][4][3]/D    I2C   default_mode 
    2479  7825   systolic_array_8X8_matrix_mul_2D_reg[1][4][2]/D    I2C   default_mode 
    2480  7825   systolic_array_8X8_matrix_mul_2D_reg[1][4][1]/D    I2C   default_mode 
    2481  7825   systolic_array_8X8_matrix_mul_2D_reg[1][4][0]/D    I2C   default_mode 
    2482  7825   systolic_array_8X8_matrix_mul_2D_reg[0][5][16]/D   I2C   default_mode 
    2483  7825   systolic_array_8X8_matrix_mul_2D_reg[0][5][15]/D   I2C   default_mode 
    2484  7825   systolic_array_8X8_matrix_mul_2D_reg[0][5][14]/D   I2C   default_mode 
    2485  7825   systolic_array_8X8_matrix_mul_2D_reg[0][5][13]/D   I2C   default_mode 
    2486  7825   systolic_array_8X8_matrix_mul_2D_reg[0][5][12]/D   I2C   default_mode 
    2487  7825   systolic_array_8X8_matrix_mul_2D_reg[0][5][11]/D   I2C   default_mode 
    2488  7825   systolic_array_8X8_matrix_mul_2D_reg[0][5][10]/D   I2C   default_mode 
    2489  7825   systolic_array_8X8_matrix_mul_2D_reg[0][5][9]/D    I2C   default_mode 
    2490  7825   systolic_array_8X8_matrix_mul_2D_reg[0][5][8]/D    I2C   default_mode 
    2491  7825   systolic_array_8X8_matrix_mul_2D_reg[0][5][7]/D    I2C   default_mode 
    2492  7825   systolic_array_8X8_matrix_mul_2D_reg[0][5][6]/D    I2C   default_mode 
    2493  7825   systolic_array_8X8_matrix_mul_2D_reg[0][5][5]/D    I2C   default_mode 
    2494  7825   systolic_array_8X8_matrix_mul_2D_reg[0][5][4]/D    I2C   default_mode 
    2495  7825   systolic_array_8X8_matrix_mul_2D_reg[0][5][3]/D    I2C   default_mode 
    2496  7825   systolic_array_8X8_matrix_mul_2D_reg[0][5][1]/D    I2C   default_mode 
    2497  7825   systolic_array_8X8_matrix_mul_2D_reg[0][5][2]/D    I2C   default_mode 
    2498  7825   systolic_array_8X8_matrix_mul_2D_reg[0][5][0]/D    I2C   default_mode 
    2499  7825   systolic_array_8X8_matrix_mul_2D_reg[5][0][16]/D   I2C   default_mode 
    2500  7825   systolic_array_8X8_matrix_mul_2D_reg[5][0][15]/D   I2C   default_mode 
    2501  7825   systolic_array_8X8_matrix_mul_2D_reg[5][0][14]/D   I2C   default_mode 
    2502  7825   systolic_array_8X8_matrix_mul_2D_reg[5][0][13]/D   I2C   default_mode 
    2503  7825   systolic_array_8X8_matrix_mul_2D_reg[5][0][12]/D   I2C   default_mode 
    2504  7825   systolic_array_8X8_matrix_mul_2D_reg[5][0][11]/D   I2C   default_mode 
    2505  7825   systolic_array_8X8_matrix_mul_2D_reg[5][0][10]/D   I2C   default_mode 
    2506  7825   systolic_array_8X8_matrix_mul_2D_reg[5][0][9]/D    I2C   default_mode 
    2507  7825   systolic_array_8X8_matrix_mul_2D_reg[5][0][8]/D    I2C   default_mode 
    2508  7825   systolic_array_8X8_matrix_mul_2D_reg[5][0][7]/D    I2C   default_mode 
    2509  7825   systolic_array_8X8_matrix_mul_2D_reg[5][0][6]/D    I2C   default_mode 
    2510  7825   systolic_array_8X8_matrix_mul_2D_reg[5][0][5]/D    I2C   default_mode 
    2511  7825   systolic_array_8X8_matrix_mul_2D_reg[5][0][4]/D    I2C   default_mode 
    2512  7825   systolic_array_8X8_matrix_mul_2D_reg[5][0][3]/D    I2C   default_mode 
    2513  7825   systolic_array_8X8_matrix_mul_2D_reg[5][0][2]/D    I2C   default_mode 
    2514  7825   systolic_array_8X8_matrix_mul_2D_reg[5][0][1]/D    I2C   default_mode 
    2515  7825   systolic_array_8X8_matrix_mul_2D_reg[5][0][0]/D    I2C   default_mode 
    2516  7826   systolic_array_8X8_matrix_mul_2D_reg[0][0][16]/D   I2C   default_mode 
    2517  7826   systolic_array_8X8_matrix_mul_2D_reg[0][0][15]/D   I2C   default_mode 
    2518  7826   systolic_array_8X8_matrix_mul_2D_reg[0][0][14]/D   I2C   default_mode 
    2519  7826   systolic_array_8X8_matrix_mul_2D_reg[0][0][13]/D   I2C   default_mode 
    2520  7826   systolic_array_8X8_matrix_mul_2D_reg[0][0][12]/D   I2C   default_mode 
    2521  7826   systolic_array_8X8_matrix_mul_2D_reg[0][0][11]/D   I2C   default_mode 
    2522  7826   systolic_array_8X8_matrix_mul_2D_reg[0][0][10]/D   I2C   default_mode 
    2523  7826   systolic_array_8X8_matrix_mul_2D_reg[0][0][9]/D    I2C   default_mode 
    2524  7826   systolic_array_8X8_matrix_mul_2D_reg[0][0][8]/D    I2C   default_mode 
    2525  7826   systolic_array_8X8_matrix_mul_2D_reg[0][0][7]/D    I2C   default_mode 
    2526  7826   systolic_array_8X8_matrix_mul_2D_reg[0][0][6]/D    I2C   default_mode 
    2527  7826   systolic_array_8X8_matrix_mul_2D_reg[0][0][5]/D    I2C   default_mode 
    2528  7826   systolic_array_8X8_matrix_mul_2D_reg[0][0][4]/D    I2C   default_mode 
    2529  7826   systolic_array_8X8_matrix_mul_2D_reg[0][0][3]/D    I2C   default_mode 
    2530  7826   systolic_array_8X8_matrix_mul_2D_reg[0][0][2]/D    I2C   default_mode 
    2531  7826   systolic_array_8X8_matrix_mul_2D_reg[0][0][1]/D    I2C   default_mode 
    2532  7826   systolic_array_8X8_matrix_mul_2D_reg[0][0][0]/D    I2C   default_mode 
    2533  7828   systolic_array_8X8_matrix_mul_2D_reg[1][0][16]/D   I2C   default_mode 
    2534  7828   systolic_array_8X8_matrix_mul_2D_reg[1][0][15]/D   I2C   default_mode 
    2535  7828   systolic_array_8X8_matrix_mul_2D_reg[1][0][13]/D   I2C   default_mode 
    2536  7828   systolic_array_8X8_matrix_mul_2D_reg[1][0][14]/D   I2C   default_mode 
    2537  7828   systolic_array_8X8_matrix_mul_2D_reg[1][0][12]/D   I2C   default_mode 
    2538  7828   systolic_array_8X8_matrix_mul_2D_reg[1][0][11]/D   I2C   default_mode 
    2539  7828   systolic_array_8X8_matrix_mul_2D_reg[1][0][10]/D   I2C   default_mode 
    2540  7828   systolic_array_8X8_matrix_mul_2D_reg[1][0][9]/D    I2C   default_mode 
    2541  7828   systolic_array_8X8_matrix_mul_2D_reg[1][0][8]/D    I2C   default_mode 
    2542  7828   systolic_array_8X8_matrix_mul_2D_reg[1][0][7]/D    I2C   default_mode 
    2543  7828   systolic_array_8X8_matrix_mul_2D_reg[1][0][5]/D    I2C   default_mode 
    2544  7828   systolic_array_8X8_matrix_mul_2D_reg[1][0][6]/D    I2C   default_mode 
    2545  7828   systolic_array_8X8_matrix_mul_2D_reg[1][0][4]/D    I2C   default_mode 
    2546  7828   systolic_array_8X8_matrix_mul_2D_reg[1][0][3]/D    I2C   default_mode 
    2547  7828   systolic_array_8X8_matrix_mul_2D_reg[1][0][2]/D    I2C   default_mode 
    2548  7828   systolic_array_8X8_matrix_mul_2D_reg[1][0][1]/D    I2C   default_mode 
    2549  7828   systolic_array_8X8_matrix_mul_2D_reg[1][0][0]/D    I2C   default_mode 
    2550  7828   systolic_array_8X8_matrix_mul_2D_reg[0][1][16]/D   I2C   default_mode 
    2551  7828   systolic_array_8X8_matrix_mul_2D_reg[0][1][15]/D   I2C   default_mode 
    2552  7828   systolic_array_8X8_matrix_mul_2D_reg[0][1][14]/D   I2C   default_mode 
    2553  7828   systolic_array_8X8_matrix_mul_2D_reg[0][1][13]/D   I2C   default_mode 
    2554  7828   systolic_array_8X8_matrix_mul_2D_reg[0][1][12]/D   I2C   default_mode 
    2555  7828   systolic_array_8X8_matrix_mul_2D_reg[0][1][11]/D   I2C   default_mode 
    2556  7828   systolic_array_8X8_matrix_mul_2D_reg[0][1][10]/D   I2C   default_mode 
    2557  7828   systolic_array_8X8_matrix_mul_2D_reg[0][1][9]/D    I2C   default_mode 
    2558  7828   systolic_array_8X8_matrix_mul_2D_reg[0][1][8]/D    I2C   default_mode 
    2559  7828   systolic_array_8X8_matrix_mul_2D_reg[0][1][7]/D    I2C   default_mode 
    2560  7828   systolic_array_8X8_matrix_mul_2D_reg[0][1][6]/D    I2C   default_mode 
    2561  7828   systolic_array_8X8_matrix_mul_2D_reg[0][1][5]/D    I2C   default_mode 
    2562  7828   systolic_array_8X8_matrix_mul_2D_reg[0][1][4]/D    I2C   default_mode 
    2563  7828   systolic_array_8X8_matrix_mul_2D_reg[0][1][3]/D    I2C   default_mode 
    2564  7828   systolic_array_8X8_matrix_mul_2D_reg[0][1][1]/D    I2C   default_mode 
    2565  7828   systolic_array_8X8_matrix_mul_2D_reg[0][1][2]/D    I2C   default_mode 
    2566  7828   systolic_array_8X8_matrix_mul_2D_reg[0][1][0]/D    I2C   default_mode 
    2567  7829   systolic_array_8X8_matrix_mul_2D_reg[3][6][16]/D   I2C   default_mode 
    2568  7829   systolic_array_8X8_matrix_mul_2D_reg[3][6][15]/D   I2C   default_mode 
    2569  7829   systolic_array_8X8_matrix_mul_2D_reg[3][6][14]/D   I2C   default_mode 
    2570  7829   systolic_array_8X8_matrix_mul_2D_reg[3][6][13]/D   I2C   default_mode 
    2571  7829   systolic_array_8X8_matrix_mul_2D_reg[3][6][12]/D   I2C   default_mode 
    2572  7829   systolic_array_8X8_matrix_mul_2D_reg[3][6][11]/D   I2C   default_mode 
    2573  7829   systolic_array_8X8_matrix_mul_2D_reg[3][6][10]/D   I2C   default_mode 
    2574  7829   systolic_array_8X8_matrix_mul_2D_reg[3][6][9]/D    I2C   default_mode 
    2575  7829   systolic_array_8X8_matrix_mul_2D_reg[3][6][8]/D    I2C   default_mode 
    2576  7829   systolic_array_8X8_matrix_mul_2D_reg[3][6][7]/D    I2C   default_mode 
    2577  7829   systolic_array_8X8_matrix_mul_2D_reg[3][6][6]/D    I2C   default_mode 
    2578  7829   systolic_array_8X8_matrix_mul_2D_reg[3][6][5]/D    I2C   default_mode 
    2579  7829   systolic_array_8X8_matrix_mul_2D_reg[3][6][4]/D    I2C   default_mode 
    2580  7829   systolic_array_8X8_matrix_mul_2D_reg[3][6][3]/D    I2C   default_mode 
    2581  7829   systolic_array_8X8_matrix_mul_2D_reg[3][6][0]/D    I2C   default_mode 
    2582  7829   systolic_array_8X8_matrix_mul_2D_reg[3][6][2]/D    I2C   default_mode 
    2583  7829   systolic_array_8X8_matrix_mul_2D_reg[3][6][1]/D    I2C   default_mode 
    2584  7829   systolic_array_8X8_matrix_mul_2D_reg[2][7][16]/D   I2C   default_mode 
    2585  7829   systolic_array_8X8_matrix_mul_2D_reg[2][7][15]/D   I2C   default_mode 
    2586  7829   systolic_array_8X8_matrix_mul_2D_reg[2][7][14]/D   I2C   default_mode 
    2587  7829   systolic_array_8X8_matrix_mul_2D_reg[2][7][13]/D   I2C   default_mode 
    2588  7829   systolic_array_8X8_matrix_mul_2D_reg[2][7][12]/D   I2C   default_mode 
    2589  7829   systolic_array_8X8_matrix_mul_2D_reg[2][7][11]/D   I2C   default_mode 
    2590  7829   systolic_array_8X8_matrix_mul_2D_reg[2][7][10]/D   I2C   default_mode 
    2591  7829   systolic_array_8X8_matrix_mul_2D_reg[2][7][9]/D    I2C   default_mode 
    2592  7829   systolic_array_8X8_matrix_mul_2D_reg[2][7][8]/D    I2C   default_mode 
    2593  7829   systolic_array_8X8_matrix_mul_2D_reg[2][7][7]/D    I2C   default_mode 
    2594  7829   systolic_array_8X8_matrix_mul_2D_reg[2][7][6]/D    I2C   default_mode 
    2595  7829   systolic_array_8X8_matrix_mul_2D_reg[2][7][5]/D    I2C   default_mode 
    2596  7829   systolic_array_8X8_matrix_mul_2D_reg[2][7][4]/D    I2C   default_mode 
    2597  7829   systolic_array_8X8_matrix_mul_2D_reg[2][7][3]/D    I2C   default_mode 
    2598  7829   systolic_array_8X8_matrix_mul_2D_reg[2][7][2]/D    I2C   default_mode 
    2599  7829   systolic_array_8X8_matrix_mul_2D_reg[2][7][1]/D    I2C   default_mode 
    2600  7829   systolic_array_8X8_matrix_mul_2D_reg[2][7][0]/D    I2C   default_mode 
    2601  7829   systolic_array_8X8_matrix_mul_2D_reg[7][2][16]/D   I2C   default_mode 
    2602  7829   systolic_array_8X8_matrix_mul_2D_reg[7][2][15]/D   I2C   default_mode 
    2603  7829   systolic_array_8X8_matrix_mul_2D_reg[7][2][14]/D   I2C   default_mode 
    2604  7829   systolic_array_8X8_matrix_mul_2D_reg[7][2][13]/D   I2C   default_mode 
    2605  7829   systolic_array_8X8_matrix_mul_2D_reg[7][2][12]/D   I2C   default_mode 
    2606  7829   systolic_array_8X8_matrix_mul_2D_reg[7][2][11]/D   I2C   default_mode 
    2607  7829   systolic_array_8X8_matrix_mul_2D_reg[7][2][10]/D   I2C   default_mode 
    2608  7829   systolic_array_8X8_matrix_mul_2D_reg[7][2][9]/D    I2C   default_mode 
    2609  7829   systolic_array_8X8_matrix_mul_2D_reg[7][2][8]/D    I2C   default_mode 
    2610  7829   systolic_array_8X8_matrix_mul_2D_reg[7][2][7]/D    I2C   default_mode 
    2611  7829   systolic_array_8X8_matrix_mul_2D_reg[7][2][6]/D    I2C   default_mode 
    2612  7829   systolic_array_8X8_matrix_mul_2D_reg[7][2][5]/D    I2C   default_mode 
    2613  7829   systolic_array_8X8_matrix_mul_2D_reg[7][2][4]/D    I2C   default_mode 
    2614  7829   systolic_array_8X8_matrix_mul_2D_reg[7][2][3]/D    I2C   default_mode 
    2615  7829   systolic_array_8X8_matrix_mul_2D_reg[7][2][0]/D    I2C   default_mode 
    2616  7829   systolic_array_8X8_matrix_mul_2D_reg[7][2][2]/D    I2C   default_mode 
    2617  7829   systolic_array_8X8_matrix_mul_2D_reg[7][2][1]/D    I2C   default_mode 
    2618  7829   systolic_array_8X8_matrix_mul_2D_reg[6][3][16]/D   I2C   default_mode 
    2619  7829   systolic_array_8X8_matrix_mul_2D_reg[6][3][15]/D   I2C   default_mode 
    2620  7829   systolic_array_8X8_matrix_mul_2D_reg[6][3][14]/D   I2C   default_mode 
    2621  7829   systolic_array_8X8_matrix_mul_2D_reg[6][3][13]/D   I2C   default_mode 
    2622  7829   systolic_array_8X8_matrix_mul_2D_reg[6][3][12]/D   I2C   default_mode 
    2623  7829   systolic_array_8X8_matrix_mul_2D_reg[6][3][11]/D   I2C   default_mode 
    2624  7829   systolic_array_8X8_matrix_mul_2D_reg[6][3][9]/D    I2C   default_mode 
    2625  7829   systolic_array_8X8_matrix_mul_2D_reg[6][3][10]/D   I2C   default_mode 
    2626  7829   systolic_array_8X8_matrix_mul_2D_reg[6][3][8]/D    I2C   default_mode 
    2627  7829   systolic_array_8X8_matrix_mul_2D_reg[6][3][7]/D    I2C   default_mode 
    2628  7829   systolic_array_8X8_matrix_mul_2D_reg[6][3][6]/D    I2C   default_mode 
    2629  7829   systolic_array_8X8_matrix_mul_2D_reg[6][3][5]/D    I2C   default_mode 
    2630  7829   systolic_array_8X8_matrix_mul_2D_reg[6][3][4]/D    I2C   default_mode 
    2631  7829   systolic_array_8X8_matrix_mul_2D_reg[6][3][3]/D    I2C   default_mode 
    2632  7829   systolic_array_8X8_matrix_mul_2D_reg[6][3][0]/D    I2C   default_mode 
    2633  7829   systolic_array_8X8_matrix_mul_2D_reg[6][3][1]/D    I2C   default_mode 
    2634  7829   systolic_array_8X8_matrix_mul_2D_reg[6][3][2]/D    I2C   default_mode 
    2635  7829   systolic_array_8X8_matrix_mul_2D_reg[5][4][16]/D   I2C   default_mode 
    2636  7829   systolic_array_8X8_matrix_mul_2D_reg[5][4][15]/D   I2C   default_mode 
    2637  7829   systolic_array_8X8_matrix_mul_2D_reg[5][4][14]/D   I2C   default_mode 
    2638  7829   systolic_array_8X8_matrix_mul_2D_reg[5][4][13]/D   I2C   default_mode 
    2639  7829   systolic_array_8X8_matrix_mul_2D_reg[5][4][12]/D   I2C   default_mode 
    2640  7829   systolic_array_8X8_matrix_mul_2D_reg[5][4][11]/D   I2C   default_mode 
    2641  7829   systolic_array_8X8_matrix_mul_2D_reg[5][4][9]/D    I2C   default_mode 
    2642  7829   systolic_array_8X8_matrix_mul_2D_reg[5][4][10]/D   I2C   default_mode 
    2643  7829   systolic_array_8X8_matrix_mul_2D_reg[5][4][8]/D    I2C   default_mode 
    2644  7829   systolic_array_8X8_matrix_mul_2D_reg[5][4][7]/D    I2C   default_mode 
    2645  7829   systolic_array_8X8_matrix_mul_2D_reg[5][4][6]/D    I2C   default_mode 
    2646  7829   systolic_array_8X8_matrix_mul_2D_reg[5][4][5]/D    I2C   default_mode 
    2647  7829   systolic_array_8X8_matrix_mul_2D_reg[5][4][4]/D    I2C   default_mode 
    2648  7829   systolic_array_8X8_matrix_mul_2D_reg[5][4][3]/D    I2C   default_mode 
    2649  7829   systolic_array_8X8_matrix_mul_2D_reg[5][4][2]/D    I2C   default_mode 
    2650  7829   systolic_array_8X8_matrix_mul_2D_reg[5][4][1]/D    I2C   default_mode 
    2651  7829   systolic_array_8X8_matrix_mul_2D_reg[5][4][0]/D    I2C   default_mode 
    2652  7829   systolic_array_8X8_matrix_mul_2D_reg[4][5][16]/D   I2C   default_mode 
    2653  7829   systolic_array_8X8_matrix_mul_2D_reg[4][5][15]/D   I2C   default_mode 
    2654  7829   systolic_array_8X8_matrix_mul_2D_reg[4][5][14]/D   I2C   default_mode 
    2655  7829   systolic_array_8X8_matrix_mul_2D_reg[4][5][13]/D   I2C   default_mode 
    2656  7829   systolic_array_8X8_matrix_mul_2D_reg[4][5][12]/D   I2C   default_mode 
    2657  7829   systolic_array_8X8_matrix_mul_2D_reg[4][5][11]/D   I2C   default_mode 
    2658  7829   systolic_array_8X8_matrix_mul_2D_reg[4][5][10]/D   I2C   default_mode 
    2659  7829   systolic_array_8X8_matrix_mul_2D_reg[4][5][9]/D    I2C   default_mode 
    2660  7829   systolic_array_8X8_matrix_mul_2D_reg[4][5][8]/D    I2C   default_mode 
    2661  7829   systolic_array_8X8_matrix_mul_2D_reg[4][5][7]/D    I2C   default_mode 
    2662  7829   systolic_array_8X8_matrix_mul_2D_reg[4][5][6]/D    I2C   default_mode 
    2663  7829   systolic_array_8X8_matrix_mul_2D_reg[4][5][5]/D    I2C   default_mode 
    2664  7829   systolic_array_8X8_matrix_mul_2D_reg[4][5][4]/D    I2C   default_mode 
    2665  7829   systolic_array_8X8_matrix_mul_2D_reg[4][5][3]/D    I2C   default_mode 
    2666  7829   systolic_array_8X8_matrix_mul_2D_reg[4][5][0]/D    I2C   default_mode 
    2667  7829   systolic_array_8X8_matrix_mul_2D_reg[4][5][1]/D    I2C   default_mode 
    2668  7829   systolic_array_8X8_matrix_mul_2D_reg[4][5][2]/D    I2C   default_mode 
    2669  7838   systolic_array_8X8_matrix_mul_2D_reg[3][0][16]/D   I2C   default_mode 
    2670  7838   systolic_array_8X8_matrix_mul_2D_reg[3][0][15]/D   I2C   default_mode 
    2671  7838   systolic_array_8X8_matrix_mul_2D_reg[3][0][14]/D   I2C   default_mode 
    2672  7838   systolic_array_8X8_matrix_mul_2D_reg[3][0][13]/D   I2C   default_mode 
    2673  7838   systolic_array_8X8_matrix_mul_2D_reg[3][0][12]/D   I2C   default_mode 
    2674  7838   systolic_array_8X8_matrix_mul_2D_reg[3][0][11]/D   I2C   default_mode 
    2675  7838   systolic_array_8X8_matrix_mul_2D_reg[3][0][10]/D   I2C   default_mode 
    2676  7838   systolic_array_8X8_matrix_mul_2D_reg[3][0][9]/D    I2C   default_mode 
    2677  7838   systolic_array_8X8_matrix_mul_2D_reg[3][0][8]/D    I2C   default_mode 
    2678  7838   systolic_array_8X8_matrix_mul_2D_reg[3][0][7]/D    I2C   default_mode 
    2679  7838   systolic_array_8X8_matrix_mul_2D_reg[3][0][6]/D    I2C   default_mode 
    2680  7838   systolic_array_8X8_matrix_mul_2D_reg[3][0][5]/D    I2C   default_mode 
    2681  7838   systolic_array_8X8_matrix_mul_2D_reg[3][0][4]/D    I2C   default_mode 
    2682  7838   systolic_array_8X8_matrix_mul_2D_reg[3][0][3]/D    I2C   default_mode 
    2683  7838   systolic_array_8X8_matrix_mul_2D_reg[3][0][2]/D    I2C   default_mode 
    2684  7838   systolic_array_8X8_matrix_mul_2D_reg[3][0][1]/D    I2C   default_mode 
    2685  7838   systolic_array_8X8_matrix_mul_2D_reg[3][0][0]/D    I2C   default_mode 
    2686  7838   systolic_array_8X8_matrix_mul_2D_reg[2][1][16]/D   I2C   default_mode 
    2687  7838   systolic_array_8X8_matrix_mul_2D_reg[2][1][15]/D   I2C   default_mode 
    2688  7838   systolic_array_8X8_matrix_mul_2D_reg[2][1][14]/D   I2C   default_mode 
    2689  7838   systolic_array_8X8_matrix_mul_2D_reg[2][1][13]/D   I2C   default_mode 
    2690  7838   systolic_array_8X8_matrix_mul_2D_reg[2][1][12]/D   I2C   default_mode 
    2691  7838   systolic_array_8X8_matrix_mul_2D_reg[2][1][11]/D   I2C   default_mode 
    2692  7838   systolic_array_8X8_matrix_mul_2D_reg[2][1][10]/D   I2C   default_mode 
    2693  7838   systolic_array_8X8_matrix_mul_2D_reg[2][1][9]/D    I2C   default_mode 
    2694  7838   systolic_array_8X8_matrix_mul_2D_reg[2][1][8]/D    I2C   default_mode 
    2695  7838   systolic_array_8X8_matrix_mul_2D_reg[2][1][7]/D    I2C   default_mode 
    2696  7838   systolic_array_8X8_matrix_mul_2D_reg[2][1][6]/D    I2C   default_mode 
    2697  7838   systolic_array_8X8_matrix_mul_2D_reg[2][1][5]/D    I2C   default_mode 
    2698  7838   systolic_array_8X8_matrix_mul_2D_reg[2][1][4]/D    I2C   default_mode 
    2699  7838   systolic_array_8X8_matrix_mul_2D_reg[2][1][3]/D    I2C   default_mode 
    2700  7838   systolic_array_8X8_matrix_mul_2D_reg[2][1][1]/D    I2C   default_mode 
    2701  7838   systolic_array_8X8_matrix_mul_2D_reg[2][1][2]/D    I2C   default_mode 
    2702  7838   systolic_array_8X8_matrix_mul_2D_reg[2][1][0]/D    I2C   default_mode 
    2703  7838   systolic_array_8X8_matrix_mul_2D_reg[1][2][16]/D   I2C   default_mode 
    2704  7838   systolic_array_8X8_matrix_mul_2D_reg[1][2][15]/D   I2C   default_mode 
    2705  7838   systolic_array_8X8_matrix_mul_2D_reg[1][2][13]/D   I2C   default_mode 
    2706  7838   systolic_array_8X8_matrix_mul_2D_reg[1][2][14]/D   I2C   default_mode 
    2707  7838   systolic_array_8X8_matrix_mul_2D_reg[1][2][12]/D   I2C   default_mode 
    2708  7838   systolic_array_8X8_matrix_mul_2D_reg[1][2][11]/D   I2C   default_mode 
    2709  7838   systolic_array_8X8_matrix_mul_2D_reg[1][2][10]/D   I2C   default_mode 
    2710  7838   systolic_array_8X8_matrix_mul_2D_reg[1][2][9]/D    I2C   default_mode 
    2711  7838   systolic_array_8X8_matrix_mul_2D_reg[1][2][8]/D    I2C   default_mode 
    2712  7838   systolic_array_8X8_matrix_mul_2D_reg[1][2][7]/D    I2C   default_mode 
    2713  7838   systolic_array_8X8_matrix_mul_2D_reg[1][2][5]/D    I2C   default_mode 
    2714  7838   systolic_array_8X8_matrix_mul_2D_reg[1][2][6]/D    I2C   default_mode 
    2715  7838   systolic_array_8X8_matrix_mul_2D_reg[1][2][4]/D    I2C   default_mode 
    2716  7838   systolic_array_8X8_matrix_mul_2D_reg[1][2][3]/D    I2C   default_mode 
    2717  7838   systolic_array_8X8_matrix_mul_2D_reg[1][2][2]/D    I2C   default_mode 
    2718  7838   systolic_array_8X8_matrix_mul_2D_reg[1][2][1]/D    I2C   default_mode 
    2719  7838   systolic_array_8X8_matrix_mul_2D_reg[1][2][0]/D    I2C   default_mode 
    2720  7838   systolic_array_8X8_matrix_mul_2D_reg[0][3][16]/D   I2C   default_mode 
    2721  7838   systolic_array_8X8_matrix_mul_2D_reg[0][3][15]/D   I2C   default_mode 
    2722  7838   systolic_array_8X8_matrix_mul_2D_reg[0][3][14]/D   I2C   default_mode 
    2723  7838   systolic_array_8X8_matrix_mul_2D_reg[0][3][13]/D   I2C   default_mode 
    2724  7838   systolic_array_8X8_matrix_mul_2D_reg[0][3][12]/D   I2C   default_mode 
    2725  7838   systolic_array_8X8_matrix_mul_2D_reg[0][3][11]/D   I2C   default_mode 
    2726  7838   systolic_array_8X8_matrix_mul_2D_reg[0][3][10]/D   I2C   default_mode 
    2727  7838   systolic_array_8X8_matrix_mul_2D_reg[0][3][9]/D    I2C   default_mode 
    2728  7838   systolic_array_8X8_matrix_mul_2D_reg[0][3][8]/D    I2C   default_mode 
    2729  7838   systolic_array_8X8_matrix_mul_2D_reg[0][3][7]/D    I2C   default_mode 
    2730  7838   systolic_array_8X8_matrix_mul_2D_reg[0][3][6]/D    I2C   default_mode 
    2731  7838   systolic_array_8X8_matrix_mul_2D_reg[0][3][5]/D    I2C   default_mode 
    2732  7838   systolic_array_8X8_matrix_mul_2D_reg[0][3][4]/D    I2C   default_mode 
    2733  7838   systolic_array_8X8_matrix_mul_2D_reg[0][3][3]/D    I2C   default_mode 
    2734  7838   systolic_array_8X8_matrix_mul_2D_reg[0][3][1]/D    I2C   default_mode 
    2735  7838   systolic_array_8X8_matrix_mul_2D_reg[0][3][2]/D    I2C   default_mode 
    2736  7838   systolic_array_8X8_matrix_mul_2D_reg[0][3][0]/D    I2C   default_mode 
    2737  7844   systolic_array_8X8_matrix_mul_2D_reg[7][4][16]/D   I2C   default_mode 
    2738  7844   systolic_array_8X8_matrix_mul_2D_reg[7][4][15]/D   I2C   default_mode 
    2739  7844   systolic_array_8X8_matrix_mul_2D_reg[7][4][14]/D   I2C   default_mode 
    2740  7844   systolic_array_8X8_matrix_mul_2D_reg[7][4][13]/D   I2C   default_mode 
    2741  7844   systolic_array_8X8_matrix_mul_2D_reg[7][4][12]/D   I2C   default_mode 
    2742  7844   systolic_array_8X8_matrix_mul_2D_reg[7][4][11]/D   I2C   default_mode 
    2743  7844   systolic_array_8X8_matrix_mul_2D_reg[7][4][9]/D    I2C   default_mode 
    2744  7844   systolic_array_8X8_matrix_mul_2D_reg[7][4][10]/D   I2C   default_mode 
    2745  7844   systolic_array_8X8_matrix_mul_2D_reg[7][4][8]/D    I2C   default_mode 
    2746  7844   systolic_array_8X8_matrix_mul_2D_reg[7][4][7]/D    I2C   default_mode 
    2747  7844   systolic_array_8X8_matrix_mul_2D_reg[7][4][6]/D    I2C   default_mode 
    2748  7844   systolic_array_8X8_matrix_mul_2D_reg[7][4][5]/D    I2C   default_mode 
    2749  7844   systolic_array_8X8_matrix_mul_2D_reg[7][4][4]/D    I2C   default_mode 
    2750  7844   systolic_array_8X8_matrix_mul_2D_reg[7][4][3]/D    I2C   default_mode 
    2751  7844   systolic_array_8X8_matrix_mul_2D_reg[7][4][2]/D    I2C   default_mode 
    2752  7844   systolic_array_8X8_matrix_mul_2D_reg[7][4][1]/D    I2C   default_mode 
    2753  7844   systolic_array_8X8_matrix_mul_2D_reg[7][4][0]/D    I2C   default_mode 
    2754  7844   systolic_array_8X8_matrix_mul_2D_reg[6][5][16]/D   I2C   default_mode 
    2755  7844   systolic_array_8X8_matrix_mul_2D_reg[6][5][15]/D   I2C   default_mode 
    2756  7844   systolic_array_8X8_matrix_mul_2D_reg[6][5][14]/D   I2C   default_mode 
    2757  7844   systolic_array_8X8_matrix_mul_2D_reg[6][5][13]/D   I2C   default_mode 
    2758  7844   systolic_array_8X8_matrix_mul_2D_reg[6][5][12]/D   I2C   default_mode 
    2759  7844   systolic_array_8X8_matrix_mul_2D_reg[6][5][11]/D   I2C   default_mode 
    2760  7844   systolic_array_8X8_matrix_mul_2D_reg[6][5][9]/D    I2C   default_mode 
    2761  7844   systolic_array_8X8_matrix_mul_2D_reg[6][5][10]/D   I2C   default_mode 
    2762  7844   systolic_array_8X8_matrix_mul_2D_reg[6][5][8]/D    I2C   default_mode 
    2763  7844   systolic_array_8X8_matrix_mul_2D_reg[6][5][7]/D    I2C   default_mode 
    2764  7844   systolic_array_8X8_matrix_mul_2D_reg[6][5][6]/D    I2C   default_mode 
    2765  7844   systolic_array_8X8_matrix_mul_2D_reg[6][5][5]/D    I2C   default_mode 
    2766  7844   systolic_array_8X8_matrix_mul_2D_reg[6][5][4]/D    I2C   default_mode 
    2767  7844   systolic_array_8X8_matrix_mul_2D_reg[6][5][3]/D    I2C   default_mode 
    2768  7844   systolic_array_8X8_matrix_mul_2D_reg[6][5][0]/D    I2C   default_mode 
    2769  7844   systolic_array_8X8_matrix_mul_2D_reg[6][5][1]/D    I2C   default_mode 
    2770  7844   systolic_array_8X8_matrix_mul_2D_reg[6][5][2]/D    I2C   default_mode 
    2771  7844   systolic_array_8X8_matrix_mul_2D_reg[5][6][16]/D   I2C   default_mode 
    2772  7844   systolic_array_8X8_matrix_mul_2D_reg[5][6][15]/D   I2C   default_mode 
    2773  7844   systolic_array_8X8_matrix_mul_2D_reg[5][6][14]/D   I2C   default_mode 
    2774  7844   systolic_array_8X8_matrix_mul_2D_reg[5][6][13]/D   I2C   default_mode 
    2775  7844   systolic_array_8X8_matrix_mul_2D_reg[5][6][12]/D   I2C   default_mode 
    2776  7844   systolic_array_8X8_matrix_mul_2D_reg[5][6][11]/D   I2C   default_mode 
    2777  7844   systolic_array_8X8_matrix_mul_2D_reg[5][6][9]/D    I2C   default_mode 
    2778  7844   systolic_array_8X8_matrix_mul_2D_reg[5][6][10]/D   I2C   default_mode 
    2779  7844   systolic_array_8X8_matrix_mul_2D_reg[5][6][8]/D    I2C   default_mode 
    2780  7844   systolic_array_8X8_matrix_mul_2D_reg[5][6][7]/D    I2C   default_mode 
    2781  7844   systolic_array_8X8_matrix_mul_2D_reg[5][6][6]/D    I2C   default_mode 
    2782  7844   systolic_array_8X8_matrix_mul_2D_reg[5][6][5]/D    I2C   default_mode 
    2783  7844   systolic_array_8X8_matrix_mul_2D_reg[5][6][4]/D    I2C   default_mode 
    2784  7844   systolic_array_8X8_matrix_mul_2D_reg[5][6][3]/D    I2C   default_mode 
    2785  7844   systolic_array_8X8_matrix_mul_2D_reg[5][6][0]/D    I2C   default_mode 
    2786  7844   systolic_array_8X8_matrix_mul_2D_reg[5][6][2]/D    I2C   default_mode 
    2787  7844   systolic_array_8X8_matrix_mul_2D_reg[5][6][1]/D    I2C   default_mode 
    2788  7844   systolic_array_8X8_matrix_mul_2D_reg[4][7][16]/D   I2C   default_mode 
    2789  7844   systolic_array_8X8_matrix_mul_2D_reg[4][7][15]/D   I2C   default_mode 
    2790  7844   systolic_array_8X8_matrix_mul_2D_reg[4][7][14]/D   I2C   default_mode 
    2791  7844   systolic_array_8X8_matrix_mul_2D_reg[4][7][13]/D   I2C   default_mode 
    2792  7844   systolic_array_8X8_matrix_mul_2D_reg[4][7][12]/D   I2C   default_mode 
    2793  7844   systolic_array_8X8_matrix_mul_2D_reg[4][7][11]/D   I2C   default_mode 
    2794  7844   systolic_array_8X8_matrix_mul_2D_reg[4][7][10]/D   I2C   default_mode 
    2795  7844   systolic_array_8X8_matrix_mul_2D_reg[4][7][9]/D    I2C   default_mode 
    2796  7844   systolic_array_8X8_matrix_mul_2D_reg[4][7][8]/D    I2C   default_mode 
    2797  7844   systolic_array_8X8_matrix_mul_2D_reg[4][7][7]/D    I2C   default_mode 
    2798  7844   systolic_array_8X8_matrix_mul_2D_reg[4][7][6]/D    I2C   default_mode 
    2799  7844   systolic_array_8X8_matrix_mul_2D_reg[4][7][5]/D    I2C   default_mode 
    2800  7844   systolic_array_8X8_matrix_mul_2D_reg[4][7][4]/D    I2C   default_mode 
    2801  7844   systolic_array_8X8_matrix_mul_2D_reg[4][7][3]/D    I2C   default_mode 
    2802  7844   systolic_array_8X8_matrix_mul_2D_reg[4][7][0]/D    I2C   default_mode 
    2803  7844   systolic_array_8X8_matrix_mul_2D_reg[4][7][1]/D    I2C   default_mode 
    2804  7844   systolic_array_8X8_matrix_mul_2D_reg[4][7][2]/D    I2C   default_mode 
    2805  7854   systolic_array_8X8_matrix_mul_2D_reg[7][7][16]/D   I2C   default_mode 
    2806  7854   systolic_array_8X8_matrix_mul_2D_reg[7][7][15]/D   I2C   default_mode 
    2807  7854   systolic_array_8X8_matrix_mul_2D_reg[7][7][14]/D   I2C   default_mode 
    2808  7854   systolic_array_8X8_matrix_mul_2D_reg[7][7][13]/D   I2C   default_mode 
    2809  7854   systolic_array_8X8_matrix_mul_2D_reg[7][7][12]/D   I2C   default_mode 
    2810  7854   systolic_array_8X8_matrix_mul_2D_reg[7][7][11]/D   I2C   default_mode 
    2811  7854   systolic_array_8X8_matrix_mul_2D_reg[7][7][9]/D    I2C   default_mode 
    2812  7854   systolic_array_8X8_matrix_mul_2D_reg[7][7][10]/D   I2C   default_mode 
    2813  7854   systolic_array_8X8_matrix_mul_2D_reg[7][7][8]/D    I2C   default_mode 
    2814  7854   systolic_array_8X8_matrix_mul_2D_reg[7][7][7]/D    I2C   default_mode 
    2815  7854   systolic_array_8X8_matrix_mul_2D_reg[7][7][6]/D    I2C   default_mode 
    2816  7854   systolic_array_8X8_matrix_mul_2D_reg[7][7][5]/D    I2C   default_mode 
    2817  7854   systolic_array_8X8_matrix_mul_2D_reg[7][7][4]/D    I2C   default_mode 
    2818  7854   systolic_array_8X8_matrix_mul_2D_reg[7][7][3]/D    I2C   default_mode 
    2819  7854   systolic_array_8X8_matrix_mul_2D_reg[7][7][0]/D    I2C   default_mode 
    2820  7854   systolic_array_8X8_matrix_mul_2D_reg[7][7][1]/D    I2C   default_mode 
    2821  7854   systolic_array_8X8_matrix_mul_2D_reg[7][7][2]/D    I2C   default_mode 
    2822  7854   systolic_array_8X8_matrix_mul_2D_reg[2][0][16]/D   I2C   default_mode 
    2823  7854   systolic_array_8X8_matrix_mul_2D_reg[2][0][15]/D   I2C   default_mode 
    2824  7854   systolic_array_8X8_matrix_mul_2D_reg[2][0][14]/D   I2C   default_mode 
    2825  7854   systolic_array_8X8_matrix_mul_2D_reg[2][0][13]/D   I2C   default_mode 
    2826  7854   systolic_array_8X8_matrix_mul_2D_reg[2][0][12]/D   I2C   default_mode 
    2827  7854   systolic_array_8X8_matrix_mul_2D_reg[2][0][11]/D   I2C   default_mode 
    2828  7854   systolic_array_8X8_matrix_mul_2D_reg[2][0][10]/D   I2C   default_mode 
    2829  7854   systolic_array_8X8_matrix_mul_2D_reg[2][0][9]/D    I2C   default_mode 
    2830  7854   systolic_array_8X8_matrix_mul_2D_reg[2][0][8]/D    I2C   default_mode 
    2831  7854   systolic_array_8X8_matrix_mul_2D_reg[2][0][7]/D    I2C   default_mode 
    2832  7854   systolic_array_8X8_matrix_mul_2D_reg[2][0][6]/D    I2C   default_mode 
    2833  7854   systolic_array_8X8_matrix_mul_2D_reg[2][0][5]/D    I2C   default_mode 
    2834  7854   systolic_array_8X8_matrix_mul_2D_reg[2][0][4]/D    I2C   default_mode 
    2835  7854   systolic_array_8X8_matrix_mul_2D_reg[2][0][3]/D    I2C   default_mode 
    2836  7854   systolic_array_8X8_matrix_mul_2D_reg[2][0][2]/D    I2C   default_mode 
    2837  7854   systolic_array_8X8_matrix_mul_2D_reg[2][0][1]/D    I2C   default_mode 
    2838  7854   systolic_array_8X8_matrix_mul_2D_reg[2][0][0]/D    I2C   default_mode 
    2839  7854   systolic_array_8X8_matrix_mul_2D_reg[1][1][16]/D   I2C   default_mode 
    2840  7854   systolic_array_8X8_matrix_mul_2D_reg[1][1][15]/D   I2C   default_mode 
    2841  7854   systolic_array_8X8_matrix_mul_2D_reg[1][1][14]/D   I2C   default_mode 
    2842  7854   systolic_array_8X8_matrix_mul_2D_reg[1][1][13]/D   I2C   default_mode 
    2843  7854   systolic_array_8X8_matrix_mul_2D_reg[1][1][12]/D   I2C   default_mode 
    2844  7854   systolic_array_8X8_matrix_mul_2D_reg[1][1][11]/D   I2C   default_mode 
    2845  7854   systolic_array_8X8_matrix_mul_2D_reg[1][1][10]/D   I2C   default_mode 
    2846  7854   systolic_array_8X8_matrix_mul_2D_reg[1][1][9]/D    I2C   default_mode 
    2847  7854   systolic_array_8X8_matrix_mul_2D_reg[1][1][8]/D    I2C   default_mode 
    2848  7854   systolic_array_8X8_matrix_mul_2D_reg[1][1][7]/D    I2C   default_mode 
    2849  7854   systolic_array_8X8_matrix_mul_2D_reg[1][1][6]/D    I2C   default_mode 
    2850  7854   systolic_array_8X8_matrix_mul_2D_reg[1][1][5]/D    I2C   default_mode 
    2851  7854   systolic_array_8X8_matrix_mul_2D_reg[1][1][4]/D    I2C   default_mode 
    2852  7854   systolic_array_8X8_matrix_mul_2D_reg[1][1][3]/D    I2C   default_mode 
    2853  7854   systolic_array_8X8_matrix_mul_2D_reg[1][1][2]/D    I2C   default_mode 
    2854  7854   systolic_array_8X8_matrix_mul_2D_reg[1][1][1]/D    I2C   default_mode 
    2855  7854   systolic_array_8X8_matrix_mul_2D_reg[1][1][0]/D    I2C   default_mode 
    2856  7854   systolic_array_8X8_matrix_mul_2D_reg[0][2][16]/D   I2C   default_mode 
    2857  7854   systolic_array_8X8_matrix_mul_2D_reg[0][2][15]/D   I2C   default_mode 
    2858  7854   systolic_array_8X8_matrix_mul_2D_reg[0][2][14]/D   I2C   default_mode 
    2859  7854   systolic_array_8X8_matrix_mul_2D_reg[0][2][13]/D   I2C   default_mode 
    2860  7854   systolic_array_8X8_matrix_mul_2D_reg[0][2][12]/D   I2C   default_mode 
    2861  7854   systolic_array_8X8_matrix_mul_2D_reg[0][2][11]/D   I2C   default_mode 
    2862  7854   systolic_array_8X8_matrix_mul_2D_reg[0][2][10]/D   I2C   default_mode 
    2863  7854   systolic_array_8X8_matrix_mul_2D_reg[0][2][9]/D    I2C   default_mode 
    2864  7854   systolic_array_8X8_matrix_mul_2D_reg[0][2][8]/D    I2C   default_mode 
    2865  7854   systolic_array_8X8_matrix_mul_2D_reg[0][2][7]/D    I2C   default_mode 
    2866  7854   systolic_array_8X8_matrix_mul_2D_reg[0][2][6]/D    I2C   default_mode 
    2867  7854   systolic_array_8X8_matrix_mul_2D_reg[0][2][5]/D    I2C   default_mode 
    2868  7854   systolic_array_8X8_matrix_mul_2D_reg[0][2][4]/D    I2C   default_mode 
    2869  7854   systolic_array_8X8_matrix_mul_2D_reg[0][2][3]/D    I2C   default_mode 
    2870  7854   systolic_array_8X8_matrix_mul_2D_reg[0][2][1]/D    I2C   default_mode 
    2871  7854   systolic_array_8X8_matrix_mul_2D_reg[0][2][2]/D    I2C   default_mode 
    2872  7854   systolic_array_8X8_matrix_mul_2D_reg[0][2][0]/D    I2C   default_mode 
    2873  7864   systolic_array_8X8_matrix_mul_2D_reg[7][6][16]/D   I2C   default_mode 
    2874  7864   systolic_array_8X8_matrix_mul_2D_reg[7][6][15]/D   I2C   default_mode 
    2875  7864   systolic_array_8X8_matrix_mul_2D_reg[7][6][14]/D   I2C   default_mode 
    2876  7864   systolic_array_8X8_matrix_mul_2D_reg[7][6][13]/D   I2C   default_mode 
    2877  7864   systolic_array_8X8_matrix_mul_2D_reg[7][6][12]/D   I2C   default_mode 
    2878  7864   systolic_array_8X8_matrix_mul_2D_reg[7][6][11]/D   I2C   default_mode 
    2879  7864   systolic_array_8X8_matrix_mul_2D_reg[7][6][9]/D    I2C   default_mode 
    2880  7864   systolic_array_8X8_matrix_mul_2D_reg[7][6][10]/D   I2C   default_mode 
    2881  7864   systolic_array_8X8_matrix_mul_2D_reg[7][6][8]/D    I2C   default_mode 
    2882  7864   systolic_array_8X8_matrix_mul_2D_reg[7][6][7]/D    I2C   default_mode 
    2883  7864   systolic_array_8X8_matrix_mul_2D_reg[7][6][6]/D    I2C   default_mode 
    2884  7864   systolic_array_8X8_matrix_mul_2D_reg[7][6][5]/D    I2C   default_mode 
    2885  7864   systolic_array_8X8_matrix_mul_2D_reg[7][6][4]/D    I2C   default_mode 
    2886  7864   systolic_array_8X8_matrix_mul_2D_reg[7][6][3]/D    I2C   default_mode 
    2887  7864   systolic_array_8X8_matrix_mul_2D_reg[7][6][0]/D    I2C   default_mode 
    2888  7864   systolic_array_8X8_matrix_mul_2D_reg[7][6][2]/D    I2C   default_mode 
    2889  7864   systolic_array_8X8_matrix_mul_2D_reg[7][6][1]/D    I2C   default_mode 
    2890  7864   systolic_array_8X8_matrix_mul_2D_reg[6][7][16]/D   I2C   default_mode 
    2891  7864   systolic_array_8X8_matrix_mul_2D_reg[6][7][15]/D   I2C   default_mode 
    2892  7864   systolic_array_8X8_matrix_mul_2D_reg[6][7][14]/D   I2C   default_mode 
    2893  7864   systolic_array_8X8_matrix_mul_2D_reg[6][7][13]/D   I2C   default_mode 
    2894  7864   systolic_array_8X8_matrix_mul_2D_reg[6][7][12]/D   I2C   default_mode 
    2895  7864   systolic_array_8X8_matrix_mul_2D_reg[6][7][11]/D   I2C   default_mode 
    2896  7864   systolic_array_8X8_matrix_mul_2D_reg[6][7][9]/D    I2C   default_mode 
    2897  7864   systolic_array_8X8_matrix_mul_2D_reg[6][7][10]/D   I2C   default_mode 
    2898  7864   systolic_array_8X8_matrix_mul_2D_reg[6][7][8]/D    I2C   default_mode 
    2899  7864   systolic_array_8X8_matrix_mul_2D_reg[6][7][7]/D    I2C   default_mode 
    2900  7864   systolic_array_8X8_matrix_mul_2D_reg[6][7][6]/D    I2C   default_mode 
    2901  7864   systolic_array_8X8_matrix_mul_2D_reg[6][7][5]/D    I2C   default_mode 
    2902  7864   systolic_array_8X8_matrix_mul_2D_reg[6][7][4]/D    I2C   default_mode 
    2903  7864   systolic_array_8X8_matrix_mul_2D_reg[6][7][3]/D    I2C   default_mode 
    2904  7864   systolic_array_8X8_matrix_mul_2D_reg[6][7][0]/D    I2C   default_mode 
    2905  7864   systolic_array_8X8_matrix_mul_2D_reg[6][7][1]/D    I2C   default_mode 
    2906  7864   systolic_array_8X8_matrix_mul_2D_reg[6][7][2]/D    I2C   default_mode 
    2907  7868   systolic_array_8X8_matrix_mul_2D_reg[7][5][16]/D   I2C   default_mode 
    2908  7868   systolic_array_8X8_matrix_mul_2D_reg[7][5][15]/D   I2C   default_mode 
    2909  7868   systolic_array_8X8_matrix_mul_2D_reg[7][5][14]/D   I2C   default_mode 
    2910  7868   systolic_array_8X8_matrix_mul_2D_reg[7][5][13]/D   I2C   default_mode 
    2911  7868   systolic_array_8X8_matrix_mul_2D_reg[7][5][12]/D   I2C   default_mode 
    2912  7868   systolic_array_8X8_matrix_mul_2D_reg[7][5][11]/D   I2C   default_mode 
    2913  7868   systolic_array_8X8_matrix_mul_2D_reg[7][5][9]/D    I2C   default_mode 
    2914  7868   systolic_array_8X8_matrix_mul_2D_reg[7][5][10]/D   I2C   default_mode 
    2915  7868   systolic_array_8X8_matrix_mul_2D_reg[7][5][8]/D    I2C   default_mode 
    2916  7868   systolic_array_8X8_matrix_mul_2D_reg[7][5][7]/D    I2C   default_mode 
    2917  7868   systolic_array_8X8_matrix_mul_2D_reg[7][5][6]/D    I2C   default_mode 
    2918  7868   systolic_array_8X8_matrix_mul_2D_reg[7][5][5]/D    I2C   default_mode 
    2919  7868   systolic_array_8X8_matrix_mul_2D_reg[7][5][4]/D    I2C   default_mode 
    2920  7868   systolic_array_8X8_matrix_mul_2D_reg[7][5][3]/D    I2C   default_mode 
    2921  7868   systolic_array_8X8_matrix_mul_2D_reg[7][5][0]/D    I2C   default_mode 
    2922  7868   systolic_array_8X8_matrix_mul_2D_reg[7][5][1]/D    I2C   default_mode 
    2923  7868   systolic_array_8X8_matrix_mul_2D_reg[7][5][2]/D    I2C   default_mode 
    2924  7868   systolic_array_8X8_matrix_mul_2D_reg[6][6][16]/D   I2C   default_mode 
    2925  7868   systolic_array_8X8_matrix_mul_2D_reg[6][6][15]/D   I2C   default_mode 
    2926  7868   systolic_array_8X8_matrix_mul_2D_reg[6][6][14]/D   I2C   default_mode 
    2927  7868   systolic_array_8X8_matrix_mul_2D_reg[6][6][13]/D   I2C   default_mode 
    2928  7868   systolic_array_8X8_matrix_mul_2D_reg[6][6][12]/D   I2C   default_mode 
    2929  7868   systolic_array_8X8_matrix_mul_2D_reg[6][6][11]/D   I2C   default_mode 
    2930  7868   systolic_array_8X8_matrix_mul_2D_reg[6][6][9]/D    I2C   default_mode 
    2931  7868   systolic_array_8X8_matrix_mul_2D_reg[6][6][10]/D   I2C   default_mode 
    2932  7868   systolic_array_8X8_matrix_mul_2D_reg[6][6][8]/D    I2C   default_mode 
    2933  7868   systolic_array_8X8_matrix_mul_2D_reg[6][6][7]/D    I2C   default_mode 
    2934  7868   systolic_array_8X8_matrix_mul_2D_reg[6][6][6]/D    I2C   default_mode 
    2935  7868   systolic_array_8X8_matrix_mul_2D_reg[6][6][5]/D    I2C   default_mode 
    2936  7868   systolic_array_8X8_matrix_mul_2D_reg[6][6][4]/D    I2C   default_mode 
    2937  7868   systolic_array_8X8_matrix_mul_2D_reg[6][6][3]/D    I2C   default_mode 
    2938  7868   systolic_array_8X8_matrix_mul_2D_reg[6][6][0]/D    I2C   default_mode 
    2939  7868   systolic_array_8X8_matrix_mul_2D_reg[6][6][2]/D    I2C   default_mode 
    2940  7868   systolic_array_8X8_matrix_mul_2D_reg[6][6][1]/D    I2C   default_mode 
    2941  7868   systolic_array_8X8_matrix_mul_2D_reg[5][7][16]/D   I2C   default_mode 
    2942  7868   systolic_array_8X8_matrix_mul_2D_reg[5][7][15]/D   I2C   default_mode 
    2943  7868   systolic_array_8X8_matrix_mul_2D_reg[5][7][14]/D   I2C   default_mode 
    2944  7868   systolic_array_8X8_matrix_mul_2D_reg[5][7][13]/D   I2C   default_mode 
    2945  7868   systolic_array_8X8_matrix_mul_2D_reg[5][7][12]/D   I2C   default_mode 
    2946  7868   systolic_array_8X8_matrix_mul_2D_reg[5][7][11]/D   I2C   default_mode 
    2947  7868   systolic_array_8X8_matrix_mul_2D_reg[5][7][9]/D    I2C   default_mode 
    2948  7868   systolic_array_8X8_matrix_mul_2D_reg[5][7][10]/D   I2C   default_mode 
    2949  7868   systolic_array_8X8_matrix_mul_2D_reg[5][7][8]/D    I2C   default_mode 
    2950  7868   systolic_array_8X8_matrix_mul_2D_reg[5][7][7]/D    I2C   default_mode 
    2951  7868   systolic_array_8X8_matrix_mul_2D_reg[5][7][6]/D    I2C   default_mode 
    2952  7868   systolic_array_8X8_matrix_mul_2D_reg[5][7][5]/D    I2C   default_mode 
    2953  7868   systolic_array_8X8_matrix_mul_2D_reg[5][7][4]/D    I2C   default_mode 
    2954  7868   systolic_array_8X8_matrix_mul_2D_reg[5][7][3]/D    I2C   default_mode 
    2955  7868   systolic_array_8X8_matrix_mul_2D_reg[5][7][0]/D    I2C   default_mode 
    2956  7868   systolic_array_8X8_matrix_mul_2D_reg[5][7][1]/D    I2C   default_mode 
    2957  7868   systolic_array_8X8_matrix_mul_2D_reg[5][7][2]/D    I2C   default_mode 
    2958 13720   sram_wdata_c[1]                                    C2O   default_mode 
    2959 13720   sram_wdata_c[8]                                    C2O   default_mode 
    2960 13720   sram_wdata_c[15]                                   C2O   default_mode 
    2961 13720   sram_wdata_c[17]                                   C2O   default_mode 
    2962 13720   sram_wdata_c[20]                                   C2O   default_mode 
    2963 13720   sram_wdata_c[22]                                   C2O   default_mode 
    2964 13720   sram_wdata_c[24]                                   C2O   default_mode 
    2965 13720   sram_wdata_c[25]                                   C2O   default_mode 
    2966 13722   sram_wdata_c[4]                                    C2O   default_mode 
    2967 13722   sram_wdata_c[5]                                    C2O   default_mode 
    2968 13722   sram_wdata_c[3]                                    C2O   default_mode 
    2969 13722   sram_wdata_c[7]                                    C2O   default_mode 
    2970 13722   sram_wdata_c[9]                                    C2O   default_mode 
    2971 13722   sram_wdata_c[11]                                   C2O   default_mode 
    2972 13722   sram_wdata_c[12]                                   C2O   default_mode 
    2973 13722   sram_wdata_c[14]                                   C2O   default_mode 
    2974 13722   sram_wdata_c[16]                                   C2O   default_mode 
    2975 13722   sram_wdata_c[19]                                   C2O   default_mode 
    2976 13722   sram_wdata_c[27]                                   C2O   default_mode 
    2977 13722   sram_wdata_c[28]                                   C2O   default_mode 
    2978 13722   sram_wdata_c[29]                                   C2O   default_mode 
    2979 13722   sram_wdata_c[21]                                   C2O   default_mode 
    2980 13722   sram_wdata_c[0]                                    C2O   default_mode 
    2981 13722   sram_wdata_c[26]                                   C2O   default_mode 
    2982 13722   sram_wdata_c[2]                                    C2O   default_mode 
    2983 13722   sram_wdata_c[18]                                   C2O   default_mode 
    2984 13722   sram_wdata_c[6]                                    C2O   default_mode 
    2985 13722   sram_wdata_c[10]                                   C2O   default_mode 
    2986 13725   sram_wdata_c[23]                                   C2O   default_mode 
    2987 13725   sram_wdata_c[31]                                   C2O   default_mode 
    2988 13725   sram_wdata_c[30]                                   C2O   default_mode 
    2989 13725   sram_wdata_c[13]                                   C2O   default_mode 
    2990 14090   row_idx[2]                                         C2O   default_mode 
    2991 14193   row_idx[1]                                         C2O   default_mode 
    2992 14354   row_idx[0]                                         C2O   default_mode 
    2993 14359   sram_wdata_c[33]                                   C2O   default_mode 
    2994 14359   sram_wdata_c[35]                                   C2O   default_mode 
    2995 14359   sram_wdata_c[36]                                   C2O   default_mode 
    2996 14359   sram_wdata_c[37]                                   C2O   default_mode 
    2997 14359   sram_wdata_c[39]                                   C2O   default_mode 
    2998 14359   sram_wdata_c[40]                                   C2O   default_mode 
    2999 14359   sram_wdata_c[41]                                   C2O   default_mode 
    3000 14359   sram_wdata_c[43]                                   C2O   default_mode 
    3001 14359   sram_wdata_c[44]                                   C2O   default_mode 
    3002 14359   sram_wdata_c[45]                                   C2O   default_mode 
    3003 14359   sram_wdata_c[47]                                   C2O   default_mode 
    3004 14359   sram_wdata_c[49]                                   C2O   default_mode 
    3005 14359   sram_wdata_c[51]                                   C2O   default_mode 
    3006 14359   sram_wdata_c[52]                                   C2O   default_mode 
    3007 14359   sram_wdata_c[53]                                   C2O   default_mode 
    3008 14359   sram_wdata_c[55]                                   C2O   default_mode 
    3009 14359   sram_wdata_c[56]                                   C2O   default_mode 
    3010 14359   sram_wdata_c[57]                                   C2O   default_mode 
    3011 14359   sram_wdata_c[59]                                   C2O   default_mode 
    3012 14359   sram_wdata_c[60]                                   C2O   default_mode 
    3013 14359   sram_wdata_c[61]                                   C2O   default_mode 
    3014 14359   sram_wdata_c[63]                                   C2O   default_mode 
    3015 14359   sram_wdata_c[65]                                   C2O   default_mode 
    3016 14359   sram_wdata_c[67]                                   C2O   default_mode 
    3017 14359   sram_wdata_c[68]                                   C2O   default_mode 
    3018 14359   sram_wdata_c[69]                                   C2O   default_mode 
    3019 14359   sram_wdata_c[71]                                   C2O   default_mode 
    3020 14359   sram_wdata_c[72]                                   C2O   default_mode 
    3021 14359   sram_wdata_c[73]                                   C2O   default_mode 
    3022 14359   sram_wdata_c[75]                                   C2O   default_mode 
    3023 14359   sram_wdata_c[76]                                   C2O   default_mode 
    3024 14359   sram_wdata_c[77]                                   C2O   default_mode 
    3025 14359   sram_wdata_c[79]                                   C2O   default_mode 
    3026 14359   sram_wdata_c[80]                                   C2O   default_mode 
    3027 14359   sram_wdata_c[81]                                   C2O   default_mode 
    3028 14359   sram_wdata_c[83]                                   C2O   default_mode 
    3029 14359   sram_wdata_c[84]                                   C2O   default_mode 
    3030 14359   sram_wdata_c[85]                                   C2O   default_mode 
    3031 14359   sram_wdata_c[87]                                   C2O   default_mode 
    3032 14359   sram_wdata_c[88]                                   C2O   default_mode 
    3033 14359   sram_wdata_c[89]                                   C2O   default_mode 
    3034 14359   sram_wdata_c[91]                                   C2O   default_mode 
    3035 14359   sram_wdata_c[92]                                   C2O   default_mode 
    3036 14359   sram_wdata_c[93]                                   C2O   default_mode 
    3037 14359   sram_wdata_c[95]                                   C2O   default_mode 
    3038 14359   sram_wdata_c[97]                                   C2O   default_mode 
    3039 14359   sram_wdata_c[99]                                   C2O   default_mode 
    3040 14359   sram_wdata_c[100]                                  C2O   default_mode 
    3041 14359   sram_wdata_c[101]                                  C2O   default_mode 
    3042 14359   sram_wdata_c[103]                                  C2O   default_mode 
    3043 14359   sram_wdata_c[104]                                  C2O   default_mode 
    3044 14359   sram_wdata_c[105]                                  C2O   default_mode 
    3045 14359   sram_wdata_c[107]                                  C2O   default_mode 
    3046 14359   sram_wdata_c[108]                                  C2O   default_mode 
    3047 14359   sram_wdata_c[109]                                  C2O   default_mode 
    3048 14359   sram_wdata_c[111]                                  C2O   default_mode 
    3049 14359   sram_wdata_c[113]                                  C2O   default_mode 
    3050 14359   sram_wdata_c[115]                                  C2O   default_mode 
    3051 14359   sram_wdata_c[116]                                  C2O   default_mode 
    3052 14359   sram_wdata_c[117]                                  C2O   default_mode 
    3053 14359   sram_wdata_c[119]                                  C2O   default_mode 
    3054 14359   sram_wdata_c[120]                                  C2O   default_mode 
    3055 14359   sram_wdata_c[121]                                  C2O   default_mode 
    3056 14359   sram_wdata_c[123]                                  C2O   default_mode 
    3057 14359   sram_wdata_c[124]                                  C2O   default_mode 
    3058 14359   sram_wdata_c[125]                                  C2O   default_mode 
    3059 14359   sram_wdata_c[127]                                  C2O   default_mode 
    3060 14359   sram_wdata_c[129]                                  C2O   default_mode 
    3061 14359   sram_wdata_c[131]                                  C2O   default_mode 
    3062 14359   sram_wdata_c[132]                                  C2O   default_mode 
    3063 14359   sram_wdata_c[133]                                  C2O   default_mode 
    3064 14359   sram_wdata_c[135]                                  C2O   default_mode 
    3065 14359   sram_wdata_c[136]                                  C2O   default_mode 
    3066 14359   sram_wdata_c[137]                                  C2O   default_mode 
    3067 14359   sram_wdata_c[139]                                  C2O   default_mode 
    3068 14359   sram_wdata_c[140]                                  C2O   default_mode 
    3069 14359   sram_wdata_c[141]                                  C2O   default_mode 
    3070 14359   sram_wdata_c[143]                                  C2O   default_mode 
    3071 14359   sram_wdata_c[144]                                  C2O   default_mode 
    3072 14359   sram_wdata_c[145]                                  C2O   default_mode 
    3073 14359   sram_wdata_c[147]                                  C2O   default_mode 
    3074 14359   sram_wdata_c[148]                                  C2O   default_mode 
    3075 14359   sram_wdata_c[149]                                  C2O   default_mode 
    3076 14359   sram_wdata_c[151]                                  C2O   default_mode 
    3077 14359   sram_wdata_c[152]                                  C2O   default_mode 
    3078 14359   sram_wdata_c[153]                                  C2O   default_mode 
    3079 14359   sram_wdata_c[155]                                  C2O   default_mode 
    3080 14359   sram_wdata_c[156]                                  C2O   default_mode 
    3081 14359   sram_wdata_c[157]                                  C2O   default_mode 
    3082 14359   sram_wdata_c[159]                                  C2O   default_mode 
    3083 14359   sram_wdata_c[161]                                  C2O   default_mode 
    3084 14359   sram_wdata_c[163]                                  C2O   default_mode 
    3085 14359   sram_wdata_c[164]                                  C2O   default_mode 
    3086 14359   sram_wdata_c[165]                                  C2O   default_mode 
    3087 14359   sram_wdata_c[167]                                  C2O   default_mode 
    3088 14359   sram_wdata_c[168]                                  C2O   default_mode 
    3089 14359   sram_wdata_c[169]                                  C2O   default_mode 
    3090 14359   sram_wdata_c[171]                                  C2O   default_mode 
    3091 14359   sram_wdata_c[172]                                  C2O   default_mode 
    3092 14359   sram_wdata_c[173]                                  C2O   default_mode 
    3093 14359   sram_wdata_c[175]                                  C2O   default_mode 
    3094 14359   sram_wdata_c[177]                                  C2O   default_mode 
    3095 14359   sram_wdata_c[179]                                  C2O   default_mode 
    3096 14359   sram_wdata_c[180]                                  C2O   default_mode 
    3097 14359   sram_wdata_c[181]                                  C2O   default_mode 
    3098 14359   sram_wdata_c[183]                                  C2O   default_mode 
    3099 14359   sram_wdata_c[184]                                  C2O   default_mode 
    3100 14359   sram_wdata_c[185]                                  C2O   default_mode 
    3101 14359   sram_wdata_c[187]                                  C2O   default_mode 
    3102 14359   sram_wdata_c[188]                                  C2O   default_mode 
    3103 14359   sram_wdata_c[189]                                  C2O   default_mode 
    3104 14359   sram_wdata_c[191]                                  C2O   default_mode 
    3105 14359   sram_wdata_c[193]                                  C2O   default_mode 
    3106 14359   sram_wdata_c[195]                                  C2O   default_mode 
    3107 14359   sram_wdata_c[196]                                  C2O   default_mode 
    3108 14359   sram_wdata_c[197]                                  C2O   default_mode 
    3109 14359   sram_wdata_c[198]                                  C2O   default_mode 
    3110 14359   sram_wdata_c[199]                                  C2O   default_mode 
    3111 14359   sram_wdata_c[200]                                  C2O   default_mode 
    3112 14359   sram_wdata_c[201]                                  C2O   default_mode 
    3113 14359   sram_wdata_c[203]                                  C2O   default_mode 
    3114 14359   sram_wdata_c[204]                                  C2O   default_mode 
    3115 14359   sram_wdata_c[205]                                  C2O   default_mode 
    3116 14359   sram_wdata_c[207]                                  C2O   default_mode 
    3117 14359   sram_wdata_c[208]                                  C2O   default_mode 
    3118 14359   sram_wdata_c[209]                                  C2O   default_mode 
    3119 14359   sram_wdata_c[211]                                  C2O   default_mode 
    3120 14359   sram_wdata_c[212]                                  C2O   default_mode 
    3121 14359   sram_wdata_c[213]                                  C2O   default_mode 
    3122 14359   sram_wdata_c[215]                                  C2O   default_mode 
    3123 14359   sram_wdata_c[216]                                  C2O   default_mode 
    3124 14359   sram_wdata_c[217]                                  C2O   default_mode 
    3125 14359   sram_wdata_c[219]                                  C2O   default_mode 
    3126 14359   sram_wdata_c[220]                                  C2O   default_mode 
    3127 14359   sram_wdata_c[221]                                  C2O   default_mode 
    3128 14359   sram_wdata_c[223]                                  C2O   default_mode 
    3129 14359   sram_wdata_c[225]                                  C2O   default_mode 
    3130 14359   sram_wdata_c[227]                                  C2O   default_mode 
    3131 14359   sram_wdata_c[228]                                  C2O   default_mode 
    3132 14359   sram_wdata_c[229]                                  C2O   default_mode 
    3133 14359   sram_wdata_c[231]                                  C2O   default_mode 
    3134 14359   sram_wdata_c[232]                                  C2O   default_mode 
    3135 14359   sram_wdata_c[233]                                  C2O   default_mode 
    3136 14359   sram_wdata_c[235]                                  C2O   default_mode 
    3137 14359   sram_wdata_c[236]                                  C2O   default_mode 
    3138 14359   sram_wdata_c[237]                                  C2O   default_mode 
    3139 14359   sram_wdata_c[239]                                  C2O   default_mode 
    3140 14359   sram_wdata_c[241]                                  C2O   default_mode 
    3141 14359   sram_wdata_c[243]                                  C2O   default_mode 
    3142 14359   sram_wdata_c[244]                                  C2O   default_mode 
    3143 14359   sram_wdata_c[245]                                  C2O   default_mode 
    3144 14359   sram_wdata_c[247]                                  C2O   default_mode 
    3145 14359   sram_wdata_c[248]                                  C2O   default_mode 
    3146 14359   sram_wdata_c[249]                                  C2O   default_mode 
    3147 14359   sram_wdata_c[251]                                  C2O   default_mode 
    3148 14359   sram_wdata_c[252]                                  C2O   default_mode 
    3149 14359   sram_wdata_c[253]                                  C2O   default_mode 
    3150 14359   sram_wdata_c[255]                                  C2O   default_mode 
    3151 14359   sram_wdata_c[242]                                  C2O   default_mode 
    3152 14359   sram_wdata_c[254]                                  C2O   default_mode 
    3153 14359   sram_wdata_c[250]                                  C2O   default_mode 
    3154 14359   sram_wdata_c[246]                                  C2O   default_mode 
    3155 14359   sram_wdata_c[186]                                  C2O   default_mode 
    3156 14359   sram_wdata_c[238]                                  C2O   default_mode 
    3157 14359   sram_wdata_c[240]                                  C2O   default_mode 
    3158 14359   sram_wdata_c[230]                                  C2O   default_mode 
    3159 14359   sram_wdata_c[234]                                  C2O   default_mode 
    3160 14359   sram_wdata_c[226]                                  C2O   default_mode 
    3161 14359   sram_wdata_c[218]                                  C2O   default_mode 
    3162 14359   sram_wdata_c[224]                                  C2O   default_mode 
    3163 14359   sram_wdata_c[222]                                  C2O   default_mode 
    3164 14359   sram_wdata_c[206]                                  C2O   default_mode 
    3165 14359   sram_wdata_c[214]                                  C2O   default_mode 
    3166 14359   sram_wdata_c[210]                                  C2O   default_mode 
    3167 14359   sram_wdata_c[202]                                  C2O   default_mode 
    3168 14359   sram_wdata_c[194]                                  C2O   default_mode 
    3169 14359   sram_wdata_c[190]                                  C2O   default_mode 
    3170 14359   sram_wdata_c[192]                                  C2O   default_mode 
    3171 14359   sram_wdata_c[178]                                  C2O   default_mode 
    3172 14359   sram_wdata_c[182]                                  C2O   default_mode 
    3173 14359   sram_wdata_c[166]                                  C2O   default_mode 
    3174 14359   sram_wdata_c[176]                                  C2O   default_mode 
    3175 14359   sram_wdata_c[174]                                  C2O   default_mode 
    3176 14359   sram_wdata_c[170]                                  C2O   default_mode 
    3177 14359   sram_wdata_c[162]                                  C2O   default_mode 
    3178 14359   sram_wdata_c[154]                                  C2O   default_mode 
    3179 14359   sram_wdata_c[158]                                  C2O   default_mode 
    3180 14359   sram_wdata_c[160]                                  C2O   default_mode 
    3181 14359   sram_wdata_c[142]                                  C2O   default_mode 
    3182 14359   sram_wdata_c[150]                                  C2O   default_mode 
    3183 14359   sram_wdata_c[146]                                  C2O   default_mode 
    3184 14359   sram_wdata_c[134]                                  C2O   default_mode 
    3185 14359   sram_wdata_c[138]                                  C2O   default_mode 
    3186 14359   sram_wdata_c[130]                                  C2O   default_mode 
    3187 14359   sram_wdata_c[126]                                  C2O   default_mode 
    3188 14359   sram_wdata_c[128]                                  C2O   default_mode 
    3189 14359   sram_wdata_c[122]                                  C2O   default_mode 
    3190 14359   sram_wdata_c[118]                                  C2O   default_mode 
    3191 14359   sram_wdata_c[112]                                  C2O   default_mode 
    3192 14359   sram_wdata_c[114]                                  C2O   default_mode 
    3193 14359   sram_wdata_c[110]                                  C2O   default_mode 
    3194 14359   sram_wdata_c[106]                                  C2O   default_mode 
    3195 14359   sram_wdata_c[102]                                  C2O   default_mode 
    3196 14359   sram_wdata_c[86]                                   C2O   default_mode 
    3197 14359   sram_wdata_c[98]                                   C2O   default_mode 
    3198 14359   sram_wdata_c[96]                                   C2O   default_mode 
    3199 14359   sram_wdata_c[94]                                   C2O   default_mode 
    3200 14359   sram_wdata_c[90]                                   C2O   default_mode 
    3201 14359   sram_wdata_c[82]                                   C2O   default_mode 
    3202 14359   sram_wdata_c[78]                                   C2O   default_mode 
    3203 14359   sram_wdata_c[70]                                   C2O   default_mode 
    3204 14359   sram_wdata_c[74]                                   C2O   default_mode 
    3205 14359   sram_wdata_c[66]                                   C2O   default_mode 
    3206 14359   sram_wdata_c[64]                                   C2O   default_mode 
    3207 14359   sram_wdata_c[58]                                   C2O   default_mode 
    3208 14359   sram_wdata_c[62]                                   C2O   default_mode 
    3209 14359   sram_wdata_c[54]                                   C2O   default_mode 
    3210 14359   sram_wdata_c[48]                                   C2O   default_mode 
    3211 14359   sram_wdata_c[50]                                   C2O   default_mode 
    3212 14359   sram_wdata_c[46]                                   C2O   default_mode 
    3213 14359   sram_wdata_c[38]                                   C2O   default_mode 
    3214 14359   sram_wdata_c[32]                                   C2O   default_mode 
    3215 14359   sram_wdata_c[42]                                   C2O   default_mode 
    3216 14359   sram_wdata_c[34]                                   C2O   default_mode 
    3217 18489   cycle_num_reg[15]/D                                C2C   default_mode 
    3218 18561   cycle_num_reg[14]/D                                C2C   default_mode 
    3219 18622   cycle_num_reg[13]/D                                C2C   default_mode 
    3220 18633   a_buffer_pipe_7_reg[0][7]/D                        I2C   default_mode 
    3221 18633   a_buffer_pipe_6_reg[0][7]/D                        I2C   default_mode 
    3222 18633   a_buffer_pipe_5_reg[0][7]/D                        I2C   default_mode 
    3223 18633   a_buffer_pipe_4_reg[0][7]/D                        I2C   default_mode 
    3224 18633   a_buffer_pipe_3_reg[0][7]/D                        I2C   default_mode 
    3225 18633   a_buffer_pipe_2_reg[0][7]/D                        I2C   default_mode 
    3226 18633   a_buffer_pipe_1_reg[7]/D                           I2C   default_mode 
    3227 18633   b_buffer_pipe_7_reg[0][7]/D                        I2C   default_mode 
    3228 18633   b_buffer_pipe_6_reg[0][7]/D                        I2C   default_mode 
    3229 18633   b_buffer_pipe_5_reg[0][7]/D                        I2C   default_mode 
    3230 18633   b_buffer_pipe_4_reg[0][7]/D                        I2C   default_mode 
    3231 18633   b_buffer_pipe_3_reg[0][7]/D                        I2C   default_mode 
    3232 18633   b_buffer_pipe_2_reg[0][7]/D                        I2C   default_mode 
    3233 18633   b_buffer_pipe_1_reg[7]/D                           I2C   default_mode 
    3234 18665   cycle_num_reg[12]/D                                C2C   default_mode 
    3235 18718   a_buffer_pipe_7_reg[0][8]/D                        I2C   default_mode 
    3236 18718   a_buffer_pipe_6_reg[0][8]/D                        I2C   default_mode 
    3237 18718   a_buffer_pipe_5_reg[0][8]/D                        I2C   default_mode 
    3238 18718   a_buffer_pipe_4_reg[0][8]/D                        I2C   default_mode 
    3239 18718   a_buffer_pipe_3_reg[0][8]/D                        I2C   default_mode 
    3240 18718   a_buffer_pipe_2_reg[0][8]/D                        I2C   default_mode 
    3241 18718   a_buffer_pipe_1_reg[8]/D                           I2C   default_mode 
    3242 18718   b_buffer_pipe_7_reg[0][8]/D                        I2C   default_mode 
    3243 18718   b_buffer_pipe_6_reg[0][8]/D                        I2C   default_mode 
    3244 18718   b_buffer_pipe_5_reg[0][8]/D                        I2C   default_mode 
    3245 18718   b_buffer_pipe_4_reg[0][8]/D                        I2C   default_mode 
    3246 18718   b_buffer_pipe_3_reg[0][8]/D                        I2C   default_mode 
    3247 18718   b_buffer_pipe_2_reg[0][8]/D                        I2C   default_mode 
    3248 18718   b_buffer_pipe_1_reg[8]/D                           I2C   default_mode 
    3249 18728   a_buffer_pipe_7_reg[0][6]/D                        I2C   default_mode 
    3250 18728   a_buffer_pipe_6_reg[0][6]/D                        I2C   default_mode 
    3251 18728   a_buffer_pipe_5_reg[0][6]/D                        I2C   default_mode 
    3252 18728   a_buffer_pipe_4_reg[0][6]/D                        I2C   default_mode 
    3253 18728   a_buffer_pipe_3_reg[0][6]/D                        I2C   default_mode 
    3254 18728   a_buffer_pipe_2_reg[0][6]/D                        I2C   default_mode 
    3255 18728   a_buffer_pipe_1_reg[6]/D                           I2C   default_mode 
    3256 18728   b_buffer_pipe_7_reg[0][6]/D                        I2C   default_mode 
    3257 18728   b_buffer_pipe_6_reg[0][6]/D                        I2C   default_mode 
    3258 18728   b_buffer_pipe_5_reg[0][6]/D                        I2C   default_mode 
    3259 18728   b_buffer_pipe_4_reg[0][6]/D                        I2C   default_mode 
    3260 18728   b_buffer_pipe_3_reg[0][6]/D                        I2C   default_mode 
    3261 18728   b_buffer_pipe_2_reg[0][6]/D                        I2C   default_mode 
    3262 18728   b_buffer_pipe_1_reg[6]/D                           I2C   default_mode 
    3263 18728   systolic_array_8X8_a_queue_reg[0][0][7]/D          I2C   default_mode 
    3264 18729   systolic_array_8X8_b_queue_reg[0][0][7]/D          I2C   default_mode 
    3265 18756   cycle_num_reg[11]/D                                C2C   default_mode 
    3266 18791   systolic_array_8X8_a_queue_reg[0][0][8]/D          I2C   default_mode 
    3267 18793   systolic_array_8X8_b_queue_reg[0][0][8]/D          I2C   default_mode 
    3268 18800   cycle_num_reg[10]/D                                C2C   default_mode 
    3269 18812   systolic_array_8X8_a_queue_reg[0][0][6]/D          I2C   default_mode 
    3270 18812   systolic_array_8X8_b_queue_reg[0][0][6]/D          I2C   default_mode 
    3271 18813   a_buffer_pipe_7_reg[0][5]/D                        I2C   default_mode 
    3272 18813   a_buffer_pipe_6_reg[0][5]/D                        I2C   default_mode 
    3273 18813   a_buffer_pipe_5_reg[0][5]/D                        I2C   default_mode 
    3274 18813   a_buffer_pipe_4_reg[0][5]/D                        I2C   default_mode 
    3275 18813   a_buffer_pipe_3_reg[0][5]/D                        I2C   default_mode 
    3276 18813   a_buffer_pipe_2_reg[0][5]/D                        I2C   default_mode 
    3277 18813   a_buffer_pipe_1_reg[5]/D                           I2C   default_mode 
    3278 18813   b_buffer_pipe_7_reg[0][5]/D                        I2C   default_mode 
    3279 18813   b_buffer_pipe_6_reg[0][5]/D                        I2C   default_mode 
    3280 18813   b_buffer_pipe_5_reg[0][5]/D                        I2C   default_mode 
    3281 18813   b_buffer_pipe_4_reg[0][5]/D                        I2C   default_mode 
    3282 18813   b_buffer_pipe_3_reg[0][5]/D                        I2C   default_mode 
    3283 18813   b_buffer_pipe_2_reg[0][5]/D                        I2C   default_mode 
    3284 18813   b_buffer_pipe_1_reg[5]/D                           I2C   default_mode 
    3285 18891   cycle_num_reg[9]/D                                 C2C   default_mode 
    3286 18898   systolic_array_8X8_a_queue_reg[0][0][5]/D          I2C   default_mode 
    3287 18898   systolic_array_8X8_b_queue_reg[0][0][5]/D          I2C   default_mode 
    3288 18899   a_buffer_pipe_7_reg[0][4]/D                        I2C   default_mode 
    3289 18899   a_buffer_pipe_6_reg[0][4]/D                        I2C   default_mode 
    3290 18899   a_buffer_pipe_5_reg[0][4]/D                        I2C   default_mode 
    3291 18899   a_buffer_pipe_4_reg[0][4]/D                        I2C   default_mode 
    3292 18899   a_buffer_pipe_3_reg[0][4]/D                        I2C   default_mode 
    3293 18899   a_buffer_pipe_2_reg[0][4]/D                        I2C   default_mode 
    3294 18899   a_buffer_pipe_1_reg[4]/D                           I2C   default_mode 
    3295 18899   b_buffer_pipe_7_reg[0][4]/D                        I2C   default_mode 
    3296 18899   b_buffer_pipe_6_reg[0][4]/D                        I2C   default_mode 
    3297 18899   b_buffer_pipe_5_reg[0][4]/D                        I2C   default_mode 
    3298 18899   b_buffer_pipe_4_reg[0][4]/D                        I2C   default_mode 
    3299 18899   b_buffer_pipe_3_reg[0][4]/D                        I2C   default_mode 
    3300 18899   b_buffer_pipe_2_reg[0][4]/D                        I2C   default_mode 
    3301 18899   b_buffer_pipe_1_reg[4]/D                           I2C   default_mode 
    3302 18934   cycle_num_reg[8]/D                                 C2C   default_mode 
    3303 18977   a_buffer_pipe_7_reg[0][0]/D                        C2C   default_mode 
    3304 18977   a_buffer_pipe_6_reg[0][0]/D                        C2C   default_mode 
    3305 18977   a_buffer_pipe_5_reg[0][0]/D                        C2C   default_mode 
    3306 18977   a_buffer_pipe_4_reg[0][0]/D                        C2C   default_mode 
    3307 18977   a_buffer_pipe_3_reg[0][0]/D                        C2C   default_mode 
    3308 18977   a_buffer_pipe_2_reg[0][0]/D                        C2C   default_mode 
    3309 18977   a_buffer_pipe_1_reg[0]/D                           C2C   default_mode 
    3310 18977   b_buffer_pipe_7_reg[0][0]/D                        C2C   default_mode 
    3311 18977   b_buffer_pipe_6_reg[0][0]/D                        C2C   default_mode 
    3312 18977   b_buffer_pipe_5_reg[0][0]/D                        C2C   default_mode 
    3313 18977   b_buffer_pipe_4_reg[0][0]/D                        C2C   default_mode 
    3314 18977   systolic_array_8X8_b_queue_reg[0][0][0]/D          C2C   default_mode 
    3315 18977   b_buffer_pipe_3_reg[0][0]/D                        C2C   default_mode 
    3316 18977   b_buffer_pipe_2_reg[0][0]/D                        C2C   default_mode 
    3317 18977   b_buffer_pipe_1_reg[0]/D                           C2C   default_mode 
    3318 18977   systolic_array_8X8_a_queue_reg[0][0][0]/D          C2C   default_mode 
    3319 18983   systolic_array_8X8_a_queue_reg[0][0][4]/D          I2C   default_mode 
    3320 18983   systolic_array_8X8_b_queue_reg[0][0][4]/D          I2C   default_mode 
    3321 18984   a_buffer_pipe_7_reg[0][3]/D                        I2C   default_mode 
    3322 18984   a_buffer_pipe_6_reg[0][3]/D                        I2C   default_mode 
    3323 18984   a_buffer_pipe_5_reg[0][3]/D                        I2C   default_mode 
    3324 18984   a_buffer_pipe_4_reg[0][3]/D                        I2C   default_mode 
    3325 18984   a_buffer_pipe_3_reg[0][3]/D                        I2C   default_mode 
    3326 18984   a_buffer_pipe_2_reg[0][3]/D                        I2C   default_mode 
    3327 18984   a_buffer_pipe_1_reg[3]/D                           I2C   default_mode 
    3328 18984   b_buffer_pipe_7_reg[0][3]/D                        I2C   default_mode 
    3329 18984   b_buffer_pipe_6_reg[0][3]/D                        I2C   default_mode 
    3330 18984   b_buffer_pipe_5_reg[0][3]/D                        I2C   default_mode 
    3331 18984   b_buffer_pipe_4_reg[0][3]/D                        I2C   default_mode 
    3332 18984   b_buffer_pipe_3_reg[0][3]/D                        I2C   default_mode 
    3333 18984   b_buffer_pipe_2_reg[0][3]/D                        I2C   default_mode 
    3334 18984   b_buffer_pipe_1_reg[3]/D                           I2C   default_mode 
    3335 19025   cycle_num_reg[7]/D                                 C2C   default_mode 
    3336 19068   systolic_array_8X8_a_queue_reg[0][0][3]/D          I2C   default_mode 
    3337 19068   cycle_num_reg[6]/D                                 C2C   default_mode 
    3338 19069   a_buffer_pipe_7_reg[0][2]/D                        I2C   default_mode 
    3339 19069   a_buffer_pipe_6_reg[0][2]/D                        I2C   default_mode 
    3340 19069   a_buffer_pipe_5_reg[0][2]/D                        I2C   default_mode 
    3341 19069   a_buffer_pipe_4_reg[0][2]/D                        I2C   default_mode 
    3342 19069   a_buffer_pipe_3_reg[0][2]/D                        I2C   default_mode 
    3343 19069   a_buffer_pipe_2_reg[0][2]/D                        I2C   default_mode 
    3344 19069   a_buffer_pipe_1_reg[2]/D                           I2C   default_mode 
    3345 19069   b_buffer_pipe_7_reg[0][2]/D                        I2C   default_mode 
    3346 19069   b_buffer_pipe_6_reg[0][2]/D                        I2C   default_mode 
    3347 19069   b_buffer_pipe_5_reg[0][2]/D                        I2C   default_mode 
    3348 19069   b_buffer_pipe_4_reg[0][2]/D                        I2C   default_mode 
    3349 19069   b_buffer_pipe_3_reg[0][2]/D                        I2C   default_mode 
    3350 19069   b_buffer_pipe_2_reg[0][2]/D                        I2C   default_mode 
    3351 19069   b_buffer_pipe_1_reg[2]/D                           I2C   default_mode 
    3352 19069   systolic_array_8X8_b_queue_reg[0][0][3]/D          I2C   default_mode 
    3353 19122   a_buffer_pipe_7_reg[0][1]/D                        C2C   default_mode 
    3354 19122   a_buffer_pipe_6_reg[0][1]/D                        C2C   default_mode 
    3355 19122   a_buffer_pipe_5_reg[0][1]/D                        C2C   default_mode 
    3356 19122   a_buffer_pipe_4_reg[0][1]/D                        C2C   default_mode 
    3357 19122   a_buffer_pipe_3_reg[0][1]/D                        C2C   default_mode 
    3358 19122   a_buffer_pipe_2_reg[0][1]/D                        C2C   default_mode 
    3359 19122   a_buffer_pipe_1_reg[1]/D                           C2C   default_mode 
    3360 19122   b_buffer_pipe_7_reg[0][1]/D                        C2C   default_mode 
    3361 19122   b_buffer_pipe_6_reg[0][1]/D                        C2C   default_mode 
    3362 19122   b_buffer_pipe_5_reg[0][1]/D                        C2C   default_mode 
    3363 19122   b_buffer_pipe_4_reg[0][1]/D                        C2C   default_mode 
    3364 19122   b_buffer_pipe_3_reg[0][1]/D                        C2C   default_mode 
    3365 19122   b_buffer_pipe_2_reg[0][1]/D                        C2C   default_mode 
    3366 19122   b_buffer_pipe_1_reg[1]/D                           C2C   default_mode 
    3367 19154   systolic_array_8X8_a_queue_reg[0][0][2]/D          I2C   default_mode 
    3368 19154   systolic_array_8X8_b_queue_reg[0][0][2]/D          I2C   default_mode 
    3369 19159   cycle_num_reg[5]/D                                 C2C   default_mode 
    3370 19170   cycle_num_reg[4]/D                                 I2C   default_mode 
    3371 19170   cycle_num_reg[3]/D                                 I2C   default_mode 
    3372 19170   cycle_num_reg[2]/D                                 I2C   default_mode 
    3373 19170   cycle_num_reg[1]/D                                 I2C   default_mode 
    3374 19170   cycle_num_reg[0]/D                                 I2C   default_mode 
    3375 19246   systolic_array_8X8_a_queue_reg[0][0][1]/D          I2C   default_mode 
    3376 19246   systolic_array_8X8_b_queue_reg[0][0][1]/D          I2C   default_mode 
    3377 19366   hold_reg/SA                                        I2C   default_mode 
    3378 19436   hold_reg/DA                                        C2C   default_mode 
    3379 19468   systolic_array_8X8_a_queue_reg[7][2][7]/E          I2C   default_mode 
    3380 19468   a_buffer_pipe_7_reg[1][7]/E                        I2C   default_mode 
    3381 19468   a_buffer_pipe_7_reg[1][6]/E                        I2C   default_mode 
    3382 19468   a_buffer_pipe_7_reg[1][5]/E                        I2C   default_mode 
    3383 19468   systolic_array_8X8_a_queue_reg[7][2][6]/E          I2C   default_mode 
    3384 19468   a_buffer_pipe_7_reg[1][4]/E                        I2C   default_mode 
    3385 19468   a_buffer_pipe_7_reg[1][3]/E                        I2C   default_mode 
    3386 19468   a_buffer_pipe_7_reg[1][2]/E                        I2C   default_mode 
    3387 19468   systolic_array_8X8_a_queue_reg[7][2][5]/E          I2C   default_mode 
    3388 19468   a_buffer_pipe_7_reg[1][1]/E                        I2C   default_mode 
    3389 19468   systolic_array_8X8_a_queue_reg[7][2][4]/E          I2C   default_mode 
    3390 19468   a_buffer_pipe_7_reg[1][0]/E                        I2C   default_mode 
    3391 19468   a_buffer_pipe_7_reg[0][8]/E                        I2C   default_mode 
    3392 19468   systolic_array_8X8_a_queue_reg[7][2][2]/E          I2C   default_mode 
    3393 19468   a_buffer_pipe_7_reg[0][0]/E                        I2C   default_mode 
    3394 19468   systolic_array_8X8_a_queue_reg[7][2][1]/E          I2C   default_mode 
    3395 19468   a_buffer_pipe_6_reg[5][8]/E                        I2C   default_mode 
    3396 19468   systolic_array_8X8_a_queue_reg[7][1][8]/E          I2C   default_mode 
    3397 19468   a_buffer_pipe_6_reg[5][6]/E                        I2C   default_mode 
    3398 19468   systolic_array_8X8_a_queue_reg[7][1][7]/E          I2C   default_mode 
    3399 19468   a_buffer_pipe_6_reg[5][5]/E                        I2C   default_mode 
    3400 19468   systolic_array_8X8_a_queue_reg[7][1][6]/E          I2C   default_mode 
    3401 19468   a_buffer_pipe_6_reg[5][4]/E                        I2C   default_mode 
    3402 19468   a_buffer_pipe_6_reg[5][3]/E                        I2C   default_mode 
    3403 19468   a_buffer_pipe_6_reg[5][2]/E                        I2C   default_mode 
    3404 19468   systolic_array_8X8_a_queue_reg[7][1][5]/E          I2C   default_mode 
    3405 19468   a_buffer_pipe_6_reg[5][1]/E                        I2C   default_mode 
    3406 19468   systolic_array_8X8_a_queue_reg[7][1][4]/E          I2C   default_mode 
    3407 19468   a_buffer_pipe_6_reg[5][0]/E                        I2C   default_mode 
    3408 19468   a_buffer_pipe_6_reg[4][8]/E                        I2C   default_mode 
    3409 19468   a_buffer_pipe_6_reg[4][7]/E                        I2C   default_mode 
    3410 19468   systolic_array_8X8_a_queue_reg[7][1][3]/E          I2C   default_mode 
    3411 19468   a_buffer_pipe_6_reg[4][6]/E                        I2C   default_mode 
    3412 19468   systolic_array_8X8_a_queue_reg[7][1][2]/E          I2C   default_mode 
    3413 19468   a_buffer_pipe_6_reg[4][5]/E                        I2C   default_mode 
    3414 19468   a_buffer_pipe_6_reg[4][4]/E                        I2C   default_mode 
    3415 19468   a_buffer_pipe_6_reg[4][3]/E                        I2C   default_mode 
    3416 19468   systolic_array_8X8_a_queue_reg[7][1][1]/E          I2C   default_mode 
    3417 19468   a_buffer_pipe_6_reg[4][2]/E                        I2C   default_mode 
    3418 19468   a_buffer_pipe_6_reg[4][1]/E                        I2C   default_mode 
    3419 19468   systolic_array_8X8_a_queue_reg[7][0][8]/E          I2C   default_mode 
    3420 19468   systolic_array_8X8_a_queue_reg[7][0][7]/E          I2C   default_mode 
    3421 19468   a_buffer_pipe_6_reg[3][8]/E                        I2C   default_mode 
    3422 19468   a_buffer_pipe_6_reg[3][7]/E                        I2C   default_mode 
    3423 19468   systolic_array_8X8_a_queue_reg[7][0][6]/E          I2C   default_mode 
    3424 19468   a_buffer_pipe_6_reg[3][6]/E                        I2C   default_mode 
    3425 19468   a_buffer_pipe_6_reg[3][5]/E                        I2C   default_mode 
    3426 19468   a_buffer_pipe_6_reg[3][4]/E                        I2C   default_mode 
    3427 19468   systolic_array_8X8_a_queue_reg[7][0][5]/E          I2C   default_mode 
    3428 19468   a_buffer_pipe_6_reg[3][3]/E                        I2C   default_mode 
    3429 19468   systolic_array_8X8_a_queue_reg[7][0][4]/E          I2C   default_mode 
    3430 19468   a_buffer_pipe_6_reg[3][2]/E                        I2C   default_mode 
    3431 19468   a_buffer_pipe_6_reg[3][1]/E                        I2C   default_mode 
    3432 19468   a_buffer_pipe_6_reg[3][0]/E                        I2C   default_mode 
    3433 19468   systolic_array_8X8_a_queue_reg[7][0][3]/E          I2C   default_mode 
    3434 19468   systolic_array_8X8_a_queue_reg[7][0][2]/E          I2C   default_mode 
    3435 19468   a_buffer_pipe_6_reg[2][7]/E                        I2C   default_mode 
    3436 19468   a_buffer_pipe_6_reg[2][6]/E                        I2C   default_mode 
    3437 19468   a_buffer_pipe_6_reg[2][5]/E                        I2C   default_mode 
    3438 19468   systolic_array_8X8_a_queue_reg[7][0][1]/E          I2C   default_mode 
    3439 19468   a_buffer_pipe_6_reg[2][4]/E                        I2C   default_mode 
    3440 19468   systolic_array_8X8_a_queue_reg[6][7][8]/E          I2C   default_mode 
    3441 19468   a_buffer_pipe_6_reg[2][3]/E                        I2C   default_mode 
    3442 19468   a_buffer_pipe_6_reg[2][2]/E                        I2C   default_mode 
    3443 19468   a_buffer_pipe_6_reg[2][1]/E                        I2C   default_mode 
    3444 19468   systolic_array_8X8_a_queue_reg[6][7][7]/E          I2C   default_mode 
    3445 19468   a_buffer_pipe_6_reg[2][0]/E                        I2C   default_mode 
    3446 19468   systolic_array_8X8_a_queue_reg[6][7][6]/E          I2C   default_mode 
    3447 19468   a_buffer_pipe_6_reg[1][8]/E                        I2C   default_mode 
    3448 19468   a_buffer_pipe_6_reg[1][7]/E                        I2C   default_mode 
    3449 19468   a_buffer_pipe_6_reg[1][6]/E                        I2C   default_mode 
    3450 19468   systolic_array_8X8_a_queue_reg[6][7][5]/E          I2C   default_mode 
    3451 19468   a_buffer_pipe_6_reg[1][5]/E                        I2C   default_mode 
    3452 19468   systolic_array_8X8_a_queue_reg[6][7][4]/E          I2C   default_mode 
    3453 19468   a_buffer_pipe_6_reg[1][4]/E                        I2C   default_mode 
    3454 19468   a_buffer_pipe_6_reg[1][3]/E                        I2C   default_mode 
    3455 19468   a_buffer_pipe_6_reg[1][2]/E                        I2C   default_mode 
    3456 19468   systolic_array_8X8_a_queue_reg[6][7][3]/E          I2C   default_mode 
    3457 19468   systolic_array_8X8_b_queue_reg[0][5][6]/E          I2C   default_mode 
    3458 19468   systolic_array_8X8_a_queue_reg[6][7][2]/E          I2C   default_mode 
    3459 19468   a_buffer_pipe_6_reg[1][0]/E                        I2C   default_mode 
    3460 19468   a_buffer_pipe_6_reg[0][8]/E                        I2C   default_mode 
    3461 19468   systolic_array_8X8_a_queue_reg[6][7][1]/E          I2C   default_mode 
    3462 19468   systolic_array_8X8_a_queue_reg[6][6][7]/E          I2C   default_mode 
    3463 19468   a_buffer_pipe_6_reg[0][0]/E                        I2C   default_mode 
    3464 19468   a_buffer_pipe_5_reg[4][8]/E                        I2C   default_mode 
    3465 19468   systolic_array_8X8_a_queue_reg[6][6][6]/E          I2C   default_mode 
    3466 19468   a_buffer_pipe_5_reg[4][7]/E                        I2C   default_mode 
    3467 19468   a_buffer_pipe_5_reg[4][6]/E                        I2C   default_mode 
    3468 19468   systolic_array_8X8_a_queue_reg[6][6][5]/E          I2C   default_mode 
    3469 19468   a_buffer_pipe_5_reg[4][5]/E                        I2C   default_mode 
    3470 19468   a_buffer_pipe_5_reg[4][4]/E                        I2C   default_mode 
    3471 19468   systolic_array_8X8_a_queue_reg[6][6][4]/E          I2C   default_mode 
    3472 19468   a_buffer_pipe_5_reg[4][3]/E                        I2C   default_mode 
    3473 19468   a_buffer_pipe_5_reg[4][2]/E                        I2C   default_mode 
    3474 19468   systolic_array_8X8_a_queue_reg[6][6][3]/E          I2C   default_mode 
    3475 19468   a_buffer_pipe_5_reg[4][0]/E                        I2C   default_mode 
    3476 19468   systolic_array_8X8_a_queue_reg[6][6][2]/E          I2C   default_mode 
    3477 19468   a_buffer_pipe_5_reg[3][8]/E                        I2C   default_mode 
    3478 19468   a_buffer_pipe_5_reg[3][7]/E                        I2C   default_mode 
    3479 19468   systolic_array_8X8_a_queue_reg[6][6][1]/E          I2C   default_mode 
    3480 19468   a_buffer_pipe_5_reg[3][6]/E                        I2C   default_mode 
    3481 19468   a_buffer_pipe_5_reg[3][5]/E                        I2C   default_mode 
    3482 19468   systolic_array_8X8_a_queue_reg[6][5][8]/E          I2C   default_mode 
    3483 19468   a_buffer_pipe_5_reg[3][3]/E                        I2C   default_mode 
    3484 19468   systolic_array_8X8_a_queue_reg[6][5][7]/E          I2C   default_mode 
    3485 19468   a_buffer_pipe_5_reg[3][2]/E                        I2C   default_mode 
    3486 19468   a_buffer_pipe_5_reg[3][1]/E                        I2C   default_mode 
    3487 19468   systolic_array_8X8_a_queue_reg[6][5][6]/E          I2C   default_mode 
    3488 19468   a_buffer_pipe_5_reg[3][0]/E                        I2C   default_mode 
    3489 19468   a_buffer_pipe_5_reg[2][8]/E                        I2C   default_mode 
    3490 19468   systolic_array_8X8_a_queue_reg[6][5][5]/E          I2C   default_mode 
    3491 19468   systolic_array_8X8_a_queue_reg[6][5][4]/E          I2C   default_mode 
    3492 19468   a_buffer_pipe_5_reg[2][7]/E                        I2C   default_mode 
    3493 19468   a_buffer_pipe_5_reg[2][6]/E                        I2C   default_mode 
    3494 19468   a_buffer_pipe_5_reg[2][5]/E                        I2C   default_mode 
    3495 19468   systolic_array_8X8_a_queue_reg[6][5][3]/E          I2C   default_mode 
    3496 19468   a_buffer_pipe_5_reg[2][4]/E                        I2C   default_mode 
    3497 19468   a_buffer_pipe_5_reg[2][3]/E                        I2C   default_mode 
    3498 19468   a_buffer_pipe_5_reg[2][2]/E                        I2C   default_mode 
    3499 19468   systolic_array_8X8_a_queue_reg[6][5][2]/E          I2C   default_mode 
    3500 19468   a_buffer_pipe_5_reg[2][1]/E                        I2C   default_mode 
    3501 19468   a_buffer_pipe_5_reg[2][0]/E                        I2C   default_mode 
    3502 19468   systolic_array_8X8_a_queue_reg[6][5][1]/E          I2C   default_mode 
    3503 19468   a_buffer_pipe_5_reg[1][8]/E                        I2C   default_mode 
    3504 19468   a_buffer_pipe_5_reg[1][7]/E                        I2C   default_mode 
    3505 19468   systolic_array_8X8_a_queue_reg[6][4][8]/E          I2C   default_mode 
    3506 19468   systolic_array_8X8_a_queue_reg[6][4][7]/E          I2C   default_mode 
    3507 19468   a_buffer_pipe_5_reg[1][5]/E                        I2C   default_mode 
    3508 19468   a_buffer_pipe_5_reg[1][4]/E                        I2C   default_mode 
    3509 19468   a_buffer_pipe_5_reg[1][3]/E                        I2C   default_mode 
    3510 19468   systolic_array_8X8_a_queue_reg[6][4][6]/E          I2C   default_mode 
    3511 19468   a_buffer_pipe_5_reg[1][2]/E                        I2C   default_mode 
    3512 19468   a_buffer_pipe_5_reg[1][1]/E                        I2C   default_mode 
    3513 19468   systolic_array_8X8_a_queue_reg[6][4][5]/E          I2C   default_mode 
    3514 19468   a_buffer_pipe_5_reg[1][0]/E                        I2C   default_mode 
    3515 19468   a_buffer_pipe_5_reg[0][8]/E                        I2C   default_mode 
    3516 19468   systolic_array_8X8_a_queue_reg[6][4][4]/E          I2C   default_mode 
    3517 19468   systolic_array_8X8_a_queue_reg[6][4][2]/E          I2C   default_mode 
    3518 19468   a_buffer_pipe_5_reg[0][0]/E                        I2C   default_mode 
    3519 19468   a_buffer_pipe_4_reg[3][8]/E                        I2C   default_mode 
    3520 19468   systolic_array_8X8_a_queue_reg[6][4][1]/E          I2C   default_mode 
    3521 19468   a_buffer_pipe_4_reg[3][7]/E                        I2C   default_mode 
    3522 19468   systolic_array_8X8_a_queue_reg[6][3][8]/E          I2C   default_mode 
    3523 19468   a_buffer_pipe_4_reg[3][6]/E                        I2C   default_mode 
    3524 19468   a_buffer_pipe_4_reg[3][5]/E                        I2C   default_mode 
    3525 19468   a_buffer_pipe_4_reg[3][4]/E                        I2C   default_mode 
    3526 19468   systolic_array_8X8_a_queue_reg[6][3][7]/E          I2C   default_mode 
    3527 19468   a_buffer_pipe_4_reg[3][3]/E                        I2C   default_mode 
    3528 19468   systolic_array_8X8_a_queue_reg[6][3][6]/E          I2C   default_mode 
    3529 19468   a_buffer_pipe_4_reg[3][2]/E                        I2C   default_mode 
    3530 19468   a_buffer_pipe_4_reg[3][1]/E                        I2C   default_mode 
    3531 19468   a_buffer_pipe_4_reg[3][0]/E                        I2C   default_mode 
    3532 19468   systolic_array_8X8_a_queue_reg[6][3][5]/E          I2C   default_mode 
    3533 19468   a_buffer_pipe_4_reg[2][8]/E                        I2C   default_mode 
    3534 19468   systolic_array_8X8_a_queue_reg[6][3][4]/E          I2C   default_mode 
    3535 19468   a_buffer_pipe_4_reg[2][7]/E                        I2C   default_mode 
    3536 19468   a_buffer_pipe_4_reg[2][6]/E                        I2C   default_mode 
    3537 19468   a_buffer_pipe_4_reg[2][5]/E                        I2C   default_mode 
    3538 19468   systolic_array_8X8_a_queue_reg[6][3][3]/E          I2C   default_mode 
    3539 19468   a_buffer_pipe_4_reg[2][4]/E                        I2C   default_mode 
    3540 19468   systolic_array_8X8_a_queue_reg[6][3][2]/E          I2C   default_mode 
    3541 19468   a_buffer_pipe_4_reg[2][3]/E                        I2C   default_mode 
    3542 19468   a_buffer_pipe_4_reg[2][2]/E                        I2C   default_mode 
    3543 19468   a_buffer_pipe_4_reg[2][1]/E                        I2C   default_mode 
    3544 19468   systolic_array_8X8_a_queue_reg[6][3][1]/E          I2C   default_mode 
    3545 19468   a_buffer_pipe_4_reg[2][0]/E                        I2C   default_mode 
    3546 19468   a_buffer_pipe_4_reg[1][8]/E                        I2C   default_mode 
    3547 19468   systolic_array_8X8_a_queue_reg[6][2][8]/E          I2C   default_mode 
    3548 19468   systolic_array_8X8_a_queue_reg[6][2][7]/E          I2C   default_mode 
    3549 19468   a_buffer_pipe_4_reg[1][7]/E                        I2C   default_mode 
    3550 19468   a_buffer_pipe_4_reg[1][6]/E                        I2C   default_mode 
    3551 19468   a_buffer_pipe_4_reg[1][5]/E                        I2C   default_mode 
    3552 19468   systolic_array_8X8_a_queue_reg[6][2][6]/E          I2C   default_mode 
    3553 19468   a_buffer_pipe_4_reg[1][4]/E                        I2C   default_mode 
    3554 19468   a_buffer_pipe_4_reg[1][3]/E                        I2C   default_mode 
    3555 19468   a_buffer_pipe_4_reg[1][2]/E                        I2C   default_mode 
    3556 19468   systolic_array_8X8_a_queue_reg[6][2][5]/E          I2C   default_mode 
    3557 19468   a_buffer_pipe_4_reg[1][1]/E                        I2C   default_mode 
    3558 19468   systolic_array_8X8_a_queue_reg[6][2][4]/E          I2C   default_mode 
    3559 19468   a_buffer_pipe_4_reg[1][0]/E                        I2C   default_mode 
    3560 19468   a_buffer_pipe_4_reg[0][8]/E                        I2C   default_mode 
    3561 19468   systolic_array_8X8_a_queue_reg[6][2][2]/E          I2C   default_mode 
    3562 19468   a_buffer_pipe_4_reg[0][0]/E                        I2C   default_mode 
    3563 19468   systolic_array_8X8_a_queue_reg[6][2][1]/E          I2C   default_mode 
    3564 19468   a_buffer_pipe_3_reg[2][8]/E                        I2C   default_mode 
    3565 19468   systolic_array_8X8_a_queue_reg[6][1][8]/E          I2C   default_mode 
    3566 19468   a_buffer_pipe_3_reg[2][6]/E                        I2C   default_mode 
    3567 19468   systolic_array_8X8_a_queue_reg[6][1][7]/E          I2C   default_mode 
    3568 19468   a_buffer_pipe_3_reg[2][5]/E                        I2C   default_mode 
    3569 19468   systolic_array_8X8_a_queue_reg[6][1][6]/E          I2C   default_mode 
    3570 19468   a_buffer_pipe_3_reg[2][4]/E                        I2C   default_mode 
    3571 19468   a_buffer_pipe_3_reg[2][3]/E                        I2C   default_mode 
    3572 19468   a_buffer_pipe_3_reg[2][2]/E                        I2C   default_mode 
    3573 19468   systolic_array_8X8_a_queue_reg[6][1][5]/E          I2C   default_mode 
    3574 19468   a_buffer_pipe_3_reg[2][1]/E                        I2C   default_mode 
    3575 19468   systolic_array_8X8_a_queue_reg[6][1][4]/E          I2C   default_mode 
    3576 19468   a_buffer_pipe_3_reg[2][0]/E                        I2C   default_mode 
    3577 19468   a_buffer_pipe_3_reg[1][8]/E                        I2C   default_mode 
    3578 19468   a_buffer_pipe_3_reg[1][7]/E                        I2C   default_mode 
    3579 19468   systolic_array_8X8_a_queue_reg[6][1][3]/E          I2C   default_mode 
    3580 19468   a_buffer_pipe_3_reg[1][6]/E                        I2C   default_mode 
    3581 19468   systolic_array_8X8_a_queue_reg[6][1][2]/E          I2C   default_mode 
    3582 19468   a_buffer_pipe_3_reg[1][5]/E                        I2C   default_mode 
    3583 19468   a_buffer_pipe_3_reg[1][4]/E                        I2C   default_mode 
    3584 19468   a_buffer_pipe_3_reg[1][3]/E                        I2C   default_mode 
    3585 19468   systolic_array_8X8_a_queue_reg[6][1][1]/E          I2C   default_mode 
    3586 19468   a_buffer_pipe_3_reg[1][2]/E                        I2C   default_mode 
    3587 19468   a_buffer_pipe_3_reg[1][1]/E                        I2C   default_mode 
    3588 19468   systolic_array_8X8_a_queue_reg[6][0][8]/E          I2C   default_mode 
    3589 19468   systolic_array_8X8_a_queue_reg[6][0][7]/E          I2C   default_mode 
    3590 19468   a_buffer_pipe_3_reg[0][8]/E                        I2C   default_mode 
    3591 19468   systolic_array_8X8_a_queue_reg[6][0][6]/E          I2C   default_mode 
    3592 19468   systolic_array_8X8_a_queue_reg[6][0][5]/E          I2C   default_mode 
    3593 19468   a_buffer_pipe_3_reg[0][0]/E                        I2C   default_mode 
    3594 19468   systolic_array_8X8_a_queue_reg[6][0][4]/E          I2C   default_mode 
    3595 19468   a_buffer_pipe_2_reg[1][8]/E                        I2C   default_mode 
    3596 19468   a_buffer_pipe_2_reg[1][7]/E                        I2C   default_mode 
    3597 19468   systolic_array_8X8_a_queue_reg[6][0][3]/E          I2C   default_mode 
    3598 19468   a_buffer_pipe_2_reg[1][5]/E                        I2C   default_mode 
    3599 19468   systolic_array_8X8_a_queue_reg[6][0][2]/E          I2C   default_mode 
    3600 19468   a_buffer_pipe_2_reg[1][4]/E                        I2C   default_mode 
    3601 19468   a_buffer_pipe_2_reg[1][3]/E                        I2C   default_mode 
    3602 19468   systolic_array_8X8_a_queue_reg[6][0][1]/E          I2C   default_mode 
    3603 19468   a_buffer_pipe_2_reg[1][2]/E                        I2C   default_mode 
    3604 19468   a_buffer_pipe_2_reg[1][1]/E                        I2C   default_mode 
    3605 19468   systolic_array_8X8_a_queue_reg[5][7][8]/E          I2C   default_mode 
    3606 19468   a_buffer_pipe_2_reg[1][0]/E                        I2C   default_mode 
    3607 19468   a_buffer_pipe_2_reg[0][8]/E                        I2C   default_mode 
    3608 19468   systolic_array_8X8_a_queue_reg[5][7][7]/E          I2C   default_mode 
    3609 19468   systolic_array_8X8_a_queue_reg[5][7][6]/E          I2C   default_mode 
    3610 19468   systolic_array_8X8_a_queue_reg[5][7][5]/E          I2C   default_mode 
    3611 19468   a_buffer_pipe_1_reg[8]/E                           I2C   default_mode 
    3612 19468   systolic_array_8X8_a_queue_reg[5][7][4]/E          I2C   default_mode 
    3613 19468   systolic_array_8X8_a_queue_reg[5][7][3]/E          I2C   default_mode 
    3614 19468   systolic_array_8X8_a_queue_reg[5][7][2]/E          I2C   default_mode 
    3615 19468   systolic_array_8X8_a_queue_reg[5][7][1]/E          I2C   default_mode 
    3616 19468   systolic_array_8X8_a_queue_reg[5][6][7]/E          I2C   default_mode 
    3617 19468   systolic_array_8X8_a_queue_reg[5][6][2]/E          I2C   default_mode 
    3618 19468   systolic_array_8X8_a_queue_reg[5][5][5]/E          I2C   default_mode 
    3619 19468   systolic_array_8X8_a_queue_reg[5][5][3]/E          I2C   default_mode 
    3620 19468   systolic_array_8X8_a_queue_reg[5][4][7]/E          I2C   default_mode 
    3621 19468   systolic_array_8X8_a_queue_reg[5][4][2]/E          I2C   default_mode 
    3622 19468   systolic_array_8X8_a_queue_reg[5][3][5]/E          I2C   default_mode 
    3623 19468   systolic_array_8X8_a_queue_reg[5][2][7]/E          I2C   default_mode 
    3624 19468   systolic_array_8X8_a_queue_reg[5][2][6]/E          I2C   default_mode 
    3625 19468   systolic_array_8X8_a_queue_reg[5][2][2]/E          I2C   default_mode 
    3626 19468   b_buffer_pipe_1_reg[8]/E                           I2C   default_mode 
    3627 19468   systolic_array_8X8_a_queue_reg[7][6][3]/E          I2C   default_mode 
    3628 19468   systolic_array_8X8_a_queue_reg[5][1][5]/E          I2C   default_mode 
    3629 19468   systolic_array_8X8_a_queue_reg[5][1][4]/E          I2C   default_mode 
    3630 19468   systolic_array_8X8_a_queue_reg[5][1][3]/E          I2C   default_mode 
    3631 19468   systolic_array_8X8_a_queue_reg[5][1][2]/E          I2C   default_mode 
    3632 19468   systolic_array_8X8_a_queue_reg[5][1][1]/E          I2C   default_mode 
    3633 19468   systolic_array_8X8_a_queue_reg[5][0][8]/E          I2C   default_mode 
    3634 19468   systolic_array_8X8_a_queue_reg[5][0][7]/E          I2C   default_mode 
    3635 19468   systolic_array_8X8_a_queue_reg[5][0][6]/E          I2C   default_mode 
    3636 19468   systolic_array_8X8_a_queue_reg[5][0][5]/E          I2C   default_mode 
    3637 19468   systolic_array_8X8_a_queue_reg[5][0][4]/E          I2C   default_mode 
    3638 19468   systolic_array_8X8_a_queue_reg[5][0][3]/E          I2C   default_mode 
    3639 19468   systolic_array_8X8_a_queue_reg[5][0][2]/E          I2C   default_mode 
    3640 19468   systolic_array_8X8_a_queue_reg[5][0][1]/E          I2C   default_mode 
    3641 19468   systolic_array_8X8_a_queue_reg[4][7][8]/E          I2C   default_mode 
    3642 19468   b_buffer_pipe_4_reg[0][0]/E                        I2C   default_mode 
    3643 19468   systolic_array_8X8_a_queue_reg[4][7][7]/E          I2C   default_mode 
    3644 19468   systolic_array_8X8_a_queue_reg[4][7][6]/E          I2C   default_mode 
    3645 19468   systolic_array_8X8_a_queue_reg[4][7][5]/E          I2C   default_mode 
    3646 19468   systolic_array_8X8_a_queue_reg[4][7][4]/E          I2C   default_mode 
    3647 19468   systolic_array_8X8_a_queue_reg[4][7][3]/E          I2C   default_mode 
    3648 19468   systolic_array_8X8_a_queue_reg[4][7][2]/E          I2C   default_mode 
    3649 19468   systolic_array_8X8_a_queue_reg[4][7][1]/E          I2C   default_mode 
    3650 19468   systolic_array_8X8_a_queue_reg[4][6][8]/E          I2C   default_mode 
    3651 19468   systolic_array_8X8_a_queue_reg[4][6][7]/E          I2C   default_mode 
    3652 19468   systolic_array_8X8_a_queue_reg[4][6][6]/E          I2C   default_mode 
    3653 19468   systolic_array_8X8_a_queue_reg[4][6][5]/E          I2C   default_mode 
    3654 19468   systolic_array_8X8_a_queue_reg[4][6][4]/E          I2C   default_mode 
    3655 19468   systolic_array_8X8_a_queue_reg[4][6][3]/E          I2C   default_mode 
    3656 19468   systolic_array_8X8_a_queue_reg[4][6][2]/E          I2C   default_mode 
    3657 19468   systolic_array_8X8_a_queue_reg[4][6][1]/E          I2C   default_mode 
    3658 19468   systolic_array_8X8_a_queue_reg[4][5][8]/E          I2C   default_mode 
    3659 19468   systolic_array_8X8_a_queue_reg[4][5][7]/E          I2C   default_mode 
    3660 19468   systolic_array_8X8_a_queue_reg[4][5][6]/E          I2C   default_mode 
    3661 19468   systolic_array_8X8_a_queue_reg[4][5][5]/E          I2C   default_mode 
    3662 19468   systolic_array_8X8_a_queue_reg[4][5][4]/E          I2C   default_mode 
    3663 19468   systolic_array_8X8_a_queue_reg[4][5][3]/E          I2C   default_mode 
    3664 19468   systolic_array_8X8_a_queue_reg[4][5][2]/E          I2C   default_mode 
    3665 19468   b_buffer_pipe_5_reg[1][0]/E                        I2C   default_mode 
    3666 19468   systolic_array_8X8_a_queue_reg[4][5][1]/E          I2C   default_mode 
    3667 19468   systolic_array_8X8_a_queue_reg[4][4][8]/E          I2C   default_mode 
    3668 19468   b_buffer_pipe_5_reg[0][8]/E                        I2C   default_mode 
    3669 19468   systolic_array_8X8_a_queue_reg[4][4][7]/E          I2C   default_mode 
    3670 19468   systolic_array_8X8_a_queue_reg[4][4][6]/E          I2C   default_mode 
    3671 19468   systolic_array_8X8_a_queue_reg[4][4][5]/E          I2C   default_mode 
    3672 19468   systolic_array_8X8_a_queue_reg[4][4][4]/E          I2C   default_mode 
    3673 19468   systolic_array_8X8_a_queue_reg[4][4][3]/E          I2C   default_mode 
    3674 19468   systolic_array_8X8_a_queue_reg[4][4][2]/E          I2C   default_mode 
    3675 19468   systolic_array_8X8_a_queue_reg[4][4][1]/E          I2C   default_mode 
    3676 19468   systolic_array_8X8_a_queue_reg[4][3][8]/E          I2C   default_mode 
    3677 19468   systolic_array_8X8_a_queue_reg[4][3][7]/E          I2C   default_mode 
    3678 19468   systolic_array_8X8_a_queue_reg[4][3][6]/E          I2C   default_mode 
    3679 19468   systolic_array_8X8_a_queue_reg[4][3][5]/E          I2C   default_mode 
    3680 19468   systolic_array_8X8_a_queue_reg[4][3][4]/E          I2C   default_mode 
    3681 19468   systolic_array_8X8_a_queue_reg[4][3][3]/E          I2C   default_mode 
    3682 19468   systolic_array_8X8_a_queue_reg[4][3][2]/E          I2C   default_mode 
    3683 19468   systolic_array_8X8_a_queue_reg[4][3][1]/E          I2C   default_mode 
    3684 19468   systolic_array_8X8_a_queue_reg[4][2][8]/E          I2C   default_mode 
    3685 19468   systolic_array_8X8_a_queue_reg[4][2][7]/E          I2C   default_mode 
    3686 19468   systolic_array_8X8_a_queue_reg[4][2][6]/E          I2C   default_mode 
    3687 19468   systolic_array_8X8_a_queue_reg[4][2][5]/E          I2C   default_mode 
    3688 19468   systolic_array_8X8_a_queue_reg[4][2][4]/E          I2C   default_mode 
    3689 19468   systolic_array_8X8_a_queue_reg[4][2][3]/E          I2C   default_mode 
    3690 19468   systolic_array_8X8_a_queue_reg[4][2][2]/E          I2C   default_mode 
    3691 19468   systolic_array_8X8_a_queue_reg[4][2][1]/E          I2C   default_mode 
    3692 19468   systolic_array_8X8_a_queue_reg[4][1][8]/E          I2C   default_mode 
    3693 19468   systolic_array_8X8_a_queue_reg[4][1][7]/E          I2C   default_mode 
    3694 19468   systolic_array_8X8_a_queue_reg[4][1][6]/E          I2C   default_mode 
    3695 19468   systolic_array_8X8_a_queue_reg[4][1][5]/E          I2C   default_mode 
    3696 19468   systolic_array_8X8_a_queue_reg[4][1][4]/E          I2C   default_mode 
    3697 19468   systolic_array_8X8_a_queue_reg[4][1][3]/E          I2C   default_mode 
    3698 19468   systolic_array_8X8_a_queue_reg[4][1][2]/E          I2C   default_mode 
    3699 19468   systolic_array_8X8_a_queue_reg[4][1][1]/E          I2C   default_mode 
    3700 19468   systolic_array_8X8_a_queue_reg[4][0][8]/E          I2C   default_mode 
    3701 19468   systolic_array_8X8_a_queue_reg[4][0][7]/E          I2C   default_mode 
    3702 19468   systolic_array_8X8_a_queue_reg[4][0][6]/E          I2C   default_mode 
    3703 19468   systolic_array_8X8_a_queue_reg[4][0][5]/E          I2C   default_mode 
    3704 19468   systolic_array_8X8_a_queue_reg[4][0][4]/E          I2C   default_mode 
    3705 19468   systolic_array_8X8_a_queue_reg[4][0][3]/E          I2C   default_mode 
    3706 19468   systolic_array_8X8_a_queue_reg[4][0][2]/E          I2C   default_mode 
    3707 19468   systolic_array_8X8_a_queue_reg[4][0][1]/E          I2C   default_mode 
    3708 19468   systolic_array_8X8_a_queue_reg[3][7][8]/E          I2C   default_mode 
    3709 19468   systolic_array_8X8_a_queue_reg[3][7][7]/E          I2C   default_mode 
    3710 19468   systolic_array_8X8_a_queue_reg[3][7][6]/E          I2C   default_mode 
    3711 19468   systolic_array_8X8_a_queue_reg[3][7][5]/E          I2C   default_mode 
    3712 19468   systolic_array_8X8_a_queue_reg[3][7][4]/E          I2C   default_mode 
    3713 19468   systolic_array_8X8_a_queue_reg[3][7][3]/E          I2C   default_mode 
    3714 19468   systolic_array_8X8_a_queue_reg[3][7][2]/E          I2C   default_mode 
    3715 19468   systolic_array_8X8_a_queue_reg[3][7][1]/E          I2C   default_mode 
    3716 19468   systolic_array_8X8_a_queue_reg[3][6][8]/E          I2C   default_mode 
    3717 19468   systolic_array_8X8_a_queue_reg[3][6][7]/E          I2C   default_mode 
    3718 19468   systolic_array_8X8_a_queue_reg[3][6][6]/E          I2C   default_mode 
    3719 19468   systolic_array_8X8_a_queue_reg[3][6][5]/E          I2C   default_mode 
    3720 19468   systolic_array_8X8_a_queue_reg[3][6][4]/E          I2C   default_mode 
    3721 19468   systolic_array_8X8_a_queue_reg[3][6][3]/E          I2C   default_mode 
    3722 19468   systolic_array_8X8_a_queue_reg[3][6][2]/E          I2C   default_mode 
    3723 19468   systolic_array_8X8_a_queue_reg[3][6][1]/E          I2C   default_mode 
    3724 19468   systolic_array_8X8_a_queue_reg[3][5][8]/E          I2C   default_mode 
    3725 19468   systolic_array_8X8_a_queue_reg[3][5][7]/E          I2C   default_mode 
    3726 19468   systolic_array_8X8_a_queue_reg[3][5][6]/E          I2C   default_mode 
    3727 19468   systolic_array_8X8_a_queue_reg[3][5][5]/E          I2C   default_mode 
    3728 19468   systolic_array_8X8_a_queue_reg[3][5][4]/E          I2C   default_mode 
    3729 19468   systolic_array_8X8_a_queue_reg[3][5][3]/E          I2C   default_mode 
    3730 19468   systolic_array_8X8_a_queue_reg[3][5][2]/E          I2C   default_mode 
    3731 19468   systolic_array_8X8_a_queue_reg[3][5][1]/E          I2C   default_mode 
    3732 19468   systolic_array_8X8_a_queue_reg[3][4][8]/E          I2C   default_mode 
    3733 19468   systolic_array_8X8_a_queue_reg[3][4][7]/E          I2C   default_mode 
    3734 19468   systolic_array_8X8_a_queue_reg[3][4][6]/E          I2C   default_mode 
    3735 19468   systolic_array_8X8_a_queue_reg[3][4][5]/E          I2C   default_mode 
    3736 19468   systolic_array_8X8_a_queue_reg[3][4][4]/E          I2C   default_mode 
    3737 19468   systolic_array_8X8_a_queue_reg[3][4][3]/E          I2C   default_mode 
    3738 19468   systolic_array_8X8_a_queue_reg[3][4][2]/E          I2C   default_mode 
    3739 19468   systolic_array_8X8_a_queue_reg[3][4][1]/E          I2C   default_mode 
    3740 19468   systolic_array_8X8_a_queue_reg[3][3][8]/E          I2C   default_mode 
    3741 19468   systolic_array_8X8_a_queue_reg[3][3][7]/E          I2C   default_mode 
    3742 19468   systolic_array_8X8_a_queue_reg[3][3][6]/E          I2C   default_mode 
    3743 19468   systolic_array_8X8_a_queue_reg[3][3][5]/E          I2C   default_mode 
    3744 19468   systolic_array_8X8_a_queue_reg[3][3][4]/E          I2C   default_mode 
    3745 19468   systolic_array_8X8_a_queue_reg[3][3][3]/E          I2C   default_mode 
    3746 19468   systolic_array_8X8_a_queue_reg[3][3][2]/E          I2C   default_mode 
    3747 19468   systolic_array_8X8_a_queue_reg[3][3][1]/E          I2C   default_mode 
    3748 19468   systolic_array_8X8_a_queue_reg[3][2][8]/E          I2C   default_mode 
    3749 19468   systolic_array_8X8_a_queue_reg[3][2][7]/E          I2C   default_mode 
    3750 19468   systolic_array_8X8_a_queue_reg[3][2][6]/E          I2C   default_mode 
    3751 19468   systolic_array_8X8_a_queue_reg[3][2][5]/E          I2C   default_mode 
    3752 19468   systolic_array_8X8_a_queue_reg[3][2][4]/E          I2C   default_mode 
    3753 19468   systolic_array_8X8_a_queue_reg[3][2][3]/E          I2C   default_mode 
    3754 19468   systolic_array_8X8_a_queue_reg[3][2][2]/E          I2C   default_mode 
    3755 19468   systolic_array_8X8_a_queue_reg[3][2][1]/E          I2C   default_mode 
    3756 19468   systolic_array_8X8_a_queue_reg[3][1][8]/E          I2C   default_mode 
    3757 19468   systolic_array_8X8_a_queue_reg[3][1][7]/E          I2C   default_mode 
    3758 19468   systolic_array_8X8_a_queue_reg[3][1][6]/E          I2C   default_mode 
    3759 19468   b_buffer_pipe_7_reg[0][0]/E                        I2C   default_mode 
    3760 19468   systolic_array_8X8_a_queue_reg[3][1][5]/E          I2C   default_mode 
    3761 19468   systolic_array_8X8_a_queue_reg[3][1][4]/E          I2C   default_mode 
    3762 19468   systolic_array_8X8_a_queue_reg[3][1][3]/E          I2C   default_mode 
    3763 19468   systolic_array_8X8_a_queue_reg[3][1][2]/E          I2C   default_mode 
    3764 19468   systolic_array_8X8_a_queue_reg[3][1][1]/E          I2C   default_mode 
    3765 19468   systolic_array_8X8_a_queue_reg[3][0][8]/E          I2C   default_mode 
    3766 19468   systolic_array_8X8_a_queue_reg[3][0][7]/E          I2C   default_mode 
    3767 19468   systolic_array_8X8_a_queue_reg[3][0][6]/E          I2C   default_mode 
    3768 19468   systolic_array_8X8_a_queue_reg[3][0][5]/E          I2C   default_mode 
    3769 19468   systolic_array_8X8_a_queue_reg[3][0][4]/E          I2C   default_mode 
    3770 19468   systolic_array_8X8_a_queue_reg[3][0][3]/E          I2C   default_mode 
    3771 19468   systolic_array_8X8_a_queue_reg[3][0][2]/E          I2C   default_mode 
    3772 19468   systolic_array_8X8_a_queue_reg[3][0][1]/E          I2C   default_mode 
    3773 19468   systolic_array_8X8_a_queue_reg[2][7][8]/E          I2C   default_mode 
    3774 19468   systolic_array_8X8_a_queue_reg[2][7][7]/E          I2C   default_mode 
    3775 19468   systolic_array_8X8_a_queue_reg[2][7][6]/E          I2C   default_mode 
    3776 19468   systolic_array_8X8_a_queue_reg[2][7][5]/E          I2C   default_mode 
    3777 19468   systolic_array_8X8_a_queue_reg[2][7][4]/E          I2C   default_mode 
    3778 19468   systolic_array_8X8_a_queue_reg[2][7][3]/E          I2C   default_mode 
    3779 19468   systolic_array_8X8_a_queue_reg[2][7][2]/E          I2C   default_mode 
    3780 19468   systolic_array_8X8_a_queue_reg[2][7][1]/E          I2C   default_mode 
    3781 19468   systolic_array_8X8_a_queue_reg[2][6][8]/E          I2C   default_mode 
    3782 19468   systolic_array_8X8_a_queue_reg[2][6][7]/E          I2C   default_mode 
    3783 19468   systolic_array_8X8_a_queue_reg[2][6][6]/E          I2C   default_mode 
    3784 19468   systolic_array_8X8_a_queue_reg[2][6][5]/E          I2C   default_mode 
    3785 19468   systolic_array_8X8_a_queue_reg[2][6][4]/E          I2C   default_mode 
    3786 19468   systolic_array_8X8_b_queue_reg[2][1][6]/E          I2C   default_mode 
    3787 19468   systolic_array_8X8_a_queue_reg[2][6][3]/E          I2C   default_mode 
    3788 19468   systolic_array_8X8_a_queue_reg[2][6][2]/E          I2C   default_mode 
    3789 19468   systolic_array_8X8_a_queue_reg[2][6][1]/E          I2C   default_mode 
    3790 19468   systolic_array_8X8_a_queue_reg[2][5][8]/E          I2C   default_mode 
    3791 19468   systolic_array_8X8_a_queue_reg[2][5][7]/E          I2C   default_mode 
    3792 19468   systolic_array_8X8_a_queue_reg[2][5][6]/E          I2C   default_mode 
    3793 19468   systolic_array_8X8_a_queue_reg[2][5][5]/E          I2C   default_mode 
    3794 19468   systolic_array_8X8_a_queue_reg[2][5][4]/E          I2C   default_mode 
    3795 19468   systolic_array_8X8_a_queue_reg[2][5][3]/E          I2C   default_mode 
    3796 19468   systolic_array_8X8_a_queue_reg[2][5][2]/E          I2C   default_mode 
    3797 19468   systolic_array_8X8_a_queue_reg[2][5][1]/E          I2C   default_mode 
    3798 19468   systolic_array_8X8_a_queue_reg[2][4][8]/E          I2C   default_mode 
    3799 19468   systolic_array_8X8_b_queue_reg[0][1][6]/E          I2C   default_mode 
    3800 19468   systolic_array_8X8_a_queue_reg[2][4][7]/E          I2C   default_mode 
    3801 19468   systolic_array_8X8_a_queue_reg[2][4][6]/E          I2C   default_mode 
    3802 19468   systolic_array_8X8_a_queue_reg[2][4][5]/E          I2C   default_mode 
    3803 19468   systolic_array_8X8_a_queue_reg[2][4][4]/E          I2C   default_mode 
    3804 19468   systolic_array_8X8_a_queue_reg[2][4][3]/E          I2C   default_mode 
    3805 19468   systolic_array_8X8_a_queue_reg[2][4][2]/E          I2C   default_mode 
    3806 19468   systolic_array_8X8_a_queue_reg[2][4][1]/E          I2C   default_mode 
    3807 19468   systolic_array_8X8_a_queue_reg[2][3][8]/E          I2C   default_mode 
    3808 19468   systolic_array_8X8_a_queue_reg[2][3][7]/E          I2C   default_mode 
    3809 19468   systolic_array_8X8_a_queue_reg[2][3][6]/E          I2C   default_mode 
    3810 19468   systolic_array_8X8_a_queue_reg[2][3][5]/E          I2C   default_mode 
    3811 19468   systolic_array_8X8_a_queue_reg[2][3][4]/E          I2C   default_mode 
    3812 19468   systolic_array_8X8_a_queue_reg[2][3][3]/E          I2C   default_mode 
    3813 19468   systolic_array_8X8_a_queue_reg[2][3][2]/E          I2C   default_mode 
    3814 19468   b_buffer_pipe_7_reg[4][7]/E                        I2C   default_mode 
    3815 19468   systolic_array_8X8_a_queue_reg[2][3][1]/E          I2C   default_mode 
    3816 19468   systolic_array_8X8_a_queue_reg[2][2][8]/E          I2C   default_mode 
    3817 19468   systolic_array_8X8_a_queue_reg[2][2][7]/E          I2C   default_mode 
    3818 19468   systolic_array_8X8_a_queue_reg[2][2][6]/E          I2C   default_mode 
    3819 19468   systolic_array_8X8_a_queue_reg[2][2][5]/E          I2C   default_mode 
    3820 19468   systolic_array_8X8_a_queue_reg[2][2][4]/E          I2C   default_mode 
    3821 19468   systolic_array_8X8_a_queue_reg[2][2][3]/E          I2C   default_mode 
    3822 19468   systolic_array_8X8_a_queue_reg[2][2][2]/E          I2C   default_mode 
    3823 19468   systolic_array_8X8_a_queue_reg[2][2][1]/E          I2C   default_mode 
    3824 19468   systolic_array_8X8_a_queue_reg[2][1][8]/E          I2C   default_mode 
    3825 19468   systolic_array_8X8_a_queue_reg[2][1][7]/E          I2C   default_mode 
    3826 19468   systolic_array_8X8_a_queue_reg[2][1][6]/E          I2C   default_mode 
    3827 19468   systolic_array_8X8_a_queue_reg[2][1][5]/E          I2C   default_mode 
    3828 19468   systolic_array_8X8_a_queue_reg[2][1][4]/E          I2C   default_mode 
    3829 19468   systolic_array_8X8_a_queue_reg[2][1][3]/E          I2C   default_mode 
    3830 19468   systolic_array_8X8_a_queue_reg[2][1][2]/E          I2C   default_mode 
    3831 19468   systolic_array_8X8_a_queue_reg[2][1][1]/E          I2C   default_mode 
    3832 19468   systolic_array_8X8_a_queue_reg[2][0][8]/E          I2C   default_mode 
    3833 19468   systolic_array_8X8_a_queue_reg[2][0][7]/E          I2C   default_mode 
    3834 19468   systolic_array_8X8_a_queue_reg[2][0][6]/E          I2C   default_mode 
    3835 19468   systolic_array_8X8_a_queue_reg[2][0][5]/E          I2C   default_mode 
    3836 19468   systolic_array_8X8_a_queue_reg[2][0][4]/E          I2C   default_mode 
    3837 19468   systolic_array_8X8_a_queue_reg[2][0][3]/E          I2C   default_mode 
    3838 19468   systolic_array_8X8_a_queue_reg[2][0][2]/E          I2C   default_mode 
    3839 19468   systolic_array_8X8_a_queue_reg[2][0][1]/E          I2C   default_mode 
    3840 19468   systolic_array_8X8_a_queue_reg[1][7][8]/E          I2C   default_mode 
    3841 19468   systolic_array_8X8_a_queue_reg[1][7][7]/E          I2C   default_mode 
    3842 19468   systolic_array_8X8_a_queue_reg[1][7][6]/E          I2C   default_mode 
    3843 19468   systolic_array_8X8_a_queue_reg[1][7][5]/E          I2C   default_mode 
    3844 19468   systolic_array_8X8_a_queue_reg[1][7][4]/E          I2C   default_mode 
    3845 19468   systolic_array_8X8_a_queue_reg[1][7][3]/E          I2C   default_mode 
    3846 19468   systolic_array_8X8_a_queue_reg[1][7][2]/E          I2C   default_mode 
    3847 19468   systolic_array_8X8_a_queue_reg[1][7][1]/E          I2C   default_mode 
    3848 19468   systolic_array_8X8_a_queue_reg[1][6][8]/E          I2C   default_mode 
    3849 19468   systolic_array_8X8_a_queue_reg[1][6][7]/E          I2C   default_mode 
    3850 19468   systolic_array_8X8_a_queue_reg[1][6][6]/E          I2C   default_mode 
    3851 19468   systolic_array_8X8_a_queue_reg[1][6][5]/E          I2C   default_mode 
    3852 19468   systolic_array_8X8_a_queue_reg[1][6][4]/E          I2C   default_mode 
    3853 19468   systolic_array_8X8_a_queue_reg[1][6][3]/E          I2C   default_mode 
    3854 19468   systolic_array_8X8_a_queue_reg[1][6][2]/E          I2C   default_mode 
    3855 19468   systolic_array_8X8_a_queue_reg[1][6][1]/E          I2C   default_mode 
    3856 19468   systolic_array_8X8_a_queue_reg[1][5][8]/E          I2C   default_mode 
    3857 19468   systolic_array_8X8_a_queue_reg[1][5][7]/E          I2C   default_mode 
    3858 19468   systolic_array_8X8_a_queue_reg[1][5][6]/E          I2C   default_mode 
    3859 19468   systolic_array_8X8_a_queue_reg[1][5][5]/E          I2C   default_mode 
    3860 19468   systolic_array_8X8_a_queue_reg[1][5][4]/E          I2C   default_mode 
    3861 19468   systolic_array_8X8_a_queue_reg[1][5][3]/E          I2C   default_mode 
    3862 19468   systolic_array_8X8_a_queue_reg[1][5][2]/E          I2C   default_mode 
    3863 19468   systolic_array_8X8_a_queue_reg[1][5][1]/E          I2C   default_mode 
    3864 19468   systolic_array_8X8_a_queue_reg[1][4][8]/E          I2C   default_mode 
    3865 19468   systolic_array_8X8_a_queue_reg[1][4][7]/E          I2C   default_mode 
    3866 19468   systolic_array_8X8_a_queue_reg[1][4][6]/E          I2C   default_mode 
    3867 19468   systolic_array_8X8_a_queue_reg[1][4][5]/E          I2C   default_mode 
    3868 19468   systolic_array_8X8_a_queue_reg[1][4][4]/E          I2C   default_mode 
    3869 19468   systolic_array_8X8_a_queue_reg[1][4][3]/E          I2C   default_mode 
    3870 19468   systolic_array_8X8_a_queue_reg[1][4][2]/E          I2C   default_mode 
    3871 19468   systolic_array_8X8_a_queue_reg[1][4][1]/E          I2C   default_mode 
    3872 19468   systolic_array_8X8_a_queue_reg[1][3][8]/E          I2C   default_mode 
    3873 19468   systolic_array_8X8_a_queue_reg[1][3][7]/E          I2C   default_mode 
    3874 19468   systolic_array_8X8_a_queue_reg[1][3][6]/E          I2C   default_mode 
    3875 19468   systolic_array_8X8_a_queue_reg[1][3][5]/E          I2C   default_mode 
    3876 19468   systolic_array_8X8_a_queue_reg[1][3][4]/E          I2C   default_mode 
    3877 19468   systolic_array_8X8_a_queue_reg[1][3][3]/E          I2C   default_mode 
    3878 19468   systolic_array_8X8_b_queue_reg[6][3][6]/E          I2C   default_mode 
    3879 19468   systolic_array_8X8_a_queue_reg[1][3][2]/E          I2C   default_mode 
    3880 19468   systolic_array_8X8_a_queue_reg[1][3][1]/E          I2C   default_mode 
    3881 19468   systolic_array_8X8_a_queue_reg[1][2][8]/E          I2C   default_mode 
    3882 19468   systolic_array_8X8_a_queue_reg[1][2][7]/E          I2C   default_mode 
    3883 19468   systolic_array_8X8_a_queue_reg[1][2][6]/E          I2C   default_mode 
    3884 19468   systolic_array_8X8_a_queue_reg[1][2][5]/E          I2C   default_mode 
    3885 19468   systolic_array_8X8_a_queue_reg[1][2][4]/E          I2C   default_mode 
    3886 19468   systolic_array_8X8_a_queue_reg[1][2][3]/E          I2C   default_mode 
    3887 19468   systolic_array_8X8_b_queue_reg[3][1][6]/E          I2C   default_mode 
    3888 19468   systolic_array_8X8_a_queue_reg[1][2][2]/E          I2C   default_mode 
    3889 19468   systolic_array_8X8_a_queue_reg[1][2][1]/E          I2C   default_mode 
    3890 19468   systolic_array_8X8_a_queue_reg[1][1][8]/E          I2C   default_mode 
    3891 19468   systolic_array_8X8_a_queue_reg[1][1][7]/E          I2C   default_mode 
    3892 19468   systolic_array_8X8_a_queue_reg[1][1][6]/E          I2C   default_mode 
    3893 19468   systolic_array_8X8_a_queue_reg[1][1][5]/E          I2C   default_mode 
    3894 19468   systolic_array_8X8_a_queue_reg[1][1][4]/E          I2C   default_mode 
    3895 19468   systolic_array_8X8_a_queue_reg[1][1][3]/E          I2C   default_mode 
    3896 19468   systolic_array_8X8_a_queue_reg[1][1][2]/E          I2C   default_mode 
    3897 19468   systolic_array_8X8_a_queue_reg[1][1][1]/E          I2C   default_mode 
    3898 19468   systolic_array_8X8_a_queue_reg[1][0][8]/E          I2C   default_mode 
    3899 19468   systolic_array_8X8_a_queue_reg[1][0][7]/E          I2C   default_mode 
    3900 19468   systolic_array_8X8_a_queue_reg[1][0][6]/E          I2C   default_mode 
    3901 19468   systolic_array_8X8_a_queue_reg[1][0][5]/E          I2C   default_mode 
    3902 19468   systolic_array_8X8_a_queue_reg[1][0][4]/E          I2C   default_mode 
    3903 19468   systolic_array_8X8_a_queue_reg[1][0][3]/E          I2C   default_mode 
    3904 19468   systolic_array_8X8_a_queue_reg[1][0][2]/E          I2C   default_mode 
    3905 19468   systolic_array_8X8_a_queue_reg[1][0][1]/E          I2C   default_mode 
    3906 19468   systolic_array_8X8_a_queue_reg[0][7][8]/E          I2C   default_mode 
    3907 19468   systolic_array_8X8_a_queue_reg[0][7][7]/E          I2C   default_mode 
    3908 19468   systolic_array_8X8_a_queue_reg[0][7][6]/E          I2C   default_mode 
    3909 19468   systolic_array_8X8_a_queue_reg[0][7][5]/E          I2C   default_mode 
    3910 19468   systolic_array_8X8_a_queue_reg[0][7][4]/E          I2C   default_mode 
    3911 19468   systolic_array_8X8_a_queue_reg[0][7][3]/E          I2C   default_mode 
    3912 19468   systolic_array_8X8_a_queue_reg[0][7][2]/E          I2C   default_mode 
    3913 19468   systolic_array_8X8_a_queue_reg[0][7][1]/E          I2C   default_mode 
    3914 19468   systolic_array_8X8_a_queue_reg[0][6][8]/E          I2C   default_mode 
    3915 19468   systolic_array_8X8_a_queue_reg[0][6][7]/E          I2C   default_mode 
    3916 19468   systolic_array_8X8_a_queue_reg[0][6][6]/E          I2C   default_mode 
    3917 19468   systolic_array_8X8_a_queue_reg[0][6][5]/E          I2C   default_mode 
    3918 19468   systolic_array_8X8_a_queue_reg[0][6][4]/E          I2C   default_mode 
    3919 19468   systolic_array_8X8_a_queue_reg[0][6][3]/E          I2C   default_mode 
    3920 19468   systolic_array_8X8_a_queue_reg[0][6][2]/E          I2C   default_mode 
    3921 19468   systolic_array_8X8_a_queue_reg[0][6][1]/E          I2C   default_mode 
    3922 19468   systolic_array_8X8_a_queue_reg[0][5][8]/E          I2C   default_mode 
    3923 19468   systolic_array_8X8_a_queue_reg[0][5][7]/E          I2C   default_mode 
    3924 19468   systolic_array_8X8_a_queue_reg[0][5][6]/E          I2C   default_mode 
    3925 19468   systolic_array_8X8_a_queue_reg[0][5][5]/E          I2C   default_mode 
    3926 19468   systolic_array_8X8_a_queue_reg[0][5][4]/E          I2C   default_mode 
    3927 19468   systolic_array_8X8_a_queue_reg[0][5][3]/E          I2C   default_mode 
    3928 19468   systolic_array_8X8_a_queue_reg[0][5][2]/E          I2C   default_mode 
    3929 19468   systolic_array_8X8_a_queue_reg[0][5][1]/E          I2C   default_mode 
    3930 19468   systolic_array_8X8_a_queue_reg[0][4][8]/E          I2C   default_mode 
    3931 19468   systolic_array_8X8_a_queue_reg[0][4][7]/E          I2C   default_mode 
    3932 19468   systolic_array_8X8_a_queue_reg[0][4][6]/E          I2C   default_mode 
    3933 19468   systolic_array_8X8_a_queue_reg[0][4][5]/E          I2C   default_mode 
    3934 19468   systolic_array_8X8_a_queue_reg[0][4][4]/E          I2C   default_mode 
    3935 19468   systolic_array_8X8_a_queue_reg[0][4][3]/E          I2C   default_mode 
    3936 19468   systolic_array_8X8_a_queue_reg[0][4][2]/E          I2C   default_mode 
    3937 19468   systolic_array_8X8_a_queue_reg[0][4][1]/E          I2C   default_mode 
    3938 19468   systolic_array_8X8_a_queue_reg[0][3][8]/E          I2C   default_mode 
    3939 19468   systolic_array_8X8_a_queue_reg[0][3][7]/E          I2C   default_mode 
    3940 19468   systolic_array_8X8_a_queue_reg[0][3][6]/E          I2C   default_mode 
    3941 19468   systolic_array_8X8_a_queue_reg[0][3][5]/E          I2C   default_mode 
    3942 19468   systolic_array_8X8_a_queue_reg[0][3][4]/E          I2C   default_mode 
    3943 19468   systolic_array_8X8_a_queue_reg[0][3][3]/E          I2C   default_mode 
    3944 19468   systolic_array_8X8_a_queue_reg[0][3][2]/E          I2C   default_mode 
    3945 19468   systolic_array_8X8_a_queue_reg[0][3][1]/E          I2C   default_mode 
    3946 19468   systolic_array_8X8_a_queue_reg[0][2][8]/E          I2C   default_mode 
    3947 19468   systolic_array_8X8_a_queue_reg[0][2][7]/E          I2C   default_mode 
    3948 19468   systolic_array_8X8_a_queue_reg[0][2][6]/E          I2C   default_mode 
    3949 19468   systolic_array_8X8_a_queue_reg[0][2][5]/E          I2C   default_mode 
    3950 19468   systolic_array_8X8_a_queue_reg[0][2][4]/E          I2C   default_mode 
    3951 19468   systolic_array_8X8_a_queue_reg[0][2][3]/E          I2C   default_mode 
    3952 19468   systolic_array_8X8_a_queue_reg[0][2][2]/E          I2C   default_mode 
    3953 19468   systolic_array_8X8_a_queue_reg[0][2][1]/E          I2C   default_mode 
    3954 19468   systolic_array_8X8_a_queue_reg[0][1][8]/E          I2C   default_mode 
    3955 19468   systolic_array_8X8_a_queue_reg[0][1][7]/E          I2C   default_mode 
    3956 19468   systolic_array_8X8_a_queue_reg[0][1][6]/E          I2C   default_mode 
    3957 19468   systolic_array_8X8_a_queue_reg[0][1][5]/E          I2C   default_mode 
    3958 19468   systolic_array_8X8_a_queue_reg[0][1][4]/E          I2C   default_mode 
    3959 19468   systolic_array_8X8_a_queue_reg[0][1][3]/E          I2C   default_mode 
    3960 19468   systolic_array_8X8_a_queue_reg[0][1][2]/E          I2C   default_mode 
    3961 19468   systolic_array_8X8_a_queue_reg[0][1][1]/E          I2C   default_mode 
    3962 19468   systolic_array_8X8_a_queue_reg[0][0][8]/E          I2C   default_mode 
    3963 19468   systolic_array_8X8_a_queue_reg[0][0][7]/E          I2C   default_mode 
    3964 19468   systolic_array_8X8_a_queue_reg[0][0][6]/E          I2C   default_mode 
    3965 19468   systolic_array_8X8_a_queue_reg[0][0][5]/E          I2C   default_mode 
    3966 19468   systolic_array_8X8_a_queue_reg[0][0][4]/E          I2C   default_mode 
    3967 19468   systolic_array_8X8_a_queue_reg[0][0][3]/E          I2C   default_mode 
    3968 19468   systolic_array_8X8_a_queue_reg[0][0][2]/E          I2C   default_mode 
    3969 19468   systolic_array_8X8_a_queue_reg[0][0][1]/E          I2C   default_mode 
    3970 19468   systolic_array_8X8_a_queue_reg[5][1][8]/E          I2C   default_mode 
    3971 19468   a_buffer_pipe_5_reg[1][6]/E                        I2C   default_mode 
    3972 19468   systolic_array_8X8_a_queue_reg[5][1][6]/E          I2C   default_mode 
    3973 19468   systolic_array_8X8_a_queue_reg[5][1][7]/E          I2C   default_mode 
    3974 19468   a_buffer_pipe_5_reg[3][4]/E                        I2C   default_mode 
    3975 19468   a_buffer_pipe_5_reg[4][1]/E                        I2C   default_mode 
    3976 19468   systolic_array_8X8_a_queue_reg[5][2][1]/E          I2C   default_mode 
    3977 19468   systolic_array_8X8_a_queue_reg[5][2][3]/E          I2C   default_mode 
    3978 19468   systolic_array_8X8_a_queue_reg[5][2][4]/E          I2C   default_mode 
    3979 19468   systolic_array_8X8_a_queue_reg[5][2][5]/E          I2C   default_mode 
    3980 19468   systolic_array_8X8_a_queue_reg[5][3][1]/E          I2C   default_mode 
    3981 19468   systolic_array_8X8_a_queue_reg[6][6][8]/E          I2C   default_mode 
    3982 19468   systolic_array_8X8_a_queue_reg[5][2][8]/E          I2C   default_mode 
    3983 19468   a_buffer_pipe_6_reg[1][1]/E                        I2C   default_mode 
    3984 19468   systolic_array_8X8_a_queue_reg[5][3][2]/E          I2C   default_mode 
    3985 19468   systolic_array_8X8_a_queue_reg[5][3][3]/E          I2C   default_mode 
    3986 19468   systolic_array_8X8_a_queue_reg[5][3][4]/E          I2C   default_mode 
    3987 19468   systolic_array_8X8_a_queue_reg[5][3][8]/E          I2C   default_mode 
    3988 19468   a_buffer_pipe_2_reg[0][0]/E                        I2C   default_mode 
    3989 19468   systolic_array_8X8_a_queue_reg[5][3][7]/E          I2C   default_mode 
    3990 19468   systolic_array_8X8_a_queue_reg[5][3][6]/E          I2C   default_mode 
    3991 19468   b_buffer_pipe_5_reg[2][7]/E                        I2C   default_mode 
    3992 19468   a_buffer_pipe_1_reg[0]/E                           I2C   default_mode 
    3993 19468   a_buffer_pipe_2_reg[1][6]/E                        I2C   default_mode 
    3994 19468   b_buffer_pipe_7_reg[4][1]/E                        I2C   default_mode 
    3995 19468   systolic_array_8X8_a_queue_reg[5][4][1]/E          I2C   default_mode 
    3996 19468   a_buffer_pipe_3_reg[1][0]/E                        I2C   default_mode 
    3997 19468   b_buffer_pipe_2_reg[1][4]/E                        I2C   default_mode 
    3998 19468   a_buffer_pipe_6_reg[5][7]/E                        I2C   default_mode 
    3999 19468   systolic_array_8X8_a_queue_reg[5][4][3]/E          I2C   default_mode 
    4000 19468   systolic_array_8X8_b_queue_reg[7][7][6]/E          I2C   default_mode 
    4001 19468   systolic_array_8X8_b_queue_reg[7][7][4]/E          I2C   default_mode 
    4002 19468   systolic_array_8X8_a_queue_reg[5][5][2]/E          I2C   default_mode 
    4003 19468   systolic_array_8X8_b_queue_reg[7][7][2]/E          I2C   default_mode 
    4004 19468   systolic_array_8X8_a_queue_reg[5][4][5]/E          I2C   default_mode 
    4005 19468   systolic_array_8X8_b_queue_reg[7][7][0]/E          I2C   default_mode 
    4006 19468   systolic_array_8X8_b_queue_reg[7][6][6]/E          I2C   default_mode 
    4007 19468   systolic_array_8X8_a_queue_reg[5][4][4]/E          I2C   default_mode 
    4008 19468   systolic_array_8X8_b_queue_reg[7][6][4]/E          I2C   default_mode 
    4009 19468   systolic_array_8X8_b_queue_reg[7][6][2]/E          I2C   default_mode 
    4010 19468   systolic_array_8X8_b_queue_reg[7][6][0]/E          I2C   default_mode 
    4011 19468   systolic_array_8X8_b_queue_reg[7][5][6]/E          I2C   default_mode 
    4012 19468   systolic_array_8X8_b_queue_reg[7][5][4]/E          I2C   default_mode 
    4013 19468   systolic_array_8X8_b_queue_reg[7][5][2]/E          I2C   default_mode 
    4014 19468   systolic_array_8X8_b_queue_reg[7][5][0]/E          I2C   default_mode 
    4015 19468   systolic_array_8X8_b_queue_reg[7][4][6]/E          I2C   default_mode 
    4016 19468   systolic_array_8X8_b_queue_reg[7][4][4]/E          I2C   default_mode 
    4017 19468   systolic_array_8X8_a_queue_reg[5][4][6]/E          I2C   default_mode 
    4018 19468   systolic_array_8X8_b_queue_reg[7][4][2]/E          I2C   default_mode 
    4019 19468   systolic_array_8X8_b_queue_reg[7][4][0]/E          I2C   default_mode 
    4020 19468   systolic_array_8X8_b_queue_reg[7][3][6]/E          I2C   default_mode 
    4021 19468   a_buffer_pipe_6_reg[2][8]/E                        I2C   default_mode 
    4022 19468   systolic_array_8X8_b_queue_reg[7][3][4]/E          I2C   default_mode 
    4023 19468   systolic_array_8X8_b_queue_reg[7][3][2]/E          I2C   default_mode 
    4024 19468   systolic_array_8X8_b_queue_reg[7][3][0]/E          I2C   default_mode 
    4025 19468   systolic_array_8X8_b_queue_reg[7][2][6]/E          I2C   default_mode 
    4026 19468   systolic_array_8X8_b_queue_reg[7][2][4]/E          I2C   default_mode 
    4027 19468   systolic_array_8X8_b_queue_reg[7][2][2]/E          I2C   default_mode 
    4028 19468   systolic_array_8X8_a_queue_reg[7][2][3]/E          I2C   default_mode 
    4029 19468   systolic_array_8X8_b_queue_reg[7][2][0]/E          I2C   default_mode 
    4030 19468   systolic_array_8X8_b_queue_reg[7][1][6]/E          I2C   default_mode 
    4031 19468   systolic_array_8X8_b_queue_reg[7][1][4]/E          I2C   default_mode 
    4032 19468   systolic_array_8X8_b_queue_reg[7][1][2]/E          I2C   default_mode 
    4033 19468   systolic_array_8X8_b_queue_reg[7][1][0]/E          I2C   default_mode 
    4034 19468   systolic_array_8X8_b_queue_reg[7][0][6]/E          I2C   default_mode 
    4035 19468   systolic_array_8X8_b_queue_reg[7][0][4]/E          I2C   default_mode 
    4036 19468   systolic_array_8X8_b_queue_reg[7][0][2]/E          I2C   default_mode 
    4037 19468   systolic_array_8X8_b_queue_reg[7][0][0]/E          I2C   default_mode 
    4038 19468   systolic_array_8X8_b_queue_reg[6][7][6]/E          I2C   default_mode 
    4039 19468   a_buffer_pipe_3_reg[2][7]/E                        I2C   default_mode 
    4040 19468   systolic_array_8X8_a_queue_reg[5][5][1]/E          I2C   default_mode 
    4041 19468   systolic_array_8X8_b_queue_reg[6][7][4]/E          I2C   default_mode 
    4042 19468   systolic_array_8X8_a_queue_reg[5][4][8]/E          I2C   default_mode 
    4043 19468   systolic_array_8X8_b_queue_reg[6][7][2]/E          I2C   default_mode 
    4044 19468   systolic_array_8X8_b_queue_reg[6][7][0]/E          I2C   default_mode 
    4045 19468   systolic_array_8X8_b_queue_reg[6][6][6]/E          I2C   default_mode 
    4046 19468   systolic_array_8X8_b_queue_reg[6][6][4]/E          I2C   default_mode 
    4047 19468   systolic_array_8X8_b_queue_reg[6][6][2]/E          I2C   default_mode 
    4048 19468   systolic_array_8X8_b_queue_reg[6][6][0]/E          I2C   default_mode 
    4049 19468   systolic_array_8X8_b_queue_reg[6][5][6]/E          I2C   default_mode 
    4050 19468   systolic_array_8X8_b_queue_reg[6][5][4]/E          I2C   default_mode 
    4051 19468   systolic_array_8X8_b_queue_reg[6][5][2]/E          I2C   default_mode 
    4052 19468   systolic_array_8X8_b_queue_reg[6][5][0]/E          I2C   default_mode 
    4053 19468   systolic_array_8X8_b_queue_reg[6][4][6]/E          I2C   default_mode 
    4054 19468   systolic_array_8X8_a_queue_reg[6][2][3]/E          I2C   default_mode 
    4055 19468   systolic_array_8X8_b_queue_reg[6][4][4]/E          I2C   default_mode 
    4056 19468   systolic_array_8X8_b_queue_reg[6][4][2]/E          I2C   default_mode 
    4057 19468   systolic_array_8X8_b_queue_reg[6][4][0]/E          I2C   default_mode 
    4058 19468   systolic_array_8X8_b_queue_reg[6][3][4]/E          I2C   default_mode 
    4059 19468   systolic_array_8X8_b_queue_reg[6][3][2]/E          I2C   default_mode 
    4060 19468   systolic_array_8X8_b_queue_reg[6][3][0]/E          I2C   default_mode 
    4061 19468   systolic_array_8X8_b_queue_reg[6][2][6]/E          I2C   default_mode 
    4062 19468   systolic_array_8X8_b_queue_reg[6][2][4]/E          I2C   default_mode 
    4063 19468   systolic_array_8X8_b_queue_reg[6][2][2]/E          I2C   default_mode 
    4064 19468   systolic_array_8X8_b_queue_reg[6][2][0]/E          I2C   default_mode 
    4065 19468   systolic_array_8X8_b_queue_reg[6][1][6]/E          I2C   default_mode 
    4066 19468   systolic_array_8X8_b_queue_reg[6][1][4]/E          I2C   default_mode 
    4067 19468   systolic_array_8X8_b_queue_reg[6][1][2]/E          I2C   default_mode 
    4068 19468   systolic_array_8X8_b_queue_reg[6][1][0]/E          I2C   default_mode 
    4069 19468   systolic_array_8X8_b_queue_reg[6][0][6]/E          I2C   default_mode 
    4070 19468   systolic_array_8X8_a_queue_reg[5][5][4]/E          I2C   default_mode 
    4071 19468   systolic_array_8X8_b_queue_reg[6][0][4]/E          I2C   default_mode 
    4072 19468   systolic_array_8X8_b_queue_reg[6][0][2]/E          I2C   default_mode 
    4073 19468   systolic_array_8X8_b_queue_reg[6][0][0]/E          I2C   default_mode 
    4074 19468   systolic_array_8X8_a_queue_reg[5][5][7]/E          I2C   default_mode 
    4075 19468   systolic_array_8X8_b_queue_reg[5][7][6]/E          I2C   default_mode 
    4076 19468   systolic_array_8X8_b_queue_reg[5][7][4]/E          I2C   default_mode 
    4077 19468   systolic_array_8X8_b_queue_reg[5][7][2]/E          I2C   default_mode 
    4078 19468   systolic_array_8X8_b_queue_reg[5][7][0]/E          I2C   default_mode 
    4079 19468   systolic_array_8X8_b_queue_reg[5][6][6]/E          I2C   default_mode 
    4080 19468   systolic_array_8X8_b_queue_reg[5][6][4]/E          I2C   default_mode 
    4081 19468   systolic_array_8X8_b_queue_reg[5][6][2]/E          I2C   default_mode 
    4082 19468   systolic_array_8X8_b_queue_reg[5][6][0]/E          I2C   default_mode 
    4083 19468   systolic_array_8X8_b_queue_reg[5][5][6]/E          I2C   default_mode 
    4084 19468   systolic_array_8X8_b_queue_reg[5][5][4]/E          I2C   default_mode 
    4085 19468   systolic_array_8X8_b_queue_reg[5][5][2]/E          I2C   default_mode 
    4086 19468   systolic_array_8X8_b_queue_reg[5][5][0]/E          I2C   default_mode 
    4087 19468   systolic_array_8X8_b_queue_reg[5][4][6]/E          I2C   default_mode 
    4088 19468   systolic_array_8X8_b_queue_reg[5][4][4]/E          I2C   default_mode 
    4089 19468   systolic_array_8X8_b_queue_reg[5][4][2]/E          I2C   default_mode 
    4090 19468   systolic_array_8X8_b_queue_reg[5][4][0]/E          I2C   default_mode 
    4091 19468   systolic_array_8X8_b_queue_reg[5][3][6]/E          I2C   default_mode 
    4092 19468   systolic_array_8X8_b_queue_reg[5][3][4]/E          I2C   default_mode 
    4093 19468   systolic_array_8X8_b_queue_reg[5][3][2]/E          I2C   default_mode 
    4094 19468   systolic_array_8X8_a_queue_reg[5][5][6]/E          I2C   default_mode 
    4095 19468   systolic_array_8X8_b_queue_reg[5][3][0]/E          I2C   default_mode 
    4096 19468   systolic_array_8X8_b_queue_reg[5][2][6]/E          I2C   default_mode 
    4097 19468   systolic_array_8X8_b_queue_reg[5][2][4]/E          I2C   default_mode 
    4098 19468   systolic_array_8X8_b_queue_reg[5][2][2]/E          I2C   default_mode 
    4099 19468   systolic_array_8X8_b_queue_reg[5][2][0]/E          I2C   default_mode 
    4100 19468   systolic_array_8X8_b_queue_reg[5][1][6]/E          I2C   default_mode 
    4101 19468   systolic_array_8X8_b_queue_reg[5][1][4]/E          I2C   default_mode 
    4102 19468   systolic_array_8X8_b_queue_reg[5][1][2]/E          I2C   default_mode 
    4103 19468   systolic_array_8X8_b_queue_reg[5][1][0]/E          I2C   default_mode 
    4104 19468   systolic_array_8X8_b_queue_reg[5][0][6]/E          I2C   default_mode 
    4105 19468   systolic_array_8X8_b_queue_reg[5][0][4]/E          I2C   default_mode 
    4106 19468   systolic_array_8X8_b_queue_reg[5][0][2]/E          I2C   default_mode 
    4107 19468   systolic_array_8X8_b_queue_reg[5][0][0]/E          I2C   default_mode 
    4108 19468   systolic_array_8X8_a_queue_reg[5][6][1]/E          I2C   default_mode 
    4109 19468   systolic_array_8X8_b_queue_reg[4][7][6]/E          I2C   default_mode 
    4110 19468   systolic_array_8X8_b_queue_reg[4][7][4]/E          I2C   default_mode 
    4111 19468   systolic_array_8X8_b_queue_reg[4][7][2]/E          I2C   default_mode 
    4112 19468   systolic_array_8X8_b_queue_reg[4][7][0]/E          I2C   default_mode 
    4113 19468   systolic_array_8X8_b_queue_reg[4][6][6]/E          I2C   default_mode 
    4114 19468   systolic_array_8X8_a_queue_reg[5][5][8]/E          I2C   default_mode 
    4115 19468   systolic_array_8X8_b_queue_reg[4][6][4]/E          I2C   default_mode 
    4116 19468   systolic_array_8X8_b_queue_reg[4][6][2]/E          I2C   default_mode 
    4117 19468   systolic_array_8X8_b_queue_reg[4][6][0]/E          I2C   default_mode 
    4118 19468   systolic_array_8X8_b_queue_reg[4][5][6]/E          I2C   default_mode 
    4119 19468   systolic_array_8X8_b_queue_reg[4][5][4]/E          I2C   default_mode 
    4120 19468   a_buffer_pipe_6_reg[4][0]/E                        I2C   default_mode 
    4121 19468   systolic_array_8X8_b_queue_reg[4][5][2]/E          I2C   default_mode 
    4122 19468   systolic_array_8X8_b_queue_reg[4][5][0]/E          I2C   default_mode 
    4123 19468   systolic_array_8X8_b_queue_reg[4][4][6]/E          I2C   default_mode 
    4124 19468   systolic_array_8X8_b_queue_reg[4][4][4]/E          I2C   default_mode 
    4125 19468   systolic_array_8X8_b_queue_reg[4][4][2]/E          I2C   default_mode 
    4126 19468   systolic_array_8X8_b_queue_reg[4][4][0]/E          I2C   default_mode 
    4127 19468   systolic_array_8X8_a_queue_reg[5][6][4]/E          I2C   default_mode 
    4128 19468   systolic_array_8X8_b_queue_reg[4][3][6]/E          I2C   default_mode 
    4129 19468   systolic_array_8X8_b_queue_reg[4][3][4]/E          I2C   default_mode 
    4130 19468   systolic_array_8X8_b_queue_reg[4][3][2]/E          I2C   default_mode 
    4131 19468   systolic_array_8X8_b_queue_reg[4][3][0]/E          I2C   default_mode 
    4132 19468   systolic_array_8X8_b_queue_reg[4][2][6]/E          I2C   default_mode 
    4133 19468   systolic_array_8X8_b_queue_reg[4][2][4]/E          I2C   default_mode 
    4134 19468   systolic_array_8X8_b_queue_reg[4][2][2]/E          I2C   default_mode 
    4135 19468   systolic_array_8X8_a_queue_reg[5][6][3]/E          I2C   default_mode 
    4136 19468   systolic_array_8X8_b_queue_reg[4][2][0]/E          I2C   default_mode 
    4137 19468   systolic_array_8X8_b_queue_reg[4][1][6]/E          I2C   default_mode 
    4138 19468   systolic_array_8X8_b_queue_reg[4][1][4]/E          I2C   default_mode 
    4139 19468   systolic_array_8X8_b_queue_reg[4][1][2]/E          I2C   default_mode 
    4140 19468   systolic_array_8X8_b_queue_reg[4][1][0]/E          I2C   default_mode 
    4141 19468   systolic_array_8X8_b_queue_reg[4][0][6]/E          I2C   default_mode 
    4142 19468   systolic_array_8X8_b_queue_reg[4][0][4]/E          I2C   default_mode 
    4143 19468   systolic_array_8X8_b_queue_reg[4][0][2]/E          I2C   default_mode 
    4144 19468   systolic_array_8X8_b_queue_reg[4][0][0]/E          I2C   default_mode 
    4145 19468   systolic_array_8X8_b_queue_reg[3][7][6]/E          I2C   default_mode 
    4146 19468   systolic_array_8X8_b_queue_reg[3][7][4]/E          I2C   default_mode 
    4147 19468   systolic_array_8X8_a_queue_reg[5][6][8]/E          I2C   default_mode 
    4148 19468   systolic_array_8X8_b_queue_reg[3][7][2]/E          I2C   default_mode 
    4149 19468   systolic_array_8X8_a_queue_reg[7][7][3]/E          I2C   default_mode 
    4150 19468   systolic_array_8X8_b_queue_reg[3][7][0]/E          I2C   default_mode 
    4151 19468   systolic_array_8X8_b_queue_reg[3][6][6]/E          I2C   default_mode 
    4152 19468   systolic_array_8X8_b_queue_reg[3][6][4]/E          I2C   default_mode 
    4153 19468   systolic_array_8X8_b_queue_reg[3][6][2]/E          I2C   default_mode 
    4154 19468   b_buffer_pipe_3_reg[0][0]/E                        I2C   default_mode 
    4155 19468   systolic_array_8X8_b_queue_reg[3][6][0]/E          I2C   default_mode 
    4156 19468   systolic_array_8X8_a_queue_reg[6][4][3]/E          I2C   default_mode 
    4157 19468   systolic_array_8X8_a_queue_reg[5][6][5]/E          I2C   default_mode 
    4158 19468   systolic_array_8X8_b_queue_reg[3][5][6]/E          I2C   default_mode 
    4159 19468   systolic_array_8X8_b_queue_reg[3][5][4]/E          I2C   default_mode 
    4160 19468   systolic_array_8X8_b_queue_reg[3][5][2]/E          I2C   default_mode 
    4161 19468   systolic_array_8X8_b_queue_reg[3][5][0]/E          I2C   default_mode 
    4162 19468   systolic_array_8X8_b_queue_reg[3][4][6]/E          I2C   default_mode 
    4163 19468   systolic_array_8X8_a_queue_reg[5][6][6]/E          I2C   default_mode 
    4164 19468   systolic_array_8X8_b_queue_reg[3][4][4]/E          I2C   default_mode 
    4165 19468   systolic_array_8X8_b_queue_reg[3][4][2]/E          I2C   default_mode 
    4166 19468   systolic_array_8X8_b_queue_reg[3][4][0]/E          I2C   default_mode 
    4167 19468   systolic_array_8X8_b_queue_reg[3][3][6]/E          I2C   default_mode 
    4168 19468   systolic_array_8X8_b_queue_reg[3][3][4]/E          I2C   default_mode 
    4169 19468   systolic_array_8X8_b_queue_reg[3][3][2]/E          I2C   default_mode 
    4170 19468   b_buffer_pipe_3_reg[2][1]/E                        I2C   default_mode 
    4171 19468   systolic_array_8X8_b_queue_reg[3][3][0]/E          I2C   default_mode 
    4172 19468   systolic_array_8X8_b_queue_reg[3][2][6]/E          I2C   default_mode 
    4173 19468   systolic_array_8X8_b_queue_reg[3][2][4]/E          I2C   default_mode 
    4174 19468   systolic_array_8X8_b_queue_reg[3][2][2]/E          I2C   default_mode 
    4175 19468   cycle_num_reg[15]/E                                I2C   default_mode 
    4176 19468   systolic_array_8X8_b_queue_reg[3][2][0]/E          I2C   default_mode 
    4177 19468   systolic_array_8X8_b_queue_reg[3][1][4]/E          I2C   default_mode 
    4178 19468   systolic_array_8X8_b_queue_reg[3][1][2]/E          I2C   default_mode 
    4179 19468   systolic_array_8X8_b_queue_reg[3][1][0]/E          I2C   default_mode 
    4180 19468   b_buffer_pipe_7_reg[6][8]/E                        I2C   default_mode 
    4181 19468   systolic_array_8X8_b_queue_reg[3][0][6]/E          I2C   default_mode 
    4182 19468   b_buffer_pipe_7_reg[6][7]/E                        I2C   default_mode 
    4183 19468   b_buffer_pipe_7_reg[6][6]/E                        I2C   default_mode 
    4184 19468   systolic_array_8X8_b_queue_reg[3][0][4]/E          I2C   default_mode 
    4185 19468   b_buffer_pipe_7_reg[6][5]/E                        I2C   default_mode 
    4186 19468   b_buffer_pipe_7_reg[6][4]/E                        I2C   default_mode 
    4187 19468   systolic_array_8X8_b_queue_reg[3][0][2]/E          I2C   default_mode 
    4188 19468   b_buffer_pipe_7_reg[6][3]/E                        I2C   default_mode 
    4189 19468   b_buffer_pipe_7_reg[6][2]/E                        I2C   default_mode 
    4190 19468   systolic_array_8X8_b_queue_reg[3][0][0]/E          I2C   default_mode 
    4191 19468   b_buffer_pipe_7_reg[6][1]/E                        I2C   default_mode 
    4192 19468   b_buffer_pipe_7_reg[6][0]/E                        I2C   default_mode 
    4193 19468   systolic_array_8X8_b_queue_reg[2][7][6]/E          I2C   default_mode 
    4194 19468   b_buffer_pipe_7_reg[5][8]/E                        I2C   default_mode 
    4195 19468   b_buffer_pipe_7_reg[5][7]/E                        I2C   default_mode 
    4196 19468   systolic_array_8X8_b_queue_reg[2][7][4]/E          I2C   default_mode 
    4197 19468   b_buffer_pipe_7_reg[5][6]/E                        I2C   default_mode 
    4198 19468   b_buffer_pipe_7_reg[5][5]/E                        I2C   default_mode 
    4199 19468   systolic_array_8X8_b_queue_reg[2][7][2]/E          I2C   default_mode 
    4200 19468   b_buffer_pipe_7_reg[5][4]/E                        I2C   default_mode 
    4201 19468   b_buffer_pipe_7_reg[5][3]/E                        I2C   default_mode 
    4202 19468   systolic_array_8X8_b_queue_reg[2][7][0]/E          I2C   default_mode 
    4203 19468   b_buffer_pipe_7_reg[5][2]/E                        I2C   default_mode 
    4204 19468   b_buffer_pipe_7_reg[5][1]/E                        I2C   default_mode 
    4205 19468   systolic_array_8X8_b_queue_reg[2][6][6]/E          I2C   default_mode 
    4206 19468   b_buffer_pipe_7_reg[5][0]/E                        I2C   default_mode 
    4207 19468   b_buffer_pipe_7_reg[4][8]/E                        I2C   default_mode 
    4208 19468   systolic_array_8X8_b_queue_reg[2][6][4]/E          I2C   default_mode 
    4209 19468   b_buffer_pipe_7_reg[4][6]/E                        I2C   default_mode 
    4210 19468   systolic_array_8X8_b_queue_reg[2][6][2]/E          I2C   default_mode 
    4211 19468   b_buffer_pipe_7_reg[4][5]/E                        I2C   default_mode 
    4212 19468   b_buffer_pipe_7_reg[4][4]/E                        I2C   default_mode 
    4213 19468   systolic_array_8X8_b_queue_reg[2][6][0]/E          I2C   default_mode 
    4214 19468   b_buffer_pipe_7_reg[4][3]/E                        I2C   default_mode 
    4215 19468   b_buffer_pipe_7_reg[4][2]/E                        I2C   default_mode 
    4216 19468   systolic_array_8X8_b_queue_reg[2][5][6]/E          I2C   default_mode 
    4217 19468   systolic_array_8X8_b_queue_reg[2][5][4]/E          I2C   default_mode 
    4218 19468   b_buffer_pipe_7_reg[4][0]/E                        I2C   default_mode 
    4219 19468   b_buffer_pipe_7_reg[3][8]/E                        I2C   default_mode 
    4220 19468   b_buffer_pipe_7_reg[3][7]/E                        I2C   default_mode 
    4221 19468   systolic_array_8X8_b_queue_reg[2][5][2]/E          I2C   default_mode 
    4222 19468   b_buffer_pipe_7_reg[3][6]/E                        I2C   default_mode 
    4223 19468   b_buffer_pipe_7_reg[3][5]/E                        I2C   default_mode 
    4224 19468   systolic_array_8X8_b_queue_reg[2][5][0]/E          I2C   default_mode 
    4225 19468   b_buffer_pipe_7_reg[3][4]/E                        I2C   default_mode 
    4226 19468   b_buffer_pipe_7_reg[3][3]/E                        I2C   default_mode 
    4227 19468   systolic_array_8X8_b_queue_reg[2][4][6]/E          I2C   default_mode 
    4228 19468   b_buffer_pipe_7_reg[3][2]/E                        I2C   default_mode 
    4229 19468   b_buffer_pipe_7_reg[3][1]/E                        I2C   default_mode 
    4230 19468   systolic_array_8X8_b_queue_reg[2][4][4]/E          I2C   default_mode 
    4231 19468   b_buffer_pipe_7_reg[3][0]/E                        I2C   default_mode 
    4232 19468   b_buffer_pipe_7_reg[2][8]/E                        I2C   default_mode 
    4233 19468   systolic_array_8X8_b_queue_reg[2][4][2]/E          I2C   default_mode 
    4234 19468   b_buffer_pipe_7_reg[2][7]/E                        I2C   default_mode 
    4235 19468   b_buffer_pipe_7_reg[2][6]/E                        I2C   default_mode 
    4236 19468   systolic_array_8X8_b_queue_reg[2][4][0]/E          I2C   default_mode 
    4237 19468   b_buffer_pipe_7_reg[2][5]/E                        I2C   default_mode 
    4238 19468   b_buffer_pipe_7_reg[2][4]/E                        I2C   default_mode 
    4239 19468   systolic_array_8X8_b_queue_reg[2][3][6]/E          I2C   default_mode 
    4240 19468   b_buffer_pipe_7_reg[2][3]/E                        I2C   default_mode 
    4241 19468   b_buffer_pipe_7_reg[2][2]/E                        I2C   default_mode 
    4242 19468   systolic_array_8X8_b_queue_reg[2][3][4]/E          I2C   default_mode 
    4243 19468   b_buffer_pipe_7_reg[2][1]/E                        I2C   default_mode 
    4244 19468   b_buffer_pipe_7_reg[2][0]/E                        I2C   default_mode 
    4245 19468   systolic_array_8X8_b_queue_reg[2][3][2]/E          I2C   default_mode 
    4246 19468   b_buffer_pipe_7_reg[1][8]/E                        I2C   default_mode 
    4247 19468   b_buffer_pipe_7_reg[1][7]/E                        I2C   default_mode 
    4248 19468   systolic_array_8X8_b_queue_reg[2][3][0]/E          I2C   default_mode 
    4249 19468   b_buffer_pipe_7_reg[1][6]/E                        I2C   default_mode 
    4250 19468   b_buffer_pipe_7_reg[1][5]/E                        I2C   default_mode 
    4251 19468   systolic_array_8X8_b_queue_reg[2][2][6]/E          I2C   default_mode 
    4252 19468   b_buffer_pipe_7_reg[1][4]/E                        I2C   default_mode 
    4253 19468   b_buffer_pipe_7_reg[1][3]/E                        I2C   default_mode 
    4254 19468   systolic_array_8X8_b_queue_reg[2][2][4]/E          I2C   default_mode 
    4255 19468   b_buffer_pipe_7_reg[1][2]/E                        I2C   default_mode 
    4256 19468   b_buffer_pipe_7_reg[1][1]/E                        I2C   default_mode 
    4257 19468   systolic_array_8X8_b_queue_reg[2][2][2]/E          I2C   default_mode 
    4258 19468   b_buffer_pipe_7_reg[1][0]/E                        I2C   default_mode 
    4259 19468   b_buffer_pipe_7_reg[0][8]/E                        I2C   default_mode 
    4260 19468   systolic_array_8X8_b_queue_reg[2][2][0]/E          I2C   default_mode 
    4261 19468   systolic_array_8X8_b_queue_reg[2][1][4]/E          I2C   default_mode 
    4262 19468   systolic_array_8X8_b_queue_reg[2][1][2]/E          I2C   default_mode 
    4263 19468   b_buffer_pipe_6_reg[5][8]/E                        I2C   default_mode 
    4264 19468   b_buffer_pipe_6_reg[5][7]/E                        I2C   default_mode 
    4265 19468   b_buffer_pipe_6_reg[5][6]/E                        I2C   default_mode 
    4266 19468   systolic_array_8X8_b_queue_reg[2][1][0]/E          I2C   default_mode 
    4267 19468   b_buffer_pipe_6_reg[5][5]/E                        I2C   default_mode 
    4268 19468   systolic_array_8X8_b_queue_reg[2][0][6]/E          I2C   default_mode 
    4269 19468   b_buffer_pipe_6_reg[5][4]/E                        I2C   default_mode 
    4270 19468   b_buffer_pipe_6_reg[5][3]/E                        I2C   default_mode 
    4271 19468   b_buffer_pipe_6_reg[5][2]/E                        I2C   default_mode 
    4272 19468   systolic_array_8X8_b_queue_reg[2][0][4]/E          I2C   default_mode 
    4273 19468   b_buffer_pipe_6_reg[5][1]/E                        I2C   default_mode 
    4274 19468   systolic_array_8X8_b_queue_reg[2][0][2]/E          I2C   default_mode 
    4275 19468   b_buffer_pipe_6_reg[5][0]/E                        I2C   default_mode 
    4276 19468   b_buffer_pipe_6_reg[4][8]/E                        I2C   default_mode 
    4277 19468   b_buffer_pipe_6_reg[4][7]/E                        I2C   default_mode 
    4278 19468   systolic_array_8X8_b_queue_reg[2][0][0]/E          I2C   default_mode 
    4279 19468   b_buffer_pipe_6_reg[4][6]/E                        I2C   default_mode 
    4280 19468   systolic_array_8X8_b_queue_reg[1][7][6]/E          I2C   default_mode 
    4281 19468   b_buffer_pipe_6_reg[4][5]/E                        I2C   default_mode 
    4282 19468   b_buffer_pipe_6_reg[4][4]/E                        I2C   default_mode 
    4283 19468   b_buffer_pipe_6_reg[4][3]/E                        I2C   default_mode 
    4284 19468   systolic_array_8X8_b_queue_reg[1][7][4]/E          I2C   default_mode 
    4285 19468   b_buffer_pipe_6_reg[4][2]/E                        I2C   default_mode 
    4286 19468   systolic_array_8X8_b_queue_reg[1][7][2]/E          I2C   default_mode 
    4287 19468   b_buffer_pipe_6_reg[4][1]/E                        I2C   default_mode 
    4288 19468   b_buffer_pipe_5_reg[3][8]/E                        I2C   default_mode 
    4289 19468   b_buffer_pipe_6_reg[4][0]/E                        I2C   default_mode 
    4290 19468   b_buffer_pipe_6_reg[3][8]/E                        I2C   default_mode 
    4291 19468   systolic_array_8X8_b_queue_reg[1][7][0]/E          I2C   default_mode 
    4292 19468   b_buffer_pipe_6_reg[3][7]/E                        I2C   default_mode 
    4293 19468   systolic_array_8X8_b_queue_reg[1][6][6]/E          I2C   default_mode 
    4294 19468   b_buffer_pipe_6_reg[3][6]/E                        I2C   default_mode 
    4295 19468   b_buffer_pipe_6_reg[3][5]/E                        I2C   default_mode 
    4296 19468   b_buffer_pipe_6_reg[3][4]/E                        I2C   default_mode 
    4297 19468   systolic_array_8X8_b_queue_reg[1][6][4]/E          I2C   default_mode 
    4298 19468   b_buffer_pipe_6_reg[3][3]/E                        I2C   default_mode 
    4299 19468   systolic_array_8X8_b_queue_reg[1][6][2]/E          I2C   default_mode 
    4300 19468   b_buffer_pipe_6_reg[3][2]/E                        I2C   default_mode 
    4301 19468   b_buffer_pipe_6_reg[3][1]/E                        I2C   default_mode 
    4302 19468   b_buffer_pipe_6_reg[3][0]/E                        I2C   default_mode 
    4303 19468   systolic_array_8X8_b_queue_reg[1][6][0]/E          I2C   default_mode 
    4304 19468   b_buffer_pipe_6_reg[2][8]/E                        I2C   default_mode 
    4305 19468   b_buffer_pipe_6_reg[2][7]/E                        I2C   default_mode 
    4306 19468   systolic_array_8X8_b_queue_reg[1][5][6]/E          I2C   default_mode 
    4307 19468   systolic_array_8X8_b_queue_reg[1][5][4]/E          I2C   default_mode 
    4308 19468   b_buffer_pipe_6_reg[2][6]/E                        I2C   default_mode 
    4309 19468   b_buffer_pipe_6_reg[2][5]/E                        I2C   default_mode 
    4310 19468   b_buffer_pipe_6_reg[2][4]/E                        I2C   default_mode 
    4311 19468   systolic_array_8X8_b_queue_reg[1][5][2]/E          I2C   default_mode 
    4312 19468   b_buffer_pipe_6_reg[2][3]/E                        I2C   default_mode 
    4313 19468   b_buffer_pipe_6_reg[2][2]/E                        I2C   default_mode 
    4314 19468   b_buffer_pipe_6_reg[2][1]/E                        I2C   default_mode 
    4315 19468   systolic_array_8X8_b_queue_reg[1][5][0]/E          I2C   default_mode 
    4316 19468   b_buffer_pipe_6_reg[2][0]/E                        I2C   default_mode 
    4317 19468   systolic_array_8X8_b_queue_reg[1][4][6]/E          I2C   default_mode 
    4318 19468   b_buffer_pipe_6_reg[1][8]/E                        I2C   default_mode 
    4319 19468   b_buffer_pipe_6_reg[1][7]/E                        I2C   default_mode 
    4320 19468   b_buffer_pipe_6_reg[1][6]/E                        I2C   default_mode 
    4321 19468   systolic_array_8X8_b_queue_reg[1][4][4]/E          I2C   default_mode 
    4322 19468   b_buffer_pipe_6_reg[1][5]/E                        I2C   default_mode 
    4323 19468   systolic_array_8X8_b_queue_reg[1][4][2]/E          I2C   default_mode 
    4324 19468   b_buffer_pipe_6_reg[1][4]/E                        I2C   default_mode 
    4325 19468   b_buffer_pipe_6_reg[1][3]/E                        I2C   default_mode 
    4326 19468   b_buffer_pipe_6_reg[1][2]/E                        I2C   default_mode 
    4327 19468   systolic_array_8X8_b_queue_reg[1][4][0]/E          I2C   default_mode 
    4328 19468   b_buffer_pipe_6_reg[1][1]/E                        I2C   default_mode 
    4329 19468   b_buffer_pipe_6_reg[1][0]/E                        I2C   default_mode 
    4330 19468   systolic_array_8X8_b_queue_reg[1][3][6]/E          I2C   default_mode 
    4331 19468   b_buffer_pipe_6_reg[0][8]/E                        I2C   default_mode 
    4332 19468   systolic_array_8X8_b_queue_reg[1][3][4]/E          I2C   default_mode 
    4333 19468   systolic_array_8X8_b_queue_reg[1][3][2]/E          I2C   default_mode 
    4334 19468   systolic_array_8X8_b_queue_reg[1][3][0]/E          I2C   default_mode 
    4335 19468   systolic_array_8X8_b_queue_reg[1][2][6]/E          I2C   default_mode 
    4336 19468   b_buffer_pipe_6_reg[0][0]/E                        I2C   default_mode 
    4337 19468   b_buffer_pipe_5_reg[4][8]/E                        I2C   default_mode 
    4338 19468   b_buffer_pipe_5_reg[4][7]/E                        I2C   default_mode 
    4339 19468   systolic_array_8X8_b_queue_reg[1][2][4]/E          I2C   default_mode 
    4340 19468   b_buffer_pipe_5_reg[4][6]/E                        I2C   default_mode 
    4341 19468   b_buffer_pipe_5_reg[4][5]/E                        I2C   default_mode 
    4342 19468   systolic_array_8X8_b_queue_reg[1][2][2]/E          I2C   default_mode 
    4343 19468   b_buffer_pipe_5_reg[4][4]/E                        I2C   default_mode 
    4344 19468   b_buffer_pipe_5_reg[4][3]/E                        I2C   default_mode 
    4345 19468   b_buffer_pipe_5_reg[4][2]/E                        I2C   default_mode 
    4346 19468   systolic_array_8X8_b_queue_reg[1][2][0]/E          I2C   default_mode 
    4347 19468   b_buffer_pipe_5_reg[4][1]/E                        I2C   default_mode 
    4348 19468   b_buffer_pipe_5_reg[4][0]/E                        I2C   default_mode 
    4349 19468   systolic_array_8X8_b_queue_reg[1][1][6]/E          I2C   default_mode 
    4350 19468   systolic_array_8X8_b_queue_reg[1][1][4]/E          I2C   default_mode 
    4351 19468   b_buffer_pipe_5_reg[3][7]/E                        I2C   default_mode 
    4352 19468   b_buffer_pipe_5_reg[3][6]/E                        I2C   default_mode 
    4353 19468   systolic_array_8X8_b_queue_reg[1][1][2]/E          I2C   default_mode 
    4354 19468   b_buffer_pipe_5_reg[3][5]/E                        I2C   default_mode 
    4355 19468   b_buffer_pipe_5_reg[3][4]/E                        I2C   default_mode 
    4356 19468   b_buffer_pipe_5_reg[3][3]/E                        I2C   default_mode 
    4357 19468   systolic_array_8X8_b_queue_reg[1][1][0]/E          I2C   default_mode 
    4358 19468   b_buffer_pipe_5_reg[3][2]/E                        I2C   default_mode 
    4359 19468   systolic_array_8X8_b_queue_reg[1][0][6]/E          I2C   default_mode 
    4360 19468   b_buffer_pipe_5_reg[3][1]/E                        I2C   default_mode 
    4361 19468   b_buffer_pipe_5_reg[3][0]/E                        I2C   default_mode 
    4362 19468   b_buffer_pipe_5_reg[2][8]/E                        I2C   default_mode 
    4363 19468   systolic_array_8X8_b_queue_reg[1][0][4]/E          I2C   default_mode 
    4364 19468   systolic_array_8X8_b_queue_reg[1][0][2]/E          I2C   default_mode 
    4365 19468   b_buffer_pipe_5_reg[2][6]/E                        I2C   default_mode 
    4366 19468   b_buffer_pipe_5_reg[2][5]/E                        I2C   default_mode 
    4367 19468   b_buffer_pipe_5_reg[2][4]/E                        I2C   default_mode 
    4368 19468   systolic_array_8X8_b_queue_reg[1][0][0]/E          I2C   default_mode 
    4369 19468   b_buffer_pipe_5_reg[2][3]/E                        I2C   default_mode 
    4370 19468   systolic_array_8X8_b_queue_reg[0][7][6]/E          I2C   default_mode 
    4371 19468   b_buffer_pipe_5_reg[2][2]/E                        I2C   default_mode 
    4372 19468   b_buffer_pipe_5_reg[2][1]/E                        I2C   default_mode 
    4373 19468   b_buffer_pipe_5_reg[2][0]/E                        I2C   default_mode 
    4374 19468   systolic_array_8X8_b_queue_reg[0][7][4]/E          I2C   default_mode 
    4375 19468   b_buffer_pipe_5_reg[1][8]/E                        I2C   default_mode 
    4376 19468   systolic_array_8X8_b_queue_reg[0][7][2]/E          I2C   default_mode 
    4377 19468   b_buffer_pipe_5_reg[1][7]/E                        I2C   default_mode 
    4378 19468   b_buffer_pipe_5_reg[1][6]/E                        I2C   default_mode 
    4379 19468   b_buffer_pipe_5_reg[1][5]/E                        I2C   default_mode 
    4380 19468   systolic_array_8X8_b_queue_reg[0][7][0]/E          I2C   default_mode 
    4381 19468   b_buffer_pipe_5_reg[1][4]/E                        I2C   default_mode 
    4382 19468   systolic_array_8X8_b_queue_reg[0][6][6]/E          I2C   default_mode 
    4383 19468   b_buffer_pipe_5_reg[1][3]/E                        I2C   default_mode 
    4384 19468   b_buffer_pipe_5_reg[1][2]/E                        I2C   default_mode 
    4385 19468   b_buffer_pipe_5_reg[1][1]/E                        I2C   default_mode 
    4386 19468   systolic_array_8X8_b_queue_reg[0][6][4]/E          I2C   default_mode 
    4387 19468   systolic_array_8X8_b_queue_reg[0][6][2]/E          I2C   default_mode 
    4388 19468   systolic_array_8X8_b_queue_reg[0][6][0]/E          I2C   default_mode 
    4389 19468   systolic_array_8X8_b_queue_reg[0][5][4]/E          I2C   default_mode 
    4390 19468   b_buffer_pipe_5_reg[0][0]/E                        I2C   default_mode 
    4391 19468   b_buffer_pipe_4_reg[3][8]/E                        I2C   default_mode 
    4392 19468   b_buffer_pipe_4_reg[3][7]/E                        I2C   default_mode 
    4393 19468   systolic_array_8X8_b_queue_reg[0][5][2]/E          I2C   default_mode 
    4394 19468   b_buffer_pipe_4_reg[3][6]/E                        I2C   default_mode 
    4395 19468   b_buffer_pipe_4_reg[3][5]/E                        I2C   default_mode 
    4396 19468   systolic_array_8X8_b_queue_reg[0][5][0]/E          I2C   default_mode 
    4397 19468   b_buffer_pipe_4_reg[3][4]/E                        I2C   default_mode 
    4398 19468   b_buffer_pipe_4_reg[3][3]/E                        I2C   default_mode 
    4399 19468   systolic_array_8X8_b_queue_reg[0][4][6]/E          I2C   default_mode 
    4400 19468   b_buffer_pipe_4_reg[3][2]/E                        I2C   default_mode 
    4401 19468   b_buffer_pipe_4_reg[3][1]/E                        I2C   default_mode 
    4402 19468   systolic_array_8X8_b_queue_reg[0][4][4]/E          I2C   default_mode 
    4403 19468   b_buffer_pipe_4_reg[3][0]/E                        I2C   default_mode 
    4404 19468   b_buffer_pipe_4_reg[2][8]/E                        I2C   default_mode 
    4405 19468   systolic_array_8X8_b_queue_reg[0][4][2]/E          I2C   default_mode 
    4406 19468   b_buffer_pipe_4_reg[2][7]/E                        I2C   default_mode 
    4407 19468   b_buffer_pipe_4_reg[2][6]/E                        I2C   default_mode 
    4408 19468   systolic_array_8X8_b_queue_reg[0][4][0]/E          I2C   default_mode 
    4409 19468   b_buffer_pipe_4_reg[2][5]/E                        I2C   default_mode 
    4410 19468   b_buffer_pipe_4_reg[2][4]/E                        I2C   default_mode 
    4411 19468   systolic_array_8X8_b_queue_reg[0][3][6]/E          I2C   default_mode 
    4412 19468   b_buffer_pipe_4_reg[2][3]/E                        I2C   default_mode 
    4413 19468   systolic_array_8X8_a_queue_reg[7][5][8]/E          I2C   default_mode 
    4414 19468   b_buffer_pipe_4_reg[2][2]/E                        I2C   default_mode 
    4415 19468   systolic_array_8X8_b_queue_reg[0][3][4]/E          I2C   default_mode 
    4416 19468   b_buffer_pipe_4_reg[2][1]/E                        I2C   default_mode 
    4417 19468   b_buffer_pipe_4_reg[2][0]/E                        I2C   default_mode 
    4418 19468   systolic_array_8X8_b_queue_reg[0][3][2]/E          I2C   default_mode 
    4419 19468   b_buffer_pipe_4_reg[1][8]/E                        I2C   default_mode 
    4420 19468   b_buffer_pipe_4_reg[1][7]/E                        I2C   default_mode 
    4421 19468   systolic_array_8X8_b_queue_reg[0][3][0]/E          I2C   default_mode 
    4422 19468   b_buffer_pipe_4_reg[1][6]/E                        I2C   default_mode 
    4423 19468   b_buffer_pipe_4_reg[1][5]/E                        I2C   default_mode 
    4424 19468   systolic_array_8X8_b_queue_reg[0][2][6]/E          I2C   default_mode 
    4425 19468   b_buffer_pipe_4_reg[1][4]/E                        I2C   default_mode 
    4426 19468   b_buffer_pipe_4_reg[1][3]/E                        I2C   default_mode 
    4427 19468   systolic_array_8X8_b_queue_reg[0][2][4]/E          I2C   default_mode 
    4428 19468   b_buffer_pipe_4_reg[1][2]/E                        I2C   default_mode 
    4429 19468   b_buffer_pipe_4_reg[1][1]/E                        I2C   default_mode 
    4430 19468   systolic_array_8X8_b_queue_reg[0][2][2]/E          I2C   default_mode 
    4431 19468   b_buffer_pipe_4_reg[1][0]/E                        I2C   default_mode 
    4432 19468   b_buffer_pipe_4_reg[0][8]/E                        I2C   default_mode 
    4433 19468   systolic_array_8X8_b_queue_reg[0][2][0]/E          I2C   default_mode 
    4434 19468   systolic_array_8X8_b_queue_reg[0][1][4]/E          I2C   default_mode 
    4435 19468   systolic_array_8X8_b_queue_reg[0][1][2]/E          I2C   default_mode 
    4436 19468   b_buffer_pipe_3_reg[2][8]/E                        I2C   default_mode 
    4437 19468   b_buffer_pipe_3_reg[2][7]/E                        I2C   default_mode 
    4438 19468   b_buffer_pipe_3_reg[2][6]/E                        I2C   default_mode 
    4439 19468   systolic_array_8X8_b_queue_reg[0][1][0]/E          I2C   default_mode 
    4440 19468   b_buffer_pipe_3_reg[2][5]/E                        I2C   default_mode 
    4441 19468   systolic_array_8X8_b_queue_reg[0][0][6]/E          I2C   default_mode 
    4442 19468   b_buffer_pipe_3_reg[2][4]/E                        I2C   default_mode 
    4443 19468   b_buffer_pipe_3_reg[2][3]/E                        I2C   default_mode 
    4444 19468   b_buffer_pipe_3_reg[2][2]/E                        I2C   default_mode 
    4445 19468   systolic_array_8X8_b_queue_reg[0][0][4]/E          I2C   default_mode 
    4446 19468   systolic_array_8X8_b_queue_reg[0][0][2]/E          I2C   default_mode 
    4447 19468   b_buffer_pipe_3_reg[2][0]/E                        I2C   default_mode 
    4448 19468   b_buffer_pipe_3_reg[1][8]/E                        I2C   default_mode 
    4449 19468   b_buffer_pipe_3_reg[1][7]/E                        I2C   default_mode 
    4450 19468   systolic_array_8X8_b_queue_reg[0][0][0]/E          I2C   default_mode 
    4451 19468   b_buffer_pipe_3_reg[1][6]/E                        I2C   default_mode 
    4452 19468   systolic_array_8X8_a_queue_reg[7][7][8]/E          I2C   default_mode 
    4453 19468   b_buffer_pipe_3_reg[1][5]/E                        I2C   default_mode 
    4454 19468   b_buffer_pipe_3_reg[1][4]/E                        I2C   default_mode 
    4455 19468   b_buffer_pipe_3_reg[1][3]/E                        I2C   default_mode 
    4456 19468   systolic_array_8X8_a_queue_reg[7][7][7]/E          I2C   default_mode 
    4457 19468   b_buffer_pipe_3_reg[1][2]/E                        I2C   default_mode 
    4458 19468   systolic_array_8X8_a_queue_reg[7][7][6]/E          I2C   default_mode 
    4459 19468   b_buffer_pipe_3_reg[1][1]/E                        I2C   default_mode 
    4460 19468   b_buffer_pipe_3_reg[1][0]/E                        I2C   default_mode 
    4461 19468   b_buffer_pipe_3_reg[0][8]/E                        I2C   default_mode 
    4462 19468   systolic_array_8X8_a_queue_reg[7][7][5]/E          I2C   default_mode 
    4463 19468   systolic_array_8X8_a_queue_reg[7][7][4]/E          I2C   default_mode 
    4464 19468   systolic_array_8X8_a_queue_reg[7][7][2]/E          I2C   default_mode 
    4465 19468   b_buffer_pipe_2_reg[1][8]/E                        I2C   default_mode 
    4466 19468   b_buffer_pipe_2_reg[1][7]/E                        I2C   default_mode 
    4467 19468   systolic_array_8X8_a_queue_reg[7][7][1]/E          I2C   default_mode 
    4468 19468   b_buffer_pipe_2_reg[1][6]/E                        I2C   default_mode 
    4469 19468   b_buffer_pipe_2_reg[1][5]/E                        I2C   default_mode 
    4470 19468   systolic_array_8X8_a_queue_reg[7][6][8]/E          I2C   default_mode 
    4471 19468   systolic_array_8X8_a_queue_reg[7][6][7]/E          I2C   default_mode 
    4472 19468   b_buffer_pipe_2_reg[1][3]/E                        I2C   default_mode 
    4473 19468   b_buffer_pipe_2_reg[1][2]/E                        I2C   default_mode 
    4474 19468   systolic_array_8X8_a_queue_reg[7][6][6]/E          I2C   default_mode 
    4475 19468   b_buffer_pipe_2_reg[1][1]/E                        I2C   default_mode 
    4476 19468   b_buffer_pipe_2_reg[1][0]/E                        I2C   default_mode 
    4477 19468   b_buffer_pipe_2_reg[0][8]/E                        I2C   default_mode 
    4478 19468   systolic_array_8X8_a_queue_reg[7][6][5]/E          I2C   default_mode 
    4479 19468   systolic_array_8X8_a_queue_reg[7][6][4]/E          I2C   default_mode 
    4480 19468   b_buffer_pipe_2_reg[0][0]/E                        I2C   default_mode 
    4481 19468   systolic_array_8X8_a_queue_reg[7][6][2]/E          I2C   default_mode 
    4482 19468   systolic_array_8X8_a_queue_reg[7][6][1]/E          I2C   default_mode 
    4483 19468   b_buffer_pipe_1_reg[0]/E                           I2C   default_mode 
    4484 19468   systolic_array_8X8_a_queue_reg[7][5][7]/E          I2C   default_mode 
    4485 19468   a_buffer_pipe_7_reg[6][8]/E                        I2C   default_mode 
    4486 19468   systolic_array_8X8_a_queue_reg[7][5][6]/E          I2C   default_mode 
    4487 19468   a_buffer_pipe_7_reg[6][7]/E                        I2C   default_mode 
    4488 19468   a_buffer_pipe_7_reg[6][6]/E                        I2C   default_mode 
    4489 19468   a_buffer_pipe_7_reg[6][5]/E                        I2C   default_mode 
    4490 19468   systolic_array_8X8_a_queue_reg[7][5][5]/E          I2C   default_mode 
    4491 19468   a_buffer_pipe_7_reg[6][4]/E                        I2C   default_mode 
    4492 19468   systolic_array_8X8_a_queue_reg[7][5][4]/E          I2C   default_mode 
    4493 19468   a_buffer_pipe_7_reg[6][3]/E                        I2C   default_mode 
    4494 19468   systolic_array_8X8_a_queue_reg[7][5][3]/E          I2C   default_mode 
    4495 19468   a_buffer_pipe_7_reg[6][2]/E                        I2C   default_mode 
    4496 19468   a_buffer_pipe_7_reg[6][1]/E                        I2C   default_mode 
    4497 19468   a_buffer_pipe_7_reg[6][0]/E                        I2C   default_mode 
    4498 19468   systolic_array_8X8_a_queue_reg[7][5][2]/E          I2C   default_mode 
    4499 19468   a_buffer_pipe_7_reg[5][8]/E                        I2C   default_mode 
    4500 19468   a_buffer_pipe_7_reg[5][7]/E                        I2C   default_mode 
    4501 19468   a_buffer_pipe_7_reg[5][6]/E                        I2C   default_mode 
    4502 19468   systolic_array_8X8_a_queue_reg[7][5][1]/E          I2C   default_mode 
    4503 19468   a_buffer_pipe_7_reg[5][5]/E                        I2C   default_mode 
    4504 19468   a_buffer_pipe_7_reg[5][4]/E                        I2C   default_mode 
    4505 19468   systolic_array_8X8_a_queue_reg[7][4][8]/E          I2C   default_mode 
    4506 19468   systolic_array_8X8_a_queue_reg[7][4][7]/E          I2C   default_mode 
    4507 19468   a_buffer_pipe_7_reg[5][3]/E                        I2C   default_mode 
    4508 19468   a_buffer_pipe_7_reg[5][2]/E                        I2C   default_mode 
    4509 19468   a_buffer_pipe_7_reg[5][1]/E                        I2C   default_mode 
    4510 19468   systolic_array_8X8_a_queue_reg[7][4][6]/E          I2C   default_mode 
    4511 19468   a_buffer_pipe_7_reg[5][0]/E                        I2C   default_mode 
    4512 19468   a_buffer_pipe_7_reg[4][8]/E                        I2C   default_mode 
    4513 19468   a_buffer_pipe_7_reg[4][7]/E                        I2C   default_mode 
    4514 19468   systolic_array_8X8_a_queue_reg[7][4][5]/E          I2C   default_mode 
    4515 19468   a_buffer_pipe_7_reg[4][6]/E                        I2C   default_mode 
    4516 19468   systolic_array_8X8_a_queue_reg[7][4][4]/E          I2C   default_mode 
    4517 19468   a_buffer_pipe_7_reg[4][5]/E                        I2C   default_mode 
    4518 19468   a_buffer_pipe_7_reg[4][4]/E                        I2C   default_mode 
    4519 19468   a_buffer_pipe_7_reg[4][3]/E                        I2C   default_mode 
    4520 19468   systolic_array_8X8_a_queue_reg[7][4][3]/E          I2C   default_mode 
    4521 19468   a_buffer_pipe_7_reg[4][2]/E                        I2C   default_mode 
    4522 19468   systolic_array_8X8_a_queue_reg[7][4][2]/E          I2C   default_mode 
    4523 19468   a_buffer_pipe_7_reg[4][1]/E                        I2C   default_mode 
    4524 19468   a_buffer_pipe_7_reg[4][0]/E                        I2C   default_mode 
    4525 19468   a_buffer_pipe_7_reg[3][8]/E                        I2C   default_mode 
    4526 19468   systolic_array_8X8_a_queue_reg[7][4][1]/E          I2C   default_mode 
    4527 19468   a_buffer_pipe_7_reg[3][7]/E                        I2C   default_mode 
    4528 19468   systolic_array_8X8_a_queue_reg[7][3][8]/E          I2C   default_mode 
    4529 19468   a_buffer_pipe_7_reg[3][6]/E                        I2C   default_mode 
    4530 19468   a_buffer_pipe_7_reg[3][5]/E                        I2C   default_mode 
    4531 19468   a_buffer_pipe_7_reg[3][4]/E                        I2C   default_mode 
    4532 19468   systolic_array_8X8_a_queue_reg[7][3][7]/E          I2C   default_mode 
    4533 19468   a_buffer_pipe_7_reg[3][3]/E                        I2C   default_mode 
    4534 19468   systolic_array_8X8_a_queue_reg[7][3][6]/E          I2C   default_mode 
    4535 19468   a_buffer_pipe_7_reg[3][2]/E                        I2C   default_mode 
    4536 19468   a_buffer_pipe_7_reg[3][1]/E                        I2C   default_mode 
    4537 19468   a_buffer_pipe_7_reg[3][0]/E                        I2C   default_mode 
    4538 19468   systolic_array_8X8_a_queue_reg[7][3][5]/E          I2C   default_mode 
    4539 19468   a_buffer_pipe_7_reg[2][8]/E                        I2C   default_mode 
    4540 19468   systolic_array_8X8_a_queue_reg[7][3][4]/E          I2C   default_mode 
    4541 19468   a_buffer_pipe_7_reg[2][7]/E                        I2C   default_mode 
    4542 19468   a_buffer_pipe_7_reg[2][6]/E                        I2C   default_mode 
    4543 19468   a_buffer_pipe_7_reg[2][5]/E                        I2C   default_mode 
    4544 19468   systolic_array_8X8_a_queue_reg[7][3][3]/E          I2C   default_mode 
    4545 19468   a_buffer_pipe_7_reg[2][4]/E                        I2C   default_mode 
    4546 19468   systolic_array_8X8_a_queue_reg[7][3][2]/E          I2C   default_mode 
    4547 19468   a_buffer_pipe_7_reg[2][3]/E                        I2C   default_mode 
    4548 19468   a_buffer_pipe_7_reg[2][2]/E                        I2C   default_mode 
    4549 19468   a_buffer_pipe_7_reg[2][1]/E                        I2C   default_mode 
    4550 19468   systolic_array_8X8_a_queue_reg[7][3][1]/E          I2C   default_mode 
    4551 19468   a_buffer_pipe_7_reg[2][0]/E                        I2C   default_mode 
    4552 19468   a_buffer_pipe_7_reg[1][8]/E                        I2C   default_mode 
    4553 19468   systolic_array_8X8_a_queue_reg[7][2][8]/E          I2C   default_mode 
    4554 19469   systolic_array_8X8_b_queue_reg[7][0][5]/E          I2C   default_mode 
    4555 19469   systolic_array_8X8_b_queue_reg[0][7][8]/E          I2C   default_mode 
    4556 19469   systolic_array_8X8_b_queue_reg[6][1][5]/E          I2C   default_mode 
    4557 19469   systolic_array_8X8_a_queue_reg[4][3][0]/E          I2C   default_mode 
    4558 19469   systolic_array_8X8_a_queue_reg[7][4][0]/E          I2C   default_mode 
    4559 19469   systolic_array_8X8_b_queue_reg[0][6][3]/E          I2C   default_mode 
    4560 19469   systolic_array_8X8_b_queue_reg[0][6][5]/E          I2C   default_mode 
    4561 19469   systolic_array_8X8_b_queue_reg[4][3][1]/E          I2C   default_mode 
    4562 19469   systolic_array_8X8_a_queue_reg[0][6][0]/E          I2C   default_mode 
    4563 19469   systolic_array_8X8_b_queue_reg[0][6][8]/E          I2C   default_mode 
    4564 19469   systolic_array_8X8_a_queue_reg[6][1][0]/E          I2C   default_mode 
    4565 19469   systolic_array_8X8_b_queue_reg[4][2][3]/E          I2C   default_mode 
    4566 19469   systolic_array_8X8_b_queue_reg[4][2][5]/E          I2C   default_mode 
    4567 19469   systolic_array_8X8_a_queue_reg[0][5][0]/E          I2C   default_mode 
    4568 19469   systolic_array_8X8_b_queue_reg[4][2][7]/E          I2C   default_mode 
    4569 19469   systolic_array_8X8_b_queue_reg[7][4][1]/E          I2C   default_mode 
    4570 19469   systolic_array_8X8_b_queue_reg[7][0][7]/E          I2C   default_mode 
    4571 19469   systolic_array_8X8_b_queue_reg[0][5][8]/E          I2C   default_mode 
    4572 19469   systolic_array_8X8_b_queue_reg[0][4][5]/E          I2C   default_mode 
    4573 19469   systolic_array_8X8_a_queue_reg[4][2][0]/E          I2C   default_mode 
    4574 19469   systolic_array_8X8_b_queue_reg[4][2][1]/E          I2C   default_mode 
    4575 19469   systolic_array_8X8_b_queue_reg[0][4][7]/E          I2C   default_mode 
    4576 19469   systolic_array_8X8_b_queue_reg[5][1][8]/E          I2C   default_mode 
    4577 19469   systolic_array_8X8_a_queue_reg[0][4][0]/E          I2C   default_mode 
    4578 19469   systolic_array_8X8_b_queue_reg[6][1][8]/E          I2C   default_mode 
    4579 19469   systolic_array_8X8_b_queue_reg[4][2][8]/E          I2C   default_mode 
    4580 19469   systolic_array_8X8_b_queue_reg[0][4][1]/E          I2C   default_mode 
    4581 19469   systolic_array_8X8_b_queue_reg[0][4][8]/E          I2C   default_mode 
    4582 19469   systolic_array_8X8_b_queue_reg[4][1][3]/E          I2C   default_mode 
    4583 19469   systolic_array_8X8_b_queue_reg[0][3][5]/E          I2C   default_mode 
    4584 19469   systolic_array_8X8_a_queue_reg[7][0][0]/E          I2C   default_mode 
    4585 19469   systolic_array_8X8_a_queue_reg[0][3][0]/E          I2C   default_mode 
    4586 19469   systolic_array_8X8_b_queue_reg[6][0][5]/E          I2C   default_mode 
    4587 19469   systolic_array_8X8_b_queue_reg[4][1][7]/E          I2C   default_mode 
    4588 19469   systolic_array_8X8_b_queue_reg[4][0][7]/E          I2C   default_mode 
    4589 19469   systolic_array_8X8_b_queue_reg[0][1][1]/E          I2C   default_mode 
    4590 19469   systolic_array_8X8_b_queue_reg[6][0][1]/E          I2C   default_mode 
    4591 19469   systolic_array_8X8_b_queue_reg[0][2][5]/E          I2C   default_mode 
    4592 19469   systolic_array_8X8_b_queue_reg[0][1][8]/E          I2C   default_mode 
    4593 19469   systolic_array_8X8_b_queue_reg[0][0][3]/E          I2C   default_mode 
    4594 19469   systolic_array_8X8_b_queue_reg[6][0][8]/E          I2C   default_mode 
    4595 19469   systolic_array_8X8_b_queue_reg[7][7][3]/E          I2C   default_mode 
    4596 19469   systolic_array_8X8_b_queue_reg[7][4][8]/E          I2C   default_mode 
    4597 19469   systolic_array_8X8_a_queue_reg[4][0][0]/E          I2C   default_mode 
    4598 19469   systolic_array_8X8_b_queue_reg[0][0][5]/E          I2C   default_mode 
    4599 19469   systolic_array_8X8_b_queue_reg[7][0][8]/E          I2C   default_mode 
    4600 19469   systolic_array_8X8_b_queue_reg[0][0][7]/E          I2C   default_mode 
    4601 19469   systolic_array_8X8_b_queue_reg[4][0][1]/E          I2C   default_mode 
    4602 19469   systolic_array_8X8_b_queue_reg[4][0][8]/E          I2C   default_mode 
    4603 19469   systolic_array_8X8_a_queue_reg[0][0][0]/E          I2C   default_mode 
    4604 19469   systolic_array_8X8_b_queue_reg[7][7][5]/E          I2C   default_mode 
    4605 19469   systolic_array_8X8_b_queue_reg[0][0][1]/E          I2C   default_mode 
    4606 19469   systolic_array_8X8_b_queue_reg[7][7][8]/E          I2C   default_mode 
    4607 19469   systolic_array_8X8_b_queue_reg[7][6][8]/E          I2C   default_mode 
    4608 19469   systolic_array_8X8_b_queue_reg[0][0][8]/E          I2C   default_mode 
    4609 19469   systolic_array_8X8_b_queue_reg[7][3][3]/E          I2C   default_mode 
    4610 19469   systolic_array_8X8_b_queue_reg[3][7][3]/E          I2C   default_mode 
    4611 19469   systolic_array_8X8_b_queue_reg[6][7][3]/E          I2C   default_mode 
    4612 19469   systolic_array_8X8_b_queue_reg[5][7][3]/E          I2C   default_mode 
    4613 19469   systolic_array_8X8_b_queue_reg[7][5][3]/E          I2C   default_mode 
    4614 19469   systolic_array_8X8_b_queue_reg[7][6][3]/E          I2C   default_mode 
    4615 19469   systolic_array_8X8_b_queue_reg[3][7][5]/E          I2C   default_mode 
    4616 19469   systolic_array_8X8_b_queue_reg[3][7][7]/E          I2C   default_mode 
    4617 19469   systolic_array_8X8_a_queue_reg[3][7][0]/E          I2C   default_mode 
    4618 19469   systolic_array_8X8_b_queue_reg[5][7][5]/E          I2C   default_mode 
    4619 19469   systolic_array_8X8_b_queue_reg[5][7][7]/E          I2C   default_mode 
    4620 19469   systolic_array_8X8_b_queue_reg[3][7][1]/E          I2C   default_mode 
    4621 19469   systolic_array_8X8_b_queue_reg[3][7][8]/E          I2C   default_mode 
    4622 19469   systolic_array_8X8_b_queue_reg[6][7][5]/E          I2C   default_mode 
    4623 19469   systolic_array_8X8_a_queue_reg[5][7][0]/E          I2C   default_mode 
    4624 19469   systolic_array_8X8_b_queue_reg[1][2][7]/E          I2C   default_mode 
    4625 19469   systolic_array_8X8_b_queue_reg[3][6][3]/E          I2C   default_mode 
    4626 19469   systolic_array_8X8_b_queue_reg[6][2][7]/E          I2C   default_mode 
    4627 19469   systolic_array_8X8_b_queue_reg[3][6][5]/E          I2C   default_mode 
    4628 19469   systolic_array_8X8_b_queue_reg[5][7][1]/E          I2C   default_mode 
    4629 19469   systolic_array_8X8_b_queue_reg[3][6][7]/E          I2C   default_mode 
    4630 19469   systolic_array_8X8_b_queue_reg[6][7][7]/E          I2C   default_mode 
    4631 19469   systolic_array_8X8_a_queue_reg[3][6][0]/E          I2C   default_mode 
    4632 19469   systolic_array_8X8_b_queue_reg[3][6][1]/E          I2C   default_mode 
    4633 19469   systolic_array_8X8_b_queue_reg[7][3][5]/E          I2C   default_mode 
    4634 19469   systolic_array_8X8_b_queue_reg[3][6][8]/E          I2C   default_mode 
    4635 19469   systolic_array_8X8_a_queue_reg[6][7][0]/E          I2C   default_mode 
    4636 19469   systolic_array_8X8_b_queue_reg[5][7][8]/E          I2C   default_mode 
    4637 19469   systolic_array_8X8_b_queue_reg[5][6][3]/E          I2C   default_mode 
    4638 19469   systolic_array_8X8_b_queue_reg[3][5][3]/E          I2C   default_mode 
    4639 19469   systolic_array_8X8_b_queue_reg[3][5][5]/E          I2C   default_mode 
    4640 19469   systolic_array_8X8_b_queue_reg[5][6][5]/E          I2C   default_mode 
    4641 19469   systolic_array_8X8_b_queue_reg[3][5][7]/E          I2C   default_mode 
    4642 19469   systolic_array_8X8_a_queue_reg[3][5][0]/E          I2C   default_mode 
    4643 19469   systolic_array_8X8_b_queue_reg[1][0][1]/E          I2C   default_mode 
    4644 19469   systolic_array_8X8_b_queue_reg[5][6][7]/E          I2C   default_mode 
    4645 19469   systolic_array_8X8_b_queue_reg[3][5][1]/E          I2C   default_mode 
    4646 19469   systolic_array_8X8_b_queue_reg[7][3][7]/E          I2C   default_mode 
    4647 19469   systolic_array_8X8_b_queue_reg[6][7][1]/E          I2C   default_mode 
    4648 19469   systolic_array_8X8_b_queue_reg[3][5][8]/E          I2C   default_mode 
    4649 19469   systolic_array_8X8_b_queue_reg[3][4][3]/E          I2C   default_mode 
    4650 19469   systolic_array_8X8_b_queue_reg[1][4][7]/E          I2C   default_mode 
    4651 19469   systolic_array_8X8_b_queue_reg[3][4][5]/E          I2C   default_mode 
    4652 19469   systolic_array_8X8_a_queue_reg[5][6][0]/E          I2C   default_mode 
    4653 19469   systolic_array_8X8_b_queue_reg[1][1][3]/E          I2C   default_mode 
    4654 19469   systolic_array_8X8_b_queue_reg[5][6][1]/E          I2C   default_mode 
    4655 19469   systolic_array_8X8_b_queue_reg[3][4][7]/E          I2C   default_mode 
    4656 19469   systolic_array_8X8_a_queue_reg[7][3][0]/E          I2C   default_mode 
    4657 19469   systolic_array_8X8_a_queue_reg[3][4][0]/E          I2C   default_mode 
    4658 19469   systolic_array_8X8_b_queue_reg[6][7][8]/E          I2C   default_mode 
    4659 19469   systolic_array_8X8_b_queue_reg[5][6][8]/E          I2C   default_mode 
    4660 19469   systolic_array_8X8_b_queue_reg[7][5][5]/E          I2C   default_mode 
    4661 19469   systolic_array_8X8_b_queue_reg[3][4][1]/E          I2C   default_mode 
    4662 19469   systolic_array_8X8_a_queue_reg[7][7][0]/E          I2C   default_mode 
    4663 19469   systolic_array_8X8_b_queue_reg[3][4][8]/E          I2C   default_mode 
    4664 19469   systolic_array_8X8_b_queue_reg[5][5][3]/E          I2C   default_mode 
    4665 19469   systolic_array_8X8_b_queue_reg[3][3][3]/E          I2C   default_mode 
    4666 19469   systolic_array_8X8_b_queue_reg[6][6][3]/E          I2C   default_mode 
    4667 19469   systolic_array_8X8_b_queue_reg[3][3][5]/E          I2C   default_mode 
    4668 19469   systolic_array_8X8_b_queue_reg[3][3][7]/E          I2C   default_mode 
    4669 19469   systolic_array_8X8_b_queue_reg[6][2][3]/E          I2C   default_mode 
    4670 19469   systolic_array_8X8_a_queue_reg[3][3][0]/E          I2C   default_mode 
    4671 19469   systolic_array_8X8_b_queue_reg[6][6][5]/E          I2C   default_mode 
    4672 19469   systolic_array_8X8_b_queue_reg[5][5][5]/E          I2C   default_mode 
    4673 19469   systolic_array_8X8_b_queue_reg[5][5][7]/E          I2C   default_mode 
    4674 19469   systolic_array_8X8_b_queue_reg[3][3][1]/E          I2C   default_mode 
    4675 19469   systolic_array_8X8_b_queue_reg[3][3][8]/E          I2C   default_mode 
    4676 19469   systolic_array_8X8_a_queue_reg[5][5][0]/E          I2C   default_mode 
    4677 19469   systolic_array_8X8_b_queue_reg[3][2][3]/E          I2C   default_mode 
    4678 19469   systolic_array_8X8_b_queue_reg[3][2][5]/E          I2C   default_mode 
    4679 19469   systolic_array_8X8_b_queue_reg[7][5][7]/E          I2C   default_mode 
    4680 19469   systolic_array_8X8_b_queue_reg[5][5][1]/E          I2C   default_mode 
    4681 19469   systolic_array_8X8_b_queue_reg[3][2][7]/E          I2C   default_mode 
    4682 19469   systolic_array_8X8_b_queue_reg[7][3][1]/E          I2C   default_mode 
    4683 19469   systolic_array_8X8_b_queue_reg[6][6][7]/E          I2C   default_mode 
    4684 19469   systolic_array_8X8_b_queue_reg[4][4][8]/E          I2C   default_mode 
    4685 19469   systolic_array_8X8_a_queue_reg[3][2][0]/E          I2C   default_mode 
    4686 19469   systolic_array_8X8_b_queue_reg[3][2][1]/E          I2C   default_mode 
    4687 19469   systolic_array_8X8_b_queue_reg[3][2][8]/E          I2C   default_mode 
    4688 19469   systolic_array_8X8_b_queue_reg[1][1][1]/E          I2C   default_mode 
    4689 19469   systolic_array_8X8_b_queue_reg[5][5][8]/E          I2C   default_mode 
    4690 19469   systolic_array_8X8_b_queue_reg[6][2][8]/E          I2C   default_mode 
    4691 19469   systolic_array_8X8_b_queue_reg[6][2][1]/E          I2C   default_mode 
    4692 19469   systolic_array_8X8_b_queue_reg[5][4][3]/E          I2C   default_mode 
    4693 19469   systolic_array_8X8_b_queue_reg[3][1][3]/E          I2C   default_mode 
    4694 19469   systolic_array_8X8_a_queue_reg[5][0][0]/E          I2C   default_mode 
    4695 19469   systolic_array_8X8_b_queue_reg[3][1][5]/E          I2C   default_mode 
    4696 19469   systolic_array_8X8_a_queue_reg[6][6][0]/E          I2C   default_mode 
    4697 19469   systolic_array_8X8_b_queue_reg[5][4][5]/E          I2C   default_mode 
    4698 19469   systolic_array_8X8_b_queue_reg[3][1][7]/E          I2C   default_mode 
    4699 19469   systolic_array_8X8_a_queue_reg[3][1][0]/E          I2C   default_mode 
    4700 19469   systolic_array_8X8_b_queue_reg[4][5][8]/E          I2C   default_mode 
    4701 19469   systolic_array_8X8_b_queue_reg[5][4][7]/E          I2C   default_mode 
    4702 19469   systolic_array_8X8_b_queue_reg[3][1][1]/E          I2C   default_mode 
    4703 19469   systolic_array_8X8_b_queue_reg[6][6][1]/E          I2C   default_mode 
    4704 19469   systolic_array_8X8_b_queue_reg[6][1][1]/E          I2C   default_mode 
    4705 19469   systolic_array_8X8_b_queue_reg[3][1][8]/E          I2C   default_mode 
    4706 19469   systolic_array_8X8_b_queue_reg[0][5][1]/E          I2C   default_mode 
    4707 19469   systolic_array_8X8_b_queue_reg[3][0][3]/E          I2C   default_mode 
    4708 19469   systolic_array_8X8_b_queue_reg[7][3][8]/E          I2C   default_mode 
    4709 19469   systolic_array_8X8_b_queue_reg[3][0][5]/E          I2C   default_mode 
    4710 19469   systolic_array_8X8_b_queue_reg[6][6][8]/E          I2C   default_mode 
    4711 19469   systolic_array_8X8_a_queue_reg[5][4][0]/E          I2C   default_mode 
    4712 19469   systolic_array_8X8_b_queue_reg[7][6][5]/E          I2C   default_mode 
    4713 19469   systolic_array_8X8_b_queue_reg[5][4][1]/E          I2C   default_mode 
    4714 19469   systolic_array_8X8_b_queue_reg[3][0][7]/E          I2C   default_mode 
    4715 19469   systolic_array_8X8_a_queue_reg[3][0][0]/E          I2C   default_mode 
    4716 19469   systolic_array_8X8_b_queue_reg[0][5][7]/E          I2C   default_mode 
    4717 19469   systolic_array_8X8_a_queue_reg[0][1][0]/E          I2C   default_mode 
    4718 19469   systolic_array_8X8_b_queue_reg[5][4][8]/E          I2C   default_mode 
    4719 19469   systolic_array_8X8_b_queue_reg[3][0][1]/E          I2C   default_mode 
    4720 19469   systolic_array_8X8_b_queue_reg[3][0][8]/E          I2C   default_mode 
    4721 19469   systolic_array_8X8_b_queue_reg[5][3][3]/E          I2C   default_mode 
    4722 19469   systolic_array_8X8_b_queue_reg[2][7][3]/E          I2C   default_mode 
    4723 19469   systolic_array_8X8_b_queue_reg[7][2][3]/E          I2C   default_mode 
    4724 19469   systolic_array_8X8_b_queue_reg[6][5][3]/E          I2C   default_mode 
    4725 19469   systolic_array_8X8_b_queue_reg[2][7][5]/E          I2C   default_mode 
    4726 19469   systolic_array_8X8_b_queue_reg[0][5][5]/E          I2C   default_mode 
    4727 19469   systolic_array_8X8_b_queue_reg[0][1][7]/E          I2C   default_mode 
    4728 19469   systolic_array_8X8_b_queue_reg[2][7][7]/E          I2C   default_mode 
    4729 19469   systolic_array_8X8_b_queue_reg[4][0][5]/E          I2C   default_mode 
    4730 19469   systolic_array_8X8_a_queue_reg[6][0][0]/E          I2C   default_mode 
    4731 19469   systolic_array_8X8_a_queue_reg[2][7][0]/E          I2C   default_mode 
    4732 19469   systolic_array_8X8_b_queue_reg[5][3][5]/E          I2C   default_mode 
    4733 19469   systolic_array_8X8_b_queue_reg[0][1][5]/E          I2C   default_mode 
    4734 19469   systolic_array_8X8_b_queue_reg[5][3][7]/E          I2C   default_mode 
    4735 19469   systolic_array_8X8_b_queue_reg[2][7][1]/E          I2C   default_mode 
    4736 19469   systolic_array_8X8_a_queue_reg[7][5][0]/E          I2C   default_mode 
    4737 19469   systolic_array_8X8_b_queue_reg[2][7][8]/E          I2C   default_mode 
    4738 19469   systolic_array_8X8_b_queue_reg[6][5][5]/E          I2C   default_mode 
    4739 19469   systolic_array_8X8_a_queue_reg[5][3][0]/E          I2C   default_mode 
    4740 19469   systolic_array_8X8_b_queue_reg[2][6][3]/E          I2C   default_mode 
    4741 19469   systolic_array_8X8_b_queue_reg[2][6][5]/E          I2C   default_mode 
    4742 19469   systolic_array_8X8_b_queue_reg[0][5][3]/E          I2C   default_mode 
    4743 19469   systolic_array_8X8_b_queue_reg[5][3][1]/E          I2C   default_mode 
    4744 19469   systolic_array_8X8_b_queue_reg[2][6][7]/E          I2C   default_mode 
    4745 19469   systolic_array_8X8_b_queue_reg[6][5][7]/E          I2C   default_mode 
    4746 19469   systolic_array_8X8_a_queue_reg[2][6][0]/E          I2C   default_mode 
    4747 19469   systolic_array_8X8_b_queue_reg[0][3][1]/E          I2C   default_mode 
    4748 19469   systolic_array_8X8_b_queue_reg[2][6][1]/E          I2C   default_mode 
    4749 19469   systolic_array_8X8_b_queue_reg[0][1][3]/E          I2C   default_mode 
    4750 19469   systolic_array_8X8_b_queue_reg[2][6][8]/E          I2C   default_mode 
    4751 19469   systolic_array_8X8_b_queue_reg[7][2][5]/E          I2C   default_mode 
    4752 19469   systolic_array_8X8_b_queue_reg[5][3][8]/E          I2C   default_mode 
    4753 19469   systolic_array_8X8_b_queue_reg[4][0][3]/E          I2C   default_mode 
    4754 19469   systolic_array_8X8_b_queue_reg[5][2][3]/E          I2C   default_mode 
    4755 19469   systolic_array_8X8_b_queue_reg[2][5][3]/E          I2C   default_mode 
    4756 19469   systolic_array_8X8_b_queue_reg[2][5][5]/E          I2C   default_mode 
    4757 19469   systolic_array_8X8_b_queue_reg[6][1][7]/E          I2C   default_mode 
    4758 19469   systolic_array_8X8_a_queue_reg[6][5][0]/E          I2C   default_mode 
    4759 19469   systolic_array_8X8_b_queue_reg[4][1][5]/E          I2C   default_mode 
    4760 19469   systolic_array_8X8_b_queue_reg[2][5][7]/E          I2C   default_mode 
    4761 19469   systolic_array_8X8_b_queue_reg[5][2][5]/E          I2C   default_mode 
    4762 19469   systolic_array_8X8_b_queue_reg[0][6][7]/E          I2C   default_mode 
    4763 19469   systolic_array_8X8_a_queue_reg[2][5][0]/E          I2C   default_mode 
    4764 19469   systolic_array_8X8_b_queue_reg[7][5][1]/E          I2C   default_mode 
    4765 19469   systolic_array_8X8_b_queue_reg[5][2][7]/E          I2C   default_mode 
    4766 19469   systolic_array_8X8_b_queue_reg[2][5][1]/E          I2C   default_mode 
    4767 19469   systolic_array_8X8_b_queue_reg[7][2][7]/E          I2C   default_mode 
    4768 19469   systolic_array_8X8_b_queue_reg[6][5][1]/E          I2C   default_mode 
    4769 19469   systolic_array_8X8_b_queue_reg[1][3][3]/E          I2C   default_mode 
    4770 19469   systolic_array_8X8_b_queue_reg[7][6][7]/E          I2C   default_mode 
    4771 19469   systolic_array_8X8_b_queue_reg[7][7][7]/E          I2C   default_mode 
    4772 19469   systolic_array_8X8_b_queue_reg[7][7][1]/E          I2C   default_mode 
    4773 19469   systolic_array_8X8_b_queue_reg[2][5][8]/E          I2C   default_mode 
    4774 19469   systolic_array_8X8_b_queue_reg[2][4][3]/E          I2C   default_mode 
    4775 19469   systolic_array_8X8_b_queue_reg[0][3][7]/E          I2C   default_mode 
    4776 19469   systolic_array_8X8_b_queue_reg[2][4][5]/E          I2C   default_mode 
    4777 19469   systolic_array_8X8_a_queue_reg[5][2][0]/E          I2C   default_mode 
    4778 19469   systolic_array_8X8_b_queue_reg[1][5][7]/E          I2C   default_mode 
    4779 19469   systolic_array_8X8_b_queue_reg[5][2][1]/E          I2C   default_mode 
    4780 19469   systolic_array_8X8_b_queue_reg[2][4][7]/E          I2C   default_mode 
    4781 19469   systolic_array_8X8_b_queue_reg[4][3][8]/E          I2C   default_mode 
    4782 19469   systolic_array_8X8_b_queue_reg[4][1][8]/E          I2C   default_mode 
    4783 19469   systolic_array_8X8_a_queue_reg[2][4][0]/E          I2C   default_mode 
    4784 19469   systolic_array_8X8_b_queue_reg[6][5][8]/E          I2C   default_mode 
    4785 19469   systolic_array_8X8_b_queue_reg[5][2][8]/E          I2C   default_mode 
    4786 19469   systolic_array_8X8_b_queue_reg[2][4][1]/E          I2C   default_mode 
    4787 19469   systolic_array_8X8_b_queue_reg[2][4][8]/E          I2C   default_mode 
    4788 19469   systolic_array_8X8_b_queue_reg[5][1][3]/E          I2C   default_mode 
    4789 19469   systolic_array_8X8_b_queue_reg[2][3][3]/E          I2C   default_mode 
    4790 19469   systolic_array_8X8_b_queue_reg[1][4][1]/E          I2C   default_mode 
    4791 19469   systolic_array_8X8_b_queue_reg[6][4][3]/E          I2C   default_mode 
    4792 19469   systolic_array_8X8_b_queue_reg[0][2][8]/E          I2C   default_mode 
    4793 19469   systolic_array_8X8_b_queue_reg[2][3][5]/E          I2C   default_mode 
    4794 19469   systolic_array_8X8_b_queue_reg[2][3][7]/E          I2C   default_mode 
    4795 19469   systolic_array_8X8_a_queue_reg[7][2][0]/E          I2C   default_mode 
    4796 19469   systolic_array_8X8_a_queue_reg[2][3][0]/E          I2C   default_mode 
    4797 19469   systolic_array_8X8_b_queue_reg[6][4][5]/E          I2C   default_mode 
    4798 19469   systolic_array_8X8_b_queue_reg[5][1][5]/E          I2C   default_mode 
    4799 19469   systolic_array_8X8_b_queue_reg[5][1][7]/E          I2C   default_mode 
    4800 19469   systolic_array_8X8_b_queue_reg[2][3][1]/E          I2C   default_mode 
    4801 19469   systolic_array_8X8_b_queue_reg[6][0][3]/E          I2C   default_mode 
    4802 19469   systolic_array_8X8_b_queue_reg[0][2][1]/E          I2C   default_mode 
    4803 19469   systolic_array_8X8_b_queue_reg[2][3][8]/E          I2C   default_mode 
    4804 19469   systolic_array_8X8_a_queue_reg[0][2][0]/E          I2C   default_mode 
    4805 19469   systolic_array_8X8_a_queue_reg[5][1][0]/E          I2C   default_mode 
    4806 19469   systolic_array_8X8_b_queue_reg[2][2][3]/E          I2C   default_mode 
    4807 19469   systolic_array_8X8_b_queue_reg[0][3][3]/E          I2C   default_mode 
    4808 19469   systolic_array_8X8_b_queue_reg[2][2][5]/E          I2C   default_mode 
    4809 19469   systolic_array_8X8_b_queue_reg[5][1][1]/E          I2C   default_mode 
    4810 19469   systolic_array_8X8_b_queue_reg[2][2][7]/E          I2C   default_mode 
    4811 19469   systolic_array_8X8_b_queue_reg[0][6][1]/E          I2C   default_mode 
    4812 19469   systolic_array_8X8_b_queue_reg[7][2][1]/E          I2C   default_mode 
    4813 19469   systolic_array_8X8_b_queue_reg[6][4][7]/E          I2C   default_mode 
    4814 19469   systolic_array_8X8_b_queue_reg[1][1][7]/E          I2C   default_mode 
    4815 19469   systolic_array_8X8_a_queue_reg[2][2][0]/E          I2C   default_mode 
    4816 19469   systolic_array_8X8_b_queue_reg[1][2][1]/E          I2C   default_mode 
    4817 19469   systolic_array_8X8_b_queue_reg[2][2][1]/E          I2C   default_mode 
    4818 19469   systolic_array_8X8_b_queue_reg[2][2][8]/E          I2C   default_mode 
    4819 19469   systolic_array_8X8_b_queue_reg[5][0][3]/E          I2C   default_mode 
    4820 19469   systolic_array_8X8_b_queue_reg[2][1][3]/E          I2C   default_mode 
    4821 19469   systolic_array_8X8_b_queue_reg[7][2][8]/E          I2C   default_mode 
    4822 19469   systolic_array_8X8_b_queue_reg[2][1][5]/E          I2C   default_mode 
    4823 19469   systolic_array_8X8_a_queue_reg[6][4][0]/E          I2C   default_mode 
    4824 19469   systolic_array_8X8_b_queue_reg[5][0][5]/E          I2C   default_mode 
    4825 19469   systolic_array_8X8_b_queue_reg[7][5][8]/E          I2C   default_mode 
    4826 19469   systolic_array_8X8_b_queue_reg[7][0][1]/E          I2C   default_mode 
    4827 19469   systolic_array_8X8_b_queue_reg[2][1][7]/E          I2C   default_mode 
    4828 19469   systolic_array_8X8_a_queue_reg[2][1][0]/E          I2C   default_mode 
    4829 19469   systolic_array_8X8_b_queue_reg[6][0][7]/E          I2C   default_mode 
    4830 19469   systolic_array_8X8_b_queue_reg[5][0][7]/E          I2C   default_mode 
    4831 19469   systolic_array_8X8_b_queue_reg[2][1][1]/E          I2C   default_mode 
    4832 19469   systolic_array_8X8_b_queue_reg[6][4][1]/E          I2C   default_mode 
    4833 19469   systolic_array_8X8_b_queue_reg[0][2][7]/E          I2C   default_mode 
    4834 19469   systolic_array_8X8_b_queue_reg[2][1][8]/E          I2C   default_mode 
    4835 19469   systolic_array_8X8_b_queue_reg[2][0][3]/E          I2C   default_mode 
    4836 19469   systolic_array_8X8_b_queue_reg[2][0][5]/E          I2C   default_mode 
    4837 19469   systolic_array_8X8_b_queue_reg[6][4][8]/E          I2C   default_mode 
    4838 19469   systolic_array_8X8_b_queue_reg[4][1][1]/E          I2C   default_mode 
    4839 19469   systolic_array_8X8_b_queue_reg[5][0][1]/E          I2C   default_mode 
    4840 19469   systolic_array_8X8_b_queue_reg[2][0][7]/E          I2C   default_mode 
    4841 19469   systolic_array_8X8_a_queue_reg[4][6][0]/E          I2C   default_mode 
    4842 19469   systolic_array_8X8_a_queue_reg[2][0][0]/E          I2C   default_mode 
    4843 19469   systolic_array_8X8_b_queue_reg[5][0][8]/E          I2C   default_mode 
    4844 19469   systolic_array_8X8_b_queue_reg[2][0][1]/E          I2C   default_mode 
    4845 19469   systolic_array_8X8_b_queue_reg[2][0][8]/E          I2C   default_mode 
    4846 19469   systolic_array_8X8_b_queue_reg[4][7][3]/E          I2C   default_mode 
    4847 19469   systolic_array_8X8_b_queue_reg[7][4][3]/E          I2C   default_mode 
    4848 19469   systolic_array_8X8_b_queue_reg[1][7][3]/E          I2C   default_mode 
    4849 19469   systolic_array_8X8_b_queue_reg[7][1][3]/E          I2C   default_mode 
    4850 19469   systolic_array_8X8_b_queue_reg[6][3][3]/E          I2C   default_mode 
    4851 19469   systolic_array_8X8_b_queue_reg[1][7][5]/E          I2C   default_mode 
    4852 19469   systolic_array_8X8_b_queue_reg[1][7][7]/E          I2C   default_mode 
    4853 19469   systolic_array_8X8_a_queue_reg[1][7][0]/E          I2C   default_mode 
    4854 19469   systolic_array_8X8_b_queue_reg[4][7][5]/E          I2C   default_mode 
    4855 19469   systolic_array_8X8_b_queue_reg[4][7][7]/E          I2C   default_mode 
    4856 19469   systolic_array_8X8_b_queue_reg[1][7][1]/E          I2C   default_mode 
    4857 19469   systolic_array_8X8_b_queue_reg[1][7][8]/E          I2C   default_mode 
    4858 19469   systolic_array_8X8_b_queue_reg[6][3][5]/E          I2C   default_mode 
    4859 19469   systolic_array_8X8_a_queue_reg[4][7][0]/E          I2C   default_mode 
    4860 19469   systolic_array_8X8_b_queue_reg[1][6][3]/E          I2C   default_mode 
    4861 19469   systolic_array_8X8_b_queue_reg[1][6][5]/E          I2C   default_mode 
    4862 19469   systolic_array_8X8_b_queue_reg[0][2][3]/E          I2C   default_mode 
    4863 19469   systolic_array_8X8_b_queue_reg[4][7][1]/E          I2C   default_mode 
    4864 19469   systolic_array_8X8_b_queue_reg[1][6][7]/E          I2C   default_mode 
    4865 19469   systolic_array_8X8_b_queue_reg[6][3][7]/E          I2C   default_mode 
    4866 19469   systolic_array_8X8_a_queue_reg[1][6][0]/E          I2C   default_mode 
    4867 19469   systolic_array_8X8_b_queue_reg[1][6][1]/E          I2C   default_mode 
    4868 19469   systolic_array_8X8_b_queue_reg[1][6][8]/E          I2C   default_mode 
    4869 19469   systolic_array_8X8_b_queue_reg[7][1][5]/E          I2C   default_mode 
    4870 19469   systolic_array_8X8_a_queue_reg[6][3][0]/E          I2C   default_mode 
    4871 19469   systolic_array_8X8_b_queue_reg[4][7][8]/E          I2C   default_mode 
    4872 19469   systolic_array_8X8_b_queue_reg[7][4][5]/E          I2C   default_mode 
    4873 19469   systolic_array_8X8_a_queue_reg[7][6][0]/E          I2C   default_mode 
    4874 19469   systolic_array_8X8_b_queue_reg[4][6][3]/E          I2C   default_mode 
    4875 19469   systolic_array_8X8_b_queue_reg[1][5][3]/E          I2C   default_mode 
    4876 19469   systolic_array_8X8_b_queue_reg[1][5][5]/E          I2C   default_mode 
    4877 19469   systolic_array_8X8_a_queue_reg[4][1][0]/E          I2C   default_mode 
    4878 19469   systolic_array_8X8_b_queue_reg[4][6][5]/E          I2C   default_mode 
    4879 19469   systolic_array_8X8_b_queue_reg[0][4][3]/E          I2C   default_mode 
    4880 19469   systolic_array_8X8_a_queue_reg[1][5][0]/E          I2C   default_mode 
    4881 19469   systolic_array_8X8_b_queue_reg[0][3][8]/E          I2C   default_mode 
    4882 19469   systolic_array_8X8_b_queue_reg[4][6][7]/E          I2C   default_mode 
    4883 19469   systolic_array_8X8_b_queue_reg[1][5][1]/E          I2C   default_mode 
    4884 19469   systolic_array_8X8_b_queue_reg[6][3][1]/E          I2C   default_mode 
    4885 19469   systolic_array_8X8_b_queue_reg[7][1][7]/E          I2C   default_mode 
    4886 19469   systolic_array_8X8_b_queue_reg[1][5][8]/E          I2C   default_mode 
    4887 19469   systolic_array_8X8_b_queue_reg[1][4][5]/E          I2C   default_mode 
    4888 19469   systolic_array_8X8_b_queue_reg[4][6][1]/E          I2C   default_mode 
    4889 19469   systolic_array_8X8_a_queue_reg[7][1][0]/E          I2C   default_mode 
    4890 19469   systolic_array_8X8_a_queue_reg[1][4][0]/E          I2C   default_mode 
    4891 19469   systolic_array_8X8_b_queue_reg[6][3][8]/E          I2C   default_mode 
    4892 19469   systolic_array_8X8_b_queue_reg[4][6][8]/E          I2C   default_mode 
    4893 19469   systolic_array_8X8_b_queue_reg[1][4][8]/E          I2C   default_mode 
    4894 19469   systolic_array_8X8_b_queue_reg[4][5][3]/E          I2C   default_mode 
    4895 19469   systolic_array_8X8_b_queue_reg[1][3][5]/E          I2C   default_mode 
    4896 19469   systolic_array_8X8_b_queue_reg[1][3][7]/E          I2C   default_mode 
    4897 19469   systolic_array_8X8_a_queue_reg[1][3][0]/E          I2C   default_mode 
    4898 19469   systolic_array_8X8_b_queue_reg[6][2][5]/E          I2C   default_mode 
    4899 19469   systolic_array_8X8_b_queue_reg[4][5][5]/E          I2C   default_mode 
    4900 19469   systolic_array_8X8_b_queue_reg[4][5][7]/E          I2C   default_mode 
    4901 19469   systolic_array_8X8_b_queue_reg[1][3][1]/E          I2C   default_mode 
    4902 19469   systolic_array_8X8_b_queue_reg[1][3][8]/E          I2C   default_mode 
    4903 19469   systolic_array_8X8_a_queue_reg[4][5][0]/E          I2C   default_mode 
    4904 19469   systolic_array_8X8_b_queue_reg[1][2][3]/E          I2C   default_mode 
    4905 19469   systolic_array_8X8_b_queue_reg[1][2][5]/E          I2C   default_mode 
    4906 19469   systolic_array_8X8_b_queue_reg[4][5][1]/E          I2C   default_mode 
    4907 19469   systolic_array_8X8_b_queue_reg[7][4][7]/E          I2C   default_mode 
    4908 19469   systolic_array_8X8_b_queue_reg[7][1][1]/E          I2C   default_mode 
    4909 19469   systolic_array_8X8_b_queue_reg[7][6][1]/E          I2C   default_mode 
    4910 19469   systolic_array_8X8_a_queue_reg[1][2][0]/E          I2C   default_mode 
    4911 19469   systolic_array_8X8_b_queue_reg[1][2][8]/E          I2C   default_mode 
    4912 19469   systolic_array_8X8_b_queue_reg[4][4][3]/E          I2C   default_mode 
    4913 19469   systolic_array_8X8_b_queue_reg[1][1][5]/E          I2C   default_mode 
    4914 19469   systolic_array_8X8_a_queue_reg[6][2][0]/E          I2C   default_mode 
    4915 19469   systolic_array_8X8_b_queue_reg[4][4][5]/E          I2C   default_mode 
    4916 19469   systolic_array_8X8_a_queue_reg[1][1][0]/E          I2C   default_mode 
    4917 19469   systolic_array_8X8_b_queue_reg[4][4][7]/E          I2C   default_mode 
    4918 19469   systolic_array_8X8_b_queue_reg[1][4][3]/E          I2C   default_mode 
    4919 19469   systolic_array_8X8_b_queue_reg[1][1][8]/E          I2C   default_mode 
    4920 19469   systolic_array_8X8_b_queue_reg[1][0][3]/E          I2C   default_mode 
    4921 19469   systolic_array_8X8_b_queue_reg[1][0][5]/E          I2C   default_mode 
    4922 19469   systolic_array_8X8_b_queue_reg[7][1][8]/E          I2C   default_mode 
    4923 19469   systolic_array_8X8_a_queue_reg[4][4][0]/E          I2C   default_mode 
    4924 19469   systolic_array_8X8_b_queue_reg[4][4][1]/E          I2C   default_mode 
    4925 19469   systolic_array_8X8_a_queue_reg[1][0][0]/E          I2C   default_mode 
    4926 19469   systolic_array_8X8_b_queue_reg[1][0][8]/E          I2C   default_mode 
    4927 19469   systolic_array_8X8_b_queue_reg[4][3][3]/E          I2C   default_mode 
    4928 19469   systolic_array_8X8_b_queue_reg[0][7][3]/E          I2C   default_mode 
    4929 19469   systolic_array_8X8_b_queue_reg[6][1][3]/E          I2C   default_mode 
    4930 19469   systolic_array_8X8_b_queue_reg[7][0][3]/E          I2C   default_mode 
    4931 19469   systolic_array_8X8_b_queue_reg[1][0][7]/E          I2C   default_mode 
    4932 19469   systolic_array_8X8_b_queue_reg[0][7][5]/E          I2C   default_mode 
    4933 19469   systolic_array_8X8_b_queue_reg[0][7][7]/E          I2C   default_mode 
    4934 19469   systolic_array_8X8_a_queue_reg[0][7][0]/E          I2C   default_mode 
    4935 19469   systolic_array_8X8_b_queue_reg[4][3][5]/E          I2C   default_mode 
    4936 19469   systolic_array_8X8_b_queue_reg[4][3][7]/E          I2C   default_mode 
    4937 19469   systolic_array_8X8_b_queue_reg[0][7][1]/E          I2C   default_mode 
    4938 19470   systolic_array_8X8_a_queue_reg[7][2][8]/CN         I2C   default_mode 
    4939 19470   a_buffer_pipe_7_reg[1][6]/CN                       I2C   default_mode 
    4940 19470   systolic_array_8X8_a_queue_reg[7][2][7]/CN         I2C   default_mode 
    4941 19470   a_buffer_pipe_7_reg[1][2]/CN                       I2C   default_mode 
    4942 19470   systolic_array_8X8_b_queue_reg[0][1][0]/CN         I2C   default_mode 
    4943 19470   systolic_array_8X8_a_queue_reg[7][2][2]/CN         I2C   default_mode 
    4944 19470   a_buffer_pipe_6_reg[5][7]/CN                       I2C   default_mode 
    4945 19470   systolic_array_8X8_a_queue_reg[7][1][8]/CN         I2C   default_mode 
    4946 19470   b_buffer_pipe_3_reg[2][3]/CN                       I2C   default_mode 
    4947 19470   a_buffer_pipe_6_reg[5][5]/CN                       I2C   default_mode 
    4948 19470   systolic_array_8X8_b_queue_reg[0][0][6]/CN         I2C   default_mode 
    4949 19470   a_buffer_pipe_6_reg[5][3]/CN                       I2C   default_mode 
    4950 19470   a_buffer_pipe_6_reg[5][1]/CN                       I2C   default_mode 
    4951 19470   b_buffer_pipe_3_reg[2][4]/CN                       I2C   default_mode 
    4952 19470   a_buffer_pipe_6_reg[4][8]/CN                       I2C   default_mode 
    4953 19470   systolic_array_8X8_a_queue_reg[7][1][4]/CN         I2C   default_mode 
    4954 19470   a_buffer_pipe_6_reg[4][6]/CN                       I2C   default_mode 
    4955 19470   a_buffer_pipe_6_reg[4][4]/CN                       I2C   default_mode 
    4956 19470   systolic_array_8X8_a_queue_reg[7][1][2]/CN         I2C   default_mode 
    4957 19470   a_buffer_pipe_6_reg[4][2]/CN                       I2C   default_mode 
    4958 19470   a_buffer_pipe_6_reg[4][0]/CN                       I2C   default_mode 
    4959 19470   systolic_array_8X8_a_queue_reg[7][0][8]/CN         I2C   default_mode 
    4960 19470   a_buffer_pipe_6_reg[3][7]/CN                       I2C   default_mode 
    4961 19470   a_buffer_pipe_6_reg[3][5]/CN                       I2C   default_mode 
    4962 19470   systolic_array_8X8_b_queue_reg[5][0][0]/CN         I2C   default_mode 
    4963 19470   a_buffer_pipe_6_reg[3][3]/CN                       I2C   default_mode 
    4964 19470   a_buffer_pipe_6_reg[3][1]/CN                       I2C   default_mode 
    4965 19470   systolic_array_8X8_a_queue_reg[7][0][4]/CN         I2C   default_mode 
    4966 19470   a_buffer_pipe_6_reg[2][8]/CN                       I2C   default_mode 
    4967 19470   a_buffer_pipe_6_reg[2][6]/CN                       I2C   default_mode 
    4968 19470   systolic_array_8X8_a_queue_reg[7][0][2]/CN         I2C   default_mode 
    4969 19470   a_buffer_pipe_6_reg[2][4]/CN                       I2C   default_mode 
    4970 19470   a_buffer_pipe_6_reg[2][2]/CN                       I2C   default_mode 
    4971 19470   systolic_array_8X8_a_queue_reg[6][7][8]/CN         I2C   default_mode 
    4972 19470   a_buffer_pipe_6_reg[2][0]/CN                       I2C   default_mode 
    4973 19470   a_buffer_pipe_6_reg[1][7]/CN                       I2C   default_mode 
    4974 19470   b_buffer_pipe_3_reg[2][5]/CN                       I2C   default_mode 
    4975 19470   a_buffer_pipe_6_reg[1][5]/CN                       I2C   default_mode 
    4976 19470   a_buffer_pipe_6_reg[1][3]/CN                       I2C   default_mode 
    4977 19470   systolic_array_8X8_a_queue_reg[6][7][4]/CN         I2C   default_mode 
    4978 19470   a_buffer_pipe_6_reg[1][1]/CN                       I2C   default_mode 
    4979 19470   systolic_array_8X8_a_queue_reg[6][7][2]/CN         I2C   default_mode 
    4980 19470   systolic_array_8X8_a_queue_reg[6][6][8]/CN         I2C   default_mode 
    4981 19470   a_buffer_pipe_5_reg[4][8]/CN                       I2C   default_mode 
    4982 19470   systolic_array_8X8_b_queue_reg[0][6][0]/CN         I2C   default_mode 
    4983 19470   systolic_array_8X8_a_queue_reg[6][6][6]/CN         I2C   default_mode 
    4984 19470   systolic_array_8X8_a_queue_reg[6][6][5]/CN         I2C   default_mode 
    4985 19470   systolic_array_8X8_a_queue_reg[6][6][4]/CN         I2C   default_mode 
    4986 19470   a_buffer_pipe_5_reg[4][2]/CN                       I2C   default_mode 
    4987 19470   a_buffer_pipe_5_reg[4][0]/CN                       I2C   default_mode 
    4988 19470   systolic_array_8X8_a_queue_reg[6][6][2]/CN         I2C   default_mode 
    4989 19470   a_buffer_pipe_5_reg[3][7]/CN                       I2C   default_mode 
    4990 19470   systolic_array_8X8_a_queue_reg[6][6][1]/CN         I2C   default_mode 
    4991 19470   systolic_array_8X8_b_queue_reg[5][4][0]/CN         I2C   default_mode 
    4992 19470   systolic_array_8X8_a_queue_reg[6][5][8]/CN         I2C   default_mode 
    4993 19470   a_buffer_pipe_5_reg[3][3]/CN                       I2C   default_mode 
    4994 19470   a_buffer_pipe_5_reg[3][1]/CN                       I2C   default_mode 
    4995 19470   systolic_array_8X8_a_queue_reg[6][5][6]/CN         I2C   default_mode 
    4996 19470   systolic_array_8X8_a_queue_reg[6][5][5]/CN         I2C   default_mode 
    4997 19470   systolic_array_8X8_a_queue_reg[6][5][4]/CN         I2C   default_mode 
    4998 19470   a_buffer_pipe_5_reg[2][4]/CN                       I2C   default_mode 
    4999 19470   a_buffer_pipe_5_reg[2][2]/CN                       I2C   default_mode 
    5000 19470   systolic_array_8X8_a_queue_reg[6][5][2]/CN         I2C   default_mode 
    5001 19470   a_buffer_pipe_5_reg[2][0]/CN                       I2C   default_mode 
    5002 19470   b_buffer_pipe_6_reg[2][3]/CN                       I2C   default_mode 
    5003 19470   systolic_array_8X8_a_queue_reg[6][5][1]/CN         I2C   default_mode 
    5004 19470   systolic_array_8X8_a_queue_reg[6][4][8]/CN         I2C   default_mode 
    5005 19470   a_buffer_pipe_5_reg[1][5]/CN                       I2C   default_mode 
    5006 19470   a_buffer_pipe_5_reg[1][3]/CN                       I2C   default_mode 
    5007 19470   systolic_array_8X8_b_queue_reg[1][3][2]/CN         I2C   default_mode 
    5008 19470   systolic_array_8X8_a_queue_reg[6][4][6]/CN         I2C   default_mode 
    5009 19470   systolic_array_8X8_a_queue_reg[6][4][4]/CN         I2C   default_mode 
    5010 19470   b_buffer_pipe_6_reg[2][2]/CN                       I2C   default_mode 
    5011 19470   systolic_array_8X8_b_queue_reg[1][5][2]/CN         I2C   default_mode 
    5012 19470   b_buffer_pipe_6_reg[2][4]/CN                       I2C   default_mode 
    5013 19470   a_buffer_pipe_4_reg[3][8]/CN                       I2C   default_mode 
    5014 19470   systolic_array_8X8_a_queue_reg[6][3][8]/CN         I2C   default_mode 
    5015 19470   a_buffer_pipe_4_reg[3][4]/CN                       I2C   default_mode 
    5016 19470   systolic_array_8X8_a_queue_reg[6][3][7]/CN         I2C   default_mode 
    5017 19470   a_buffer_pipe_4_reg[3][0]/CN                       I2C   default_mode 
    5018 19470   systolic_array_8X8_a_queue_reg[6][3][4]/CN         I2C   default_mode 
    5019 19470   systolic_array_8X8_a_queue_reg[6][3][3]/CN         I2C   default_mode 
    5020 19470   systolic_array_8X8_a_queue_reg[6][3][2]/CN         I2C   default_mode 
    5021 19470   a_buffer_pipe_4_reg[2][1]/CN                       I2C   default_mode 
    5022 19470   systolic_array_8X8_b_queue_reg[7][0][0]/CN         I2C   default_mode 
    5023 19470   systolic_array_8X8_a_queue_reg[0][1][1]/CN         I2C   default_mode 
    5024 19470   systolic_array_8X8_a_queue_reg[0][3][4]/CN         I2C   default_mode 
    5025 19470   systolic_array_8X8_a_queue_reg[6][2][8]/CN         I2C   default_mode 
    5026 19470   a_buffer_pipe_4_reg[1][6]/CN                       I2C   default_mode 
    5027 19470   systolic_array_8X8_a_queue_reg[6][2][7]/CN         I2C   default_mode 
    5028 19470   a_buffer_pipe_4_reg[1][2]/CN                       I2C   default_mode 
    5029 19470   b_buffer_pipe_5_reg[4][4]/CN                       I2C   default_mode 
    5030 19470   systolic_array_8X8_a_queue_reg[6][2][2]/CN         I2C   default_mode 
    5031 19470   systolic_array_8X8_a_queue_reg[0][1][7]/CN         I2C   default_mode 
    5032 19470   a_buffer_pipe_3_reg[2][7]/CN                       I2C   default_mode 
    5033 19470   systolic_array_8X8_a_queue_reg[6][1][8]/CN         I2C   default_mode 
    5034 19470   a_buffer_pipe_3_reg[2][5]/CN                       I2C   default_mode 
    5035 19470   systolic_array_8X8_a_queue_reg[0][2][2]/CN         I2C   default_mode 
    5036 19470   systolic_array_8X8_a_queue_reg[0][2][1]/CN         I2C   default_mode 
    5037 19470   a_buffer_pipe_3_reg[2][3]/CN                       I2C   default_mode 
    5038 19470   systolic_array_8X8_b_queue_reg[1][2][4]/CN         I2C   default_mode 
    5039 19470   a_buffer_pipe_3_reg[2][1]/CN                       I2C   default_mode 
    5040 19470   b_buffer_pipe_3_reg[1][5]/CN                       I2C   default_mode 
    5041 19470   a_buffer_pipe_3_reg[1][8]/CN                       I2C   default_mode 
    5042 19470   systolic_array_8X8_a_queue_reg[6][1][4]/CN         I2C   default_mode 
    5043 19470   systolic_array_8X8_a_queue_reg[0][2][4]/CN         I2C   default_mode 
    5044 19470   a_buffer_pipe_3_reg[1][4]/CN                       I2C   default_mode 
    5045 19470   systolic_array_8X8_a_queue_reg[6][1][2]/CN         I2C   default_mode 
    5046 19470   systolic_array_8X8_b_queue_reg[5][6][0]/CN         I2C   default_mode 
    5047 19470   a_buffer_pipe_3_reg[1][2]/CN                       I2C   default_mode 
    5048 19470   a_buffer_pipe_3_reg[1][0]/CN                       I2C   default_mode 
    5049 19470   systolic_array_8X8_a_queue_reg[5][6][5]/CN         I2C   default_mode 
    5050 19470   systolic_array_8X8_a_queue_reg[0][3][1]/CN         I2C   default_mode 
    5051 19470   systolic_array_8X8_a_queue_reg[6][0][4]/CN         I2C   default_mode 
    5052 19470   a_buffer_pipe_2_reg[1][7]/CN                       I2C   default_mode 
    5053 19470   systolic_array_8X8_a_queue_reg[0][3][2]/CN         I2C   default_mode 
    5054 19470   systolic_array_8X8_a_queue_reg[0][3][7]/CN         I2C   default_mode 
    5055 19470   a_buffer_pipe_2_reg[1][5]/CN                       I2C   default_mode 
    5056 19470   systolic_array_8X8_a_queue_reg[6][0][2]/CN         I2C   default_mode 
    5057 19470   a_buffer_pipe_2_reg[1][3]/CN                       I2C   default_mode 
    5058 19470   systolic_array_8X8_a_queue_reg[6][0][1]/CN         I2C   default_mode 
    5059 19470   systolic_array_8X8_a_queue_reg[5][7][8]/CN         I2C   default_mode 
    5060 19470   a_buffer_pipe_7_reg[5][0]/CN                       I2C   default_mode 
    5061 19470   systolic_array_8X8_a_queue_reg[5][7][4]/CN         I2C   default_mode 
    5062 19470   systolic_array_8X8_a_queue_reg[5][7][2]/CN         I2C   default_mode 
    5063 19470   systolic_array_8X8_a_queue_reg[7][4][6]/CN         I2C   default_mode 
    5064 19470   a_buffer_pipe_7_reg[4][8]/CN                       I2C   default_mode 
    5065 19470   a_buffer_pipe_7_reg[5][1]/CN                       I2C   default_mode 
    5066 19470   b_buffer_pipe_3_reg[1][0]/CN                       I2C   default_mode 
    5067 19470   b_buffer_pipe_6_reg[5][8]/CN                       I2C   default_mode 
    5068 19470   a_buffer_pipe_7_reg[6][2]/CN                       I2C   default_mode 
    5069 19470   systolic_array_8X8_a_queue_reg[0][4][3]/CN         I2C   default_mode 
    5070 19470   systolic_array_8X8_b_queue_reg[2][1][0]/CN         I2C   default_mode 
    5071 19470   b_buffer_pipe_6_reg[5][5]/CN                       I2C   default_mode 
    5072 19470   b_buffer_pipe_6_reg[5][7]/CN                       I2C   default_mode 
    5073 19470   systolic_array_8X8_b_queue_reg[2][1][2]/CN         I2C   default_mode 
    5074 19470   systolic_array_8X8_a_queue_reg[5][7][3]/CN         I2C   default_mode 
    5075 19470   b_buffer_pipe_4_reg[2][5]/CN                       I2C   default_mode 
    5076 19470   systolic_array_8X8_a_queue_reg[7][6][3]/CN         I2C   default_mode 
    5077 19470   systolic_array_8X8_a_queue_reg[7][6][6]/CN         I2C   default_mode 
    5078 19470   a_buffer_pipe_7_reg[5][3]/CN                       I2C   default_mode 
    5079 19470   b_buffer_pipe_1_reg[8]/CN                          I2C   default_mode 
    5080 19470   a_buffer_pipe_7_reg[6][4]/CN                       I2C   default_mode 
    5081 19470   systolic_array_8X8_a_queue_reg[5][1][6]/CN         I2C   default_mode 
    5082 19470   systolic_array_8X8_a_queue_reg[5][1][5]/CN         I2C   default_mode 
    5083 19470   systolic_array_8X8_a_queue_reg[5][1][4]/CN         I2C   default_mode 
    5084 19470   b_buffer_pipe_2_reg[0][0]/CN                       I2C   default_mode 
    5085 19470   b_buffer_pipe_2_reg[0][8]/CN                       I2C   default_mode 
    5086 19470   systolic_array_8X8_a_queue_reg[5][1][3]/CN         I2C   default_mode 
    5087 19470   systolic_array_8X8_b_queue_reg[0][3][2]/CN         I2C   default_mode 
    5088 19470   systolic_array_8X8_a_queue_reg[5][1][2]/CN         I2C   default_mode 
    5089 19470   systolic_array_8X8_a_queue_reg[0][4][6]/CN         I2C   default_mode 
    5090 19470   systolic_array_8X8_a_queue_reg[5][1][1]/CN         I2C   default_mode 
    5091 19470   systolic_array_8X8_a_queue_reg[5][0][8]/CN         I2C   default_mode 
    5092 19470   systolic_array_8X8_a_queue_reg[5][0][7]/CN         I2C   default_mode 
    5093 19470   systolic_array_8X8_a_queue_reg[5][0][6]/CN         I2C   default_mode 
    5094 19470   systolic_array_8X8_a_queue_reg[5][0][5]/CN         I2C   default_mode 
    5095 19470   systolic_array_8X8_a_queue_reg[5][0][4]/CN         I2C   default_mode 
    5096 19470   systolic_array_8X8_a_queue_reg[5][0][3]/CN         I2C   default_mode 
    5097 19470   systolic_array_8X8_a_queue_reg[5][0][2]/CN         I2C   default_mode 
    5098 19470   systolic_array_8X8_a_queue_reg[5][0][1]/CN         I2C   default_mode 
    5099 19470   b_buffer_pipe_4_reg[2][6]/CN                       I2C   default_mode 
    5100 19470   systolic_array_8X8_a_queue_reg[4][7][8]/CN         I2C   default_mode 
    5101 19470   systolic_array_8X8_a_queue_reg[4][7][7]/CN         I2C   default_mode 
    5102 19470   systolic_array_8X8_a_queue_reg[4][7][6]/CN         I2C   default_mode 
    5103 19470   systolic_array_8X8_a_queue_reg[4][7][5]/CN         I2C   default_mode 
    5104 19470   systolic_array_8X8_a_queue_reg[4][7][4]/CN         I2C   default_mode 
    5105 19470   b_buffer_pipe_4_reg[3][1]/CN                       I2C   default_mode 
    5106 19470   b_buffer_pipe_3_reg[2][7]/CN                       I2C   default_mode 
    5107 19470   systolic_array_8X8_a_queue_reg[4][7][3]/CN         I2C   default_mode 
    5108 19470   b_buffer_pipe_4_reg[0][0]/CN                       I2C   default_mode 
    5109 19470   systolic_array_8X8_a_queue_reg[4][7][1]/CN         I2C   default_mode 
    5110 19470   b_buffer_pipe_3_reg[2][8]/CN                       I2C   default_mode 
    5111 19470   systolic_array_8X8_a_queue_reg[4][6][8]/CN         I2C   default_mode 
    5112 19470   systolic_array_8X8_a_queue_reg[4][6][7]/CN         I2C   default_mode 
    5113 19470   systolic_array_8X8_a_queue_reg[4][6][6]/CN         I2C   default_mode 
    5114 19470   systolic_array_8X8_a_queue_reg[4][6][5]/CN         I2C   default_mode 
    5115 19470   systolic_array_8X8_a_queue_reg[4][6][4]/CN         I2C   default_mode 
    5116 19470   systolic_array_8X8_a_queue_reg[4][6][3]/CN         I2C   default_mode 
    5117 19470   systolic_array_8X8_a_queue_reg[4][6][2]/CN         I2C   default_mode 
    5118 19470   systolic_array_8X8_a_queue_reg[4][6][1]/CN         I2C   default_mode 
    5119 19470   systolic_array_8X8_a_queue_reg[4][5][8]/CN         I2C   default_mode 
    5120 19470   systolic_array_8X8_a_queue_reg[4][5][7]/CN         I2C   default_mode 
    5121 19470   systolic_array_8X8_a_queue_reg[4][5][6]/CN         I2C   default_mode 
    5122 19470   systolic_array_8X8_a_queue_reg[4][5][5]/CN         I2C   default_mode 
    5123 19470   systolic_array_8X8_a_queue_reg[4][5][4]/CN         I2C   default_mode 
    5124 19470   b_buffer_pipe_6_reg[3][1]/CN                       I2C   default_mode 
    5125 19470   systolic_array_8X8_a_queue_reg[4][5][3]/CN         I2C   default_mode 
    5126 19470   systolic_array_8X8_a_queue_reg[4][5][2]/CN         I2C   default_mode 
    5127 19470   systolic_array_8X8_a_queue_reg[4][5][1]/CN         I2C   default_mode 
    5128 19470   systolic_array_8X8_a_queue_reg[4][4][8]/CN         I2C   default_mode 
    5129 19470   systolic_array_8X8_a_queue_reg[4][4][7]/CN         I2C   default_mode 
    5130 19470   systolic_array_8X8_b_queue_reg[0][2][4]/CN         I2C   default_mode 
    5131 19470   b_buffer_pipe_5_reg[0][8]/CN                       I2C   default_mode 
    5132 19470   systolic_array_8X8_a_queue_reg[4][4][5]/CN         I2C   default_mode 
    5133 19470   systolic_array_8X8_a_queue_reg[4][4][4]/CN         I2C   default_mode 
    5134 19470   systolic_array_8X8_b_queue_reg[0][6][4]/CN         I2C   default_mode 
    5135 19470   systolic_array_8X8_a_queue_reg[4][4][3]/CN         I2C   default_mode 
    5136 19470   systolic_array_8X8_a_queue_reg[4][4][2]/CN         I2C   default_mode 
    5137 19470   systolic_array_8X8_a_queue_reg[4][4][1]/CN         I2C   default_mode 
    5138 19470   systolic_array_8X8_a_queue_reg[4][3][8]/CN         I2C   default_mode 
    5139 19470   systolic_array_8X8_a_queue_reg[4][3][7]/CN         I2C   default_mode 
    5140 19470   systolic_array_8X8_a_queue_reg[4][3][6]/CN         I2C   default_mode 
    5141 19470   systolic_array_8X8_a_queue_reg[4][3][5]/CN         I2C   default_mode 
    5142 19470   systolic_array_8X8_a_queue_reg[4][3][4]/CN         I2C   default_mode 
    5143 19470   systolic_array_8X8_a_queue_reg[4][3][3]/CN         I2C   default_mode 
    5144 19470   systolic_array_8X8_a_queue_reg[4][3][2]/CN         I2C   default_mode 
    5145 19470   systolic_array_8X8_a_queue_reg[4][3][1]/CN         I2C   default_mode 
    5146 19470   systolic_array_8X8_a_queue_reg[4][2][8]/CN         I2C   default_mode 
    5147 19470   systolic_array_8X8_a_queue_reg[4][2][7]/CN         I2C   default_mode 
    5148 19470   systolic_array_8X8_a_queue_reg[4][2][6]/CN         I2C   default_mode 
    5149 19470   systolic_array_8X8_a_queue_reg[4][2][5]/CN         I2C   default_mode 
    5150 19470   systolic_array_8X8_a_queue_reg[0][7][1]/CN         I2C   default_mode 
    5151 19470   systolic_array_8X8_a_queue_reg[4][2][4]/CN         I2C   default_mode 
    5152 19470   b_buffer_pipe_5_reg[1][1]/CN                       I2C   default_mode 
    5153 19470   b_buffer_pipe_6_reg[2][8]/CN                       I2C   default_mode 
    5154 19470   systolic_array_8X8_a_queue_reg[4][2][3]/CN         I2C   default_mode 
    5155 19470   systolic_array_8X8_a_queue_reg[4][2][2]/CN         I2C   default_mode 
    5156 19470   systolic_array_8X8_a_queue_reg[4][2][1]/CN         I2C   default_mode 
    5157 19470   b_buffer_pipe_6_reg[2][6]/CN                       I2C   default_mode 
    5158 19470   systolic_array_8X8_a_queue_reg[4][1][8]/CN         I2C   default_mode 
    5159 19470   systolic_array_8X8_b_queue_reg[1][6][0]/CN         I2C   default_mode 
    5160 19470   systolic_array_8X8_a_queue_reg[4][1][7]/CN         I2C   default_mode 
    5161 19470   b_buffer_pipe_6_reg[2][7]/CN                       I2C   default_mode 
    5162 19470   systolic_array_8X8_a_queue_reg[0][7][4]/CN         I2C   default_mode 
    5163 19470   systolic_array_8X8_a_queue_reg[4][1][5]/CN         I2C   default_mode 
    5164 19470   systolic_array_8X8_a_queue_reg[4][1][4]/CN         I2C   default_mode 
    5165 19470   systolic_array_8X8_a_queue_reg[4][1][3]/CN         I2C   default_mode 
    5166 19470   systolic_array_8X8_a_queue_reg[4][1][2]/CN         I2C   default_mode 
    5167 19470   systolic_array_8X8_a_queue_reg[4][1][1]/CN         I2C   default_mode 
    5168 19470   systolic_array_8X8_a_queue_reg[0][7][7]/CN         I2C   default_mode 
    5169 19470   systolic_array_8X8_a_queue_reg[4][0][8]/CN         I2C   default_mode 
    5170 19470   systolic_array_8X8_a_queue_reg[4][0][7]/CN         I2C   default_mode 
    5171 19470   systolic_array_8X8_a_queue_reg[4][0][6]/CN         I2C   default_mode 
    5172 19470   systolic_array_8X8_a_queue_reg[0][7][6]/CN         I2C   default_mode 
    5173 19470   systolic_array_8X8_a_queue_reg[4][0][5]/CN         I2C   default_mode 
    5174 19470   systolic_array_8X8_a_queue_reg[4][0][4]/CN         I2C   default_mode 
    5175 19470   a_buffer_pipe_3_reg[2][6]/CN                       I2C   default_mode 
    5176 19470   systolic_array_8X8_a_queue_reg[4][0][3]/CN         I2C   default_mode 
    5177 19470   systolic_array_8X8_a_queue_reg[4][0][2]/CN         I2C   default_mode 
    5178 19470   systolic_array_8X8_a_queue_reg[4][0][1]/CN         I2C   default_mode 
    5179 19470   systolic_array_8X8_a_queue_reg[3][7][8]/CN         I2C   default_mode 
    5180 19470   b_buffer_pipe_6_reg[0][0]/CN                       I2C   default_mode 
    5181 19470   systolic_array_8X8_a_queue_reg[3][7][7]/CN         I2C   default_mode 
    5182 19470   b_buffer_pipe_5_reg[4][8]/CN                       I2C   default_mode 
    5183 19470   b_buffer_pipe_5_reg[1][7]/CN                       I2C   default_mode 
    5184 19470   systolic_array_8X8_a_queue_reg[3][7][5]/CN         I2C   default_mode 
    5185 19470   b_buffer_pipe_5_reg[4][6]/CN                       I2C   default_mode 
    5186 19470   systolic_array_8X8_a_queue_reg[3][7][4]/CN         I2C   default_mode 
    5187 19470   systolic_array_8X8_a_queue_reg[3][7][3]/CN         I2C   default_mode 
    5188 19470   systolic_array_8X8_a_queue_reg[3][7][2]/CN         I2C   default_mode 
    5189 19470   systolic_array_8X8_a_queue_reg[3][7][1]/CN         I2C   default_mode 
    5190 19470   systolic_array_8X8_b_queue_reg[6][3][4]/CN         I2C   default_mode 
    5191 19470   systolic_array_8X8_a_queue_reg[3][6][8]/CN         I2C   default_mode 
    5192 19470   systolic_array_8X8_a_queue_reg[3][6][7]/CN         I2C   default_mode 
    5193 19470   systolic_array_8X8_b_queue_reg[1][3][0]/CN         I2C   default_mode 
    5194 19470   systolic_array_8X8_a_queue_reg[1][0][4]/CN         I2C   default_mode 
    5195 19470   systolic_array_8X8_a_queue_reg[3][6][5]/CN         I2C   default_mode 
    5196 19470   systolic_array_8X8_a_queue_reg[3][6][4]/CN         I2C   default_mode 
    5197 19470   systolic_array_8X8_a_queue_reg[3][6][3]/CN         I2C   default_mode 
    5198 19470   systolic_array_8X8_a_queue_reg[3][6][2]/CN         I2C   default_mode 
    5199 19470   systolic_array_8X8_a_queue_reg[3][6][1]/CN         I2C   default_mode 
    5200 19470   systolic_array_8X8_a_queue_reg[3][5][8]/CN         I2C   default_mode 
    5201 19470   systolic_array_8X8_a_queue_reg[3][5][7]/CN         I2C   default_mode 
    5202 19470   systolic_array_8X8_a_queue_reg[3][5][6]/CN         I2C   default_mode 
    5203 19470   systolic_array_8X8_a_queue_reg[3][5][5]/CN         I2C   default_mode 
    5204 19470   systolic_array_8X8_a_queue_reg[3][5][4]/CN         I2C   default_mode 
    5205 19470   systolic_array_8X8_a_queue_reg[3][5][3]/CN         I2C   default_mode 
    5206 19470   systolic_array_8X8_a_queue_reg[3][5][2]/CN         I2C   default_mode 
    5207 19470   b_buffer_pipe_7_reg[5][2]/CN                       I2C   default_mode 
    5208 19470   systolic_array_8X8_a_queue_reg[3][5][1]/CN         I2C   default_mode 
    5209 19470   systolic_array_8X8_a_queue_reg[3][4][8]/CN         I2C   default_mode 
    5210 19470   systolic_array_8X8_a_queue_reg[3][4][7]/CN         I2C   default_mode 
    5211 19470   systolic_array_8X8_a_queue_reg[3][4][6]/CN         I2C   default_mode 
    5212 19470   systolic_array_8X8_b_queue_reg[3][1][2]/CN         I2C   default_mode 
    5213 19470   systolic_array_8X8_a_queue_reg[3][4][5]/CN         I2C   default_mode 
    5214 19470   systolic_array_8X8_a_queue_reg[1][1][1]/CN         I2C   default_mode 
    5215 19470   systolic_array_8X8_a_queue_reg[3][4][4]/CN         I2C   default_mode 
    5216 19470   systolic_array_8X8_b_queue_reg[3][1][4]/CN         I2C   default_mode 
    5217 19470   systolic_array_8X8_a_queue_reg[3][4][3]/CN         I2C   default_mode 
    5218 19470   systolic_array_8X8_a_queue_reg[3][4][2]/CN         I2C   default_mode 
    5219 19470   systolic_array_8X8_a_queue_reg[3][4][1]/CN         I2C   default_mode 
    5220 19470   systolic_array_8X8_a_queue_reg[3][3][8]/CN         I2C   default_mode 
    5221 19470   systolic_array_8X8_a_queue_reg[3][3][7]/CN         I2C   default_mode 
    5222 19470   systolic_array_8X8_a_queue_reg[3][3][6]/CN         I2C   default_mode 
    5223 19470   systolic_array_8X8_a_queue_reg[3][3][5]/CN         I2C   default_mode 
    5224 19470   systolic_array_8X8_b_queue_reg[2][2][4]/CN         I2C   default_mode 
    5225 19470   systolic_array_8X8_a_queue_reg[3][3][4]/CN         I2C   default_mode 
    5226 19470   systolic_array_8X8_a_queue_reg[1][1][5]/CN         I2C   default_mode 
    5227 19470   systolic_array_8X8_a_queue_reg[3][3][3]/CN         I2C   default_mode 
    5228 19470   systolic_array_8X8_a_queue_reg[3][3][2]/CN         I2C   default_mode 
    5229 19470   systolic_array_8X8_a_queue_reg[3][3][1]/CN         I2C   default_mode 
    5230 19470   systolic_array_8X8_a_queue_reg[7][7][1]/CN         I2C   default_mode 
    5231 19470   systolic_array_8X8_a_queue_reg[3][2][8]/CN         I2C   default_mode 
    5232 19470   systolic_array_8X8_a_queue_reg[3][2][7]/CN         I2C   default_mode 
    5233 19470   systolic_array_8X8_a_queue_reg[3][2][6]/CN         I2C   default_mode 
    5234 19470   systolic_array_8X8_a_queue_reg[3][2][5]/CN         I2C   default_mode 
    5235 19470   systolic_array_8X8_a_queue_reg[3][2][4]/CN         I2C   default_mode 
    5236 19470   systolic_array_8X8_a_queue_reg[1][2][1]/CN         I2C   default_mode 
    5237 19470   systolic_array_8X8_a_queue_reg[3][2][3]/CN         I2C   default_mode 
    5238 19470   b_buffer_pipe_7_reg[0][0]/CN                       I2C   default_mode 
    5239 19470   systolic_array_8X8_a_queue_reg[3][2][2]/CN         I2C   default_mode 
    5240 19470   systolic_array_8X8_a_queue_reg[3][2][1]/CN         I2C   default_mode 
    5241 19470   systolic_array_8X8_b_queue_reg[0][7][4]/CN         I2C   default_mode 
    5242 19470   systolic_array_8X8_a_queue_reg[3][1][8]/CN         I2C   default_mode 
    5243 19470   systolic_array_8X8_a_queue_reg[3][1][7]/CN         I2C   default_mode 
    5244 19470   systolic_array_8X8_a_queue_reg[3][1][6]/CN         I2C   default_mode 
    5245 19470   systolic_array_8X8_a_queue_reg[3][1][5]/CN         I2C   default_mode 
    5246 19470   systolic_array_8X8_a_queue_reg[3][1][4]/CN         I2C   default_mode 
    5247 19470   systolic_array_8X8_a_queue_reg[3][1][3]/CN         I2C   default_mode 
    5248 19470   systolic_array_8X8_a_queue_reg[3][1][2]/CN         I2C   default_mode 
    5249 19470   systolic_array_8X8_a_queue_reg[3][1][1]/CN         I2C   default_mode 
    5250 19470   systolic_array_8X8_a_queue_reg[3][0][8]/CN         I2C   default_mode 
    5251 19470   systolic_array_8X8_a_queue_reg[3][0][7]/CN         I2C   default_mode 
    5252 19470   systolic_array_8X8_a_queue_reg[3][0][6]/CN         I2C   default_mode 
    5253 19470   systolic_array_8X8_a_queue_reg[3][0][5]/CN         I2C   default_mode 
    5254 19470   systolic_array_8X8_a_queue_reg[3][0][4]/CN         I2C   default_mode 
    5255 19470   systolic_array_8X8_a_queue_reg[3][0][3]/CN         I2C   default_mode 
    5256 19470   systolic_array_8X8_a_queue_reg[3][0][2]/CN         I2C   default_mode 
    5257 19470   systolic_array_8X8_a_queue_reg[3][0][1]/CN         I2C   default_mode 
    5258 19470   systolic_array_8X8_a_queue_reg[2][7][8]/CN         I2C   default_mode 
    5259 19470   systolic_array_8X8_a_queue_reg[2][7][7]/CN         I2C   default_mode 
    5260 19470   b_buffer_pipe_3_reg[1][1]/CN                       I2C   default_mode 
    5261 19470   systolic_array_8X8_a_queue_reg[2][7][6]/CN         I2C   default_mode 
    5262 19470   systolic_array_8X8_a_queue_reg[2][7][5]/CN         I2C   default_mode 
    5263 19470   systolic_array_8X8_a_queue_reg[7][6][5]/CN         I2C   default_mode 
    5264 19470   systolic_array_8X8_a_queue_reg[2][7][4]/CN         I2C   default_mode 
    5265 19470   systolic_array_8X8_a_queue_reg[2][7][3]/CN         I2C   default_mode 
    5266 19470   systolic_array_8X8_a_queue_reg[2][7][2]/CN         I2C   default_mode 
    5267 19470   systolic_array_8X8_a_queue_reg[2][7][1]/CN         I2C   default_mode 
    5268 19470   systolic_array_8X8_a_queue_reg[2][6][8]/CN         I2C   default_mode 
    5269 19470   b_buffer_pipe_3_reg[0][0]/CN                       I2C   default_mode 
    5270 19470   systolic_array_8X8_a_queue_reg[2][6][7]/CN         I2C   default_mode 
    5271 19470   systolic_array_8X8_a_queue_reg[2][6][6]/CN         I2C   default_mode 
    5272 19470   systolic_array_8X8_a_queue_reg[1][3][1]/CN         I2C   default_mode 
    5273 19470   systolic_array_8X8_a_queue_reg[2][6][5]/CN         I2C   default_mode 
    5274 19470   systolic_array_8X8_b_queue_reg[2][2][0]/CN         I2C   default_mode 
    5275 19470   systolic_array_8X8_a_queue_reg[2][6][4]/CN         I2C   default_mode 
    5276 19470   systolic_array_8X8_a_queue_reg[1][3][4]/CN         I2C   default_mode 
    5277 19470   systolic_array_8X8_a_queue_reg[2][6][3]/CN         I2C   default_mode 
    5278 19470   systolic_array_8X8_a_queue_reg[2][6][2]/CN         I2C   default_mode 
    5279 19470   systolic_array_8X8_b_queue_reg[2][3][2]/CN         I2C   default_mode 
    5280 19470   systolic_array_8X8_a_queue_reg[2][6][1]/CN         I2C   default_mode 
    5281 19470   systolic_array_8X8_a_queue_reg[2][5][8]/CN         I2C   default_mode 
    5282 19470   systolic_array_8X8_a_queue_reg[2][5][7]/CN         I2C   default_mode 
    5283 19470   systolic_array_8X8_a_queue_reg[2][5][6]/CN         I2C   default_mode 
    5284 19470   systolic_array_8X8_a_queue_reg[2][5][5]/CN         I2C   default_mode 
    5285 19470   systolic_array_8X8_a_queue_reg[2][5][4]/CN         I2C   default_mode 
    5286 19470   b_buffer_pipe_7_reg[5][1]/CN                       I2C   default_mode 
    5287 19470   systolic_array_8X8_a_queue_reg[2][5][3]/CN         I2C   default_mode 
    5288 19470   b_buffer_pipe_4_reg[1][0]/CN                       I2C   default_mode 
    5289 19470   systolic_array_8X8_a_queue_reg[2][5][2]/CN         I2C   default_mode 
    5290 19470   b_buffer_pipe_3_reg[1][2]/CN                       I2C   default_mode 
    5291 19470   b_buffer_pipe_7_reg[2][6]/CN                       I2C   default_mode 
    5292 19470   systolic_array_8X8_a_queue_reg[2][5][1]/CN         I2C   default_mode 
    5293 19470   systolic_array_8X8_a_queue_reg[2][4][8]/CN         I2C   default_mode 
    5294 19470   systolic_array_8X8_a_queue_reg[2][4][7]/CN         I2C   default_mode 
    5295 19470   systolic_array_8X8_a_queue_reg[2][4][6]/CN         I2C   default_mode 
    5296 19470   systolic_array_8X8_a_queue_reg[2][4][5]/CN         I2C   default_mode 
    5297 19470   b_buffer_pipe_7_reg[3][1]/CN                       I2C   default_mode 
    5298 19470   systolic_array_8X8_a_queue_reg[2][4][4]/CN         I2C   default_mode 
    5299 19470   systolic_array_8X8_b_queue_reg[0][2][0]/CN         I2C   default_mode 
    5300 19470   b_buffer_pipe_4_reg[0][8]/CN                       I2C   default_mode 
    5301 19470   systolic_array_8X8_a_queue_reg[2][4][3]/CN         I2C   default_mode 
    5302 19470   b_buffer_pipe_7_reg[5][0]/CN                       I2C   default_mode 
    5303 19470   systolic_array_8X8_a_queue_reg[2][4][2]/CN         I2C   default_mode 
    5304 19470   systolic_array_8X8_a_queue_reg[2][4][1]/CN         I2C   default_mode 
    5305 19470   systolic_array_8X8_a_queue_reg[2][3][8]/CN         I2C   default_mode 
    5306 19470   b_buffer_pipe_7_reg[4][7]/CN                       I2C   default_mode 
    5307 19470   systolic_array_8X8_a_queue_reg[2][3][7]/CN         I2C   default_mode 
    5308 19470   systolic_array_8X8_a_queue_reg[2][3][6]/CN         I2C   default_mode 
    5309 19470   systolic_array_8X8_a_queue_reg[2][3][5]/CN         I2C   default_mode 
    5310 19470   systolic_array_8X8_a_queue_reg[2][3][4]/CN         I2C   default_mode 
    5311 19470   systolic_array_8X8_b_queue_reg[1][3][4]/CN         I2C   default_mode 
    5312 19470   systolic_array_8X8_a_queue_reg[2][3][3]/CN         I2C   default_mode 
    5313 19470   systolic_array_8X8_a_queue_reg[2][3][2]/CN         I2C   default_mode 
    5314 19470   systolic_array_8X8_a_queue_reg[2][3][1]/CN         I2C   default_mode 
    5315 19470   systolic_array_8X8_a_queue_reg[2][2][8]/CN         I2C   default_mode 
    5316 19470   systolic_array_8X8_a_queue_reg[2][2][7]/CN         I2C   default_mode 
    5317 19470   systolic_array_8X8_a_queue_reg[2][2][6]/CN         I2C   default_mode 
    5318 19470   systolic_array_8X8_a_queue_reg[2][2][5]/CN         I2C   default_mode 
    5319 19470   systolic_array_8X8_a_queue_reg[2][2][4]/CN         I2C   default_mode 
    5320 19470   b_buffer_pipe_5_reg[1][5]/CN                       I2C   default_mode 
    5321 19470   systolic_array_8X8_a_queue_reg[2][2][3]/CN         I2C   default_mode 
    5322 19470   b_buffer_pipe_5_reg[1][3]/CN                       I2C   default_mode 
    5323 19470   systolic_array_8X8_a_queue_reg[2][2][1]/CN         I2C   default_mode 
    5324 19470   systolic_array_8X8_a_queue_reg[2][1][8]/CN         I2C   default_mode 
    5325 19470   systolic_array_8X8_a_queue_reg[2][1][7]/CN         I2C   default_mode 
    5326 19470   systolic_array_8X8_b_queue_reg[0][7][0]/CN         I2C   default_mode 
    5327 19470   systolic_array_8X8_b_queue_reg[0][7][2]/CN         I2C   default_mode 
    5328 19470   systolic_array_8X8_a_queue_reg[2][1][5]/CN         I2C   default_mode 
    5329 19470   systolic_array_8X8_a_queue_reg[2][1][4]/CN         I2C   default_mode 
    5330 19470   systolic_array_8X8_a_queue_reg[1][5][1]/CN         I2C   default_mode 
    5331 19470   systolic_array_8X8_a_queue_reg[2][1][3]/CN         I2C   default_mode 
    5332 19470   systolic_array_8X8_a_queue_reg[2][1][2]/CN         I2C   default_mode 
    5333 19470   systolic_array_8X8_a_queue_reg[2][1][1]/CN         I2C   default_mode 
    5334 19470   systolic_array_8X8_a_queue_reg[2][0][8]/CN         I2C   default_mode 
    5335 19470   systolic_array_8X8_a_queue_reg[2][0][7]/CN         I2C   default_mode 
    5336 19470   systolic_array_8X8_a_queue_reg[2][0][6]/CN         I2C   default_mode 
    5337 19470   systolic_array_8X8_a_queue_reg[2][0][5]/CN         I2C   default_mode 
    5338 19470   systolic_array_8X8_a_queue_reg[2][0][4]/CN         I2C   default_mode 
    5339 19470   systolic_array_8X8_a_queue_reg[2][0][3]/CN         I2C   default_mode 
    5340 19470   systolic_array_8X8_a_queue_reg[2][0][2]/CN         I2C   default_mode 
    5341 19470   systolic_array_8X8_a_queue_reg[2][0][1]/CN         I2C   default_mode 
    5342 19470   systolic_array_8X8_b_queue_reg[1][3][6]/CN         I2C   default_mode 
    5343 19470   systolic_array_8X8_a_queue_reg[1][7][8]/CN         I2C   default_mode 
    5344 19470   systolic_array_8X8_a_queue_reg[1][7][7]/CN         I2C   default_mode 
    5345 19470   b_buffer_pipe_7_reg[6][6]/CN                       I2C   default_mode 
    5346 19470   b_buffer_pipe_6_reg[0][8]/CN                       I2C   default_mode 
    5347 19470   a_buffer_pipe_7_reg[5][5]/CN                       I2C   default_mode 
    5348 19470   systolic_array_8X8_a_queue_reg[1][7][5]/CN         I2C   default_mode 
    5349 19470   systolic_array_8X8_a_queue_reg[1][7][4]/CN         I2C   default_mode 
    5350 19470   b_buffer_pipe_6_reg[3][2]/CN                       I2C   default_mode 
    5351 19470   systolic_array_8X8_a_queue_reg[1][7][3]/CN         I2C   default_mode 
    5352 19470   b_buffer_pipe_6_reg[3][3]/CN                       I2C   default_mode 
    5353 19470   systolic_array_8X8_a_queue_reg[1][7][1]/CN         I2C   default_mode 
    5354 19470   systolic_array_8X8_a_queue_reg[1][6][8]/CN         I2C   default_mode 
    5355 19470   b_buffer_pipe_6_reg[3][5]/CN                       I2C   default_mode 
    5356 19470   systolic_array_8X8_a_queue_reg[1][6][7]/CN         I2C   default_mode 
    5357 19470   systolic_array_8X8_a_queue_reg[7][5][1]/CN         I2C   default_mode 
    5358 19470   systolic_array_8X8_a_queue_reg[1][6][5]/CN         I2C   default_mode 
    5359 19470   systolic_array_8X8_a_queue_reg[7][4][5]/CN         I2C   default_mode 
    5360 19470   systolic_array_8X8_a_queue_reg[1][6][4]/CN         I2C   default_mode 
    5361 19470   systolic_array_8X8_a_queue_reg[1][6][3]/CN         I2C   default_mode 
    5362 19470   systolic_array_8X8_a_queue_reg[1][6][2]/CN         I2C   default_mode 
    5363 19470   systolic_array_8X8_a_queue_reg[1][6][1]/CN         I2C   default_mode 
    5364 19470   systolic_array_8X8_a_queue_reg[1][5][8]/CN         I2C   default_mode 
    5365 19470   a_buffer_pipe_7_reg[5][4]/CN                       I2C   default_mode 
    5366 19470   systolic_array_8X8_a_queue_reg[1][5][7]/CN         I2C   default_mode 
    5367 19470   systolic_array_8X8_a_queue_reg[1][5][6]/CN         I2C   default_mode 
    5368 19470   systolic_array_8X8_a_queue_reg[1][6][6]/CN         I2C   default_mode 
    5369 19470   systolic_array_8X8_a_queue_reg[1][5][5]/CN         I2C   default_mode 
    5370 19470   systolic_array_8X8_a_queue_reg[1][5][4]/CN         I2C   default_mode 
    5371 19470   systolic_array_8X8_a_queue_reg[1][5][3]/CN         I2C   default_mode 
    5372 19470   systolic_array_8X8_a_queue_reg[1][5][2]/CN         I2C   default_mode 
    5373 19470   systolic_array_8X8_a_queue_reg[1][4][8]/CN         I2C   default_mode 
    5374 19470   systolic_array_8X8_a_queue_reg[1][4][7]/CN         I2C   default_mode 
    5375 19470   systolic_array_8X8_a_queue_reg[1][4][6]/CN         I2C   default_mode 
    5376 19470   systolic_array_8X8_a_queue_reg[1][4][5]/CN         I2C   default_mode 
    5377 19470   systolic_array_8X8_a_queue_reg[1][4][4]/CN         I2C   default_mode 
    5378 19470   systolic_array_8X8_b_queue_reg[3][4][0]/CN         I2C   default_mode 
    5379 19470   systolic_array_8X8_a_queue_reg[1][7][2]/CN         I2C   default_mode 
    5380 19470   systolic_array_8X8_a_queue_reg[1][4][3]/CN         I2C   default_mode 
    5381 19470   systolic_array_8X8_a_queue_reg[1][4][2]/CN         I2C   default_mode 
    5382 19470   a_buffer_pipe_4_reg[1][1]/CN                       I2C   default_mode 
    5383 19470   systolic_array_8X8_a_queue_reg[1][4][1]/CN         I2C   default_mode 
    5384 19470   systolic_array_8X8_a_queue_reg[1][3][8]/CN         I2C   default_mode 
    5385 19470   systolic_array_8X8_a_queue_reg[1][3][7]/CN         I2C   default_mode 
    5386 19470   systolic_array_8X8_a_queue_reg[1][3][6]/CN         I2C   default_mode 
    5387 19470   systolic_array_8X8_a_queue_reg[1][3][5]/CN         I2C   default_mode 
    5388 19470   systolic_array_8X8_a_queue_reg[1][3][3]/CN         I2C   default_mode 
    5389 19470   systolic_array_8X8_a_queue_reg[1][3][2]/CN         I2C   default_mode 
    5390 19470   systolic_array_8X8_a_queue_reg[1][2][8]/CN         I2C   default_mode 
    5391 19470   systolic_array_8X8_a_queue_reg[1][2][7]/CN         I2C   default_mode 
    5392 19470   systolic_array_8X8_a_queue_reg[1][2][6]/CN         I2C   default_mode 
    5393 19470   b_buffer_pipe_6_reg[4][8]/CN                       I2C   default_mode 
    5394 19470   systolic_array_8X8_a_queue_reg[1][2][5]/CN         I2C   default_mode 
    5395 19470   systolic_array_8X8_a_queue_reg[1][2][4]/CN         I2C   default_mode 
    5396 19470   systolic_array_8X8_a_queue_reg[1][2][3]/CN         I2C   default_mode 
    5397 19470   systolic_array_8X8_a_queue_reg[1][2][2]/CN         I2C   default_mode 
    5398 19470   systolic_array_8X8_a_queue_reg[1][1][8]/CN         I2C   default_mode 
    5399 19470   b_buffer_pipe_6_reg[3][6]/CN                       I2C   default_mode 
    5400 19470   systolic_array_8X8_a_queue_reg[1][1][7]/CN         I2C   default_mode 
    5401 19470   systolic_array_8X8_a_queue_reg[1][1][6]/CN         I2C   default_mode 
    5402 19470   systolic_array_8X8_a_queue_reg[1][7][6]/CN         I2C   default_mode 
    5403 19470   b_buffer_pipe_7_reg[0][8]/CN                       I2C   default_mode 
    5404 19470   systolic_array_8X8_a_queue_reg[6][2][3]/CN         I2C   default_mode 
    5405 19470   systolic_array_8X8_a_queue_reg[1][1][4]/CN         I2C   default_mode 
    5406 19470   systolic_array_8X8_b_queue_reg[3][2][0]/CN         I2C   default_mode 
    5407 19470   systolic_array_8X8_a_queue_reg[1][1][3]/CN         I2C   default_mode 
    5408 19470   systolic_array_8X8_a_queue_reg[1][1][2]/CN         I2C   default_mode 
    5409 19470   systolic_array_8X8_a_queue_reg[1][0][8]/CN         I2C   default_mode 
    5410 19470   systolic_array_8X8_a_queue_reg[1][0][7]/CN         I2C   default_mode 
    5411 19470   systolic_array_8X8_a_queue_reg[1][0][6]/CN         I2C   default_mode 
    5412 19470   systolic_array_8X8_a_queue_reg[1][0][5]/CN         I2C   default_mode 
    5413 19470   b_buffer_pipe_7_reg[1][0]/CN                       I2C   default_mode 
    5414 19470   systolic_array_8X8_a_queue_reg[1][0][3]/CN         I2C   default_mode 
    5415 19470   systolic_array_8X8_a_queue_reg[1][0][2]/CN         I2C   default_mode 
    5416 19470   systolic_array_8X8_a_queue_reg[1][0][1]/CN         I2C   default_mode 
    5417 19470   systolic_array_8X8_a_queue_reg[6][4][5]/CN         I2C   default_mode 
    5418 19470   systolic_array_8X8_a_queue_reg[0][7][8]/CN         I2C   default_mode 
    5419 19470   b_buffer_pipe_7_reg[1][2]/CN                       I2C   default_mode 
    5420 19470   systolic_array_8X8_a_queue_reg[0][7][5]/CN         I2C   default_mode 
    5421 19470   systolic_array_8X8_a_queue_reg[0][7][3]/CN         I2C   default_mode 
    5422 19470   systolic_array_8X8_a_queue_reg[0][7][2]/CN         I2C   default_mode 
    5423 19470   systolic_array_8X8_a_queue_reg[0][6][8]/CN         I2C   default_mode 
    5424 19470   systolic_array_8X8_a_queue_reg[0][6][7]/CN         I2C   default_mode 
    5425 19470   systolic_array_8X8_a_queue_reg[0][6][6]/CN         I2C   default_mode 
    5426 19470   systolic_array_8X8_a_queue_reg[0][6][5]/CN         I2C   default_mode 
    5427 19470   systolic_array_8X8_a_queue_reg[0][6][4]/CN         I2C   default_mode 
    5428 19470   systolic_array_8X8_a_queue_reg[0][6][3]/CN         I2C   default_mode 
    5429 19470   systolic_array_8X8_a_queue_reg[0][6][2]/CN         I2C   default_mode 
    5430 19470   systolic_array_8X8_a_queue_reg[0][6][1]/CN         I2C   default_mode 
    5431 19470   systolic_array_8X8_a_queue_reg[0][5][8]/CN         I2C   default_mode 
    5432 19470   systolic_array_8X8_a_queue_reg[0][5][7]/CN         I2C   default_mode 
    5433 19470   systolic_array_8X8_a_queue_reg[0][5][6]/CN         I2C   default_mode 
    5434 19470   systolic_array_8X8_a_queue_reg[0][5][5]/CN         I2C   default_mode 
    5435 19470   systolic_array_8X8_a_queue_reg[0][5][4]/CN         I2C   default_mode 
    5436 19470   b_buffer_pipe_2_reg[1][3]/CN                       I2C   default_mode 
    5437 19470   systolic_array_8X8_a_queue_reg[0][5][3]/CN         I2C   default_mode 
    5438 19470   systolic_array_8X8_a_queue_reg[0][5][2]/CN         I2C   default_mode 
    5439 19470   systolic_array_8X8_a_queue_reg[0][5][1]/CN         I2C   default_mode 
    5440 19470   systolic_array_8X8_a_queue_reg[0][4][8]/CN         I2C   default_mode 
    5441 19470   systolic_array_8X8_a_queue_reg[0][4][7]/CN         I2C   default_mode 
    5442 19470   systolic_array_8X8_a_queue_reg[7][5][5]/CN         I2C   default_mode 
    5443 19470   systolic_array_8X8_a_queue_reg[0][4][5]/CN         I2C   default_mode 
    5444 19470   systolic_array_8X8_a_queue_reg[0][4][4]/CN         I2C   default_mode 
    5445 19470   systolic_array_8X8_a_queue_reg[7][6][7]/CN         I2C   default_mode 
    5446 19470   systolic_array_8X8_a_queue_reg[0][4][2]/CN         I2C   default_mode 
    5447 19470   systolic_array_8X8_b_queue_reg[4][1][2]/CN         I2C   default_mode 
    5448 19470   systolic_array_8X8_a_queue_reg[0][4][1]/CN         I2C   default_mode 
    5449 19470   b_buffer_pipe_2_reg[1][1]/CN                       I2C   default_mode 
    5450 19470   systolic_array_8X8_a_queue_reg[0][3][8]/CN         I2C   default_mode 
    5451 19470   b_buffer_pipe_4_reg[1][5]/CN                       I2C   default_mode 
    5452 19470   systolic_array_8X8_a_queue_reg[0][3][6]/CN         I2C   default_mode 
    5453 19470   systolic_array_8X8_a_queue_reg[0][3][5]/CN         I2C   default_mode 
    5454 19470   systolic_array_8X8_a_queue_reg[2][1][6]/CN         I2C   default_mode 
    5455 19470   systolic_array_8X8_a_queue_reg[0][3][3]/CN         I2C   default_mode 
    5456 19470   b_buffer_pipe_3_reg[1][4]/CN                       I2C   default_mode 
    5457 19470   systolic_array_8X8_a_queue_reg[0][2][8]/CN         I2C   default_mode 
    5458 19470   systolic_array_8X8_a_queue_reg[0][2][7]/CN         I2C   default_mode 
    5459 19470   systolic_array_8X8_a_queue_reg[0][2][6]/CN         I2C   default_mode 
    5460 19470   b_buffer_pipe_3_reg[1][6]/CN                       I2C   default_mode 
    5461 19470   systolic_array_8X8_a_queue_reg[0][2][5]/CN         I2C   default_mode 
    5462 19470   systolic_array_8X8_b_queue_reg[0][0][0]/CN         I2C   default_mode 
    5463 19470   systolic_array_8X8_a_queue_reg[0][2][3]/CN         I2C   default_mode 
    5464 19470   b_buffer_pipe_4_reg[1][2]/CN                       I2C   default_mode 
    5465 19470   systolic_array_8X8_a_queue_reg[0][1][8]/CN         I2C   default_mode 
    5466 19470   systolic_array_8X8_a_queue_reg[2][2][2]/CN         I2C   default_mode 
    5467 19470   systolic_array_8X8_a_queue_reg[0][1][6]/CN         I2C   default_mode 
    5468 19470   systolic_array_8X8_a_queue_reg[0][1][5]/CN         I2C   default_mode 
    5469 19470   systolic_array_8X8_a_queue_reg[0][1][4]/CN         I2C   default_mode 
    5470 19470   systolic_array_8X8_a_queue_reg[0][1][3]/CN         I2C   default_mode 
    5471 19470   a_buffer_pipe_6_reg[4][1]/CN                       I2C   default_mode 
    5472 19470   a_buffer_pipe_7_reg[3][1]/CN                       I2C   default_mode 
    5473 19470   systolic_array_8X8_a_queue_reg[0][1][2]/CN         I2C   default_mode 
    5474 19470   systolic_array_8X8_a_queue_reg[0][0][8]/CN         I2C   default_mode 
    5475 19470   systolic_array_8X8_a_queue_reg[0][0][7]/CN         I2C   default_mode 
    5476 19470   systolic_array_8X8_a_queue_reg[0][0][6]/CN         I2C   default_mode 
    5477 19470   systolic_array_8X8_a_queue_reg[0][0][5]/CN         I2C   default_mode 
    5478 19470   systolic_array_8X8_a_queue_reg[0][0][4]/CN         I2C   default_mode 
    5479 19470   b_buffer_pipe_5_reg[4][2]/CN                       I2C   default_mode 
    5480 19470   a_buffer_pipe_3_reg[1][6]/CN                       I2C   default_mode 
    5481 19470   systolic_array_8X8_a_queue_reg[0][0][3]/CN         I2C   default_mode 
    5482 19470   systolic_array_8X8_a_queue_reg[0][0][2]/CN         I2C   default_mode 
    5483 19470   b_buffer_pipe_5_reg[2][2]/CN                       I2C   default_mode 
    5484 19470   systolic_array_8X8_a_queue_reg[0][0][1]/CN         I2C   default_mode 
    5485 19470   systolic_array_8X8_a_queue_reg[6][5][7]/CN         I2C   default_mode 
    5486 19470   a_buffer_pipe_7_reg[5][7]/CN                       I2C   default_mode 
    5487 19470   a_buffer_pipe_6_reg[5][2]/CN                       I2C   default_mode 
    5488 19470   systolic_array_8X8_a_queue_reg[6][5][3]/CN         I2C   default_mode 
    5489 19470   b_buffer_pipe_6_reg[4][2]/CN                       I2C   default_mode 
    5490 19470   systolic_array_8X8_a_queue_reg[5][1][7]/CN         I2C   default_mode 
    5491 19470   b_buffer_pipe_5_reg[2][0]/CN                       I2C   default_mode 
    5492 19470   a_buffer_pipe_5_reg[1][6]/CN                       I2C   default_mode 
    5493 19470   b_buffer_pipe_4_reg[1][7]/CN                       I2C   default_mode 
    5494 19470   a_buffer_pipe_5_reg[1][7]/CN                       I2C   default_mode 
    5495 19470   systolic_array_8X8_b_queue_reg[5][3][0]/CN         I2C   default_mode 
    5496 19470   a_buffer_pipe_5_reg[1][8]/CN                       I2C   default_mode 
    5497 19470   a_buffer_pipe_5_reg[2][1]/CN                       I2C   default_mode 
    5498 19470   systolic_array_8X8_b_queue_reg[6][0][0]/CN         I2C   default_mode 
    5499 19470   a_buffer_pipe_5_reg[2][3]/CN                       I2C   default_mode 
    5500 19470   systolic_array_8X8_b_queue_reg[1][0][0]/CN         I2C   default_mode 
    5501 19470   b_buffer_pipe_4_reg[2][1]/CN                       I2C   default_mode 
    5502 19470   systolic_array_8X8_a_queue_reg[5][1][8]/CN         I2C   default_mode 
    5503 19470   b_buffer_pipe_6_reg[4][0]/CN                       I2C   default_mode 
    5504 19470   b_buffer_pipe_6_reg[3][7]/CN                       I2C   default_mode 
    5505 19470   systolic_array_8X8_b_queue_reg[1][7][0]/CN         I2C   default_mode 
    5506 19470   systolic_array_8X8_b_queue_reg[1][7][2]/CN         I2C   default_mode 
    5507 19470   a_buffer_pipe_5_reg[2][5]/CN                       I2C   default_mode 
    5508 19470   a_buffer_pipe_5_reg[2][7]/CN                       I2C   default_mode 
    5509 19470   b_buffer_pipe_6_reg[4][1]/CN                       I2C   default_mode 
    5510 19470   a_buffer_pipe_5_reg[2][6]/CN                       I2C   default_mode 
    5511 19470   a_buffer_pipe_5_reg[3][0]/CN                       I2C   default_mode 
    5512 19470   systolic_array_8X8_b_queue_reg[7][2][0]/CN         I2C   default_mode 
    5513 19470   a_buffer_pipe_5_reg[2][8]/CN                       I2C   default_mode 
    5514 19470   systolic_array_8X8_a_queue_reg[6][6][7]/CN         I2C   default_mode 
    5515 19470   b_buffer_pipe_5_reg[2][8]/CN                       I2C   default_mode 
    5516 19470   a_buffer_pipe_5_reg[3][4]/CN                       I2C   default_mode 
    5517 19470   b_buffer_pipe_6_reg[1][0]/CN                       I2C   default_mode 
    5518 19470   a_buffer_pipe_5_reg[3][2]/CN                       I2C   default_mode 
    5519 19470   systolic_array_8X8_a_queue_reg[6][0][3]/CN         I2C   default_mode 
    5520 19470   systolic_array_8X8_b_queue_reg[4][7][4]/CN         I2C   default_mode 
    5521 19470   systolic_array_8X8_b_queue_reg[1][4][0]/CN         I2C   default_mode 
    5522 19470   a_buffer_pipe_5_reg[1][2]/CN                       I2C   default_mode 
    5523 19470   b_buffer_pipe_6_reg[1][1]/CN                       I2C   default_mode 
    5524 19470   b_buffer_pipe_6_reg[1][3]/CN                       I2C   default_mode 
    5525 19470   systolic_array_8X8_a_queue_reg[6][6][3]/CN         I2C   default_mode 
    5526 19470   systolic_array_8X8_a_queue_reg[5][2][1]/CN         I2C   default_mode 
    5527 19470   a_buffer_pipe_5_reg[3][6]/CN                       I2C   default_mode 
    5528 19470   a_buffer_pipe_5_reg[3][5]/CN                       I2C   default_mode 
    5529 19470   a_buffer_pipe_5_reg[3][8]/CN                       I2C   default_mode 
    5530 19470   a_buffer_pipe_5_reg[4][1]/CN                       I2C   default_mode 
    5531 19470   cycle_num_reg[15]/CN                               I2C   default_mode 
    5532 19470   systolic_array_8X8_b_queue_reg[3][2][4]/CN         I2C   default_mode 
    5533 19470   a_buffer_pipe_5_reg[4][3]/CN                       I2C   default_mode 
    5534 19470   a_buffer_pipe_7_reg[4][3]/CN                       I2C   default_mode 
    5535 19470   a_buffer_pipe_5_reg[1][4]/CN                       I2C   default_mode 
    5536 19470   a_buffer_pipe_5_reg[4][4]/CN                       I2C   default_mode 
    5537 19470   systolic_array_8X8_a_queue_reg[5][2][3]/CN         I2C   default_mode 
    5538 19470   systolic_array_8X8_b_queue_reg[6][5][0]/CN         I2C   default_mode 
    5539 19470   a_buffer_pipe_5_reg[4][5]/CN                       I2C   default_mode 
    5540 19470   a_buffer_pipe_5_reg[4][7]/CN                       I2C   default_mode 
    5541 19470   a_buffer_pipe_5_reg[4][6]/CN                       I2C   default_mode 
    5542 19470   systolic_array_8X8_a_queue_reg[5][4][4]/CN         I2C   default_mode 
    5543 19470   systolic_array_8X8_b_queue_reg[5][1][2]/CN         I2C   default_mode 
    5544 19470   systolic_array_8X8_a_queue_reg[5][2][2]/CN         I2C   default_mode 
    5545 19470   a_buffer_pipe_6_reg[1][0]/CN                       I2C   default_mode 
    5546 19470   a_buffer_pipe_6_reg[0][0]/CN                       I2C   default_mode 
    5547 19470   systolic_array_8X8_a_queue_reg[5][2][7]/CN         I2C   default_mode 
    5548 19470   systolic_array_8X8_a_queue_reg[5][2][4]/CN         I2C   default_mode 
    5549 19470   systolic_array_8X8_b_queue_reg[3][4][4]/CN         I2C   default_mode 
    5550 19470   systolic_array_8X8_a_queue_reg[5][2][5]/CN         I2C   default_mode 
    5551 19470   a_buffer_pipe_4_reg[2][3]/CN                       I2C   default_mode 
    5552 19470   systolic_array_8X8_a_queue_reg[5][2][6]/CN         I2C   default_mode 
    5553 19470   systolic_array_8X8_a_queue_reg[6][7][3]/CN         I2C   default_mode 
    5554 19470   b_buffer_pipe_6_reg[1][4]/CN                       I2C   default_mode 
    5555 19470   systolic_array_8X8_a_queue_reg[6][7][1]/CN         I2C   default_mode 
    5556 19470   b_buffer_pipe_7_reg[3][6]/CN                       I2C   default_mode 
    5557 19470   systolic_array_8X8_b_queue_reg[2][5][4]/CN         I2C   default_mode 
    5558 19470   systolic_array_8X8_a_queue_reg[5][2][8]/CN         I2C   default_mode 
    5559 19470   a_buffer_pipe_6_reg[0][8]/CN                       I2C   default_mode 
    5560 19470   systolic_array_8X8_a_queue_reg[5][3][1]/CN         I2C   default_mode 
    5561 19470   a_buffer_pipe_7_reg[6][3]/CN                       I2C   default_mode 
    5562 19470   systolic_array_8X8_a_queue_reg[6][2][5]/CN         I2C   default_mode 
    5563 19470   a_buffer_pipe_6_reg[1][2]/CN                       I2C   default_mode 
    5564 19470   systolic_array_8X8_a_queue_reg[5][3][2]/CN         I2C   default_mode 
    5565 19470   b_buffer_pipe_4_reg[2][4]/CN                       I2C   default_mode 
    5566 19470   b_buffer_pipe_1_reg[0]/CN                          I2C   default_mode 
    5567 19470   systolic_array_8X8_b_queue_reg[5][3][2]/CN         I2C   default_mode 
    5568 19470   systolic_array_8X8_a_queue_reg[6][7][6]/CN         I2C   default_mode 
    5569 19470   systolic_array_8X8_a_queue_reg[5][3][3]/CN         I2C   default_mode 
    5570 19470   b_buffer_pipe_7_reg[4][1]/CN                       I2C   default_mode 
    5571 19470   b_buffer_pipe_7_reg[5][4]/CN                       I2C   default_mode 
    5572 19470   systolic_array_8X8_a_queue_reg[6][7][5]/CN         I2C   default_mode 
    5573 19470   a_buffer_pipe_6_reg[1][4]/CN                       I2C   default_mode 
    5574 19470   b_buffer_pipe_7_reg[5][3]/CN                       I2C   default_mode 
    5575 19470   a_buffer_pipe_6_reg[1][6]/CN                       I2C   default_mode 
    5576 19470   a_buffer_pipe_6_reg[1][8]/CN                       I2C   default_mode 
    5577 19470   systolic_array_8X8_b_queue_reg[2][7][4]/CN         I2C   default_mode 
    5578 19470   b_buffer_pipe_5_reg[2][6]/CN                       I2C   default_mode 
    5579 19470   systolic_array_8X8_a_queue_reg[5][7][1]/CN         I2C   default_mode 
    5580 19470   systolic_array_8X8_a_queue_reg[5][3][5]/CN         I2C   default_mode 
    5581 19470   systolic_array_8X8_b_queue_reg[1][0][4]/CN         I2C   default_mode 
    5582 19470   systolic_array_8X8_a_queue_reg[5][3][4]/CN         I2C   default_mode 
    5583 19470   b_buffer_pipe_5_reg[2][4]/CN                       I2C   default_mode 
    5584 19470   systolic_array_8X8_a_queue_reg[6][7][7]/CN         I2C   default_mode 
    5585 19470   a_buffer_pipe_1_reg[0]/CN                          I2C   default_mode 
    5586 19470   a_buffer_pipe_1_reg[8]/CN                          I2C   default_mode 
    5587 19470   a_buffer_pipe_2_reg[0][0]/CN                       I2C   default_mode 
    5588 19470   systolic_array_8X8_a_queue_reg[5][7][5]/CN         I2C   default_mode 
    5589 19470   systolic_array_8X8_a_queue_reg[7][1][5]/CN         I2C   default_mode 
    5590 19470   b_buffer_pipe_7_reg[5][6]/CN                       I2C   default_mode 
    5591 19470   b_buffer_pipe_6_reg[2][0]/CN                       I2C   default_mode 
    5592 19470   systolic_array_8X8_b_queue_reg[1][5][0]/CN         I2C   default_mode 
    5593 19470   b_buffer_pipe_6_reg[4][5]/CN                       I2C   default_mode 
    5594 19470   systolic_array_8X8_a_queue_reg[5][7][6]/CN         I2C   default_mode 
    5595 19470   b_buffer_pipe_6_reg[4][4]/CN                       I2C   default_mode 
    5596 19470   systolic_array_8X8_b_queue_reg[7][3][0]/CN         I2C   default_mode 
    5597 19470   a_buffer_pipe_7_reg[6][0]/CN                       I2C   default_mode 
    5598 19470   b_buffer_pipe_6_reg[4][6]/CN                       I2C   default_mode 
    5599 19470   systolic_array_8X8_b_queue_reg[2][0][0]/CN         I2C   default_mode 
    5600 19470   a_buffer_pipe_7_reg[5][8]/CN                       I2C   default_mode 
    5601 19470   systolic_array_8X8_a_queue_reg[5][7][7]/CN         I2C   default_mode 
    5602 19470   a_buffer_pipe_7_reg[6][1]/CN                       I2C   default_mode 
    5603 19470   a_buffer_pipe_6_reg[4][5]/CN                       I2C   default_mode 
    5604 19470   systolic_array_8X8_a_queue_reg[7][1][3]/CN         I2C   default_mode 
    5605 19470   systolic_array_8X8_b_queue_reg[3][7][4]/CN         I2C   default_mode 
    5606 19470   a_buffer_pipe_2_reg[0][8]/CN                       I2C   default_mode 
    5607 19470   systolic_array_8X8_a_queue_reg[5][3][6]/CN         I2C   default_mode 
    5608 19470   a_buffer_pipe_6_reg[2][1]/CN                       I2C   default_mode 
    5609 19470   systolic_array_8X8_a_queue_reg[5][3][7]/CN         I2C   default_mode 
    5610 19470   a_buffer_pipe_2_reg[1][4]/CN                       I2C   default_mode 
    5611 19470   b_buffer_pipe_6_reg[1][5]/CN                       I2C   default_mode 
    5612 19470   b_buffer_pipe_6_reg[1][7]/CN                       I2C   default_mode 
    5613 19470   a_buffer_pipe_6_reg[4][7]/CN                       I2C   default_mode 
    5614 19470   b_buffer_pipe_6_reg[1][6]/CN                       I2C   default_mode 
    5615 19470   systolic_array_8X8_b_queue_reg[5][7][2]/CN         I2C   default_mode 
    5616 19470   a_buffer_pipe_4_reg[1][4]/CN                       I2C   default_mode 
    5617 19470   a_buffer_pipe_2_reg[1][0]/CN                       I2C   default_mode 
    5618 19470   a_buffer_pipe_6_reg[5][0]/CN                       I2C   default_mode 
    5619 19470   b_buffer_pipe_6_reg[1][8]/CN                       I2C   default_mode 
    5620 19470   systolic_array_8X8_a_queue_reg[6][2][6]/CN         I2C   default_mode 
    5621 19470   a_buffer_pipe_2_reg[1][2]/CN                       I2C   default_mode 
    5622 19470   a_buffer_pipe_2_reg[1][1]/CN                       I2C   default_mode 
    5623 19470   a_buffer_pipe_7_reg[1][3]/CN                       I2C   default_mode 
    5624 19470   systolic_array_8X8_a_queue_reg[7][2][1]/CN         I2C   default_mode 
    5625 19470   systolic_array_8X8_b_queue_reg[2][6][4]/CN         I2C   default_mode 
    5626 19470   a_buffer_pipe_2_reg[1][6]/CN                       I2C   default_mode 
    5627 19470   systolic_array_8X8_a_queue_reg[7][7][6]/CN         I2C   default_mode 
    5628 19470   a_buffer_pipe_2_reg[1][8]/CN                       I2C   default_mode 
    5629 19470   b_buffer_pipe_6_reg[5][4]/CN                       I2C   default_mode 
    5630 19470   systolic_array_8X8_b_queue_reg[3][3][4]/CN         I2C   default_mode 
    5631 19470   systolic_array_8X8_a_queue_reg[7][1][6]/CN         I2C   default_mode 
    5632 19470   systolic_array_8X8_a_queue_reg[7][0][1]/CN         I2C   default_mode 
    5633 19470   a_buffer_pipe_3_reg[0][0]/CN                       I2C   default_mode 
    5634 19470   systolic_array_8X8_a_queue_reg[6][0][5]/CN         I2C   default_mode 
    5635 19470   b_buffer_pipe_7_reg[1][5]/CN                       I2C   default_mode 
    5636 19470   systolic_array_8X8_a_queue_reg[5][3][8]/CN         I2C   default_mode 
    5637 19470   systolic_array_8X8_a_queue_reg[6][0][6]/CN         I2C   default_mode 
    5638 19470   a_buffer_pipe_6_reg[5][4]/CN                       I2C   default_mode 
    5639 19470   systolic_array_8X8_b_queue_reg[6][1][2]/CN         I2C   default_mode 
    5640 19470   systolic_array_8X8_a_queue_reg[5][4][1]/CN         I2C   default_mode 
    5641 19470   systolic_array_8X8_a_queue_reg[6][0][7]/CN         I2C   default_mode 
    5642 19470   systolic_array_8X8_a_queue_reg[7][1][7]/CN         I2C   default_mode 
    5643 19470   systolic_array_8X8_a_queue_reg[6][4][3]/CN         I2C   default_mode 
    5644 19470   a_buffer_pipe_6_reg[2][3]/CN                       I2C   default_mode 
    5645 19470   a_buffer_pipe_3_reg[1][1]/CN                       I2C   default_mode 
    5646 19470   a_buffer_pipe_3_reg[0][8]/CN                       I2C   default_mode 
    5647 19470   systolic_array_8X8_b_queue_reg[7][6][0]/CN         I2C   default_mode 
    5648 19470   b_buffer_pipe_7_reg[3][5]/CN                       I2C   default_mode 
    5649 19470   b_buffer_pipe_7_reg[4][2]/CN                       I2C   default_mode 
    5650 19470   a_buffer_pipe_6_reg[2][7]/CN                       I2C   default_mode 
    5651 19470   b_buffer_pipe_7_reg[4][3]/CN                       I2C   default_mode 
    5652 19470   a_buffer_pipe_6_reg[2][5]/CN                       I2C   default_mode 
    5653 19470   a_buffer_pipe_3_reg[1][5]/CN                       I2C   default_mode 
    5654 19470   b_buffer_pipe_7_reg[4][5]/CN                       I2C   default_mode 
    5655 19470   b_buffer_pipe_2_reg[1][5]/CN                       I2C   default_mode 
    5656 19470   systolic_array_8X8_a_queue_reg[6][0][8]/CN         I2C   default_mode 
    5657 19470   a_buffer_pipe_6_reg[5][6]/CN                       I2C   default_mode 
    5658 19470   systolic_array_8X8_a_queue_reg[5][4][2]/CN         I2C   default_mode 
    5659 19470   a_buffer_pipe_6_reg[5][8]/CN                       I2C   default_mode 
    5660 19470   systolic_array_8X8_a_queue_reg[7][0][3]/CN         I2C   default_mode 
    5661 19470   systolic_array_8X8_a_queue_reg[6][1][3]/CN         I2C   default_mode 
    5662 19470   systolic_array_8X8_a_queue_reg[5][4][3]/CN         I2C   default_mode 
    5663 19470   a_buffer_pipe_3_reg[1][3]/CN                       I2C   default_mode 
    5664 19470   systolic_array_8X8_a_queue_reg[5][4][5]/CN         I2C   default_mode 
    5665 19470   b_buffer_pipe_7_reg[1][7]/CN                       I2C   default_mode 
    5666 19470   b_buffer_pipe_7_reg[2][4]/CN                       I2C   default_mode 
    5667 19470   systolic_array_8X8_a_queue_reg[6][1][1]/CN         I2C   default_mode 
    5668 19470   b_buffer_pipe_7_reg[3][3]/CN                       I2C   default_mode 
    5669 19470   systolic_array_8X8_b_queue_reg[4][3][2]/CN         I2C   default_mode 
    5670 19470   systolic_array_8X8_a_queue_reg[7][2][6]/CN         I2C   default_mode 
    5671 19470   systolic_array_8X8_b_queue_reg[1][1][2]/CN         I2C   default_mode 
    5672 19470   b_buffer_pipe_2_reg[1][7]/CN                       I2C   default_mode 
    5673 19470   systolic_array_8X8_b_queue_reg[6][1][4]/CN         I2C   default_mode 
    5674 19470   a_buffer_pipe_7_reg[0][0]/CN                       I2C   default_mode 
    5675 19470   systolic_array_8X8_b_queue_reg[5][4][4]/CN         I2C   default_mode 
    5676 19470   a_buffer_pipe_7_reg[4][6]/CN                       I2C   default_mode 
    5677 19470   a_buffer_pipe_6_reg[3][2]/CN                       I2C   default_mode 
    5678 19470   systolic_array_8X8_b_queue_reg[7][7][6]/CN         I2C   default_mode 
    5679 19470   systolic_array_8X8_b_queue_reg[0][0][2]/CN         I2C   default_mode 
    5680 19470   systolic_array_8X8_b_queue_reg[7][7][4]/CN         I2C   default_mode 
    5681 19470   systolic_array_8X8_b_queue_reg[7][7][2]/CN         I2C   default_mode 
    5682 19470   systolic_array_8X8_b_queue_reg[7][7][0]/CN         I2C   default_mode 
    5683 19470   systolic_array_8X8_b_queue_reg[7][6][6]/CN         I2C   default_mode 
    5684 19470   b_buffer_pipe_3_reg[2][2]/CN                       I2C   default_mode 
    5685 19470   systolic_array_8X8_a_queue_reg[7][6][1]/CN         I2C   default_mode 
    5686 19470   systolic_array_8X8_b_queue_reg[7][6][4]/CN         I2C   default_mode 
    5687 19470   systolic_array_8X8_b_queue_reg[7][6][2]/CN         I2C   default_mode 
    5688 19470   a_buffer_pipe_3_reg[1][7]/CN                       I2C   default_mode 
    5689 19470   b_buffer_pipe_4_reg[3][0]/CN                       I2C   default_mode 
    5690 19470   systolic_array_8X8_b_queue_reg[7][5][6]/CN         I2C   default_mode 
    5691 19470   b_buffer_pipe_4_reg[3][2]/CN                       I2C   default_mode 
    5692 19470   systolic_array_8X8_b_queue_reg[7][5][4]/CN         I2C   default_mode 
    5693 19470   systolic_array_8X8_a_queue_reg[6][1][6]/CN         I2C   default_mode 
    5694 19470   systolic_array_8X8_b_queue_reg[7][5][2]/CN         I2C   default_mode 
    5695 19470   systolic_array_8X8_a_queue_reg[7][2][3]/CN         I2C   default_mode 
    5696 19470   a_buffer_pipe_3_reg[2][0]/CN                       I2C   default_mode 
    5697 19470   systolic_array_8X8_b_queue_reg[7][5][0]/CN         I2C   default_mode 
    5698 19470   systolic_array_8X8_b_queue_reg[7][4][6]/CN         I2C   default_mode 
    5699 19470   systolic_array_8X8_a_queue_reg[5][4][6]/CN         I2C   default_mode 
    5700 19470   systolic_array_8X8_b_queue_reg[6][6][2]/CN         I2C   default_mode 
    5701 19470   systolic_array_8X8_b_queue_reg[7][4][4]/CN         I2C   default_mode 
    5702 19470   systolic_array_8X8_b_queue_reg[7][4][2]/CN         I2C   default_mode 
    5703 19470   a_buffer_pipe_6_reg[3][0]/CN                       I2C   default_mode 
    5704 19470   systolic_array_8X8_a_queue_reg[6][1][5]/CN         I2C   default_mode 
    5705 19470   systolic_array_8X8_b_queue_reg[7][4][0]/CN         I2C   default_mode 
    5706 19470   systolic_array_8X8_a_queue_reg[5][4][7]/CN         I2C   default_mode 
    5707 19470   systolic_array_8X8_b_queue_reg[7][3][6]/CN         I2C   default_mode 
    5708 19470   systolic_array_8X8_b_queue_reg[7][3][4]/CN         I2C   default_mode 
    5709 19470   a_buffer_pipe_3_reg[2][2]/CN                       I2C   default_mode 
    5710 19470   systolic_array_8X8_b_queue_reg[7][3][2]/CN         I2C   default_mode 
    5711 19470   systolic_array_8X8_b_queue_reg[6][7][2]/CN         I2C   default_mode 
    5712 19470   systolic_array_8X8_a_queue_reg[7][2][5]/CN         I2C   default_mode 
    5713 19470   a_buffer_pipe_7_reg[0][8]/CN                       I2C   default_mode 
    5714 19470   b_buffer_pipe_4_reg[3][3]/CN                       I2C   default_mode 
    5715 19470   systolic_array_8X8_b_queue_reg[7][2][6]/CN         I2C   default_mode 
    5716 19470   systolic_array_8X8_b_queue_reg[7][2][4]/CN         I2C   default_mode 
    5717 19470   systolic_array_8X8_b_queue_reg[7][2][2]/CN         I2C   default_mode 
    5718 19470   a_buffer_pipe_3_reg[2][4]/CN                       I2C   default_mode 
    5719 19470   systolic_array_8X8_a_queue_reg[6][1][7]/CN         I2C   default_mode 
    5720 19470   systolic_array_8X8_b_queue_reg[7][1][6]/CN         I2C   default_mode 
    5721 19470   systolic_array_8X8_a_queue_reg[5][5][3]/CN         I2C   default_mode 
    5722 19470   systolic_array_8X8_a_queue_reg[7][2][4]/CN         I2C   default_mode 
    5723 19470   systolic_array_8X8_b_queue_reg[7][1][4]/CN         I2C   default_mode 
    5724 19470   systolic_array_8X8_b_queue_reg[7][1][2]/CN         I2C   default_mode 
    5725 19470   a_buffer_pipe_7_reg[1][0]/CN                       I2C   default_mode 
    5726 19470   systolic_array_8X8_b_queue_reg[7][1][0]/CN         I2C   default_mode 
    5727 19470   systolic_array_8X8_a_queue_reg[5][4][8]/CN         I2C   default_mode 
    5728 19470   systolic_array_8X8_b_queue_reg[7][0][6]/CN         I2C   default_mode 
    5729 19470   systolic_array_8X8_b_queue_reg[1][1][0]/CN         I2C   default_mode 
    5730 19470   b_buffer_pipe_5_reg[3][1]/CN                       I2C   default_mode 
    5731 19470   systolic_array_8X8_b_queue_reg[7][0][4]/CN         I2C   default_mode 
    5732 19470   systolic_array_8X8_b_queue_reg[7][0][2]/CN         I2C   default_mode 
    5733 19470   a_buffer_pipe_7_reg[1][1]/CN                       I2C   default_mode 
    5734 19470   b_buffer_pipe_5_reg[3][3]/CN                       I2C   default_mode 
    5735 19470   a_buffer_pipe_4_reg[2][0]/CN                       I2C   default_mode 
    5736 19470   systolic_array_8X8_b_queue_reg[6][7][6]/CN         I2C   default_mode 
    5737 19470   systolic_array_8X8_b_queue_reg[6][7][4]/CN         I2C   default_mode 
    5738 19470   systolic_array_8X8_a_queue_reg[5][5][1]/CN         I2C   default_mode 
    5739 19470   a_buffer_pipe_3_reg[2][8]/CN                       I2C   default_mode 
    5740 19470   systolic_array_8X8_b_queue_reg[6][7][0]/CN         I2C   default_mode 
    5741 19470   systolic_array_8X8_a_queue_reg[5][5][2]/CN         I2C   default_mode 
    5742 19470   systolic_array_8X8_b_queue_reg[6][6][6]/CN         I2C   default_mode 
    5743 19470   a_buffer_pipe_4_reg[0][0]/CN                       I2C   default_mode 
    5744 19470   systolic_array_8X8_b_queue_reg[6][6][4]/CN         I2C   default_mode 
    5745 19470   systolic_array_8X8_a_queue_reg[6][2][1]/CN         I2C   default_mode 
    5746 19470   systolic_array_8X8_b_queue_reg[6][6][0]/CN         I2C   default_mode 
    5747 19470   systolic_array_8X8_b_queue_reg[6][5][6]/CN         I2C   default_mode 
    5748 19470   systolic_array_8X8_a_queue_reg[7][1][1]/CN         I2C   default_mode 
    5749 19470   systolic_array_8X8_b_queue_reg[6][5][4]/CN         I2C   default_mode 
    5750 19470   systolic_array_8X8_a_queue_reg[7][0][5]/CN         I2C   default_mode 
    5751 19470   systolic_array_8X8_b_queue_reg[6][5][2]/CN         I2C   default_mode 
    5752 19470   systolic_array_8X8_b_queue_reg[6][4][6]/CN         I2C   default_mode 
    5753 19470   a_buffer_pipe_7_reg[1][4]/CN                       I2C   default_mode 
    5754 19470   systolic_array_8X8_b_queue_reg[6][4][4]/CN         I2C   default_mode 
    5755 19470   systolic_array_8X8_b_queue_reg[6][4][2]/CN         I2C   default_mode 
    5756 19470   systolic_array_8X8_b_queue_reg[6][4][0]/CN         I2C   default_mode 
    5757 19470   systolic_array_8X8_b_queue_reg[6][3][6]/CN         I2C   default_mode 
    5758 19470   systolic_array_8X8_a_queue_reg[5][5][4]/CN         I2C   default_mode 
    5759 19470   systolic_array_8X8_b_queue_reg[6][3][2]/CN         I2C   default_mode 
    5760 19470   systolic_array_8X8_b_queue_reg[6][3][0]/CN         I2C   default_mode 
    5761 19470   systolic_array_8X8_b_queue_reg[6][2][6]/CN         I2C   default_mode 
    5762 19470   systolic_array_8X8_a_queue_reg[6][2][4]/CN         I2C   default_mode 
    5763 19470   a_buffer_pipe_7_reg[1][5]/CN                       I2C   default_mode 
    5764 19470   systolic_array_8X8_b_queue_reg[6][2][4]/CN         I2C   default_mode 
    5765 19470   systolic_array_8X8_b_queue_reg[6][2][2]/CN         I2C   default_mode 
    5766 19470   systolic_array_8X8_a_queue_reg[7][0][6]/CN         I2C   default_mode 
    5767 19470   a_buffer_pipe_4_reg[0][8]/CN                       I2C   default_mode 
    5768 19470   systolic_array_8X8_b_queue_reg[6][2][0]/CN         I2C   default_mode 
    5769 19470   a_buffer_pipe_7_reg[1][7]/CN                       I2C   default_mode 
    5770 19470   systolic_array_8X8_b_queue_reg[6][1][6]/CN         I2C   default_mode 
    5771 19470   a_buffer_pipe_4_reg[1][0]/CN                       I2C   default_mode 
    5772 19470   systolic_array_8X8_a_queue_reg[5][5][5]/CN         I2C   default_mode 
    5773 19470   a_buffer_pipe_6_reg[3][4]/CN                       I2C   default_mode 
    5774 19470   systolic_array_8X8_b_queue_reg[6][1][0]/CN         I2C   default_mode 
    5775 19470   systolic_array_8X8_b_queue_reg[6][0][6]/CN         I2C   default_mode 
    5776 19470   systolic_array_8X8_b_queue_reg[6][0][4]/CN         I2C   default_mode 
    5777 19470   systolic_array_8X8_b_queue_reg[6][0][2]/CN         I2C   default_mode 
    5778 19470   systolic_array_8X8_a_queue_reg[5][5][6]/CN         I2C   default_mode 
    5779 19470   a_buffer_pipe_4_reg[1][5]/CN                       I2C   default_mode 
    5780 19470   systolic_array_8X8_b_queue_reg[5][7][6]/CN         I2C   default_mode 
    5781 19470   a_buffer_pipe_4_reg[1][3]/CN                       I2C   default_mode 
    5782 19470   b_buffer_pipe_7_reg[6][1]/CN                       I2C   default_mode 
    5783 19470   systolic_array_8X8_b_queue_reg[5][7][4]/CN         I2C   default_mode 
    5784 19470   systolic_array_8X8_b_queue_reg[1][1][4]/CN         I2C   default_mode 
    5785 19470   systolic_array_8X8_b_queue_reg[5][7][0]/CN         I2C   default_mode 
    5786 19470   systolic_array_8X8_b_queue_reg[5][6][6]/CN         I2C   default_mode 
    5787 19470   a_buffer_pipe_7_reg[1][8]/CN                       I2C   default_mode 
    5788 19470   b_buffer_pipe_7_reg[5][8]/CN                       I2C   default_mode 
    5789 19470   b_buffer_pipe_7_reg[6][0]/CN                       I2C   default_mode 
    5790 19470   systolic_array_8X8_a_queue_reg[7][3][1]/CN         I2C   default_mode 
    5791 19470   systolic_array_8X8_b_queue_reg[5][6][4]/CN         I2C   default_mode 
    5792 19470   systolic_array_8X8_b_queue_reg[5][6][2]/CN         I2C   default_mode 
    5793 19470   a_buffer_pipe_7_reg[2][0]/CN                       I2C   default_mode 
    5794 19470   a_buffer_pipe_4_reg[1][7]/CN                       I2C   default_mode 
    5795 19470   systolic_array_8X8_b_queue_reg[5][5][6]/CN         I2C   default_mode 
    5796 19470   systolic_array_8X8_b_queue_reg[5][5][4]/CN         I2C   default_mode 
    5797 19470   systolic_array_8X8_b_queue_reg[5][5][2]/CN         I2C   default_mode 
    5798 19470   systolic_array_8X8_b_queue_reg[5][5][0]/CN         I2C   default_mode 
    5799 19470   a_buffer_pipe_7_reg[2][2]/CN                       I2C   default_mode 
    5800 19470   systolic_array_8X8_b_queue_reg[5][4][6]/CN         I2C   default_mode 
    5801 19470   systolic_array_8X8_a_queue_reg[6][3][1]/CN         I2C   default_mode 
    5802 19470   a_buffer_pipe_7_reg[2][4]/CN                       I2C   default_mode 
    5803 19470   a_buffer_pipe_6_reg[3][6]/CN                       I2C   default_mode 
    5804 19470   a_buffer_pipe_7_reg[2][3]/CN                       I2C   default_mode 
    5805 19470   systolic_array_8X8_b_queue_reg[5][4][2]/CN         I2C   default_mode 
    5806 19470   a_buffer_pipe_4_reg[2][2]/CN                       I2C   default_mode 
    5807 19470   systolic_array_8X8_b_queue_reg[5][3][6]/CN         I2C   default_mode 
    5808 19470   systolic_array_8X8_a_queue_reg[7][0][7]/CN         I2C   default_mode 
    5809 19470   systolic_array_8X8_a_queue_reg[5][5][7]/CN         I2C   default_mode 
    5810 19470   systolic_array_8X8_b_queue_reg[5][3][4]/CN         I2C   default_mode 
    5811 19470   systolic_array_8X8_a_queue_reg[7][3][6]/CN         I2C   default_mode 
    5812 19470   a_buffer_pipe_7_reg[2][5]/CN                       I2C   default_mode 
    5813 19470   a_buffer_pipe_7_reg[2][7]/CN                       I2C   default_mode 
    5814 19470   systolic_array_8X8_b_queue_reg[5][2][6]/CN         I2C   default_mode 
    5815 19470   systolic_array_8X8_b_queue_reg[5][2][4]/CN         I2C   default_mode 
    5816 19470   systolic_array_8X8_b_queue_reg[5][2][2]/CN         I2C   default_mode 
    5817 19470   a_buffer_pipe_4_reg[2][4]/CN                       I2C   default_mode 
    5818 19470   systolic_array_8X8_b_queue_reg[5][2][0]/CN         I2C   default_mode 
    5819 19470   systolic_array_8X8_b_queue_reg[5][1][6]/CN         I2C   default_mode 
    5820 19470   a_buffer_pipe_4_reg[2][5]/CN                       I2C   default_mode 
    5821 19470   a_buffer_pipe_7_reg[6][8]/CN                       I2C   default_mode 
    5822 19470   systolic_array_8X8_b_queue_reg[5][1][4]/CN         I2C   default_mode 
    5823 19470   systolic_array_8X8_a_queue_reg[5][5][8]/CN         I2C   default_mode 
    5824 19470   a_buffer_pipe_7_reg[2][6]/CN                       I2C   default_mode 
    5825 19470   systolic_array_8X8_b_queue_reg[5][1][0]/CN         I2C   default_mode 
    5826 19470   a_buffer_pipe_7_reg[6][6]/CN                       I2C   default_mode 
    5827 19470   systolic_array_8X8_b_queue_reg[5][0][6]/CN         I2C   default_mode 
    5828 19470   a_buffer_pipe_4_reg[2][6]/CN                       I2C   default_mode 
    5829 19470   systolic_array_8X8_a_queue_reg[7][5][6]/CN         I2C   default_mode 
    5830 19470   systolic_array_8X8_b_queue_reg[5][0][4]/CN         I2C   default_mode 
    5831 19470   systolic_array_8X8_b_queue_reg[5][0][2]/CN         I2C   default_mode 
    5832 19470   a_buffer_pipe_4_reg[2][7]/CN                       I2C   default_mode 
    5833 19470   a_buffer_pipe_6_reg[3][8]/CN                       I2C   default_mode 
    5834 19470   a_buffer_pipe_7_reg[6][7]/CN                       I2C   default_mode 
    5835 19470   a_buffer_pipe_4_reg[3][2]/CN                       I2C   default_mode 
    5836 19470   systolic_array_8X8_b_queue_reg[4][7][6]/CN         I2C   default_mode 
    5837 19470   systolic_array_8X8_a_queue_reg[6][3][5]/CN         I2C   default_mode 
    5838 19470   b_buffer_pipe_7_reg[6][3]/CN                       I2C   default_mode 
    5839 19470   a_buffer_pipe_4_reg[2][8]/CN                       I2C   default_mode 
    5840 19470   systolic_array_8X8_b_queue_reg[4][7][2]/CN         I2C   default_mode 
    5841 19470   systolic_array_8X8_a_queue_reg[6][3][6]/CN         I2C   default_mode 
    5842 19470   systolic_array_8X8_b_queue_reg[4][7][0]/CN         I2C   default_mode 
    5843 19470   systolic_array_8X8_a_queue_reg[7][3][5]/CN         I2C   default_mode 
    5844 19470   systolic_array_8X8_b_queue_reg[4][6][6]/CN         I2C   default_mode 
    5845 19470   systolic_array_8X8_b_queue_reg[4][6][4]/CN         I2C   default_mode 
    5846 19470   a_buffer_pipe_7_reg[2][8]/CN                       I2C   default_mode 
    5847 19470   systolic_array_8X8_b_queue_reg[4][6][2]/CN         I2C   default_mode 
    5848 19470   systolic_array_8X8_b_queue_reg[4][0][4]/CN         I2C   default_mode 
    5849 19470   systolic_array_8X8_a_queue_reg[5][6][1]/CN         I2C   default_mode 
    5850 19470   a_buffer_pipe_4_reg[3][1]/CN                       I2C   default_mode 
    5851 19470   a_buffer_pipe_7_reg[3][7]/CN                       I2C   default_mode 
    5852 19470   systolic_array_8X8_b_queue_reg[4][5][6]/CN         I2C   default_mode 
    5853 19470   systolic_array_8X8_b_queue_reg[4][5][4]/CN         I2C   default_mode 
    5854 19470   systolic_array_8X8_b_queue_reg[4][5][2]/CN         I2C   default_mode 
    5855 19470   systolic_array_8X8_a_queue_reg[6][4][2]/CN         I2C   default_mode 
    5856 19470   systolic_array_8X8_b_queue_reg[4][5][0]/CN         I2C   default_mode 
    5857 19470   systolic_array_8X8_b_queue_reg[4][4][6]/CN         I2C   default_mode 
    5858 19470   a_buffer_pipe_4_reg[3][3]/CN                       I2C   default_mode 
    5859 19470   systolic_array_8X8_a_queue_reg[5][6][2]/CN         I2C   default_mode 
    5860 19470   a_buffer_pipe_7_reg[3][2]/CN                       I2C   default_mode 
    5861 19470   systolic_array_8X8_b_queue_reg[4][4][4]/CN         I2C   default_mode 
    5862 19470   a_buffer_pipe_4_reg[3][5]/CN                       I2C   default_mode 
    5863 19470   systolic_array_8X8_b_queue_reg[4][4][2]/CN         I2C   default_mode 
    5864 19470   systolic_array_8X8_a_queue_reg[5][6][3]/CN         I2C   default_mode 
    5865 19470   systolic_array_8X8_b_queue_reg[4][4][0]/CN         I2C   default_mode 
    5866 19470   systolic_array_8X8_b_queue_reg[4][3][6]/CN         I2C   default_mode 
    5867 19470   systolic_array_8X8_b_queue_reg[4][3][4]/CN         I2C   default_mode 
    5868 19470   b_buffer_pipe_7_reg[2][1]/CN                       I2C   default_mode 
    5869 19470   systolic_array_8X8_a_queue_reg[7][4][1]/CN         I2C   default_mode 
    5870 19470   a_buffer_pipe_7_reg[3][5]/CN                       I2C   default_mode 
    5871 19470   systolic_array_8X8_b_queue_reg[4][3][0]/CN         I2C   default_mode 
    5872 19470   systolic_array_8X8_b_queue_reg[4][2][6]/CN         I2C   default_mode 
    5873 19470   a_buffer_pipe_7_reg[3][3]/CN                       I2C   default_mode 
    5874 19470   a_buffer_pipe_4_reg[3][6]/CN                       I2C   default_mode 
    5875 19470   systolic_array_8X8_b_queue_reg[4][2][4]/CN         I2C   default_mode 
    5876 19470   systolic_array_8X8_b_queue_reg[4][2][2]/CN         I2C   default_mode 
    5877 19470   systolic_array_8X8_b_queue_reg[4][2][0]/CN         I2C   default_mode 
    5878 19470   systolic_array_8X8_b_queue_reg[4][1][6]/CN         I2C   default_mode 
    5879 19470   systolic_array_8X8_a_queue_reg[5][6][4]/CN         I2C   default_mode 
    5880 19470   a_buffer_pipe_5_reg[0][0]/CN                       I2C   default_mode 
    5881 19470   systolic_array_8X8_a_queue_reg[6][4][1]/CN         I2C   default_mode 
    5882 19470   a_buffer_pipe_7_reg[3][6]/CN                       I2C   default_mode 
    5883 19470   systolic_array_8X8_b_queue_reg[4][1][0]/CN         I2C   default_mode 
    5884 19470   systolic_array_8X8_b_queue_reg[4][0][6]/CN         I2C   default_mode 
    5885 19470   a_buffer_pipe_7_reg[4][5]/CN                       I2C   default_mode 
    5886 19470   systolic_array_8X8_b_queue_reg[4][0][2]/CN         I2C   default_mode 
    5887 19470   systolic_array_8X8_b_queue_reg[4][0][0]/CN         I2C   default_mode 
    5888 19470   a_buffer_pipe_6_reg[4][3]/CN                       I2C   default_mode 
    5889 19470   systolic_array_8X8_b_queue_reg[3][7][6]/CN         I2C   default_mode 
    5890 19470   systolic_array_8X8_a_queue_reg[5][6][6]/CN         I2C   default_mode 
    5891 19470   systolic_array_8X8_b_queue_reg[3][7][2]/CN         I2C   default_mode 
    5892 19470   systolic_array_8X8_b_queue_reg[3][7][0]/CN         I2C   default_mode 
    5893 19470   systolic_array_8X8_b_queue_reg[3][6][6]/CN         I2C   default_mode 
    5894 19470   systolic_array_8X8_a_queue_reg[7][7][3]/CN         I2C   default_mode 
    5895 19470   a_buffer_pipe_7_reg[4][0]/CN                       I2C   default_mode 
    5896 19470   systolic_array_8X8_b_queue_reg[3][6][4]/CN         I2C   default_mode 
    5897 19470   systolic_array_8X8_b_queue_reg[3][6][2]/CN         I2C   default_mode 
    5898 19470   systolic_array_8X8_b_queue_reg[3][6][0]/CN         I2C   default_mode 
    5899 19470   systolic_array_8X8_b_queue_reg[3][5][6]/CN         I2C   default_mode 
    5900 19470   a_buffer_pipe_7_reg[4][1]/CN                       I2C   default_mode 
    5901 19470   systolic_array_8X8_a_queue_reg[5][6][8]/CN         I2C   default_mode 
    5902 19470   systolic_array_8X8_b_queue_reg[3][5][4]/CN         I2C   default_mode 
    5903 19470   systolic_array_8X8_b_queue_reg[3][5][2]/CN         I2C   default_mode 
    5904 19470   systolic_array_8X8_b_queue_reg[3][5][0]/CN         I2C   default_mode 
    5905 19470   systolic_array_8X8_b_queue_reg[3][4][6]/CN         I2C   default_mode 
    5906 19470   systolic_array_8X8_a_queue_reg[5][6][7]/CN         I2C   default_mode 
    5907 19470   a_buffer_pipe_7_reg[4][2]/CN                       I2C   default_mode 
    5908 19470   systolic_array_8X8_b_queue_reg[3][4][2]/CN         I2C   default_mode 
    5909 19470   a_buffer_pipe_5_reg[1][1]/CN                       I2C   default_mode 
    5910 19470   a_buffer_pipe_5_reg[0][8]/CN                       I2C   default_mode 
    5911 19470   a_buffer_pipe_5_reg[1][0]/CN                       I2C   default_mode 
    5912 19470   systolic_array_8X8_b_queue_reg[3][3][6]/CN         I2C   default_mode 
    5913 19470   systolic_array_8X8_b_queue_reg[3][3][2]/CN         I2C   default_mode 
    5914 19470   a_buffer_pipe_7_reg[4][4]/CN                       I2C   default_mode 
    5915 19470   systolic_array_8X8_b_queue_reg[3][3][0]/CN         I2C   default_mode 
    5916 19470   systolic_array_8X8_b_queue_reg[3][2][6]/CN         I2C   default_mode 
    5917 19470   systolic_array_8X8_a_queue_reg[6][4][7]/CN         I2C   default_mode 
    5918 19470   systolic_array_8X8_b_queue_reg[3][2][2]/CN         I2C   default_mode 
    5919 19470   b_buffer_pipe_3_reg[1][8]/CN                       I2C   default_mode 
    5920 19470   systolic_array_8X8_b_queue_reg[3][1][6]/CN         I2C   default_mode 
    5921 19470   b_buffer_pipe_4_reg[3][6]/CN                       I2C   default_mode 
    5922 19470   b_buffer_pipe_4_reg[3][4]/CN                       I2C   default_mode 
    5923 19470   systolic_array_8X8_b_queue_reg[3][1][0]/CN         I2C   default_mode 
    5924 19470   b_buffer_pipe_4_reg[3][5]/CN                       I2C   default_mode 
    5925 19470   systolic_array_8X8_b_queue_reg[3][0][6]/CN         I2C   default_mode 
    5926 19470   b_buffer_pipe_7_reg[6][4]/CN                       I2C   default_mode 
    5927 19470   systolic_array_8X8_b_queue_reg[0][5][4]/CN         I2C   default_mode 
    5928 19470   systolic_array_8X8_b_queue_reg[3][0][2]/CN         I2C   default_mode 
    5929 19470   b_buffer_pipe_7_reg[6][2]/CN                       I2C   default_mode 
    5930 19470   systolic_array_8X8_b_queue_reg[3][0][0]/CN         I2C   default_mode 
    5931 19470   systolic_array_8X8_b_queue_reg[2][7][6]/CN         I2C   default_mode 
    5932 19470   b_buffer_pipe_7_reg[5][7]/CN                       I2C   default_mode 
    5933 19470   b_buffer_pipe_7_reg[5][5]/CN                       I2C   default_mode 
    5934 19470   systolic_array_8X8_b_queue_reg[4][6][0]/CN         I2C   default_mode 
    5935 19470   systolic_array_8X8_b_queue_reg[2][7][2]/CN         I2C   default_mode 
    5936 19470   systolic_array_8X8_b_queue_reg[2][7][0]/CN         I2C   default_mode 
    5937 19470   systolic_array_8X8_b_queue_reg[2][6][6]/CN         I2C   default_mode 
    5938 19470   b_buffer_pipe_7_reg[4][8]/CN                       I2C   default_mode 
    5939 19470   b_buffer_pipe_7_reg[4][6]/CN                       I2C   default_mode 
    5940 19470   systolic_array_8X8_b_queue_reg[2][6][2]/CN         I2C   default_mode 
    5941 19470   b_buffer_pipe_7_reg[4][4]/CN                       I2C   default_mode 
    5942 19470   systolic_array_8X8_b_queue_reg[2][6][0]/CN         I2C   default_mode 
    5943 19470   a_buffer_pipe_4_reg[1][8]/CN                       I2C   default_mode 
    5944 19470   systolic_array_8X8_b_queue_reg[2][5][6]/CN         I2C   default_mode 
    5945 19470   b_buffer_pipe_7_reg[4][0]/CN                       I2C   default_mode 
    5946 19470   b_buffer_pipe_7_reg[3][8]/CN                       I2C   default_mode 
    5947 19470   b_buffer_pipe_7_reg[3][7]/CN                       I2C   default_mode 
    5948 19470   systolic_array_8X8_b_queue_reg[2][5][2]/CN         I2C   default_mode 
    5949 19470   b_buffer_pipe_4_reg[3][8]/CN                       I2C   default_mode 
    5950 19470   b_buffer_pipe_7_reg[3][4]/CN                       I2C   default_mode 
    5951 19470   systolic_array_8X8_b_queue_reg[2][5][0]/CN         I2C   default_mode 
    5952 19470   systolic_array_8X8_b_queue_reg[2][4][6]/CN         I2C   default_mode 
    5953 19470   b_buffer_pipe_7_reg[3][2]/CN                       I2C   default_mode 
    5954 19470   b_buffer_pipe_7_reg[2][8]/CN                       I2C   default_mode 
    5955 19470   systolic_array_8X8_b_queue_reg[2][4][4]/CN         I2C   default_mode 
    5956 19470   systolic_array_8X8_b_queue_reg[2][4][2]/CN         I2C   default_mode 
    5957 19470   b_buffer_pipe_7_reg[2][7]/CN                       I2C   default_mode 
    5958 19470   b_buffer_pipe_5_reg[3][5]/CN                       I2C   default_mode 
    5959 19470   systolic_array_8X8_b_queue_reg[2][4][0]/CN         I2C   default_mode 
    5960 19470   systolic_array_8X8_b_queue_reg[2][3][6]/CN         I2C   default_mode 
    5961 19470   b_buffer_pipe_7_reg[2][3]/CN                       I2C   default_mode 
    5962 19470   b_buffer_pipe_7_reg[2][2]/CN                       I2C   default_mode 
    5963 19470   b_buffer_pipe_5_reg[3][7]/CN                       I2C   default_mode 
    5964 19470   b_buffer_pipe_7_reg[2][0]/CN                       I2C   default_mode 
    5965 19470   systolic_array_8X8_b_queue_reg[2][3][4]/CN         I2C   default_mode 
    5966 19470   b_buffer_pipe_7_reg[1][8]/CN                       I2C   default_mode 
    5967 19470   b_buffer_pipe_7_reg[1][6]/CN                       I2C   default_mode 
    5968 19470   systolic_array_8X8_b_queue_reg[2][3][0]/CN         I2C   default_mode 
    5969 19470   systolic_array_8X8_b_queue_reg[2][2][6]/CN         I2C   default_mode 
    5970 19470   b_buffer_pipe_7_reg[1][4]/CN                       I2C   default_mode 
    5971 19470   b_buffer_pipe_7_reg[1][3]/CN                       I2C   default_mode 
    5972 19470   systolic_array_8X8_a_queue_reg[3][6][6]/CN         I2C   default_mode 
    5973 19470   b_buffer_pipe_7_reg[1][1]/CN                       I2C   default_mode 
    5974 19470   systolic_array_8X8_b_queue_reg[2][2][2]/CN         I2C   default_mode 
    5975 19470   systolic_array_8X8_b_queue_reg[2][1][6]/CN         I2C   default_mode 
    5976 19470   systolic_array_8X8_b_queue_reg[2][1][4]/CN         I2C   default_mode 
    5977 19470   b_buffer_pipe_6_reg[5][6]/CN                       I2C   default_mode 
    5978 19470   systolic_array_8X8_b_queue_reg[2][0][6]/CN         I2C   default_mode 
    5979 19470   b_buffer_pipe_6_reg[5][1]/CN                       I2C   default_mode 
    5980 19470   systolic_array_8X8_b_queue_reg[2][0][4]/CN         I2C   default_mode 
    5981 19470   systolic_array_8X8_b_queue_reg[2][0][2]/CN         I2C   default_mode 
    5982 19470   b_buffer_pipe_6_reg[4][7]/CN                       I2C   default_mode 
    5983 19470   systolic_array_8X8_a_queue_reg[3][7][6]/CN         I2C   default_mode 
    5984 19470   b_buffer_pipe_6_reg[5][3]/CN                       I2C   default_mode 
    5985 19470   systolic_array_8X8_b_queue_reg[1][7][6]/CN         I2C   default_mode 
    5986 19470   b_buffer_pipe_5_reg[4][0]/CN                       I2C   default_mode 
    5987 19470   b_buffer_pipe_6_reg[4][3]/CN                       I2C   default_mode 
    5988 19470   systolic_array_8X8_b_queue_reg[1][7][4]/CN         I2C   default_mode 
    5989 19470   b_buffer_pipe_6_reg[3][8]/CN                       I2C   default_mode 
    5990 19470   systolic_array_8X8_b_queue_reg[1][6][6]/CN         I2C   default_mode 
    5991 19470   b_buffer_pipe_6_reg[3][4]/CN                       I2C   default_mode 
    5992 19470   b_buffer_pipe_6_reg[5][0]/CN                       I2C   default_mode 
    5993 19470   systolic_array_8X8_b_queue_reg[1][6][4]/CN         I2C   default_mode 
    5994 19470   systolic_array_8X8_b_queue_reg[1][6][2]/CN         I2C   default_mode 
    5995 19470   b_buffer_pipe_6_reg[3][0]/CN                       I2C   default_mode 
    5996 19470   systolic_array_8X8_b_queue_reg[1][5][6]/CN         I2C   default_mode 
    5997 19470   b_buffer_pipe_6_reg[2][5]/CN                       I2C   default_mode 
    5998 19470   b_buffer_pipe_6_reg[5][2]/CN                       I2C   default_mode 
    5999 19470   systolic_array_8X8_b_queue_reg[1][5][4]/CN         I2C   default_mode 
    6000 19470   b_buffer_pipe_6_reg[2][1]/CN                       I2C   default_mode 
    6001 19470   systolic_array_8X8_b_queue_reg[1][4][6]/CN         I2C   default_mode 
    6002 19470   systolic_array_8X8_b_queue_reg[1][4][4]/CN         I2C   default_mode 
    6003 19470   systolic_array_8X8_b_queue_reg[1][4][2]/CN         I2C   default_mode 
    6004 19470   systolic_array_8X8_a_queue_reg[4][1][6]/CN         I2C   default_mode 
    6005 19470   b_buffer_pipe_6_reg[1][2]/CN                       I2C   default_mode 
    6006 19470   b_buffer_pipe_5_reg[4][7]/CN                       I2C   default_mode 
    6007 19470   systolic_array_8X8_b_queue_reg[1][2][6]/CN         I2C   default_mode 
    6008 19470   b_buffer_pipe_5_reg[4][5]/CN                       I2C   default_mode 
    6009 19470   b_buffer_pipe_5_reg[4][3]/CN                       I2C   default_mode 
    6010 19470   systolic_array_8X8_b_queue_reg[1][2][2]/CN         I2C   default_mode 
    6011 19470   b_buffer_pipe_5_reg[4][1]/CN                       I2C   default_mode 
    6012 19470   systolic_array_8X8_b_queue_reg[1][2][0]/CN         I2C   default_mode 
    6013 19470   b_buffer_pipe_5_reg[3][8]/CN                       I2C   default_mode 
    6014 19470   systolic_array_8X8_b_queue_reg[1][1][6]/CN         I2C   default_mode 
    6015 19470   b_buffer_pipe_5_reg[3][6]/CN                       I2C   default_mode 
    6016 19470   b_buffer_pipe_5_reg[3][4]/CN                       I2C   default_mode 
    6017 19470   b_buffer_pipe_7_reg[3][0]/CN                       I2C   default_mode 
    6018 19470   b_buffer_pipe_7_reg[6][5]/CN                       I2C   default_mode 
    6019 19470   systolic_array_8X8_b_queue_reg[3][0][4]/CN         I2C   default_mode 
    6020 19470   b_buffer_pipe_5_reg[3][2]/CN                       I2C   default_mode 
    6021 19470   b_buffer_pipe_5_reg[3][0]/CN                       I2C   default_mode 
    6022 19470   systolic_array_8X8_b_queue_reg[1][0][6]/CN         I2C   default_mode 
    6023 19470   b_buffer_pipe_5_reg[2][7]/CN                       I2C   default_mode 
    6024 19470   b_buffer_pipe_5_reg[2][5]/CN                       I2C   default_mode 
    6025 19470   systolic_array_8X8_b_queue_reg[1][0][2]/CN         I2C   default_mode 
    6026 19470   b_buffer_pipe_5_reg[2][3]/CN                       I2C   default_mode 
    6027 19470   b_buffer_pipe_5_reg[2][1]/CN                       I2C   default_mode 
    6028 19470   systolic_array_8X8_b_queue_reg[0][7][6]/CN         I2C   default_mode 
    6029 19470   b_buffer_pipe_5_reg[1][8]/CN                       I2C   default_mode 
    6030 19470   b_buffer_pipe_5_reg[1][6]/CN                       I2C   default_mode 
    6031 19470   b_buffer_pipe_5_reg[1][4]/CN                       I2C   default_mode 
    6032 19470   b_buffer_pipe_5_reg[1][2]/CN                       I2C   default_mode 
    6033 19470   systolic_array_8X8_b_queue_reg[0][6][6]/CN         I2C   default_mode 
    6034 19470   b_buffer_pipe_5_reg[1][0]/CN                       I2C   default_mode 
    6035 19470   systolic_array_8X8_b_queue_reg[0][6][2]/CN         I2C   default_mode 
    6036 19470   systolic_array_8X8_b_queue_reg[0][5][6]/CN         I2C   default_mode 
    6037 19470   b_buffer_pipe_5_reg[0][0]/CN                       I2C   default_mode 
    6038 19470   b_buffer_pipe_4_reg[3][7]/CN                       I2C   default_mode 
    6039 19470   systolic_array_8X8_b_queue_reg[0][5][2]/CN         I2C   default_mode 
    6040 19470   systolic_array_8X8_a_queue_reg[4][4][6]/CN         I2C   default_mode 
    6041 19470   systolic_array_8X8_b_queue_reg[0][5][0]/CN         I2C   default_mode 
    6042 19470   b_buffer_pipe_7_reg[6][7]/CN                       I2C   default_mode 
    6043 19470   systolic_array_8X8_b_queue_reg[0][4][6]/CN         I2C   default_mode 
    6044 19470   b_buffer_pipe_4_reg[2][8]/CN                       I2C   default_mode 
    6045 19470   systolic_array_8X8_b_queue_reg[0][4][4]/CN         I2C   default_mode 
    6046 19470   systolic_array_8X8_b_queue_reg[0][4][2]/CN         I2C   default_mode 
    6047 19470   b_buffer_pipe_4_reg[2][7]/CN                       I2C   default_mode 
    6048 19470   systolic_array_8X8_b_queue_reg[0][4][0]/CN         I2C   default_mode 
    6049 19470   systolic_array_8X8_b_queue_reg[0][3][6]/CN         I2C   default_mode 
    6050 19470   b_buffer_pipe_4_reg[2][3]/CN                       I2C   default_mode 
    6051 19470   b_buffer_pipe_4_reg[2][2]/CN                       I2C   default_mode 
    6052 19470   b_buffer_pipe_4_reg[2][0]/CN                       I2C   default_mode 
    6053 19470   systolic_array_8X8_b_queue_reg[0][3][4]/CN         I2C   default_mode 
    6054 19470   b_buffer_pipe_4_reg[1][8]/CN                       I2C   default_mode 
    6055 19470   b_buffer_pipe_4_reg[1][6]/CN                       I2C   default_mode 
    6056 19470   systolic_array_8X8_b_queue_reg[0][3][0]/CN         I2C   default_mode 
    6057 19470   systolic_array_8X8_b_queue_reg[0][2][6]/CN         I2C   default_mode 
    6058 19470   b_buffer_pipe_4_reg[1][4]/CN                       I2C   default_mode 
    6059 19470   b_buffer_pipe_4_reg[1][3]/CN                       I2C   default_mode 
    6060 19470   b_buffer_pipe_4_reg[1][1]/CN                       I2C   default_mode 
    6061 19470   systolic_array_8X8_b_queue_reg[0][2][2]/CN         I2C   default_mode 
    6062 19470   b_buffer_pipe_7_reg[6][8]/CN                       I2C   default_mode 
    6063 19470   systolic_array_8X8_b_queue_reg[0][1][6]/CN         I2C   default_mode 
    6064 19470   a_buffer_pipe_4_reg[3][7]/CN                       I2C   default_mode 
    6065 19470   systolic_array_8X8_b_queue_reg[0][1][4]/CN         I2C   default_mode 
    6066 19470   b_buffer_pipe_3_reg[2][6]/CN                       I2C   default_mode 
    6067 19470   systolic_array_8X8_b_queue_reg[0][0][4]/CN         I2C   default_mode 
    6068 19470   b_buffer_pipe_3_reg[1][7]/CN                       I2C   default_mode 
    6069 19470   systolic_array_8X8_a_queue_reg[7][7][8]/CN         I2C   default_mode 
    6070 19470   b_buffer_pipe_3_reg[1][3]/CN                       I2C   default_mode 
    6071 19470   systolic_array_8X8_a_queue_reg[7][7][7]/CN         I2C   default_mode 
    6072 19470   systolic_array_8X8_a_queue_reg[4][7][2]/CN         I2C   default_mode 
    6073 19470   systolic_array_8X8_b_queue_reg[0][1][2]/CN         I2C   default_mode 
    6074 19470   b_buffer_pipe_7_reg[2][5]/CN                       I2C   default_mode 
    6075 19470   systolic_array_8X8_a_queue_reg[7][7][4]/CN         I2C   default_mode 
    6076 19470   b_buffer_pipe_2_reg[1][8]/CN                       I2C   default_mode 
    6077 19470   systolic_array_8X8_a_queue_reg[7][7][2]/CN         I2C   default_mode 
    6078 19470   b_buffer_pipe_2_reg[1][6]/CN                       I2C   default_mode 
    6079 19470   b_buffer_pipe_2_reg[1][4]/CN                       I2C   default_mode 
    6080 19470   systolic_array_8X8_a_queue_reg[7][6][8]/CN         I2C   default_mode 
    6081 19470   b_buffer_pipe_2_reg[1][2]/CN                       I2C   default_mode 
    6082 19470   b_buffer_pipe_2_reg[1][0]/CN                       I2C   default_mode 
    6083 19470   systolic_array_8X8_a_queue_reg[7][6][4]/CN         I2C   default_mode 
    6084 19470   systolic_array_8X8_a_queue_reg[7][6][2]/CN         I2C   default_mode 
    6085 19470   systolic_array_8X8_a_queue_reg[7][5][8]/CN         I2C   default_mode 
    6086 19470   systolic_array_8X8_a_queue_reg[7][5][7]/CN         I2C   default_mode 
    6087 19470   a_buffer_pipe_7_reg[6][5]/CN                       I2C   default_mode 
    6088 19470   systolic_array_8X8_a_queue_reg[7][5][4]/CN         I2C   default_mode 
    6089 19470   systolic_array_8X8_a_queue_reg[7][5][3]/CN         I2C   default_mode 
    6090 19470   systolic_array_8X8_a_queue_reg[7][5][2]/CN         I2C   default_mode 
    6091 19470   a_buffer_pipe_7_reg[5][6]/CN                       I2C   default_mode 
    6092 19470   b_buffer_pipe_3_reg[2][1]/CN                       I2C   default_mode 
    6093 19470   b_buffer_pipe_3_reg[2][0]/CN                       I2C   default_mode 
    6094 19470   systolic_array_8X8_a_queue_reg[7][4][8]/CN         I2C   default_mode 
    6095 19470   b_buffer_pipe_3_reg[0][8]/CN                       I2C   default_mode 
    6096 19470   a_buffer_pipe_7_reg[5][2]/CN                       I2C   default_mode 
    6097 19470   systolic_array_8X8_a_queue_reg[7][4][7]/CN         I2C   default_mode 
    6098 19470   a_buffer_pipe_7_reg[4][7]/CN                       I2C   default_mode 
    6099 19470   systolic_array_8X8_a_queue_reg[7][4][4]/CN         I2C   default_mode 
    6100 19470   systolic_array_8X8_a_queue_reg[7][4][3]/CN         I2C   default_mode 
    6101 19470   systolic_array_8X8_a_queue_reg[7][4][2]/CN         I2C   default_mode 
    6102 19470   a_buffer_pipe_7_reg[3][8]/CN                       I2C   default_mode 
    6103 19470   systolic_array_8X8_a_queue_reg[7][3][8]/CN         I2C   default_mode 
    6104 19470   systolic_array_8X8_a_queue_reg[7][7][5]/CN         I2C   default_mode 
    6105 19470   a_buffer_pipe_7_reg[3][4]/CN                       I2C   default_mode 
    6106 19470   systolic_array_8X8_a_queue_reg[7][3][7]/CN         I2C   default_mode 
    6107 19470   a_buffer_pipe_7_reg[3][0]/CN                       I2C   default_mode 
    6108 19470   systolic_array_8X8_a_queue_reg[7][3][4]/CN         I2C   default_mode 
    6109 19470   systolic_array_8X8_b_queue_reg[4][1][4]/CN         I2C   default_mode 
    6110 19470   systolic_array_8X8_a_queue_reg[7][3][3]/CN         I2C   default_mode 
    6111 19470   systolic_array_8X8_a_queue_reg[7][3][2]/CN         I2C   default_mode 
    6112 19470   a_buffer_pipe_7_reg[2][1]/CN                       I2C   default_mode 
    6113 19471   systolic_array_8X8_b_queue_reg[4][5][7]/CN         I2C   default_mode 
    6114 19471   systolic_array_8X8_b_queue_reg[4][4][7]/CN         I2C   default_mode 
    6115 19471   systolic_array_8X8_b_queue_reg[1][6][7]/CN         I2C   default_mode 
    6116 19471   systolic_array_8X8_b_queue_reg[4][4][3]/CN         I2C   default_mode 
    6117 19471   systolic_array_8X8_b_queue_reg[1][7][7]/CN         I2C   default_mode 
    6118 19471   systolic_array_8X8_b_queue_reg[4][4][1]/CN         I2C   default_mode 
    6119 19471   systolic_array_8X8_a_queue_reg[7][6][0]/CN         I2C   default_mode 
    6120 19471   systolic_array_8X8_a_queue_reg[2][1][0]/CN         I2C   default_mode 
    6121 19471   systolic_array_8X8_b_queue_reg[2][2][1]/CN         I2C   default_mode 
    6122 19471   systolic_array_8X8_b_queue_reg[4][5][1]/CN         I2C   default_mode 
    6123 19471   systolic_array_8X8_b_queue_reg[6][2][5]/CN         I2C   default_mode 
    6124 19471   systolic_array_8X8_b_queue_reg[3][2][1]/CN         I2C   default_mode 
    6125 19471   systolic_array_8X8_b_queue_reg[1][7][8]/CN         I2C   default_mode 
    6126 19471   systolic_array_8X8_a_queue_reg[4][2][0]/CN         I2C   default_mode 
    6127 19471   systolic_array_8X8_a_queue_reg[4][3][0]/CN         I2C   default_mode 
    6128 19471   systolic_array_8X8_b_queue_reg[1][3][5]/CN         I2C   default_mode 
    6129 19471   systolic_array_8X8_b_queue_reg[1][3][7]/CN         I2C   default_mode 
    6130 19471   systolic_array_8X8_a_queue_reg[2][2][0]/CN         I2C   default_mode 
    6131 19471   systolic_array_8X8_b_queue_reg[7][1][8]/CN         I2C   default_mode 
    6132 19471   systolic_array_8X8_a_queue_reg[0][1][0]/CN         I2C   default_mode 
    6133 19471   systolic_array_8X8_b_queue_reg[0][1][1]/CN         I2C   default_mode 
    6134 19471   systolic_array_8X8_a_queue_reg[6][0][0]/CN         I2C   default_mode 
    6135 19471   systolic_array_8X8_b_queue_reg[0][1][8]/CN         I2C   default_mode 
    6136 19471   systolic_array_8X8_b_queue_reg[4][0][7]/CN         I2C   default_mode 
    6137 19471   systolic_array_8X8_b_queue_reg[7][1][1]/CN         I2C   default_mode 
    6138 19471   systolic_array_8X8_b_queue_reg[6][0][1]/CN         I2C   default_mode 
    6139 19471   systolic_array_8X8_b_queue_reg[0][0][3]/CN         I2C   default_mode 
    6140 19471   systolic_array_8X8_b_queue_reg[6][2][8]/CN         I2C   default_mode 
    6141 19471   systolic_array_8X8_b_queue_reg[1][1][8]/CN         I2C   default_mode 
    6142 19471   systolic_array_8X8_b_queue_reg[3][2][5]/CN         I2C   default_mode 
    6143 19471   systolic_array_8X8_a_queue_reg[4][0][0]/CN         I2C   default_mode 
    6144 19471   systolic_array_8X8_b_queue_reg[0][0][7]/CN         I2C   default_mode 
    6145 19471   systolic_array_8X8_b_queue_reg[4][0][1]/CN         I2C   default_mode 
    6146 19471   systolic_array_8X8_a_queue_reg[0][0][0]/CN         I2C   default_mode 
    6147 19471   systolic_array_8X8_b_queue_reg[7][7][7]/CN         I2C   default_mode 
    6148 19471   systolic_array_8X8_b_queue_reg[0][0][1]/CN         I2C   default_mode 
    6149 19471   systolic_array_8X8_b_queue_reg[4][7][3]/CN         I2C   default_mode 
    6150 19471   systolic_array_8X8_a_queue_reg[0][7][0]/CN         I2C   default_mode 
    6151 19471   systolic_array_8X8_b_queue_reg[0][0][8]/CN         I2C   default_mode 
    6152 19471   systolic_array_8X8_b_queue_reg[4][5][5]/CN         I2C   default_mode 
    6153 19471   systolic_array_8X8_b_queue_reg[4][0][8]/CN         I2C   default_mode 
    6154 19471   systolic_array_8X8_b_queue_reg[6][0][8]/CN         I2C   default_mode 
    6155 19471   systolic_array_8X8_b_queue_reg[3][7][3]/CN         I2C   default_mode 
    6156 19471   systolic_array_8X8_b_queue_reg[7][0][8]/CN         I2C   default_mode 
    6157 19471   systolic_array_8X8_b_queue_reg[3][7][5]/CN         I2C   default_mode 
    6158 19471   systolic_array_8X8_b_queue_reg[2][0][7]/CN         I2C   default_mode 
    6159 19471   systolic_array_8X8_b_queue_reg[5][7][3]/CN         I2C   default_mode 
    6160 19471   systolic_array_8X8_b_queue_reg[3][7][7]/CN         I2C   default_mode 
    6161 19471   systolic_array_8X8_b_queue_reg[1][2][5]/CN         I2C   default_mode 
    6162 19471   systolic_array_8X8_b_queue_reg[7][4][8]/CN         I2C   default_mode 
    6163 19471   systolic_array_8X8_b_queue_reg[1][3][1]/CN         I2C   default_mode 
    6164 19471   systolic_array_8X8_b_queue_reg[5][7][5]/CN         I2C   default_mode 
    6165 19471   systolic_array_8X8_b_queue_reg[6][7][3]/CN         I2C   default_mode 
    6166 19471   systolic_array_8X8_b_queue_reg[5][1][1]/CN         I2C   default_mode 
    6167 19471   systolic_array_8X8_b_queue_reg[5][7][7]/CN         I2C   default_mode 
    6168 19471   systolic_array_8X8_b_queue_reg[3][7][8]/CN         I2C   default_mode 
    6169 19471   systolic_array_8X8_a_queue_reg[4][5][0]/CN         I2C   default_mode 
    6170 19471   systolic_array_8X8_b_queue_reg[3][6][3]/CN         I2C   default_mode 
    6171 19471   systolic_array_8X8_b_queue_reg[7][6][8]/CN         I2C   default_mode 
    6172 19471   systolic_array_8X8_b_queue_reg[1][3][3]/CN         I2C   default_mode 
    6173 19471   systolic_array_8X8_b_queue_reg[3][6][5]/CN         I2C   default_mode 
    6174 19471   systolic_array_8X8_a_queue_reg[5][7][0]/CN         I2C   default_mode 
    6175 19471   systolic_array_8X8_b_queue_reg[6][7][5]/CN         I2C   default_mode 
    6176 19471   systolic_array_8X8_a_queue_reg[0][2][0]/CN         I2C   default_mode 
    6177 19471   systolic_array_8X8_b_queue_reg[7][3][3]/CN         I2C   default_mode 
    6178 19471   systolic_array_8X8_a_queue_reg[3][6][0]/CN         I2C   default_mode 
    6179 19471   systolic_array_8X8_b_queue_reg[5][7][1]/CN         I2C   default_mode 
    6180 19471   systolic_array_8X8_b_queue_reg[4][2][8]/CN         I2C   default_mode 
    6181 19471   systolic_array_8X8_b_queue_reg[6][3][8]/CN         I2C   default_mode 
    6182 19471   systolic_array_8X8_b_queue_reg[6][7][7]/CN         I2C   default_mode 
    6183 19471   systolic_array_8X8_b_queue_reg[6][6][3]/CN         I2C   default_mode 
    6184 19471   systolic_array_8X8_b_queue_reg[3][6][8]/CN         I2C   default_mode 
    6185 19471   systolic_array_8X8_b_queue_reg[5][7][8]/CN         I2C   default_mode 
    6186 19471   systolic_array_8X8_b_queue_reg[3][5][3]/CN         I2C   default_mode 
    6187 19471   systolic_array_8X8_b_queue_reg[5][6][3]/CN         I2C   default_mode 
    6188 19471   systolic_array_8X8_b_queue_reg[7][0][5]/CN         I2C   default_mode 
    6189 19471   systolic_array_8X8_b_queue_reg[3][5][5]/CN         I2C   default_mode 
    6190 19471   systolic_array_8X8_a_queue_reg[1][0][0]/CN         I2C   default_mode 
    6191 19471   systolic_array_8X8_b_queue_reg[3][5][7]/CN         I2C   default_mode 
    6192 19471   systolic_array_8X8_b_queue_reg[5][5][3]/CN         I2C   default_mode 
    6193 19471   systolic_array_8X8_b_queue_reg[7][7][8]/CN         I2C   default_mode 
    6194 19471   systolic_array_8X8_a_queue_reg[3][5][0]/CN         I2C   default_mode 
    6195 19471   systolic_array_8X8_b_queue_reg[3][3][5]/CN         I2C   default_mode 
    6196 19471   systolic_array_8X8_a_queue_reg[6][7][0]/CN         I2C   default_mode 
    6197 19471   systolic_array_8X8_b_queue_reg[3][5][1]/CN         I2C   default_mode 
    6198 19471   systolic_array_8X8_b_queue_reg[7][7][3]/CN         I2C   default_mode 
    6199 19471   systolic_array_8X8_b_queue_reg[7][3][5]/CN         I2C   default_mode 
    6200 19471   systolic_array_8X8_a_queue_reg[6][2][0]/CN         I2C   default_mode 
    6201 19471   systolic_array_8X8_b_queue_reg[3][5][8]/CN         I2C   default_mode 
    6202 19471   systolic_array_8X8_b_queue_reg[5][6][7]/CN         I2C   default_mode 
    6203 19471   systolic_array_8X8_b_queue_reg[3][4][3]/CN         I2C   default_mode 
    6204 19471   systolic_array_8X8_b_queue_reg[1][2][8]/CN         I2C   default_mode 
    6205 19471   systolic_array_8X8_b_queue_reg[4][5][8]/CN         I2C   default_mode 
    6206 19471   systolic_array_8X8_b_queue_reg[7][5][3]/CN         I2C   default_mode 
    6207 19471   systolic_array_8X8_b_queue_reg[3][4][5]/CN         I2C   default_mode 
    6208 19471   systolic_array_8X8_a_queue_reg[5][6][0]/CN         I2C   default_mode 
    6209 19471   systolic_array_8X8_b_queue_reg[0][7][3]/CN         I2C   default_mode 
    6210 19471   systolic_array_8X8_b_queue_reg[6][7][1]/CN         I2C   default_mode 
    6211 19471   systolic_array_8X8_b_queue_reg[3][4][7]/CN         I2C   default_mode 
    6212 19471   systolic_array_8X8_b_queue_reg[7][6][1]/CN         I2C   default_mode 
    6213 19471   systolic_array_8X8_b_queue_reg[5][6][1]/CN         I2C   default_mode 
    6214 19471   systolic_array_8X8_a_queue_reg[4][6][0]/CN         I2C   default_mode 
    6215 19471   systolic_array_8X8_a_queue_reg[3][4][0]/CN         I2C   default_mode 
    6216 19471   systolic_array_8X8_a_queue_reg[1][3][0]/CN         I2C   default_mode 
    6217 19471   systolic_array_8X8_b_queue_reg[3][4][1]/CN         I2C   default_mode 
    6218 19471   systolic_array_8X8_b_queue_reg[7][3][7]/CN         I2C   default_mode 
    6219 19471   systolic_array_8X8_b_queue_reg[3][4][8]/CN         I2C   default_mode 
    6220 19471   systolic_array_8X8_b_queue_reg[5][6][8]/CN         I2C   default_mode 
    6221 19471   systolic_array_8X8_b_queue_reg[3][3][3]/CN         I2C   default_mode 
    6222 19471   systolic_array_8X8_b_queue_reg[6][7][8]/CN         I2C   default_mode 
    6223 19471   systolic_array_8X8_b_queue_reg[0][7][7]/CN         I2C   default_mode 
    6224 19471   systolic_array_8X8_b_queue_reg[3][3][7]/CN         I2C   default_mode 
    6225 19471   systolic_array_8X8_a_queue_reg[6][3][0]/CN         I2C   default_mode 
    6226 19471   systolic_array_8X8_a_queue_reg[3][3][0]/CN         I2C   default_mode 
    6227 19471   systolic_array_8X8_b_queue_reg[4][6][8]/CN         I2C   default_mode 
    6228 19471   systolic_array_8X8_b_queue_reg[5][5][5]/CN         I2C   default_mode 
    6229 19471   systolic_array_8X8_b_queue_reg[3][3][1]/CN         I2C   default_mode 
    6230 19471   systolic_array_8X8_b_queue_reg[5][5][7]/CN         I2C   default_mode 
    6231 19471   systolic_array_8X8_b_queue_reg[4][7][8]/CN         I2C   default_mode 
    6232 19471   systolic_array_8X8_b_queue_reg[1][5][1]/CN         I2C   default_mode 
    6233 19471   systolic_array_8X8_b_queue_reg[3][3][8]/CN         I2C   default_mode 
    6234 19471   systolic_array_8X8_b_queue_reg[7][4][3]/CN         I2C   default_mode 
    6235 19471   systolic_array_8X8_b_queue_reg[3][2][3]/CN         I2C   default_mode 
    6236 19471   systolic_array_8X8_b_queue_reg[7][6][3]/CN         I2C   default_mode 
    6237 19471   systolic_array_8X8_a_queue_reg[5][5][0]/CN         I2C   default_mode 
    6238 19471   systolic_array_8X8_b_queue_reg[3][2][7]/CN         I2C   default_mode 
    6239 19471   systolic_array_8X8_b_queue_reg[2][0][5]/CN         I2C   default_mode 
    6240 19471   systolic_array_8X8_b_queue_reg[6][6][5]/CN         I2C   default_mode 
    6241 19471   systolic_array_8X8_b_queue_reg[6][2][1]/CN         I2C   default_mode 
    6242 19471   systolic_array_8X8_a_queue_reg[3][2][0]/CN         I2C   default_mode 
    6243 19471   systolic_array_8X8_a_queue_reg[4][7][0]/CN         I2C   default_mode 
    6244 19471   systolic_array_8X8_b_queue_reg[5][5][1]/CN         I2C   default_mode 
    6245 19471   systolic_array_8X8_a_queue_reg[7][3][0]/CN         I2C   default_mode 
    6246 19471   systolic_array_8X8_b_queue_reg[6][3][5]/CN         I2C   default_mode 
    6247 19471   systolic_array_8X8_b_queue_reg[4][4][5]/CN         I2C   default_mode 
    6248 19471   systolic_array_8X8_b_queue_reg[3][2][8]/CN         I2C   default_mode 
    6249 19471   systolic_array_8X8_b_queue_reg[5][5][8]/CN         I2C   default_mode 
    6250 19471   systolic_array_8X8_b_queue_reg[6][6][7]/CN         I2C   default_mode 
    6251 19471   systolic_array_8X8_b_queue_reg[3][1][3]/CN         I2C   default_mode 
    6252 19471   systolic_array_8X8_b_queue_reg[5][4][3]/CN         I2C   default_mode 
    6253 19471   systolic_array_8X8_b_queue_reg[1][6][3]/CN         I2C   default_mode 
    6254 19471   systolic_array_8X8_b_queue_reg[3][1][5]/CN         I2C   default_mode 
    6255 19471   systolic_array_8X8_b_queue_reg[7][4][5]/CN         I2C   default_mode 
    6256 19471   systolic_array_8X8_b_queue_reg[3][1][7]/CN         I2C   default_mode 
    6257 19471   systolic_array_8X8_a_queue_reg[1][1][0]/CN         I2C   default_mode 
    6258 19471   systolic_array_8X8_b_queue_reg[7][5][5]/CN         I2C   default_mode 
    6259 19471   systolic_array_8X8_b_queue_reg[6][4][1]/CN         I2C   default_mode 
    6260 19471   systolic_array_8X8_b_queue_reg[0][5][1]/CN         I2C   default_mode 
    6261 19471   systolic_array_8X8_b_queue_reg[4][2][5]/CN         I2C   default_mode 
    6262 19471   systolic_array_8X8_a_queue_reg[3][1][0]/CN         I2C   default_mode 
    6263 19471   systolic_array_8X8_b_queue_reg[5][4][5]/CN         I2C   default_mode 
    6264 19471   systolic_array_8X8_a_queue_reg[6][6][0]/CN         I2C   default_mode 
    6265 19471   systolic_array_8X8_b_queue_reg[3][1][1]/CN         I2C   default_mode 
    6266 19471   systolic_array_8X8_a_queue_reg[0][5][0]/CN         I2C   default_mode 
    6267 19471   systolic_array_8X8_b_queue_reg[6][3][3]/CN         I2C   default_mode 
    6268 19471   systolic_array_8X8_b_queue_reg[7][3][1]/CN         I2C   default_mode 
    6269 19471   systolic_array_8X8_b_queue_reg[1][7][1]/CN         I2C   default_mode 
    6270 19471   systolic_array_8X8_b_queue_reg[6][4][5]/CN         I2C   default_mode 
    6271 19471   systolic_array_8X8_b_queue_reg[3][1][8]/CN         I2C   default_mode 
    6272 19471   systolic_array_8X8_b_queue_reg[7][0][1]/CN         I2C   default_mode 
    6273 19471   systolic_array_8X8_b_queue_reg[5][4][7]/CN         I2C   default_mode 
    6274 19471   systolic_array_8X8_b_queue_reg[3][0][3]/CN         I2C   default_mode 
    6275 19471   systolic_array_8X8_b_queue_reg[1][2][7]/CN         I2C   default_mode 
    6276 19471   systolic_array_8X8_a_queue_reg[1][7][0]/CN         I2C   default_mode 
    6277 19471   systolic_array_8X8_b_queue_reg[1][2][3]/CN         I2C   default_mode 
    6278 19471   systolic_array_8X8_b_queue_reg[3][0][5]/CN         I2C   default_mode 
    6279 19471   systolic_array_8X8_b_queue_reg[0][4][5]/CN         I2C   default_mode 
    6280 19471   systolic_array_8X8_a_queue_reg[5][4][0]/CN         I2C   default_mode 
    6281 19471   systolic_array_8X8_b_queue_reg[3][0][7]/CN         I2C   default_mode 
    6282 19471   systolic_array_8X8_b_queue_reg[0][5][7]/CN         I2C   default_mode 
    6283 19471   systolic_array_8X8_b_queue_reg[4][3][5]/CN         I2C   default_mode 
    6284 19471   systolic_array_8X8_b_queue_reg[5][4][1]/CN         I2C   default_mode 
    6285 19471   systolic_array_8X8_b_queue_reg[0][5][5]/CN         I2C   default_mode 
    6286 19471   systolic_array_8X8_a_queue_reg[3][0][0]/CN         I2C   default_mode 
    6287 19471   systolic_array_8X8_b_queue_reg[3][0][1]/CN         I2C   default_mode 
    6288 19471   systolic_array_8X8_b_queue_reg[7][5][7]/CN         I2C   default_mode 
    6289 19471   systolic_array_8X8_b_queue_reg[0][1][7]/CN         I2C   default_mode 
    6290 19471   systolic_array_8X8_b_queue_reg[1][0][8]/CN         I2C   default_mode 
    6291 19471   systolic_array_8X8_b_queue_reg[0][1][3]/CN         I2C   default_mode 
    6292 19471   systolic_array_8X8_b_queue_reg[3][0][8]/CN         I2C   default_mode 
    6293 19471   systolic_array_8X8_a_queue_reg[1][5][0]/CN         I2C   default_mode 
    6294 19471   systolic_array_8X8_b_queue_reg[5][4][8]/CN         I2C   default_mode 
    6295 19471   systolic_array_8X8_b_queue_reg[2][7][3]/CN         I2C   default_mode 
    6296 19471   systolic_array_8X8_b_queue_reg[0][1][5]/CN         I2C   default_mode 
    6297 19471   systolic_array_8X8_b_queue_reg[1][1][3]/CN         I2C   default_mode 
    6298 19471   systolic_array_8X8_b_queue_reg[6][6][8]/CN         I2C   default_mode 
    6299 19471   systolic_array_8X8_b_queue_reg[4][2][3]/CN         I2C   default_mode 
    6300 19471   systolic_array_8X8_b_queue_reg[2][7][5]/CN         I2C   default_mode 
    6301 19471   systolic_array_8X8_b_queue_reg[5][3][3]/CN         I2C   default_mode 
    6302 19471   systolic_array_8X8_b_queue_reg[5][1][8]/CN         I2C   default_mode 
    6303 19471   systolic_array_8X8_b_queue_reg[2][7][7]/CN         I2C   default_mode 
    6304 19471   systolic_array_8X8_b_queue_reg[4][6][1]/CN         I2C   default_mode 
    6305 19471   systolic_array_8X8_b_queue_reg[4][4][8]/CN         I2C   default_mode 
    6306 19471   systolic_array_8X8_b_queue_reg[4][0][3]/CN         I2C   default_mode 
    6307 19471   systolic_array_8X8_b_queue_reg[7][3][8]/CN         I2C   default_mode 
    6308 19471   systolic_array_8X8_b_queue_reg[1][4][8]/CN         I2C   default_mode 
    6309 19471   systolic_array_8X8_a_queue_reg[2][7][0]/CN         I2C   default_mode 
    6310 19471   systolic_array_8X8_b_queue_reg[5][3][5]/CN         I2C   default_mode 
    6311 19471   systolic_array_8X8_b_queue_reg[0][5][3]/CN         I2C   default_mode 
    6312 19471   systolic_array_8X8_b_queue_reg[6][5][3]/CN         I2C   default_mode 
    6313 19471   systolic_array_8X8_b_queue_reg[2][7][1]/CN         I2C   default_mode 
    6314 19471   systolic_array_8X8_b_queue_reg[4][3][8]/CN         I2C   default_mode 
    6315 19471   systolic_array_8X8_b_queue_reg[7][7][5]/CN         I2C   default_mode 
    6316 19471   systolic_array_8X8_b_queue_reg[5][3][7]/CN         I2C   default_mode 
    6317 19471   systolic_array_8X8_b_queue_reg[2][7][8]/CN         I2C   default_mode 
    6318 19471   systolic_array_8X8_b_queue_reg[6][0][7]/CN         I2C   default_mode 
    6319 19471   systolic_array_8X8_b_queue_reg[2][6][3]/CN         I2C   default_mode 
    6320 19471   systolic_array_8X8_b_queue_reg[0][6][8]/CN         I2C   default_mode 
    6321 19471   systolic_array_8X8_b_queue_reg[1][4][5]/CN         I2C   default_mode 
    6322 19471   systolic_array_8X8_b_queue_reg[7][2][3]/CN         I2C   default_mode 
    6323 19471   systolic_array_8X8_b_queue_reg[2][6][5]/CN         I2C   default_mode 
    6324 19471   systolic_array_8X8_b_queue_reg[1][1][7]/CN         I2C   default_mode 
    6325 19471   systolic_array_8X8_a_queue_reg[5][3][0]/CN         I2C   default_mode 
    6326 19471   systolic_array_8X8_b_queue_reg[4][1][8]/CN         I2C   default_mode 
    6327 19471   systolic_array_8X8_b_queue_reg[2][6][7]/CN         I2C   default_mode 
    6328 19471   systolic_array_8X8_b_queue_reg[1][2][1]/CN         I2C   default_mode 
    6329 19471   systolic_array_8X8_b_queue_reg[6][5][5]/CN         I2C   default_mode 
    6330 19471   systolic_array_8X8_a_queue_reg[2][6][0]/CN         I2C   default_mode 
    6331 19471   systolic_array_8X8_b_queue_reg[5][3][1]/CN         I2C   default_mode 
    6332 19471   systolic_array_8X8_b_queue_reg[2][0][1]/CN         I2C   default_mode 
    6333 19471   systolic_array_8X8_a_queue_reg[2][0][0]/CN         I2C   default_mode 
    6334 19471   systolic_array_8X8_b_queue_reg[2][6][1]/CN         I2C   default_mode 
    6335 19471   systolic_array_8X8_b_queue_reg[6][0][3]/CN         I2C   default_mode 
    6336 19471   systolic_array_8X8_b_queue_reg[6][1][7]/CN         I2C   default_mode 
    6337 19471   systolic_array_8X8_b_queue_reg[6][5][7]/CN         I2C   default_mode 
    6338 19471   systolic_array_8X8_b_queue_reg[6][2][3]/CN         I2C   default_mode 
    6339 19471   systolic_array_8X8_b_queue_reg[5][0][7]/CN         I2C   default_mode 
    6340 19471   systolic_array_8X8_b_queue_reg[2][6][8]/CN         I2C   default_mode 
    6341 19471   systolic_array_8X8_b_queue_reg[5][3][8]/CN         I2C   default_mode 
    6342 19471   systolic_array_8X8_b_queue_reg[0][2][8]/CN         I2C   default_mode 
    6343 19471   systolic_array_8X8_b_queue_reg[2][5][3]/CN         I2C   default_mode 
    6344 19471   systolic_array_8X8_b_queue_reg[0][6][5]/CN         I2C   default_mode 
    6345 19471   systolic_array_8X8_b_queue_reg[5][2][3]/CN         I2C   default_mode 
    6346 19471   systolic_array_8X8_a_queue_reg[5][0][0]/CN         I2C   default_mode 
    6347 19471   systolic_array_8X8_b_queue_reg[1][3][8]/CN         I2C   default_mode 
    6348 19471   systolic_array_8X8_b_queue_reg[2][5][5]/CN         I2C   default_mode 
    6349 19471   systolic_array_8X8_b_queue_reg[2][5][7]/CN         I2C   default_mode 
    6350 19471   systolic_array_8X8_b_queue_reg[0][3][7]/CN         I2C   default_mode 
    6351 19471   systolic_array_8X8_a_queue_reg[2][5][0]/CN         I2C   default_mode 
    6352 19471   systolic_array_8X8_b_queue_reg[5][2][5]/CN         I2C   default_mode 
    6353 19471   systolic_array_8X8_a_queue_reg[6][5][0]/CN         I2C   default_mode 
    6354 19471   systolic_array_8X8_a_queue_reg[0][3][0]/CN         I2C   default_mode 
    6355 19471   systolic_array_8X8_b_queue_reg[2][5][1]/CN         I2C   default_mode 
    6356 19471   systolic_array_8X8_b_queue_reg[7][2][5]/CN         I2C   default_mode 
    6357 19471   systolic_array_8X8_b_queue_reg[4][1][3]/CN         I2C   default_mode 
    6358 19471   systolic_array_8X8_b_queue_reg[2][5][8]/CN         I2C   default_mode 
    6359 19471   systolic_array_8X8_b_queue_reg[5][2][7]/CN         I2C   default_mode 
    6360 19471   systolic_array_8X8_a_queue_reg[7][0][0]/CN         I2C   default_mode 
    6361 19471   systolic_array_8X8_b_queue_reg[2][4][3]/CN         I2C   default_mode 
    6362 19471   systolic_array_8X8_b_queue_reg[0][3][5]/CN         I2C   default_mode 
    6363 19471   systolic_array_8X8_a_queue_reg[7][5][0]/CN         I2C   default_mode 
    6364 19471   systolic_array_8X8_b_queue_reg[2][4][5]/CN         I2C   default_mode 
    6365 19471   systolic_array_8X8_a_queue_reg[5][2][0]/CN         I2C   default_mode 
    6366 19471   systolic_array_8X8_b_queue_reg[6][5][1]/CN         I2C   default_mode 
    6367 19471   systolic_array_8X8_b_queue_reg[2][4][7]/CN         I2C   default_mode 
    6368 19471   systolic_array_8X8_b_queue_reg[5][2][1]/CN         I2C   default_mode 
    6369 19471   systolic_array_8X8_b_queue_reg[1][4][7]/CN         I2C   default_mode 
    6370 19471   systolic_array_8X8_b_queue_reg[0][3][1]/CN         I2C   default_mode 
    6371 19471   systolic_array_8X8_b_queue_reg[7][0][7]/CN         I2C   default_mode 
    6372 19471   systolic_array_8X8_a_queue_reg[2][4][0]/CN         I2C   default_mode 
    6373 19471   systolic_array_8X8_b_queue_reg[1][0][7]/CN         I2C   default_mode 
    6374 19471   systolic_array_8X8_b_queue_reg[7][0][3]/CN         I2C   default_mode 
    6375 19471   systolic_array_8X8_b_queue_reg[6][3][1]/CN         I2C   default_mode 
    6376 19471   systolic_array_8X8_b_queue_reg[2][4][1]/CN         I2C   default_mode 
    6377 19471   systolic_array_8X8_b_queue_reg[7][6][5]/CN         I2C   default_mode 
    6378 19471   systolic_array_8X8_b_queue_reg[0][7][5]/CN         I2C   default_mode 
    6379 19471   systolic_array_8X8_b_queue_reg[0][2][1]/CN         I2C   default_mode 
    6380 19471   systolic_array_8X8_b_queue_reg[2][4][8]/CN         I2C   default_mode 
    6381 19471   systolic_array_8X8_b_queue_reg[5][2][8]/CN         I2C   default_mode 
    6382 19471   systolic_array_8X8_b_queue_reg[6][5][8]/CN         I2C   default_mode 
    6383 19471   systolic_array_8X8_b_queue_reg[2][3][3]/CN         I2C   default_mode 
    6384 19471   systolic_array_8X8_a_queue_reg[1][4][0]/CN         I2C   default_mode 
    6385 19471   systolic_array_8X8_b_queue_reg[7][2][7]/CN         I2C   default_mode 
    6386 19471   systolic_array_8X8_b_queue_reg[0][3][3]/CN         I2C   default_mode 
    6387 19471   systolic_array_8X8_b_queue_reg[4][5][3]/CN         I2C   default_mode 
    6388 19471   systolic_array_8X8_b_queue_reg[2][3][5]/CN         I2C   default_mode 
    6389 19471   systolic_array_8X8_b_queue_reg[0][6][1]/CN         I2C   default_mode 
    6390 19471   systolic_array_8X8_b_queue_reg[5][1][3]/CN         I2C   default_mode 
    6391 19471   systolic_array_8X8_b_queue_reg[6][1][8]/CN         I2C   default_mode 
    6392 19471   systolic_array_8X8_b_queue_reg[2][2][3]/CN         I2C   default_mode 
    6393 19471   systolic_array_8X8_b_queue_reg[5][6][5]/CN         I2C   default_mode 
    6394 19471   systolic_array_8X8_b_queue_reg[1][6][5]/CN         I2C   default_mode 
    6395 19471   systolic_array_8X8_b_queue_reg[2][3][7]/CN         I2C   default_mode 
    6396 19471   systolic_array_8X8_b_queue_reg[6][4][3]/CN         I2C   default_mode 
    6397 19471   systolic_array_8X8_b_queue_reg[1][1][5]/CN         I2C   default_mode 
    6398 19471   systolic_array_8X8_b_queue_reg[4][3][1]/CN         I2C   default_mode 
    6399 19471   systolic_array_8X8_a_queue_reg[2][3][0]/CN         I2C   default_mode 
    6400 19471   systolic_array_8X8_b_queue_reg[1][4][3]/CN         I2C   default_mode 
    6401 19471   systolic_array_8X8_b_queue_reg[0][6][3]/CN         I2C   default_mode 
    6402 19471   systolic_array_8X8_b_queue_reg[5][1][5]/CN         I2C   default_mode 
    6403 19471   systolic_array_8X8_b_queue_reg[2][3][1]/CN         I2C   default_mode 
    6404 19471   systolic_array_8X8_b_queue_reg[5][1][7]/CN         I2C   default_mode 
    6405 19471   systolic_array_8X8_b_queue_reg[2][3][8]/CN         I2C   default_mode 
    6406 19471   systolic_array_8X8_b_queue_reg[4][7][7]/CN         I2C   default_mode 
    6407 19471   systolic_array_8X8_b_queue_reg[2][1][3]/CN         I2C   default_mode 
    6408 19471   systolic_array_8X8_a_queue_reg[7][7][0]/CN         I2C   default_mode 
    6409 19471   systolic_array_8X8_b_queue_reg[0][4][8]/CN         I2C   default_mode 
    6410 19471   systolic_array_8X8_b_queue_reg[6][4][7]/CN         I2C   default_mode 
    6411 19471   systolic_array_8X8_b_queue_reg[2][2][5]/CN         I2C   default_mode 
    6412 19471   systolic_array_8X8_a_queue_reg[5][1][0]/CN         I2C   default_mode 
    6413 19471   systolic_array_8X8_b_queue_reg[4][1][5]/CN         I2C   default_mode 
    6414 19471   systolic_array_8X8_b_queue_reg[6][0][5]/CN         I2C   default_mode 
    6415 19471   systolic_array_8X8_b_queue_reg[2][2][7]/CN         I2C   default_mode 
    6416 19471   systolic_array_8X8_b_queue_reg[1][1][1]/CN         I2C   default_mode 
    6417 19471   systolic_array_8X8_a_queue_reg[7][2][0]/CN         I2C   default_mode 
    6418 19471   systolic_array_8X8_b_queue_reg[0][7][8]/CN         I2C   default_mode 
    6419 19471   systolic_array_8X8_a_queue_reg[7][4][0]/CN         I2C   default_mode 
    6420 19471   systolic_array_8X8_a_queue_reg[1][2][0]/CN         I2C   default_mode 
    6421 19471   systolic_array_8X8_b_queue_reg[0][2][7]/CN         I2C   default_mode 
    6422 19471   systolic_array_8X8_b_queue_reg[7][5][1]/CN         I2C   default_mode 
    6423 19471   systolic_array_8X8_b_queue_reg[2][2][8]/CN         I2C   default_mode 
    6424 19471   systolic_array_8X8_a_queue_reg[4][1][0]/CN         I2C   default_mode 
    6425 19471   systolic_array_8X8_b_queue_reg[0][4][1]/CN         I2C   default_mode 
    6426 19471   systolic_array_8X8_b_queue_reg[5][0][3]/CN         I2C   default_mode 
    6427 19471   systolic_array_8X8_b_queue_reg[2][1][5]/CN         I2C   default_mode 
    6428 19471   systolic_array_8X8_b_queue_reg[7][4][1]/CN         I2C   default_mode 
    6429 19471   systolic_array_8X8_b_queue_reg[2][1][7]/CN         I2C   default_mode 
    6430 19471   systolic_array_8X8_b_queue_reg[7][2][1]/CN         I2C   default_mode 
    6431 19471   systolic_array_8X8_b_queue_reg[0][2][5]/CN         I2C   default_mode 
    6432 19471   systolic_array_8X8_a_queue_reg[6][4][0]/CN         I2C   default_mode 
    6433 19471   systolic_array_8X8_a_queue_reg[0][6][0]/CN         I2C   default_mode 
    6434 19471   systolic_array_8X8_b_queue_reg[2][1][8]/CN         I2C   default_mode 
    6435 19471   systolic_array_8X8_b_queue_reg[4][3][7]/CN         I2C   default_mode 
    6436 19471   systolic_array_8X8_b_queue_reg[0][7][1]/CN         I2C   default_mode 
    6437 19471   systolic_array_8X8_b_queue_reg[2][0][3]/CN         I2C   default_mode 
    6438 19471   systolic_array_8X8_b_queue_reg[4][2][1]/CN         I2C   default_mode 
    6439 19471   systolic_array_8X8_b_queue_reg[5][0][1]/CN         I2C   default_mode 
    6440 19471   systolic_array_8X8_b_queue_reg[6][1][1]/CN         I2C   default_mode 
    6441 19471   systolic_array_8X8_b_queue_reg[6][1][3]/CN         I2C   default_mode 
    6442 19471   systolic_array_8X8_b_queue_reg[2][0][8]/CN         I2C   default_mode 
    6443 19471   systolic_array_8X8_b_queue_reg[5][0][8]/CN         I2C   default_mode 
    6444 19471   systolic_array_8X8_b_queue_reg[6][4][8]/CN         I2C   default_mode 
    6445 19471   systolic_array_8X8_b_queue_reg[1][7][3]/CN         I2C   default_mode 
    6446 19471   systolic_array_8X8_b_queue_reg[7][2][8]/CN         I2C   default_mode 
    6447 19471   systolic_array_8X8_b_queue_reg[1][7][5]/CN         I2C   default_mode 
    6448 19471   systolic_array_8X8_b_queue_reg[6][1][5]/CN         I2C   default_mode 
    6449 19471   systolic_array_8X8_b_queue_reg[7][5][8]/CN         I2C   default_mode 
    6450 19471   systolic_array_8X8_b_queue_reg[1][6][1]/CN         I2C   default_mode 
    6451 19471   systolic_array_8X8_b_queue_reg[4][7][5]/CN         I2C   default_mode 
    6452 19471   systolic_array_8X8_a_queue_reg[4][4][0]/CN         I2C   default_mode 
    6453 19471   systolic_array_8X8_b_queue_reg[0][2][3]/CN         I2C   default_mode 
    6454 19471   systolic_array_8X8_b_queue_reg[7][1][7]/CN         I2C   default_mode 
    6455 19471   systolic_array_8X8_b_queue_reg[7][6][7]/CN         I2C   default_mode 
    6456 19471   systolic_array_8X8_b_queue_reg[0][4][3]/CN         I2C   default_mode 
    6457 19471   systolic_array_8X8_b_queue_reg[7][4][7]/CN         I2C   default_mode 
    6458 19471   systolic_array_8X8_b_queue_reg[7][1][3]/CN         I2C   default_mode 
    6459 19471   systolic_array_8X8_b_queue_reg[4][7][1]/CN         I2C   default_mode 
    6460 19471   systolic_array_8X8_b_queue_reg[0][6][7]/CN         I2C   default_mode 
    6461 19471   systolic_array_8X8_a_queue_reg[6][1][0]/CN         I2C   default_mode 
    6462 19471   systolic_array_8X8_b_queue_reg[4][1][1]/CN         I2C   default_mode 
    6463 19471   systolic_array_8X8_b_queue_reg[4][2][7]/CN         I2C   default_mode 
    6464 19471   systolic_array_8X8_b_queue_reg[6][3][7]/CN         I2C   default_mode 
    6465 19471   systolic_array_8X8_b_queue_reg[1][6][8]/CN         I2C   default_mode 
    6466 19471   systolic_array_8X8_b_queue_reg[1][0][1]/CN         I2C   default_mode 
    6467 19471   systolic_array_8X8_b_queue_reg[1][5][3]/CN         I2C   default_mode 
    6468 19471   systolic_array_8X8_b_queue_reg[3][6][1]/CN         I2C   default_mode 
    6469 19471   systolic_array_8X8_b_queue_reg[1][5][5]/CN         I2C   default_mode 
    6470 19471   systolic_array_8X8_b_queue_reg[1][5][7]/CN         I2C   default_mode 
    6471 19471   systolic_array_8X8_b_queue_reg[0][5][8]/CN         I2C   default_mode 
    6472 19471   systolic_array_8X8_b_queue_reg[4][1][7]/CN         I2C   default_mode 
    6473 19471   systolic_array_8X8_b_queue_reg[4][3][3]/CN         I2C   default_mode 
    6474 19471   systolic_array_8X8_b_queue_reg[6][6][1]/CN         I2C   default_mode 
    6475 19471   systolic_array_8X8_b_queue_reg[4][6][5]/CN         I2C   default_mode 
    6476 19471   systolic_array_8X8_b_queue_reg[1][5][8]/CN         I2C   default_mode 
    6477 19471   systolic_array_8X8_b_queue_reg[3][6][7]/CN         I2C   default_mode 
    6478 19471   systolic_array_8X8_b_queue_reg[0][4][7]/CN         I2C   default_mode 
    6479 19471   systolic_array_8X8_a_queue_reg[0][4][0]/CN         I2C   default_mode 
    6480 19471   systolic_array_8X8_b_queue_reg[2][1][1]/CN         I2C   default_mode 
    6481 19471   systolic_array_8X8_b_queue_reg[3][7][1]/CN         I2C   default_mode 
    6482 19471   systolic_array_8X8_b_queue_reg[5][0][5]/CN         I2C   default_mode 
    6483 19471   systolic_array_8X8_a_queue_reg[3][7][0]/CN         I2C   default_mode 
    6484 19471   systolic_array_8X8_b_queue_reg[4][6][3]/CN         I2C   default_mode 
    6485 19471   systolic_array_8X8_b_queue_reg[4][6][7]/CN         I2C   default_mode 
    6486 19471   systolic_array_8X8_b_queue_reg[0][3][8]/CN         I2C   default_mode 
    6487 19471   systolic_array_8X8_b_queue_reg[6][2][7]/CN         I2C   default_mode 
    6488 19471   systolic_array_8X8_b_queue_reg[7][7][1]/CN         I2C   default_mode 
    6489 19471   systolic_array_8X8_a_queue_reg[1][6][0]/CN         I2C   default_mode 
    6490 19471   systolic_array_8X8_a_queue_reg[7][1][0]/CN         I2C   default_mode 
    6491 19471   systolic_array_8X8_b_queue_reg[7][1][5]/CN         I2C   default_mode 
    6492 19471   systolic_array_8X8_b_queue_reg[1][4][1]/CN         I2C   default_mode 
    6493 19471   systolic_array_8X8_b_queue_reg[0][0][5]/CN         I2C   default_mode 
    6494 19471   systolic_array_8X8_b_queue_reg[4][0][5]/CN         I2C   default_mode 
    6495 19471   systolic_array_8X8_b_queue_reg[1][0][3]/CN         I2C   default_mode 
    6496 19471   systolic_array_8X8_b_queue_reg[1][0][5]/CN         I2C   default_mode 
    6497 19517   output_buffer_pipe_0_reg[3][19]/CN                 I2C   default_mode 
    6498 19517   output_buffer_pipe_1_reg[0][1]/CN                  I2C   default_mode 
    6499 19517   output_buffer_pipe_0_reg[3][2]/CN                  I2C   default_mode 
    6500 19517   output_buffer_pipe_0_reg[4][31]/CN                 I2C   default_mode 
    6501 19517   output_buffer_pipe_0_reg[5][31]/CN                 I2C   default_mode 
    6502 19517   output_buffer_pipe_0_reg[4][29]/CN                 I2C   default_mode 
    6503 19517   b_buffer_pipe_4_reg[0][3]/CN                       I2C   default_mode 
    6504 19517   b_buffer_pipe_5_reg[0][2]/CN                       I2C   default_mode 
    6505 19517   output_buffer_pipe_1_reg[0][2]/CN                  I2C   default_mode 
    6506 19517   b_buffer_pipe_1_reg[6]/CN                          I2C   default_mode 
    6507 19517   output_buffer_pipe_0_reg[5][1]/CN                  I2C   default_mode 
    6508 19517   b_buffer_pipe_5_reg[0][1]/CN                       I2C   default_mode 
    6509 19517   b_buffer_pipe_5_reg[0][3]/CN                       I2C   default_mode 
    6510 19517   output_buffer_pipe_0_reg[5][10]/CN                 I2C   default_mode 
    6511 19517   output_buffer_pipe_1_reg[1][2]/CN                  I2C   default_mode 
    6512 19517   output_buffer_pipe_0_reg[0][19]/CN                 I2C   default_mode 
    6513 19517   output_buffer_pipe_0_reg[3][28]/CN                 I2C   default_mode 
    6514 19517   output_buffer_pipe_3_reg[2][15]/CN                 I2C   default_mode 
    6515 19517   output_buffer_pipe_0_reg[5][24]/CN                 I2C   default_mode 
    6516 19517   output_buffer_pipe_1_reg[4][29]/CN                 I2C   default_mode 
    6517 19517   output_buffer_pipe_0_reg[2][30]/CN                 I2C   default_mode 
    6518 19517   output_buffer_pipe_4_reg[0][18]/CN                 I2C   default_mode 
    6519 19517   output_buffer_pipe_0_reg[5][25]/CN                 I2C   default_mode 
    6520 19517   output_buffer_pipe_3_reg[0][19]/CN                 I2C   default_mode 
    6521 19517   output_buffer_pipe_5_reg[0][26]/CN                 I2C   default_mode 
    6522 19517   output_buffer_pipe_0_reg[2][27]/CN                 I2C   default_mode 
    6523 19517   b_buffer_pipe_5_reg[0][5]/CN                       I2C   default_mode 
    6524 19517   output_buffer_pipe_1_reg[4][16]/CN                 I2C   default_mode 
    6525 19517   output_buffer_pipe_0_reg[2][31]/CN                 I2C   default_mode 
    6526 19517   output_buffer_pipe_1_reg[1][7]/CN                  I2C   default_mode 
    6527 19517   a_buffer_pipe_3_reg[0][4]/CN                       I2C   default_mode 
    6528 19517   output_buffer_pipe_1_reg[2][31]/CN                 I2C   default_mode 
    6529 19517   output_buffer_pipe_1_reg[2][28]/CN                 I2C   default_mode 
    6530 19517   output_buffer_pipe_1_reg[2][10]/CN                 I2C   default_mode 
    6531 19517   output_buffer_pipe_0_reg[3][1]/CN                  I2C   default_mode 
    6532 19517   output_buffer_pipe_1_reg[2][30]/CN                 I2C   default_mode 
    6533 19517   output_buffer_pipe_0_reg[1][13]/CN                 I2C   default_mode 
    6534 19517   output_buffer_pipe_0_reg[1][11]/CN                 I2C   default_mode 
    6535 19517   output_buffer_pipe_1_reg[3][1]/CN                  I2C   default_mode 
    6536 19517   output_buffer_pipe_5_reg[0][6]/CN                  I2C   default_mode 
    6537 19517   a_buffer_pipe_2_reg[0][4]/CN                       I2C   default_mode 
    6538 19517   output_buffer_pipe_4_reg[1][13]/CN                 I2C   default_mode 
    6539 19517   output_buffer_pipe_4_reg[1][15]/CN                 I2C   default_mode 
    6540 19517   output_buffer_pipe_4_reg[1][16]/CN                 I2C   default_mode 
    6541 19517   output_buffer_pipe_4_reg[1][17]/CN                 I2C   default_mode 
    6542 19517   output_buffer_pipe_4_reg[1][18]/CN                 I2C   default_mode 
    6543 19517   a_buffer_pipe_2_reg[0][2]/CN                       I2C   default_mode 
    6544 19517   output_buffer_pipe_4_reg[1][31]/CN                 I2C   default_mode 
    6545 19517   output_buffer_pipe_0_reg[1][7]/CN                  I2C   default_mode 
    6546 19517   output_buffer_pipe_4_reg[1][30]/CN                 I2C   default_mode 
    6547 19517   output_buffer_pipe_0_reg[1][8]/CN                  I2C   default_mode 
    6548 19517   output_buffer_pipe_5_reg[0][1]/CN                  I2C   default_mode 
    6549 19517   output_buffer_pipe_5_reg[0][3]/CN                  I2C   default_mode 
    6550 19517   output_buffer_pipe_0_reg[1][9]/CN                  I2C   default_mode 
    6551 19517   a_buffer_pipe_5_reg[0][5]/CN                       I2C   default_mode 
    6552 19517   output_buffer_pipe_5_reg[0][7]/CN                  I2C   default_mode 
    6553 19517   output_buffer_pipe_0_reg[1][12]/CN                 I2C   default_mode 
    6554 19517   output_buffer_pipe_2_reg[2][13]/CN                 I2C   default_mode 
    6555 19517   output_buffer_pipe_5_reg[0][17]/CN                 I2C   default_mode 
    6556 19517   a_buffer_pipe_3_reg[0][3]/CN                       I2C   default_mode 
    6557 19517   output_buffer_pipe_5_reg[0][10]/CN                 I2C   default_mode 
    6558 19517   output_buffer_pipe_5_reg[0][13]/CN                 I2C   default_mode 
    6559 19517   output_buffer_pipe_2_reg[2][19]/CN                 I2C   default_mode 
    6560 19517   output_buffer_pipe_5_reg[0][12]/CN                 I2C   default_mode 
    6561 19517   output_buffer_pipe_5_reg[0][14]/CN                 I2C   default_mode 
    6562 19517   output_buffer_pipe_5_reg[0][28]/CN                 I2C   default_mode 
    6563 19517   output_buffer_pipe_1_reg[2][1]/CN                  I2C   default_mode 
    6564 19517   output_buffer_pipe_5_reg[0][24]/CN                 I2C   default_mode 
    6565 19517   output_buffer_pipe_5_reg[0][25]/CN                 I2C   default_mode 
    6566 19517   output_buffer_pipe_5_reg[0][27]/CN                 I2C   default_mode 
    6567 19517   output_buffer_pipe_5_reg[0][30]/CN                 I2C   default_mode 
    6568 19517   output_buffer_pipe_5_reg[0][29]/CN                 I2C   default_mode 
    6569 19517   output_buffer_pipe_5_reg[0][31]/CN                 I2C   default_mode 
    6570 19517   b_buffer_pipe_1_reg[3]/CN                          I2C   default_mode 
    6571 19517   output_buffer_pipe_1_reg[0][11]/CN                 I2C   default_mode 
    6572 19517   output_buffer_pipe_1_reg[3][2]/CN                  I2C   default_mode 
    6573 19517   output_buffer_pipe_2_reg[2][12]/CN                 I2C   default_mode 
    6574 19517   output_buffer_pipe_2_reg[2][9]/CN                  I2C   default_mode 
    6575 19517   output_buffer_pipe_0_reg[1][29]/CN                 I2C   default_mode 
    6576 19517   output_buffer_pipe_2_reg[2][11]/CN                 I2C   default_mode 
    6577 19517   output_buffer_pipe_3_reg[0][14]/CN                 I2C   default_mode 
    6578 19517   output_buffer_pipe_2_reg[2][14]/CN                 I2C   default_mode 
    6579 19517   output_buffer_pipe_0_reg[5][9]/CN                  I2C   default_mode 
    6580 19517   b_buffer_pipe_1_reg[1]/CN                          I2C   default_mode 
    6581 19517   output_buffer_pipe_0_reg[3][17]/CN                 I2C   default_mode 
    6582 19517   b_buffer_pipe_2_reg[0][1]/CN                       I2C   default_mode 
    6583 19517   output_buffer_pipe_2_reg[1][25]/CN                 I2C   default_mode 
    6584 19517   output_buffer_pipe_5_reg[0][18]/CN                 I2C   default_mode 
    6585 19517   output_buffer_pipe_0_reg[2][18]/CN                 I2C   default_mode 
    6586 19517   output_buffer_pipe_0_reg[0][17]/CN                 I2C   default_mode 
    6587 19517   output_buffer_pipe_3_reg[0][15]/CN                 I2C   default_mode 
    6588 19517   output_buffer_pipe_4_reg[0][7]/CN                  I2C   default_mode 
    6589 19517   output_buffer_pipe_3_reg[0][18]/CN                 I2C   default_mode 
    6590 19517   output_buffer_pipe_0_reg[5][8]/CN                  I2C   default_mode 
    6591 19517   output_buffer_pipe_0_reg[3][18]/CN                 I2C   default_mode 
    6592 19517   output_buffer_pipe_5_reg[0][8]/CN                  I2C   default_mode 
    6593 19517   output_buffer_pipe_5_reg[0][9]/CN                  I2C   default_mode 
    6594 19517   output_buffer_pipe_0_reg[5][7]/CN                  I2C   default_mode 
    6595 19517   cycle_num_reg[9]/CN                                I2C   default_mode 
    6596 19517   output_buffer_pipe_0_reg[0][10]/CN                 I2C   default_mode 
    6597 19517   b_buffer_pipe_5_reg[0][6]/CN                       I2C   default_mode 
    6598 19517   b_buffer_pipe_5_reg[0][7]/CN                       I2C   default_mode 
    6599 19517   output_buffer_pipe_3_reg[1][5]/CN                  I2C   default_mode 
    6600 19517   output_buffer_pipe_0_reg[0][13]/CN                 I2C   default_mode 
    6601 19517   output_buffer_pipe_0_reg[4][19]/CN                 I2C   default_mode 
    6602 19517   output_buffer_pipe_0_reg[5][11]/CN                 I2C   default_mode 
    6603 19517   output_buffer_pipe_2_reg[1][29]/CN                 I2C   default_mode 
    6604 19517   output_buffer_pipe_0_reg[1][1]/CN                  I2C   default_mode 
    6605 19517   output_buffer_pipe_1_reg[1][9]/CN                  I2C   default_mode 
    6606 19517   output_buffer_pipe_2_reg[0][28]/CN                 I2C   default_mode 
    6607 19517   output_buffer_pipe_3_reg[1][14]/CN                 I2C   default_mode 
    6608 19517   output_buffer_pipe_0_reg[1][3]/CN                  I2C   default_mode 
    6609 19517   output_buffer_pipe_0_reg[0][11]/CN                 I2C   default_mode 
    6610 19517   output_buffer_pipe_3_reg[2][24]/CN                 I2C   default_mode 
    6611 19517   output_buffer_pipe_3_reg[2][1]/CN                  I2C   default_mode 
    6612 19517   output_buffer_pipe_2_reg[0][4]/CN                  I2C   default_mode 
    6613 19517   output_buffer_pipe_3_reg[2][0]/CN                  I2C   default_mode 
    6614 19517   output_buffer_pipe_2_reg[0][9]/CN                  I2C   default_mode 
    6615 19517   output_buffer_pipe_2_reg[0][6]/CN                  I2C   default_mode 
    6616 19517   output_buffer_pipe_2_reg[0][7]/CN                  I2C   default_mode 
    6617 19517   output_buffer_pipe_1_reg[2][17]/CN                 I2C   default_mode 
    6618 19517   output_buffer_pipe_3_reg[0][23]/CN                 I2C   default_mode 
    6619 19517   output_buffer_pipe_1_reg[3][8]/CN                  I2C   default_mode 
    6620 19517   output_buffer_pipe_1_reg[3][10]/CN                 I2C   default_mode 
    6621 19517   output_buffer_pipe_3_reg[2][5]/CN                  I2C   default_mode 
    6622 19517   output_buffer_pipe_2_reg[2][5]/CN                  I2C   default_mode 
    6623 19517   output_buffer_pipe_1_reg[1][15]/CN                 I2C   default_mode 
    6624 19517   output_buffer_pipe_3_reg[0][4]/CN                  I2C   default_mode 
    6625 19517   output_buffer_pipe_0_reg[4][14]/CN                 I2C   default_mode 
    6626 19517   output_buffer_pipe_1_reg[3][7]/CN                  I2C   default_mode 
    6627 19517   output_buffer_pipe_3_reg[0][1]/CN                  I2C   default_mode 
    6628 19517   output_buffer_pipe_2_reg[2][2]/CN                  I2C   default_mode 
    6629 19517   output_buffer_pipe_1_reg[3][5]/CN                  I2C   default_mode 
    6630 19517   output_buffer_pipe_3_reg[0][0]/CN                  I2C   default_mode 
    6631 19517   output_buffer_pipe_0_reg[4][17]/CN                 I2C   default_mode 
    6632 19517   b_buffer_pipe_7_reg[0][6]/CN                       I2C   default_mode 
    6633 19517   cycle_num_reg[2]/CN                                I2C   default_mode 
    6634 19517   output_buffer_pipe_2_reg[3][1]/CN                  I2C   default_mode 
    6635 19517   output_buffer_pipe_4_reg[0][2]/CN                  I2C   default_mode 
    6636 19517   output_buffer_pipe_2_reg[3][31]/CN                 I2C   default_mode 
    6637 19517   output_buffer_pipe_4_reg[0][5]/CN                  I2C   default_mode 
    6638 19517   output_buffer_pipe_2_reg[3][2]/CN                  I2C   default_mode 
    6639 19517   output_buffer_pipe_4_reg[0][4]/CN                  I2C   default_mode 
    6640 19517   output_buffer_pipe_1_reg[0][0]/CN                  I2C   default_mode 
    6641 19517   b_buffer_pipe_7_reg[0][5]/CN                       I2C   default_mode 
    6642 19517   b_buffer_pipe_7_reg[0][2]/CN                       I2C   default_mode 
    6643 19517   output_buffer_pipe_2_reg[0][10]/CN                 I2C   default_mode 
    6644 19517   b_buffer_pipe_7_reg[0][1]/CN                       I2C   default_mode 
    6645 19517   output_buffer_pipe_2_reg[2][24]/CN                 I2C   default_mode 
    6646 19517   output_buffer_pipe_0_reg[1][6]/CN                  I2C   default_mode 
    6647 19517   output_buffer_pipe_1_reg[2][13]/CN                 I2C   default_mode 
    6648 19517   output_buffer_pipe_1_reg[4][6]/CN                  I2C   default_mode 
    6649 19517   cycle_num_reg[7]/CN                                I2C   default_mode 
    6650 19517   output_buffer_pipe_2_reg[2][18]/CN                 I2C   default_mode 
    6651 19517   output_buffer_pipe_1_reg[4][8]/CN                  I2C   default_mode 
    6652 19517   output_buffer_pipe_2_reg[2][17]/CN                 I2C   default_mode 
    6653 19517   output_buffer_pipe_1_reg[3][22]/CN                 I2C   default_mode 
    6654 19517   output_buffer_pipe_3_reg[2][13]/CN                 I2C   default_mode 
    6655 19517   output_buffer_pipe_0_reg[3][31]/CN                 I2C   default_mode 
    6656 19517   output_buffer_pipe_0_reg[1][17]/CN                 I2C   default_mode 
    6657 19517   output_buffer_pipe_1_reg[4][10]/CN                 I2C   default_mode 
    6658 19517   output_buffer_pipe_1_reg[3][14]/CN                 I2C   default_mode 
    6659 19517   b_buffer_pipe_7_reg[0][4]/CN                       I2C   default_mode 
    6660 19517   output_buffer_pipe_1_reg[0][4]/CN                  I2C   default_mode 
    6661 19517   b_buffer_pipe_2_reg[0][7]/CN                       I2C   default_mode 
    6662 19517   b_buffer_pipe_2_reg[0][4]/CN                       I2C   default_mode 
    6663 19517   b_buffer_pipe_2_reg[0][3]/CN                       I2C   default_mode 
    6664 19517   output_buffer_pipe_0_reg[1][21]/CN                 I2C   default_mode 
    6665 19517   output_buffer_pipe_0_reg[2][24]/CN                 I2C   default_mode 
    6666 19517   output_buffer_pipe_1_reg[2][23]/CN                 I2C   default_mode 
    6667 19517   output_buffer_pipe_0_reg[1][5]/CN                  I2C   default_mode 
    6668 19517   output_buffer_pipe_0_reg[1][18]/CN                 I2C   default_mode 
    6669 19517   output_buffer_pipe_1_reg[3][20]/CN                 I2C   default_mode 
    6670 19517   output_buffer_pipe_0_reg[4][20]/CN                 I2C   default_mode 
    6671 19517   output_buffer_pipe_1_reg[3][15]/CN                 I2C   default_mode 
    6672 19517   output_buffer_pipe_0_reg[2][21]/CN                 I2C   default_mode 
    6673 19517   output_buffer_pipe_4_reg[0][21]/CN                 I2C   default_mode 
    6674 19517   output_buffer_pipe_1_reg[0][14]/CN                 I2C   default_mode 
    6675 19517   output_buffer_pipe_2_reg[0][22]/CN                 I2C   default_mode 
    6676 19517   b_buffer_pipe_4_reg[0][7]/CN                       I2C   default_mode 
    6677 19517   output_buffer_pipe_0_reg[4][18]/CN                 I2C   default_mode 
    6678 19517   b_buffer_pipe_4_reg[0][5]/CN                       I2C   default_mode 
    6679 19517   b_buffer_pipe_4_reg[0][6]/CN                       I2C   default_mode 
    6680 19517   output_buffer_pipe_1_reg[3][16]/CN                 I2C   default_mode 
    6681 19517   b_buffer_pipe_6_reg[0][4]/CN                       I2C   default_mode 
    6682 19517   output_buffer_pipe_0_reg[5][13]/CN                 I2C   default_mode 
    6683 19517   b_buffer_pipe_6_reg[0][5]/CN                       I2C   default_mode 
    6684 19517   output_buffer_pipe_3_reg[0][21]/CN                 I2C   default_mode 
    6685 19517   b_buffer_pipe_6_reg[0][7]/CN                       I2C   default_mode 
    6686 19517   output_buffer_pipe_0_reg[0][15]/CN                 I2C   default_mode 
    6687 19517   output_buffer_pipe_1_reg[4][11]/CN                 I2C   default_mode 
    6688 19517   output_buffer_pipe_0_reg[0][23]/CN                 I2C   default_mode 
    6689 19517   output_buffer_pipe_3_reg[0][3]/CN                  I2C   default_mode 
    6690 19517   b_buffer_pipe_6_reg[0][2]/CN                       I2C   default_mode 
    6691 19517   output_buffer_pipe_3_reg[0][31]/CN                 I2C   default_mode 
    6692 19517   output_buffer_pipe_0_reg[3][6]/CN                  I2C   default_mode 
    6693 19517   output_buffer_pipe_0_reg[5][19]/CN                 I2C   default_mode 
    6694 19517   output_buffer_pipe_0_reg[4][6]/CN                  I2C   default_mode 
    6695 19517   b_buffer_pipe_6_reg[0][6]/CN                       I2C   default_mode 
    6696 19517   output_buffer_pipe_1_reg[1][18]/CN                 I2C   default_mode 
    6697 19517   cycle_num_reg[1]/CN                                I2C   default_mode 
    6698 19517   output_buffer_pipe_0_reg[4][13]/CN                 I2C   default_mode 
    6699 19517   cycle_num_reg[11]/CN                               I2C   default_mode 
    6700 19517   output_buffer_pipe_2_reg[0][25]/CN                 I2C   default_mode 
    6701 19517   output_buffer_pipe_4_reg[0][9]/CN                  I2C   default_mode 
    6702 19517   cycle_num_reg[12]/CN                               I2C   default_mode 
    6703 19517   output_buffer_pipe_1_reg[3][19]/CN                 I2C   default_mode 
    6704 19517   output_buffer_pipe_2_reg[0][14]/CN                 I2C   default_mode 
    6705 19517   output_buffer_pipe_2_reg[0][18]/CN                 I2C   default_mode 
    6706 19517   output_buffer_pipe_0_reg[1][15]/CN                 I2C   default_mode 
    6707 19517   output_buffer_pipe_0_reg[4][5]/CN                  I2C   default_mode 
    6708 19517   output_buffer_pipe_1_reg[3][17]/CN                 I2C   default_mode 
    6709 19517   b_buffer_pipe_6_reg[0][3]/CN                       I2C   default_mode 
    6710 19517   output_buffer_pipe_2_reg[3][18]/CN                 I2C   default_mode 
    6711 19517   output_buffer_pipe_0_reg[0][9]/CN                  I2C   default_mode 
    6712 19517   output_buffer_pipe_1_reg[4][20]/CN                 I2C   default_mode 
    6713 19517   output_buffer_pipe_0_reg[0][6]/CN                  I2C   default_mode 
    6714 19517   output_buffer_pipe_1_reg[3][13]/CN                 I2C   default_mode 
    6715 19517   output_buffer_pipe_0_reg[3][10]/CN                 I2C   default_mode 
    6716 19517   a_buffer_pipe_1_reg[6]/CN                          I2C   default_mode 
    6717 19517   output_buffer_pipe_0_reg[0][24]/CN                 I2C   default_mode 
    6718 19517   output_buffer_pipe_0_reg[0][14]/CN                 I2C   default_mode 
    6719 19517   output_buffer_pipe_0_reg[0][22]/CN                 I2C   default_mode 
    6720 19517   a_buffer_pipe_5_reg[0][7]/CN                       I2C   default_mode 
    6721 19517   b_buffer_pipe_3_reg[0][3]/CN                       I2C   default_mode 
    6722 19517   output_buffer_pipe_0_reg[0][30]/CN                 I2C   default_mode 
    6723 19517   output_buffer_pipe_3_reg[1][31]/CN                 I2C   default_mode 
    6724 19517   b_buffer_pipe_7_reg[0][7]/CN                       I2C   default_mode 
    6725 19517   output_buffer_pipe_3_reg[0][5]/CN                  I2C   default_mode 
    6726 19517   output_buffer_pipe_0_reg[1][22]/CN                 I2C   default_mode 
    6727 19517   output_buffer_pipe_3_reg[0][11]/CN                 I2C   default_mode 
    6728 19517   output_buffer_pipe_0_reg[1][10]/CN                 I2C   default_mode 
    6729 19517   cycle_num_reg[13]/CN                               I2C   default_mode 
    6730 19517   output_buffer_pipe_0_reg[2][25]/CN                 I2C   default_mode 
    6731 19517   a_buffer_pipe_5_reg[0][4]/CN                       I2C   default_mode 
    6732 19517   output_buffer_pipe_0_reg[0][1]/CN                  I2C   default_mode 
    6733 19517   b_buffer_pipe_3_reg[0][1]/CN                       I2C   default_mode 
    6734 19517   a_buffer_pipe_5_reg[0][3]/CN                       I2C   default_mode 
    6735 19517   a_buffer_pipe_1_reg[7]/CN                          I2C   default_mode 
    6736 19517   output_buffer_pipe_3_reg[2][12]/CN                 I2C   default_mode 
    6737 19517   output_buffer_pipe_1_reg[2][29]/CN                 I2C   default_mode 
    6738 19517   output_buffer_pipe_2_reg[2][29]/CN                 I2C   default_mode 
    6739 19517   output_buffer_pipe_3_reg[1][1]/CN                  I2C   default_mode 
    6740 19517   output_buffer_pipe_1_reg[1][27]/CN                 I2C   default_mode 
    6741 19517   output_buffer_pipe_2_reg[3][0]/CN                  I2C   default_mode 
    6742 19517   output_buffer_pipe_0_reg[2][26]/CN                 I2C   default_mode 
    6743 19517   output_buffer_pipe_0_reg[2][8]/CN                  I2C   default_mode 
    6744 19517   output_buffer_pipe_2_reg[3][12]/CN                 I2C   default_mode 
    6745 19517   output_buffer_pipe_2_reg[3][11]/CN                 I2C   default_mode 
    6746 19517   output_buffer_pipe_0_reg[1][30]/CN                 I2C   default_mode 
    6747 19517   output_buffer_pipe_1_reg[1][6]/CN                  I2C   default_mode 
    6748 19517   output_buffer_pipe_0_reg[3][26]/CN                 I2C   default_mode 
    6749 19517   b_buffer_pipe_1_reg[4]/CN                          I2C   default_mode 
    6750 19517   output_buffer_pipe_1_reg[1][21]/CN                 I2C   default_mode 
    6751 19517   output_buffer_pipe_0_reg[2][19]/CN                 I2C   default_mode 
    6752 19517   b_buffer_pipe_1_reg[2]/CN                          I2C   default_mode 
    6753 19517   output_buffer_pipe_0_reg[3][7]/CN                  I2C   default_mode 
    6754 19517   output_buffer_pipe_0_reg[3][25]/CN                 I2C   default_mode 
    6755 19517   output_buffer_pipe_0_reg[2][23]/CN                 I2C   default_mode 
    6756 19517   output_buffer_pipe_1_reg[1][28]/CN                 I2C   default_mode 
    6757 19517   output_buffer_pipe_3_reg[1][2]/CN                  I2C   default_mode 
    6758 19517   output_buffer_pipe_0_reg[2][29]/CN                 I2C   default_mode 
    6759 19517   output_buffer_pipe_0_reg[5][18]/CN                 I2C   default_mode 
    6760 19517   output_buffer_pipe_0_reg[5][22]/CN                 I2C   default_mode 
    6761 19517   output_buffer_pipe_0_reg[3][27]/CN                 I2C   default_mode 
    6762 19517   output_buffer_pipe_0_reg[3][0]/CN                  I2C   default_mode 
    6763 19517   output_buffer_pipe_0_reg[3][29]/CN                 I2C   default_mode 
    6764 19517   output_buffer_pipe_0_reg[3][9]/CN                  I2C   default_mode 
    6765 19517   output_buffer_pipe_0_reg[3][11]/CN                 I2C   default_mode 
    6766 19517   b_buffer_pipe_1_reg[5]/CN                          I2C   default_mode 
    6767 19517   output_buffer_pipe_0_reg[4][11]/CN                 I2C   default_mode 
    6768 19517   output_buffer_pipe_0_reg[3][15]/CN                 I2C   default_mode 
    6769 19517   output_buffer_pipe_0_reg[3][16]/CN                 I2C   default_mode 
    6770 19517   a_buffer_pipe_1_reg[5]/CN                          I2C   default_mode 
    6771 19517   output_buffer_pipe_0_reg[3][21]/CN                 I2C   default_mode 
    6772 19517   output_buffer_pipe_1_reg[1][29]/CN                 I2C   default_mode 
    6773 19517   output_buffer_pipe_1_reg[0][3]/CN                  I2C   default_mode 
    6774 19517   output_buffer_pipe_0_reg[3][24]/CN                 I2C   default_mode 
    6775 19517   output_buffer_pipe_1_reg[1][26]/CN                 I2C   default_mode 
    6776 19517   output_buffer_pipe_2_reg[0][12]/CN                 I2C   default_mode 
    6777 19517   output_buffer_pipe_4_reg[1][29]/CN                 I2C   default_mode 
    6778 19517   output_buffer_pipe_2_reg[0][26]/CN                 I2C   default_mode 
    6779 19517   output_buffer_pipe_1_reg[4][9]/CN                  I2C   default_mode 
    6780 19517   a_buffer_pipe_1_reg[4]/CN                          I2C   default_mode 
    6781 19517   output_buffer_pipe_0_reg[2][3]/CN                  I2C   default_mode 
    6782 19517   output_buffer_pipe_2_reg[0][21]/CN                 I2C   default_mode 
    6783 19517   output_buffer_pipe_0_reg[0][5]/CN                  I2C   default_mode 
    6784 19517   output_buffer_pipe_1_reg[1][31]/CN                 I2C   default_mode 
    6785 19517   output_buffer_pipe_0_reg[5][30]/CN                 I2C   default_mode 
    6786 19517   output_buffer_pipe_2_reg[0][24]/CN                 I2C   default_mode 
    6787 19517   output_buffer_pipe_1_reg[3][25]/CN                 I2C   default_mode 
    6788 19517   output_buffer_pipe_1_reg[4][19]/CN                 I2C   default_mode 
    6789 19517   output_buffer_pipe_1_reg[3][27]/CN                 I2C   default_mode 
    6790 19517   output_buffer_pipe_0_reg[4][16]/CN                 I2C   default_mode 
    6791 19517   output_buffer_pipe_1_reg[1][25]/CN                 I2C   default_mode 
    6792 19517   output_buffer_pipe_0_reg[4][25]/CN                 I2C   default_mode 
    6793 19517   output_buffer_pipe_0_reg[4][23]/CN                 I2C   default_mode 
    6794 19517   output_buffer_pipe_0_reg[5][27]/CN                 I2C   default_mode 
    6795 19517   output_buffer_pipe_0_reg[4][22]/CN                 I2C   default_mode 
    6796 19517   output_buffer_pipe_0_reg[4][21]/CN                 I2C   default_mode 
    6797 19517   output_buffer_pipe_1_reg[3][21]/CN                 I2C   default_mode 
    6798 19517   output_buffer_pipe_1_reg[3][23]/CN                 I2C   default_mode 
    6799 19517   output_buffer_pipe_0_reg[4][24]/CN                 I2C   default_mode 
    6800 19517   output_buffer_pipe_1_reg[3][26]/CN                 I2C   default_mode 
    6801 19517   cycle_num_reg[14]/CN                               I2C   default_mode 
    6802 19517   output_buffer_pipe_0_reg[4][28]/CN                 I2C   default_mode 
    6803 19517   output_buffer_pipe_0_reg[4][27]/CN                 I2C   default_mode 
    6804 19517   output_buffer_pipe_0_reg[5][2]/CN                  I2C   default_mode 
    6805 19517   output_buffer_pipe_2_reg[1][31]/CN                 I2C   default_mode 
    6806 19517   output_buffer_pipe_0_reg[5][0]/CN                  I2C   default_mode 
    6807 19517   output_buffer_pipe_0_reg[5][6]/CN                  I2C   default_mode 
    6808 19517   output_buffer_pipe_4_reg[0][14]/CN                 I2C   default_mode 
    6809 19517   output_buffer_pipe_4_reg[0][12]/CN                 I2C   default_mode 
    6810 19517   output_buffer_pipe_4_reg[0][13]/CN                 I2C   default_mode 
    6811 19517   output_buffer_pipe_0_reg[5][5]/CN                  I2C   default_mode 
    6812 19517   output_buffer_pipe_1_reg[4][17]/CN                 I2C   default_mode 
    6813 19517   output_buffer_pipe_0_reg[5][26]/CN                 I2C   default_mode 
    6814 19517   output_buffer_pipe_0_reg[5][16]/CN                 I2C   default_mode 
    6815 19517   output_buffer_pipe_0_reg[0][16]/CN                 I2C   default_mode 
    6816 19517   output_buffer_pipe_3_reg[2][23]/CN                 I2C   default_mode 
    6817 19517   output_buffer_pipe_0_reg[0][18]/CN                 I2C   default_mode 
    6818 19517   output_buffer_pipe_0_reg[5][15]/CN                 I2C   default_mode 
    6819 19517   a_buffer_pipe_6_reg[0][1]/CN                       I2C   default_mode 
    6820 19517   output_buffer_pipe_0_reg[0][20]/CN                 I2C   default_mode 
    6821 19517   output_buffer_pipe_2_reg[1][23]/CN                 I2C   default_mode 
    6822 19517   output_buffer_pipe_2_reg[0][1]/CN                  I2C   default_mode 
    6823 19517   output_buffer_pipe_0_reg[5][14]/CN                 I2C   default_mode 
    6824 19517   output_buffer_pipe_1_reg[4][15]/CN                 I2C   default_mode 
    6825 19517   output_buffer_pipe_1_reg[2][14]/CN                 I2C   default_mode 
    6826 19517   output_buffer_pipe_0_reg[0][21]/CN                 I2C   default_mode 
    6827 19517   output_buffer_pipe_3_reg[2][22]/CN                 I2C   default_mode 
    6828 19517   a_buffer_pipe_6_reg[0][2]/CN                       I2C   default_mode 
    6829 19517   output_buffer_pipe_0_reg[5][17]/CN                 I2C   default_mode 
    6830 19517   a_buffer_pipe_6_reg[0][4]/CN                       I2C   default_mode 
    6831 19517   output_buffer_pipe_4_reg[0][27]/CN                 I2C   default_mode 
    6832 19517   output_buffer_pipe_4_reg[0][31]/CN                 I2C   default_mode 
    6833 19517   a_buffer_pipe_6_reg[0][6]/CN                       I2C   default_mode 
    6834 19517   output_buffer_pipe_1_reg[4][18]/CN                 I2C   default_mode 
    6835 19517   output_buffer_pipe_2_reg[1][27]/CN                 I2C   default_mode 
    6836 19517   output_buffer_pipe_0_reg[5][23]/CN                 I2C   default_mode 
    6837 19517   output_buffer_pipe_2_reg[1][26]/CN                 I2C   default_mode 
    6838 19517   output_buffer_pipe_4_reg[1][1]/CN                  I2C   default_mode 
    6839 19517   output_buffer_pipe_1_reg[1][24]/CN                 I2C   default_mode 
    6840 19517   output_buffer_pipe_4_reg[1][2]/CN                  I2C   default_mode 
    6841 19517   output_buffer_pipe_1_reg[0][21]/CN                 I2C   default_mode 
    6842 19517   output_buffer_pipe_3_reg[1][11]/CN                 I2C   default_mode 
    6843 19517   output_buffer_pipe_0_reg[5][29]/CN                 I2C   default_mode 
    6844 19517   output_buffer_pipe_1_reg[4][30]/CN                 I2C   default_mode 
    6845 19517   output_buffer_pipe_1_reg[0][10]/CN                 I2C   default_mode 
    6846 19517   output_buffer_pipe_1_reg[0][5]/CN                  I2C   default_mode 
    6847 19517   output_buffer_pipe_0_reg[4][26]/CN                 I2C   default_mode 
    6848 19517   output_buffer_pipe_1_reg[0][7]/CN                  I2C   default_mode 
    6849 19517   output_buffer_pipe_3_reg[1][17]/CN                 I2C   default_mode 
    6850 19517   output_buffer_pipe_1_reg[0][9]/CN                  I2C   default_mode 
    6851 19517   output_buffer_pipe_1_reg[2][6]/CN                  I2C   default_mode 
    6852 19517   output_buffer_pipe_3_reg[1][18]/CN                 I2C   default_mode 
    6853 19517   output_buffer_pipe_3_reg[1][6]/CN                  I2C   default_mode 
    6854 19517   a_buffer_pipe_2_reg[0][1]/CN                       I2C   default_mode 
    6855 19517   output_buffer_pipe_5_reg[0][20]/CN                 I2C   default_mode 
    6856 19517   output_buffer_pipe_5_reg[0][19]/CN                 I2C   default_mode 
    6857 19517   output_buffer_pipe_0_reg[5][21]/CN                 I2C   default_mode 
    6858 19517   output_buffer_pipe_3_reg[1][10]/CN                 I2C   default_mode 
    6859 19517   output_buffer_pipe_5_reg[0][16]/CN                 I2C   default_mode 
    6860 19517   output_buffer_pipe_2_reg[3][5]/CN                  I2C   default_mode 
    6861 19517   output_buffer_pipe_3_reg[1][8]/CN                  I2C   default_mode 
    6862 19517   output_buffer_pipe_5_reg[0][11]/CN                 I2C   default_mode 
    6863 19517   output_buffer_pipe_1_reg[2][3]/CN                  I2C   default_mode 
    6864 19517   output_buffer_pipe_1_reg[1][23]/CN                 I2C   default_mode 
    6865 19517   output_buffer_pipe_1_reg[1][5]/CN                  I2C   default_mode 
    6866 19517   output_buffer_pipe_5_reg[0][4]/CN                  I2C   default_mode 
    6867 19517   output_buffer_pipe_5_reg[0][2]/CN                  I2C   default_mode 
    6868 19517   output_buffer_pipe_5_reg[0][0]/CN                  I2C   default_mode 
    6869 19517   output_buffer_pipe_3_reg[1][12]/CN                 I2C   default_mode 
    6870 19517   output_buffer_pipe_1_reg[2][7]/CN                  I2C   default_mode 
    6871 19517   output_buffer_pipe_4_reg[1][28]/CN                 I2C   default_mode 
    6872 19517   output_buffer_pipe_4_reg[1][24]/CN                 I2C   default_mode 
    6873 19517   output_buffer_pipe_4_reg[1][23]/CN                 I2C   default_mode 
    6874 19517   output_buffer_pipe_4_reg[1][22]/CN                 I2C   default_mode 
    6875 19517   a_buffer_pipe_2_reg[0][7]/CN                       I2C   default_mode 
    6876 19517   output_buffer_pipe_4_reg[1][20]/CN                 I2C   default_mode 
    6877 19517   output_buffer_pipe_2_reg[1][2]/CN                  I2C   default_mode 
    6878 19517   output_buffer_pipe_1_reg[1][4]/CN                  I2C   default_mode 
    6879 19517   output_buffer_pipe_1_reg[0][31]/CN                 I2C   default_mode 
    6880 19517   output_buffer_pipe_4_reg[1][14]/CN                 I2C   default_mode 
    6881 19517   output_buffer_pipe_2_reg[0][31]/CN                 I2C   default_mode 
    6882 19517   output_buffer_pipe_1_reg[1][3]/CN                  I2C   default_mode 
    6883 19517   output_buffer_pipe_4_reg[1][8]/CN                  I2C   default_mode 
    6884 19517   output_buffer_pipe_4_reg[1][6]/CN                  I2C   default_mode 
    6885 19517   output_buffer_pipe_4_reg[1][4]/CN                  I2C   default_mode 
    6886 19517   output_buffer_pipe_4_reg[1][3]/CN                  I2C   default_mode 
    6887 19517   output_buffer_pipe_4_reg[1][0]/CN                  I2C   default_mode 
    6888 19517   output_buffer_pipe_0_reg[3][22]/CN                 I2C   default_mode 
    6889 19517   output_buffer_pipe_4_reg[0][30]/CN                 I2C   default_mode 
    6890 19517   output_buffer_pipe_1_reg[1][14]/CN                 I2C   default_mode 
    6891 19517   output_buffer_pipe_4_reg[0][26]/CN                 I2C   default_mode 
    6892 19517   output_buffer_pipe_1_reg[1][13]/CN                 I2C   default_mode 
    6893 19517   output_buffer_pipe_1_reg[1][12]/CN                 I2C   default_mode 
    6894 19517   output_buffer_pipe_2_reg[1][4]/CN                  I2C   default_mode 
    6895 19517   output_buffer_pipe_4_reg[0][20]/CN                 I2C   default_mode 
    6896 19517   output_buffer_pipe_4_reg[0][19]/CN                 I2C   default_mode 
    6897 19517   output_buffer_pipe_0_reg[1][25]/CN                 I2C   default_mode 
    6898 19517   output_buffer_pipe_0_reg[1][28]/CN                 I2C   default_mode 
    6899 19517   output_buffer_pipe_4_reg[0][16]/CN                 I2C   default_mode 
    6900 19517   output_buffer_pipe_0_reg[1][24]/CN                 I2C   default_mode 
    6901 19517   output_buffer_pipe_1_reg[3][30]/CN                 I2C   default_mode 
    6902 19517   output_buffer_pipe_0_reg[1][27]/CN                 I2C   default_mode 
    6903 19517   output_buffer_pipe_4_reg[0][10]/CN                 I2C   default_mode 
    6904 19517   output_buffer_pipe_1_reg[4][0]/CN                  I2C   default_mode 
    6905 19517   output_buffer_pipe_4_reg[0][8]/CN                  I2C   default_mode 
    6906 19517   output_buffer_pipe_0_reg[1][26]/CN                 I2C   default_mode 
    6907 19517   output_buffer_pipe_4_reg[0][3]/CN                  I2C   default_mode 
    6908 19517   output_buffer_pipe_1_reg[1][22]/CN                 I2C   default_mode 
    6909 19517   output_buffer_pipe_0_reg[0][29]/CN                 I2C   default_mode 
    6910 19517   output_buffer_pipe_3_reg[2][31]/CN                 I2C   default_mode 
    6911 19517   output_buffer_pipe_3_reg[2][30]/CN                 I2C   default_mode 
    6912 19517   output_buffer_pipe_0_reg[0][4]/CN                  I2C   default_mode 
    6913 19517   output_buffer_pipe_3_reg[2][28]/CN                 I2C   default_mode 
    6914 19517   output_buffer_pipe_3_reg[2][27]/CN                 I2C   default_mode 
    6915 19517   output_buffer_pipe_3_reg[2][26]/CN                 I2C   default_mode 
    6916 19517   a_buffer_pipe_4_reg[0][6]/CN                       I2C   default_mode 
    6917 19517   output_buffer_pipe_0_reg[0][2]/CN                  I2C   default_mode 
    6918 19517   output_buffer_pipe_0_reg[0][3]/CN                  I2C   default_mode 
    6919 19517   output_buffer_pipe_3_reg[2][20]/CN                 I2C   default_mode 
    6920 19517   output_buffer_pipe_3_reg[2][19]/CN                 I2C   default_mode 
    6921 19517   output_buffer_pipe_4_reg[1][26]/CN                 I2C   default_mode 
    6922 19517   output_buffer_pipe_3_reg[2][16]/CN                 I2C   default_mode 
    6923 19517   output_buffer_pipe_1_reg[2][16]/CN                 I2C   default_mode 
    6924 19517   output_buffer_pipe_3_reg[2][14]/CN                 I2C   default_mode 
    6925 19517   output_buffer_pipe_3_reg[0][25]/CN                 I2C   default_mode 
    6926 19517   output_buffer_pipe_3_reg[2][11]/CN                 I2C   default_mode 
    6927 19517   output_buffer_pipe_3_reg[0][22]/CN                 I2C   default_mode 
    6928 19517   output_buffer_pipe_0_reg[4][30]/CN                 I2C   default_mode 
    6929 19517   output_buffer_pipe_3_reg[2][4]/CN                  I2C   default_mode 
    6930 19517   output_buffer_pipe_3_reg[2][3]/CN                  I2C   default_mode 
    6931 19517   a_buffer_pipe_3_reg[0][1]/CN                       I2C   default_mode 
    6932 19517   output_buffer_pipe_0_reg[0][7]/CN                  I2C   default_mode 
    6933 19517   output_buffer_pipe_0_reg[0][27]/CN                 I2C   default_mode 
    6934 19517   a_buffer_pipe_5_reg[0][6]/CN                       I2C   default_mode 
    6935 19517   output_buffer_pipe_3_reg[1][28]/CN                 I2C   default_mode 
    6936 19517   output_buffer_pipe_3_reg[1][25]/CN                 I2C   default_mode 
    6937 19517   output_buffer_pipe_0_reg[0][26]/CN                 I2C   default_mode 
    6938 19517   output_buffer_pipe_3_reg[1][24]/CN                 I2C   default_mode 
    6939 19517   a_buffer_pipe_3_reg[0][2]/CN                       I2C   default_mode 
    6940 19517   b_buffer_pipe_2_reg[0][2]/CN                       I2C   default_mode 
    6941 19517   output_buffer_pipe_3_reg[2][29]/CN                 I2C   default_mode 
    6942 19517   a_buffer_pipe_7_reg[0][3]/CN                       I2C   default_mode 
    6943 19517   output_buffer_pipe_1_reg[2][11]/CN                 I2C   default_mode 
    6944 19517   output_buffer_pipe_3_reg[1][16]/CN                 I2C   default_mode 
    6945 19517   a_buffer_pipe_7_reg[0][6]/CN                       I2C   default_mode 
    6946 19517   output_buffer_pipe_2_reg[1][17]/CN                 I2C   default_mode 
    6947 19517   output_buffer_pipe_2_reg[3][4]/CN                  I2C   default_mode 
    6948 19517   output_buffer_pipe_3_reg[1][4]/CN                  I2C   default_mode 
    6949 19517   output_buffer_pipe_3_reg[1][3]/CN                  I2C   default_mode 
    6950 19517   output_buffer_pipe_1_reg[4][23]/CN                 I2C   default_mode 
    6951 19517   output_buffer_pipe_0_reg[5][12]/CN                 I2C   default_mode 
    6952 19517   output_buffer_pipe_3_reg[0][30]/CN                 I2C   default_mode 
    6953 19517   output_buffer_pipe_3_reg[0][28]/CN                 I2C   default_mode 
    6954 19517   output_buffer_pipe_3_reg[0][27]/CN                 I2C   default_mode 
    6955 19517   output_buffer_pipe_3_reg[0][26]/CN                 I2C   default_mode 
    6956 19517   output_buffer_pipe_4_reg[1][5]/CN                  I2C   default_mode 
    6957 19517   output_buffer_pipe_3_reg[0][20]/CN                 I2C   default_mode 
    6958 19517   output_buffer_pipe_4_reg[0][1]/CN                  I2C   default_mode 
    6959 19517   output_buffer_pipe_3_reg[0][16]/CN                 I2C   default_mode 
    6960 19517   output_buffer_pipe_3_reg[1][20]/CN                 I2C   default_mode 
    6961 19517   output_buffer_pipe_1_reg[4][26]/CN                 I2C   default_mode 
    6962 19517   output_buffer_pipe_3_reg[0][12]/CN                 I2C   default_mode 
    6963 19517   output_buffer_pipe_3_reg[0][10]/CN                 I2C   default_mode 
    6964 19517   output_buffer_pipe_3_reg[0][8]/CN                  I2C   default_mode 
    6965 19517   output_buffer_pipe_1_reg[3][6]/CN                  I2C   default_mode 
    6966 19517   output_buffer_pipe_4_reg[0][0]/CN                  I2C   default_mode 
    6967 19517   output_buffer_pipe_2_reg[2][6]/CN                  I2C   default_mode 
    6968 19517   output_buffer_pipe_2_reg[3][28]/CN                 I2C   default_mode 
    6969 19517   output_buffer_pipe_2_reg[3][27]/CN                 I2C   default_mode 
    6970 19517   output_buffer_pipe_0_reg[3][3]/CN                  I2C   default_mode 
    6971 19517   output_buffer_pipe_0_reg[0][31]/CN                 I2C   default_mode 
    6972 19517   output_buffer_pipe_2_reg[3][20]/CN                 I2C   default_mode 
    6973 19517   output_buffer_pipe_2_reg[1][19]/CN                 I2C   default_mode 
    6974 19517   output_buffer_pipe_0_reg[3][4]/CN                  I2C   default_mode 
    6975 19517   output_buffer_pipe_2_reg[3][16]/CN                 I2C   default_mode 
    6976 19517   output_buffer_pipe_2_reg[3][15]/CN                 I2C   default_mode 
    6977 19517   output_buffer_pipe_1_reg[2][27]/CN                 I2C   default_mode 
    6978 19517   output_buffer_pipe_2_reg[3][10]/CN                 I2C   default_mode 
    6979 19517   output_buffer_pipe_2_reg[1][21]/CN                 I2C   default_mode 
    6980 19517   output_buffer_pipe_1_reg[3][11]/CN                 I2C   default_mode 
    6981 19517   output_buffer_pipe_2_reg[2][31]/CN                 I2C   default_mode 
    6982 19517   a_buffer_pipe_4_reg[0][2]/CN                       I2C   default_mode 
    6983 19517   output_buffer_pipe_2_reg[1][22]/CN                 I2C   default_mode 
    6984 19517   output_buffer_pipe_2_reg[2][26]/CN                 I2C   default_mode 
    6985 19517   output_buffer_pipe_1_reg[0][22]/CN                 I2C   default_mode 
    6986 19517   output_buffer_pipe_2_reg[2][22]/CN                 I2C   default_mode 
    6987 19517   output_buffer_pipe_2_reg[2][20]/CN                 I2C   default_mode 
    6988 19517   a_buffer_pipe_7_reg[0][2]/CN                       I2C   default_mode 
    6989 19517   output_buffer_pipe_1_reg[3][18]/CN                 I2C   default_mode 
    6990 19517   output_buffer_pipe_2_reg[2][16]/CN                 I2C   default_mode 
    6991 19517   a_buffer_pipe_7_reg[0][1]/CN                       I2C   default_mode 
    6992 19517   output_buffer_pipe_2_reg[2][8]/CN                  I2C   default_mode 
    6993 19517   output_buffer_pipe_2_reg[2][4]/CN                  I2C   default_mode 
    6994 19517   a_buffer_pipe_7_reg[0][4]/CN                       I2C   default_mode 
    6995 19517   output_buffer_pipe_2_reg[2][1]/CN                  I2C   default_mode 
    6996 19517   output_buffer_pipe_2_reg[2][0]/CN                  I2C   default_mode 
    6997 19517   output_buffer_pipe_2_reg[1][28]/CN                 I2C   default_mode 
    6998 19517   b_buffer_pipe_4_reg[0][4]/CN                       I2C   default_mode 
    6999 19517   output_buffer_pipe_0_reg[1][14]/CN                 I2C   default_mode 
    7000 19517   output_buffer_pipe_1_reg[0][19]/CN                 I2C   default_mode 
    7001 19517   output_buffer_pipe_0_reg[4][2]/CN                  I2C   default_mode 
    7002 19517   output_buffer_pipe_2_reg[1][20]/CN                 I2C   default_mode 
    7003 19517   a_buffer_pipe_7_reg[0][5]/CN                       I2C   default_mode 
    7004 19517   output_buffer_pipe_1_reg[4][7]/CN                  I2C   default_mode 
    7005 19517   output_buffer_pipe_2_reg[1][16]/CN                 I2C   default_mode 
    7006 19517   output_buffer_pipe_1_reg[0][18]/CN                 I2C   default_mode 
    7007 19517   output_buffer_pipe_1_reg[4][13]/CN                 I2C   default_mode 
    7008 19517   output_buffer_pipe_2_reg[1][8]/CN                  I2C   default_mode 
    7009 19517   output_buffer_pipe_1_reg[0][17]/CN                 I2C   default_mode 
    7010 19517   output_buffer_pipe_1_reg[0][20]/CN                 I2C   default_mode 
    7011 19517   a_buffer_pipe_6_reg[0][3]/CN                       I2C   default_mode 
    7012 19517   output_buffer_pipe_1_reg[2][15]/CN                 I2C   default_mode 
    7013 19517   output_buffer_pipe_2_reg[3][23]/CN                 I2C   default_mode 
    7014 19517   output_buffer_pipe_2_reg[0][29]/CN                 I2C   default_mode 
    7015 19517   a_buffer_pipe_7_reg[0][7]/CN                       I2C   default_mode 
    7016 19517   a_buffer_pipe_1_reg[1]/CN                          I2C   default_mode 
    7017 19517   output_buffer_pipe_1_reg[4][22]/CN                 I2C   default_mode 
    7018 19517   output_buffer_pipe_2_reg[0][23]/CN                 I2C   default_mode 
    7019 19517   output_buffer_pipe_4_reg[0][24]/CN                 I2C   default_mode 
    7020 19517   output_buffer_pipe_2_reg[0][20]/CN                 I2C   default_mode 
    7021 19517   output_buffer_pipe_2_reg[0][17]/CN                 I2C   default_mode 
    7022 19517   output_buffer_pipe_2_reg[0][16]/CN                 I2C   default_mode 
    7023 19517   output_buffer_pipe_2_reg[0][15]/CN                 I2C   default_mode 
    7024 19517   output_buffer_pipe_2_reg[0][13]/CN                 I2C   default_mode 
    7025 19517   output_buffer_pipe_2_reg[0][11]/CN                 I2C   default_mode 
    7026 19517   output_buffer_pipe_2_reg[0][0]/CN                  I2C   default_mode 
    7027 19517   output_buffer_pipe_2_reg[0][8]/CN                  I2C   default_mode 
    7028 19517   output_buffer_pipe_1_reg[4][31]/CN                 I2C   default_mode 
    7029 19517   output_buffer_pipe_2_reg[0][19]/CN                 I2C   default_mode 
    7030 19517   output_buffer_pipe_2_reg[0][5]/CN                  I2C   default_mode 
    7031 19517   output_buffer_pipe_2_reg[0][3]/CN                  I2C   default_mode 
    7032 19517   output_buffer_pipe_2_reg[0][2]/CN                  I2C   default_mode 
    7033 19517   a_buffer_pipe_6_reg[0][5]/CN                       I2C   default_mode 
    7034 19517   output_buffer_pipe_1_reg[4][27]/CN                 I2C   default_mode 
    7035 19517   output_buffer_pipe_1_reg[4][24]/CN                 I2C   default_mode 
    7036 19517   output_buffer_pipe_1_reg[4][14]/CN                 I2C   default_mode 
    7037 19517   a_buffer_pipe_4_reg[0][3]/CN                       I2C   default_mode 
    7038 19517   output_buffer_pipe_1_reg[4][5]/CN                  I2C   default_mode 
    7039 19517   output_buffer_pipe_2_reg[2][21]/CN                 I2C   default_mode 
    7040 19517   output_buffer_pipe_1_reg[4][4]/CN                  I2C   default_mode 
    7041 19517   output_buffer_pipe_1_reg[4][3]/CN                  I2C   default_mode 
    7042 19517   output_buffer_pipe_1_reg[4][1]/CN                  I2C   default_mode 
    7043 19517   output_buffer_pipe_1_reg[3][28]/CN                 I2C   default_mode 
    7044 19517   a_buffer_pipe_1_reg[3]/CN                          I2C   default_mode 
    7045 19517   output_buffer_pipe_1_reg[3][24]/CN                 I2C   default_mode 
    7046 19517   a_buffer_pipe_5_reg[0][1]/CN                       I2C   default_mode 
    7047 19517   output_buffer_pipe_1_reg[4][21]/CN                 I2C   default_mode 
    7048 19517   output_buffer_pipe_1_reg[3][12]/CN                 I2C   default_mode 
    7049 19517   b_buffer_pipe_2_reg[0][5]/CN                       I2C   default_mode 
    7050 19517   output_buffer_pipe_1_reg[3][4]/CN                  I2C   default_mode 
    7051 19517   output_buffer_pipe_1_reg[3][3]/CN                  I2C   default_mode 
    7052 19517   output_buffer_pipe_1_reg[3][0]/CN                  I2C   default_mode 
    7053 19517   output_buffer_pipe_1_reg[4][25]/CN                 I2C   default_mode 
    7054 19517   output_buffer_pipe_2_reg[1][7]/CN                  I2C   default_mode 
    7055 19517   output_buffer_pipe_1_reg[2][12]/CN                 I2C   default_mode 
    7056 19517   output_buffer_pipe_1_reg[2][19]/CN                 I2C   default_mode 
    7057 19517   output_buffer_pipe_4_reg[0][25]/CN                 I2C   default_mode 
    7058 19517   output_buffer_pipe_2_reg[1][15]/CN                 I2C   default_mode 
    7059 19517   output_buffer_pipe_2_reg[1][11]/CN                 I2C   default_mode 
    7060 19517   output_buffer_pipe_2_reg[1][0]/CN                  I2C   default_mode 
    7061 19517   output_buffer_pipe_4_reg[1][7]/CN                  I2C   default_mode 
    7062 19517   output_buffer_pipe_1_reg[2][5]/CN                  I2C   default_mode 
    7063 19517   output_buffer_pipe_1_reg[2][4]/CN                  I2C   default_mode 
    7064 19517   output_buffer_pipe_1_reg[2][2]/CN                  I2C   default_mode 
    7065 19517   output_buffer_pipe_1_reg[2][0]/CN                  I2C   default_mode 
    7066 19517   output_buffer_pipe_4_reg[1][9]/CN                  I2C   default_mode 
    7067 19517   b_buffer_pipe_2_reg[0][6]/CN                       I2C   default_mode 
    7068 19517   output_buffer_pipe_1_reg[1][20]/CN                 I2C   default_mode 
    7069 19517   output_buffer_pipe_1_reg[1][19]/CN                 I2C   default_mode 
    7070 19517   output_buffer_pipe_1_reg[1][17]/CN                 I2C   default_mode 
    7071 19517   output_buffer_pipe_1_reg[1][16]/CN                 I2C   default_mode 
    7072 19517   output_buffer_pipe_3_reg[2][18]/CN                 I2C   default_mode 
    7073 19517   output_buffer_pipe_1_reg[1][1]/CN                  I2C   default_mode 
    7074 19517   output_buffer_pipe_1_reg[1][0]/CN                  I2C   default_mode 
    7075 19517   output_buffer_pipe_3_reg[1][19]/CN                 I2C   default_mode 
    7076 19517   output_buffer_pipe_1_reg[0][27]/CN                 I2C   default_mode 
    7077 19517   cycle_num_reg[10]/CN                               I2C   default_mode 
    7078 19517   output_buffer_pipe_2_reg[2][7]/CN                  I2C   default_mode 
    7079 19517   output_buffer_pipe_1_reg[0][15]/CN                 I2C   default_mode 
    7080 19517   output_buffer_pipe_2_reg[2][23]/CN                 I2C   default_mode 
    7081 19517   output_buffer_pipe_2_reg[2][10]/CN                 I2C   default_mode 
    7082 19517   output_buffer_pipe_1_reg[0][16]/CN                 I2C   default_mode 
    7083 19517   output_buffer_pipe_3_reg[1][15]/CN                 I2C   default_mode 
    7084 19517   output_buffer_pipe_1_reg[0][12]/CN                 I2C   default_mode 
    7085 19517   output_buffer_pipe_1_reg[0][8]/CN                  I2C   default_mode 
    7086 19517   output_buffer_pipe_1_reg[0][6]/CN                  I2C   default_mode 
    7087 19517   output_buffer_pipe_2_reg[1][18]/CN                 I2C   default_mode 
    7088 19517   b_buffer_pipe_5_reg[0][4]/CN                       I2C   default_mode 
    7089 19517   output_buffer_pipe_3_reg[1][21]/CN                 I2C   default_mode 
    7090 19517   output_buffer_pipe_0_reg[5][28]/CN                 I2C   default_mode 
    7091 19517   output_buffer_pipe_0_reg[5][20]/CN                 I2C   default_mode 
    7092 19517   output_buffer_pipe_2_reg[2][27]/CN                 I2C   default_mode 
    7093 19517   output_buffer_pipe_2_reg[3][6]/CN                  I2C   default_mode 
    7094 19517   output_buffer_pipe_0_reg[5][4]/CN                  I2C   default_mode 
    7095 19517   output_buffer_pipe_0_reg[5][3]/CN                  I2C   default_mode 
    7096 19517   output_buffer_pipe_1_reg[1][30]/CN                 I2C   default_mode 
    7097 19517   output_buffer_pipe_2_reg[3][9]/CN                  I2C   default_mode 
    7098 19517   output_buffer_pipe_2_reg[3][8]/CN                  I2C   default_mode 
    7099 19517   output_buffer_pipe_2_reg[3][14]/CN                 I2C   default_mode 
    7100 19517   output_buffer_pipe_0_reg[3][13]/CN                 I2C   default_mode 
    7101 19517   output_buffer_pipe_2_reg[3][13]/CN                 I2C   default_mode 
    7102 19517   output_buffer_pipe_2_reg[3][17]/CN                 I2C   default_mode 
    7103 19517   a_buffer_pipe_4_reg[0][1]/CN                       I2C   default_mode 
    7104 19517   output_buffer_pipe_0_reg[2][1]/CN                  I2C   default_mode 
    7105 19517   output_buffer_pipe_2_reg[3][25]/CN                 I2C   default_mode 
    7106 19517   output_buffer_pipe_2_reg[3][21]/CN                 I2C   default_mode 
    7107 19517   output_buffer_pipe_0_reg[4][12]/CN                 I2C   default_mode 
    7108 19517   output_buffer_pipe_2_reg[3][24]/CN                 I2C   default_mode 
    7109 19517   output_buffer_pipe_2_reg[3][22]/CN                 I2C   default_mode 
    7110 19517   output_buffer_pipe_0_reg[4][3]/CN                  I2C   default_mode 
    7111 19517   a_buffer_pipe_2_reg[0][5]/CN                       I2C   default_mode 
    7112 19517   output_buffer_pipe_0_reg[4][1]/CN                  I2C   default_mode 
    7113 19517   output_buffer_pipe_0_reg[2][6]/CN                  I2C   default_mode 
    7114 19517   output_buffer_pipe_0_reg[3][30]/CN                 I2C   default_mode 
    7115 19517   output_buffer_pipe_3_reg[0][13]/CN                 I2C   default_mode 
    7116 19517   output_buffer_pipe_0_reg[1][31]/CN                 I2C   default_mode 
    7117 19517   output_buffer_pipe_2_reg[2][3]/CN                  I2C   default_mode 
    7118 19517   output_buffer_pipe_0_reg[3][20]/CN                 I2C   default_mode 
    7119 19517   output_buffer_pipe_3_reg[0][7]/CN                  I2C   default_mode 
    7120 19517   b_buffer_pipe_7_reg[0][3]/CN                       I2C   default_mode 
    7121 19517   a_buffer_pipe_2_reg[0][6]/CN                       I2C   default_mode 
    7122 19517   output_buffer_pipe_3_reg[0][6]/CN                  I2C   default_mode 
    7123 19517   output_buffer_pipe_0_reg[3][12]/CN                 I2C   default_mode 
    7124 19517   b_buffer_pipe_1_reg[7]/CN                          I2C   default_mode 
    7125 19517   output_buffer_pipe_0_reg[3][8]/CN                  I2C   default_mode 
    7126 19517   output_buffer_pipe_3_reg[0][9]/CN                  I2C   default_mode 
    7127 19517   a_buffer_pipe_3_reg[0][7]/CN                       I2C   default_mode 
    7128 19517   output_buffer_pipe_3_reg[0][29]/CN                 I2C   default_mode 
    7129 19517   output_buffer_pipe_0_reg[2][22]/CN                 I2C   default_mode 
    7130 19517   output_buffer_pipe_0_reg[2][28]/CN                 I2C   default_mode 
    7131 19517   output_buffer_pipe_3_reg[0][17]/CN                 I2C   default_mode 
    7132 19517   output_buffer_pipe_0_reg[2][7]/CN                  I2C   default_mode 
    7133 19517   output_buffer_pipe_0_reg[2][20]/CN                 I2C   default_mode 
    7134 19517   output_buffer_pipe_3_reg[0][2]/CN                  I2C   default_mode 
    7135 19517   output_buffer_pipe_1_reg[2][21]/CN                 I2C   default_mode 
    7136 19517   a_buffer_pipe_4_reg[0][7]/CN                       I2C   default_mode 
    7137 19517   output_buffer_pipe_0_reg[2][17]/CN                 I2C   default_mode 
    7138 19517   output_buffer_pipe_0_reg[2][11]/CN                 I2C   default_mode 
    7139 19517   output_buffer_pipe_0_reg[2][5]/CN                  I2C   default_mode 
    7140 19517   a_buffer_pipe_4_reg[0][4]/CN                       I2C   default_mode 
    7141 19517   output_buffer_pipe_0_reg[2][4]/CN                  I2C   default_mode 
    7142 19517   output_buffer_pipe_0_reg[2][2]/CN                  I2C   default_mode 
    7143 19517   output_buffer_pipe_0_reg[2][0]/CN                  I2C   default_mode 
    7144 19517   output_buffer_pipe_0_reg[4][4]/CN                  I2C   default_mode 
    7145 19517   output_buffer_pipe_0_reg[1][20]/CN                 I2C   default_mode 
    7146 19517   output_buffer_pipe_0_reg[1][19]/CN                 I2C   default_mode 
    7147 19517   b_buffer_pipe_3_reg[0][2]/CN                       I2C   default_mode 
    7148 19517   output_buffer_pipe_0_reg[1][16]/CN                 I2C   default_mode 
    7149 19517   output_buffer_pipe_3_reg[1][0]/CN                  I2C   default_mode 
    7150 19517   output_buffer_pipe_0_reg[1][4]/CN                  I2C   default_mode 
    7151 19517   output_buffer_pipe_3_reg[1][13]/CN                 I2C   default_mode 
    7152 19517   output_buffer_pipe_0_reg[1][0]/CN                  I2C   default_mode 
    7153 19517   output_buffer_pipe_0_reg[0][28]/CN                 I2C   default_mode 
    7154 19517   a_buffer_pipe_5_reg[0][2]/CN                       I2C   default_mode 
    7155 19517   output_buffer_pipe_2_reg[3][3]/CN                  I2C   default_mode 
    7156 19517   output_buffer_pipe_3_reg[1][22]/CN                 I2C   default_mode 
    7157 19517   output_buffer_pipe_2_reg[3][29]/CN                 I2C   default_mode 
    7158 19517   output_buffer_pipe_0_reg[0][25]/CN                 I2C   default_mode 
    7159 19517   output_buffer_pipe_0_reg[0][12]/CN                 I2C   default_mode 
    7160 19517   a_buffer_pipe_3_reg[0][5]/CN                       I2C   default_mode 
    7161 19517   output_buffer_pipe_0_reg[0][8]/CN                  I2C   default_mode 
    7162 19517   output_buffer_pipe_2_reg[3][30]/CN                 I2C   default_mode 
    7163 19517   output_buffer_pipe_3_reg[2][6]/CN                  I2C   default_mode 
    7164 19517   output_buffer_pipe_0_reg[0][0]/CN                  I2C   default_mode 
    7165 19517   output_buffer_pipe_3_reg[2][25]/CN                 I2C   default_mode 
    7166 19517   output_buffer_pipe_3_reg[1][30]/CN                 I2C   default_mode 
    7167 19517   output_buffer_out_valid_pipe_reg[0]/CN             I2C   default_mode 
    7168 19517   output_buffer_pipe_1_reg[0][26]/CN                 I2C   default_mode 
    7169 19517   output_buffer_pipe_3_reg[1][29]/CN                 I2C   default_mode 
    7170 19517   output_buffer_pipe_1_reg[0][28]/CN                 I2C   default_mode 
    7171 19517   output_buffer_pipe_4_reg[1][25]/CN                 I2C   default_mode 
    7172 19517   cycle_num_reg[8]/CN                                I2C   default_mode 
    7173 19517   cycle_num_reg[3]/CN                                I2C   default_mode 
    7174 19517   cycle_num_reg[0]/CN                                I2C   default_mode 
    7175 19517   output_buffer_pipe_3_reg[2][9]/CN                  I2C   default_mode 
    7176 19517   output_buffer_pipe_3_reg[2][7]/CN                  I2C   default_mode 
    7177 19517   output_buffer_pipe_1_reg[0][23]/CN                 I2C   default_mode 
    7178 19517   output_buffer_pipe_3_reg[0][24]/CN                 I2C   default_mode 
    7179 19517   output_buffer_pipe_2_reg[2][25]/CN                 I2C   default_mode 
    7180 19517   output_buffer_pipe_3_reg[2][10]/CN                 I2C   default_mode 
    7181 19517   output_buffer_pipe_2_reg[3][7]/CN                  I2C   default_mode 
    7182 19517   a_buffer_pipe_1_reg[2]/CN                          I2C   default_mode 
    7183 19517   output_buffer_pipe_3_reg[2][17]/CN                 I2C   default_mode 
    7184 19517   output_buffer_pipe_1_reg[0][24]/CN                 I2C   default_mode 
    7185 19517   output_buffer_pipe_1_reg[0][25]/CN                 I2C   default_mode 
    7186 19517   a_buffer_pipe_3_reg[0][6]/CN                       I2C   default_mode 
    7187 19517   output_buffer_pipe_3_reg[2][21]/CN                 I2C   default_mode 
    7188 19517   output_buffer_pipe_4_reg[0][15]/CN                 I2C   default_mode 
    7189 19517   output_buffer_pipe_1_reg[0][29]/CN                 I2C   default_mode 
    7190 19517   cycle_num_reg[4]/CN                                I2C   default_mode 
    7191 19517   output_buffer_pipe_1_reg[3][9]/CN                  I2C   default_mode 
    7192 19517   a_buffer_pipe_4_reg[0][5]/CN                       I2C   default_mode 
    7193 19517   output_buffer_pipe_4_reg[0][6]/CN                  I2C   default_mode 
    7194 19517   output_buffer_pipe_1_reg[3][31]/CN                 I2C   default_mode 
    7195 19517   output_buffer_pipe_0_reg[4][15]/CN                 I2C   default_mode 
    7196 19517   output_buffer_pipe_1_reg[2][8]/CN                  I2C   default_mode 
    7197 19517   output_buffer_pipe_1_reg[3][29]/CN                 I2C   default_mode 
    7198 19517   output_buffer_pipe_4_reg[0][11]/CN                 I2C   default_mode 
    7199 19517   output_buffer_pipe_4_reg[0][22]/CN                 I2C   default_mode 
    7200 19517   output_buffer_pipe_2_reg[1][12]/CN                 I2C   default_mode 
    7201 19517   output_buffer_pipe_1_reg[0][30]/CN                 I2C   default_mode 
    7202 19517   output_buffer_pipe_4_reg[0][28]/CN                 I2C   default_mode 
    7203 19517   output_buffer_pipe_4_reg[0][23]/CN                 I2C   default_mode 
    7204 19517   output_buffer_pipe_1_reg[2][20]/CN                 I2C   default_mode 
    7205 19517   output_buffer_pipe_2_reg[2][30]/CN                 I2C   default_mode 
    7206 19517   output_buffer_pipe_0_reg[1][23]/CN                 I2C   default_mode 
    7207 19517   output_buffer_pipe_1_reg[2][22]/CN                 I2C   default_mode 
    7208 19517   output_buffer_pipe_1_reg[1][10]/CN                 I2C   default_mode 
    7209 19517   output_buffer_pipe_4_reg[1][12]/CN                 I2C   default_mode 
    7210 19517   output_buffer_pipe_1_reg[2][24]/CN                 I2C   default_mode 
    7211 19517   output_buffer_pipe_2_reg[1][3]/CN                  I2C   default_mode 
    7212 19517   output_buffer_pipe_0_reg[3][23]/CN                 I2C   default_mode 
    7213 19517   cycle_num_reg[5]/CN                                I2C   default_mode 
    7214 19517   output_buffer_pipe_2_reg[1][1]/CN                  I2C   default_mode 
    7215 19517   output_buffer_pipe_3_reg[2][2]/CN                  I2C   default_mode 
    7216 19517   output_buffer_pipe_4_reg[1][11]/CN                 I2C   default_mode 
    7217 19517   output_buffer_pipe_4_reg[1][10]/CN                 I2C   default_mode 
    7218 19517   output_buffer_pipe_2_reg[0][30]/CN                 I2C   default_mode 
    7219 19517   output_buffer_pipe_1_reg[4][28]/CN                 I2C   default_mode 
    7220 19517   output_buffer_pipe_1_reg[4][2]/CN                  I2C   default_mode 
    7221 19517   output_buffer_pipe_1_reg[2][25]/CN                 I2C   default_mode 
    7222 19517   output_buffer_pipe_1_reg[4][12]/CN                 I2C   default_mode 
    7223 19517   output_buffer_pipe_1_reg[2][26]/CN                 I2C   default_mode 
    7224 19517   output_buffer_pipe_4_reg[1][21]/CN                 I2C   default_mode 
    7225 19517   output_buffer_pipe_4_reg[1][19]/CN                 I2C   default_mode 
    7226 19517   output_buffer_pipe_2_reg[1][10]/CN                 I2C   default_mode 
    7227 19517   output_buffer_pipe_2_reg[1][9]/CN                  I2C   default_mode 
    7228 19517   output_buffer_pipe_5_reg[0][21]/CN                 I2C   default_mode 
    7229 19517   output_buffer_pipe_0_reg[2][14]/CN                 I2C   default_mode 
    7230 19517   output_buffer_pipe_1_reg[1][11]/CN                 I2C   default_mode 
    7231 19517   output_buffer_pipe_4_reg[1][27]/CN                 I2C   default_mode 
    7232 19517   b_buffer_pipe_6_reg[0][1]/CN                       I2C   default_mode 
    7233 19517   a_buffer_pipe_2_reg[0][3]/CN                       I2C   default_mode 
    7234 19517   output_buffer_pipe_3_reg[1][9]/CN                  I2C   default_mode 
    7235 19517   output_buffer_pipe_5_reg[0][5]/CN                  I2C   default_mode 
    7236 19517   output_buffer_pipe_1_reg[0][13]/CN                 I2C   default_mode 
    7237 19517   output_buffer_pipe_3_reg[1][23]/CN                 I2C   default_mode 
    7238 19517   output_buffer_pipe_1_reg[1][8]/CN                  I2C   default_mode 
    7239 19517   output_buffer_pipe_3_reg[1][7]/CN                  I2C   default_mode 
    7240 19517   output_buffer_pipe_2_reg[1][13]/CN                 I2C   default_mode 
    7241 19517   cycle_num_reg[6]/CN                                I2C   default_mode 
    7242 19517   output_buffer_pipe_5_reg[0][15]/CN                 I2C   default_mode 
    7243 19517   output_buffer_pipe_1_reg[2][18]/CN                 I2C   default_mode 
    7244 19517   output_buffer_pipe_3_reg[1][27]/CN                 I2C   default_mode 
    7245 19517   output_buffer_pipe_3_reg[1][26]/CN                 I2C   default_mode 
    7246 19517   output_buffer_pipe_5_reg[0][22]/CN                 I2C   default_mode 
    7247 19517   output_buffer_pipe_1_reg[2][9]/CN                  I2C   default_mode 
    7248 19517   output_buffer_pipe_5_reg[0][23]/CN                 I2C   default_mode 
    7249 19517   output_buffer_pipe_2_reg[1][30]/CN                 I2C   default_mode 
    7250 19517   output_buffer_pipe_0_reg[1][2]/CN                  I2C   default_mode 
    7251 19517   output_buffer_pipe_2_reg[2][28]/CN                 I2C   default_mode 
    7252 19517   output_buffer_pipe_0_reg[2][13]/CN                 I2C   default_mode 
    7253 19517   output_buffer_pipe_0_reg[2][10]/CN                 I2C   default_mode 
    7254 19517   output_buffer_pipe_0_reg[2][9]/CN                  I2C   default_mode 
    7255 19517   output_buffer_pipe_0_reg[2][12]/CN                 I2C   default_mode 
    7256 19517   b_buffer_pipe_4_reg[0][1]/CN                       I2C   default_mode 
    7257 19517   output_buffer_pipe_2_reg[0][27]/CN                 I2C   default_mode 
    7258 19517   output_buffer_pipe_2_reg[1][5]/CN                  I2C   default_mode 
    7259 19517   output_buffer_pipe_0_reg[2][15]/CN                 I2C   default_mode 
    7260 19517   output_buffer_pipe_2_reg[3][19]/CN                 I2C   default_mode 
    7261 19517   output_buffer_pipe_2_reg[1][14]/CN                 I2C   default_mode 
    7262 19517   a_buffer_pipe_6_reg[0][7]/CN                       I2C   default_mode 
    7263 19517   output_buffer_pipe_2_reg[3][26]/CN                 I2C   default_mode 
    7264 19517   output_buffer_pipe_3_reg[2][8]/CN                  I2C   default_mode 
    7265 19517   output_buffer_pipe_0_reg[4][0]/CN                  I2C   default_mode 
    7266 19517   output_buffer_pipe_0_reg[3][5]/CN                  I2C   default_mode 
    7267 19517   b_buffer_pipe_4_reg[0][2]/CN                       I2C   default_mode 
    7268 19517   output_buffer_pipe_0_reg[3][14]/CN                 I2C   default_mode 
    7269 19517   b_buffer_pipe_3_reg[0][7]/CN                       I2C   default_mode 
    7270 19517   output_buffer_pipe_2_reg[1][24]/CN                 I2C   default_mode 
    7271 19517   output_buffer_pipe_4_reg[0][29]/CN                 I2C   default_mode 
    7272 19517   b_buffer_pipe_3_reg[0][5]/CN                       I2C   default_mode 
    7273 19517   b_buffer_pipe_3_reg[0][4]/CN                       I2C   default_mode 
    7274 19517   output_buffer_pipe_2_reg[1][6]/CN                  I2C   default_mode 
    7275 19517   output_buffer_pipe_0_reg[4][10]/CN                 I2C   default_mode 
    7276 19517   output_buffer_pipe_4_reg[0][17]/CN                 I2C   default_mode 
    7277 19517   b_buffer_pipe_3_reg[0][6]/CN                       I2C   default_mode 
    7278 19517   output_buffer_pipe_2_reg[2][15]/CN                 I2C   default_mode 
    7279 19517   output_buffer_pipe_0_reg[4][7]/CN                  I2C   default_mode 
    7280 19517   output_buffer_pipe_0_reg[2][16]/CN                 I2C   default_mode 
    7281 19517   output_buffer_pipe_0_reg[4][9]/CN                  I2C   default_mode 
    7282 19517   output_buffer_pipe_0_reg[4][8]/CN                  I2C   default_mode 
    7283 19526   systolic_array_8X8_b_queue_reg[2][6][0]/D          C2C   default_mode 
    7284 19526   systolic_array_8X8_b_queue_reg[4][7][0]/D          C2C   default_mode 
    7285 19526   systolic_array_8X8_b_queue_reg[5][0][0]/D          C2C   default_mode 
    7286 19526   systolic_array_8X8_b_queue_reg[3][5][0]/D          C2C   default_mode 
    7287 19526   systolic_array_8X8_b_queue_reg[3][0][0]/D          C2C   default_mode 
    7288 19526   systolic_array_8X8_b_queue_reg[5][2][0]/D          C2C   default_mode 
    7289 19526   systolic_array_8X8_b_queue_reg[6][3][0]/D          C2C   default_mode 
    7290 19526   systolic_array_8X8_b_queue_reg[4][5][0]/D          C2C   default_mode 
    7291 19526   systolic_array_8X8_b_queue_reg[4][0][0]/D          C2C   default_mode 
    7292 19526   systolic_array_8X8_b_queue_reg[1][2][0]/D          C2C   default_mode 
    7293 19526   systolic_array_8X8_b_queue_reg[2][4][0]/D          C2C   default_mode 
    7294 19526   systolic_array_8X8_b_queue_reg[2][2][0]/D          C2C   default_mode 
    7295 19526   systolic_array_8X8_b_queue_reg[6][2][0]/D          C2C   default_mode 
    7296 19526   systolic_array_8X8_b_queue_reg[3][6][0]/D          C2C   default_mode 
    7297 19526   systolic_array_8X8_b_queue_reg[2][0][0]/D          C2C   default_mode 
    7298 19526   systolic_array_8X8_b_queue_reg[2][1][0]/D          C2C   default_mode 
    7299 19526   systolic_array_8X8_b_queue_reg[5][4][0]/D          C2C   default_mode 
    7300 19526   systolic_array_8X8_b_queue_reg[3][4][0]/D          C2C   default_mode 
    7301 19526   systolic_array_8X8_b_queue_reg[4][4][0]/D          C2C   default_mode 
    7302 19526   systolic_array_8X8_b_queue_reg[6][5][0]/D          C2C   default_mode 
    7303 19526   systolic_array_8X8_b_queue_reg[5][6][0]/D          C2C   default_mode 
    7304 19526   systolic_array_8X8_b_queue_reg[1][1][0]/D          C2C   default_mode 
    7305 19526   systolic_array_8X8_b_queue_reg[1][6][0]/D          C2C   default_mode 
    7306 19526   systolic_array_8X8_b_queue_reg[2][7][0]/D          C2C   default_mode 
    7307 19526   systolic_array_8X8_b_queue_reg[3][1][0]/D          C2C   default_mode 
    7308 19526   systolic_array_8X8_b_queue_reg[6][4][0]/D          C2C   default_mode 
    7309 19526   systolic_array_8X8_b_queue_reg[4][3][0]/D          C2C   default_mode 
    7310 19526   systolic_array_8X8_b_queue_reg[6][6][0]/D          C2C   default_mode 
    7311 19526   systolic_array_8X8_b_queue_reg[4][2][0]/D          C2C   default_mode 
    7312 19526   systolic_array_8X8_b_queue_reg[7][2][0]/D          C2C   default_mode 
    7313 19526   systolic_array_8X8_b_queue_reg[5][1][0]/D          C2C   default_mode 
    7314 19526   systolic_array_8X8_b_queue_reg[1][3][0]/D          C2C   default_mode 
    7315 19526   systolic_array_8X8_b_queue_reg[2][3][0]/D          C2C   default_mode 
    7316 19526   systolic_array_8X8_b_queue_reg[5][7][0]/D          C2C   default_mode 
    7317 19526   systolic_array_8X8_b_queue_reg[5][3][0]/D          C2C   default_mode 
    7318 19526   systolic_array_8X8_b_queue_reg[6][0][0]/D          C2C   default_mode 
    7319 19526   systolic_array_8X8_b_queue_reg[1][0][0]/D          C2C   default_mode 
    7320 19526   systolic_array_8X8_b_queue_reg[3][7][0]/D          C2C   default_mode 
    7321 19526   systolic_array_8X8_b_queue_reg[1][5][0]/D          C2C   default_mode 
    7322 19526   systolic_array_8X8_b_queue_reg[2][5][0]/D          C2C   default_mode 
    7323 19526   systolic_array_8X8_b_queue_reg[1][7][0]/D          C2C   default_mode 
    7324 19526   systolic_array_8X8_b_queue_reg[6][7][0]/D          C2C   default_mode 
    7325 19526   systolic_array_8X8_b_queue_reg[1][4][0]/D          C2C   default_mode 
    7326 19526   systolic_array_8X8_b_queue_reg[7][7][0]/D          C2C   default_mode 
    7327 19526   systolic_array_8X8_b_queue_reg[7][3][0]/D          C2C   default_mode 
    7328 19526   systolic_array_8X8_b_queue_reg[6][1][0]/D          C2C   default_mode 
    7329 19526   systolic_array_8X8_b_queue_reg[7][5][0]/D          C2C   default_mode 
    7330 19526   systolic_array_8X8_b_queue_reg[7][0][0]/D          C2C   default_mode 
    7331 19526   systolic_array_8X8_b_queue_reg[7][6][0]/D          C2C   default_mode 
    7332 19526   systolic_array_8X8_b_queue_reg[7][1][0]/D          C2C   default_mode 
    7333 19526   systolic_array_8X8_b_queue_reg[5][5][0]/D          C2C   default_mode 
    7334 19526   systolic_array_8X8_b_queue_reg[7][4][0]/D          C2C   default_mode 
    7335 19526   systolic_array_8X8_b_queue_reg[3][2][0]/D          C2C   default_mode 
    7336 19526   systolic_array_8X8_b_queue_reg[4][1][0]/D          C2C   default_mode 
    7337 19526   systolic_array_8X8_b_queue_reg[3][3][0]/D          C2C   default_mode 
    7338 19526   systolic_array_8X8_b_queue_reg[4][6][0]/D          C2C   default_mode 
    7339 19532   systolic_array_8X8_b_queue_reg[1][3][8]/D          C2C   default_mode 
    7340 19532   systolic_array_8X8_b_queue_reg[1][0][8]/D          C2C   default_mode 
    7341 19532   systolic_array_8X8_b_queue_reg[2][5][8]/D          C2C   default_mode 
    7342 19532   systolic_array_8X8_b_queue_reg[6][3][8]/D          C2C   default_mode 
    7343 19532   systolic_array_8X8_b_queue_reg[3][0][8]/D          C2C   default_mode 
    7344 19532   systolic_array_8X8_b_queue_reg[5][0][8]/D          C2C   default_mode 
    7345 19532   systolic_array_8X8_b_queue_reg[2][0][8]/D          C2C   default_mode 
    7346 19532   systolic_array_8X8_b_queue_reg[7][6][8]/D          C2C   default_mode 
    7347 19532   systolic_array_8X8_b_queue_reg[1][1][8]/D          C2C   default_mode 
    7348 19532   systolic_array_8X8_b_queue_reg[7][0][8]/D          C2C   default_mode 
    7349 19532   systolic_array_8X8_b_queue_reg[6][0][8]/D          C2C   default_mode 
    7350 19532   systolic_array_8X8_b_queue_reg[4][0][8]/D          C2C   default_mode 
    7351 19532   systolic_array_8X8_b_queue_reg[5][4][8]/D          C2C   default_mode 
    7352 19532   systolic_array_8X8_b_queue_reg[3][7][8]/D          C2C   default_mode 
    7353 19532   systolic_array_8X8_b_queue_reg[5][3][8]/D          C2C   default_mode 
    7354 19532   systolic_array_8X8_b_queue_reg[1][4][8]/D          C2C   default_mode 
    7355 19532   systolic_array_8X8_b_queue_reg[2][3][8]/D          C2C   default_mode 
    7356 19532   systolic_array_8X8_b_queue_reg[4][6][8]/D          C2C   default_mode 
    7357 19532   systolic_array_8X8_b_queue_reg[6][2][8]/D          C2C   default_mode 
    7358 19532   systolic_array_8X8_b_queue_reg[5][6][8]/D          C2C   default_mode 
    7359 19532   systolic_array_8X8_b_queue_reg[3][4][8]/D          C2C   default_mode 
    7360 19532   systolic_array_8X8_b_queue_reg[4][2][8]/D          C2C   default_mode 
    7361 19532   systolic_array_8X8_b_queue_reg[6][7][8]/D          C2C   default_mode 
    7362 19532   systolic_array_8X8_b_queue_reg[7][2][8]/D          C2C   default_mode 
    7363 19532   systolic_array_8X8_b_queue_reg[7][1][8]/D          C2C   default_mode 
    7364 19532   systolic_array_8X8_b_queue_reg[1][7][8]/D          C2C   default_mode 
    7365 19532   systolic_array_8X8_b_queue_reg[7][5][8]/D          C2C   default_mode 
    7366 19532   systolic_array_8X8_b_queue_reg[5][5][8]/D          C2C   default_mode 
    7367 19532   systolic_array_8X8_b_queue_reg[1][2][8]/D          C2C   default_mode 
    7368 19532   systolic_array_8X8_b_queue_reg[4][5][8]/D          C2C   default_mode 
    7369 19532   systolic_array_8X8_b_queue_reg[3][1][8]/D          C2C   default_mode 
    7370 19532   systolic_array_8X8_b_queue_reg[1][6][8]/D          C2C   default_mode 
    7371 19532   systolic_array_8X8_b_queue_reg[3][5][8]/D          C2C   default_mode 
    7372 19532   systolic_array_8X8_b_queue_reg[7][3][8]/D          C2C   default_mode 
    7373 19532   systolic_array_8X8_b_queue_reg[6][1][8]/D          C2C   default_mode 
    7374 19532   systolic_array_8X8_b_queue_reg[6][5][8]/D          C2C   default_mode 
    7375 19532   systolic_array_8X8_b_queue_reg[6][6][8]/D          C2C   default_mode 
    7376 19532   systolic_array_8X8_b_queue_reg[4][1][8]/D          C2C   default_mode 
    7377 19532   systolic_array_8X8_b_queue_reg[2][7][8]/D          C2C   default_mode 
    7378 19532   systolic_array_8X8_b_queue_reg[4][4][8]/D          C2C   default_mode 
    7379 19532   systolic_array_8X8_b_queue_reg[4][3][8]/D          C2C   default_mode 
    7380 19532   systolic_array_8X8_b_queue_reg[3][2][8]/D          C2C   default_mode 
    7381 19532   systolic_array_8X8_b_queue_reg[3][3][8]/D          C2C   default_mode 
    7382 19532   systolic_array_8X8_b_queue_reg[4][7][8]/D          C2C   default_mode 
    7383 19532   systolic_array_8X8_b_queue_reg[2][2][8]/D          C2C   default_mode 
    7384 19532   systolic_array_8X8_b_queue_reg[5][1][8]/D          C2C   default_mode 
    7385 19532   systolic_array_8X8_b_queue_reg[2][4][8]/D          C2C   default_mode 
    7386 19532   systolic_array_8X8_b_queue_reg[5][2][8]/D          C2C   default_mode 
    7387 19532   systolic_array_8X8_b_queue_reg[3][6][8]/D          C2C   default_mode 
    7388 19532   systolic_array_8X8_b_queue_reg[2][6][8]/D          C2C   default_mode 
    7389 19532   systolic_array_8X8_b_queue_reg[5][7][8]/D          C2C   default_mode 
    7390 19532   systolic_array_8X8_b_queue_reg[7][7][8]/D          C2C   default_mode 
    7391 19532   systolic_array_8X8_b_queue_reg[6][4][8]/D          C2C   default_mode 
    7392 19532   systolic_array_8X8_b_queue_reg[2][1][8]/D          C2C   default_mode 
    7393 19532   systolic_array_8X8_b_queue_reg[1][5][8]/D          C2C   default_mode 
    7394 19532   systolic_array_8X8_b_queue_reg[7][4][8]/D          C2C   default_mode 
    7395 19532   systolic_array_8X8_a_queue_reg[6][1][7]/D          C2C   default_mode 
    7396 19532   systolic_array_8X8_a_queue_reg[6][4][7]/D          C2C   default_mode 
    7397 19532   systolic_array_8X8_a_queue_reg[2][5][7]/D          C2C   default_mode 
    7398 19532   systolic_array_8X8_a_queue_reg[6][3][4]/D          C2C   default_mode 
    7399 19532   systolic_array_8X8_a_queue_reg[5][1][3]/D          C2C   default_mode 
    7400 19532   systolic_array_8X8_a_queue_reg[6][5][3]/D          C2C   default_mode 
    7401 19532   systolic_array_8X8_a_queue_reg[7][6][6]/D          C2C   default_mode 
    7402 19532   systolic_array_8X8_a_queue_reg[5][1][2]/D          C2C   default_mode 
    7403 19532   systolic_array_8X8_a_queue_reg[5][1][1]/D          C2C   default_mode 
    7404 19532   systolic_array_8X8_a_queue_reg[0][4][6]/D          C2C   default_mode 
    7405 19532   systolic_array_8X8_a_queue_reg[5][5][7]/D          C2C   default_mode 
    7406 19532   systolic_array_8X8_a_queue_reg[7][1][1]/D          C2C   default_mode 
    7407 19532   systolic_array_8X8_a_queue_reg[5][3][3]/D          C2C   default_mode 
    7408 19532   systolic_array_8X8_a_queue_reg[6][6][1]/D          C2C   default_mode 
    7409 19532   systolic_array_8X8_a_queue_reg[0][3][4]/D          C2C   default_mode 
    7410 19532   systolic_array_8X8_a_queue_reg[6][1][4]/D          C2C   default_mode 
    7411 19532   systolic_array_8X8_a_queue_reg[7][1][7]/D          C2C   default_mode 
    7412 19532   systolic_array_8X8_a_queue_reg[5][5][2]/D          C2C   default_mode 
    7413 19532   systolic_array_8X8_a_queue_reg[6][4][1]/D          C2C   default_mode 
    7414 19532   systolic_array_8X8_a_queue_reg[6][4][3]/D          C2C   default_mode 
    7415 19532   systolic_array_8X8_a_queue_reg[2][4][6]/D          C2C   default_mode 
    7416 19532   systolic_array_8X8_a_queue_reg[0][1][7]/D          C2C   default_mode 
    7417 19532   systolic_array_8X8_a_queue_reg[0][2][2]/D          C2C   default_mode 
    7418 19532   systolic_array_8X8_a_queue_reg[4][7][4]/D          C2C   default_mode 
    7419 19532   systolic_array_8X8_a_queue_reg[3][6][3]/D          C2C   default_mode 
    7420 19532   systolic_array_8X8_a_queue_reg[0][2][8]/D          C2C   default_mode 
    7421 19532   systolic_array_8X8_a_queue_reg[0][2][3]/D          C2C   default_mode 
    7422 19532   systolic_array_8X8_a_queue_reg[7][4][6]/D          C2C   default_mode 
    7423 19532   systolic_array_8X8_a_queue_reg[0][3][1]/D          C2C   default_mode 
    7424 19532   systolic_array_8X8_a_queue_reg[6][6][7]/D          C2C   default_mode 
    7425 19532   systolic_array_8X8_a_queue_reg[0][4][2]/D          C2C   default_mode 
    7426 19532   systolic_array_8X8_a_queue_reg[0][4][4]/D          C2C   default_mode 
    7427 19532   systolic_array_8X8_a_queue_reg[0][3][5]/D          C2C   default_mode 
    7428 19532   systolic_array_8X8_a_queue_reg[5][3][5]/D          C2C   default_mode 
    7429 19532   systolic_array_8X8_a_queue_reg[0][3][6]/D          C2C   default_mode 
    7430 19532   systolic_array_8X8_a_queue_reg[0][3][8]/D          C2C   default_mode 
    7431 19532   systolic_array_8X8_a_queue_reg[0][3][7]/D          C2C   default_mode 
    7432 19532   systolic_array_8X8_a_queue_reg[0][6][1]/D          C2C   default_mode 
    7433 19532   systolic_array_8X8_a_queue_reg[4][6][2]/D          C2C   default_mode 
    7434 19532   systolic_array_8X8_a_queue_reg[4][6][5]/D          C2C   default_mode 
    7435 19532   systolic_array_8X8_a_queue_reg[2][5][8]/D          C2C   default_mode 
    7436 19532   systolic_array_8X8_a_queue_reg[7][1][3]/D          C2C   default_mode 
    7437 19532   systolic_array_8X8_a_queue_reg[5][2][3]/D          C2C   default_mode 
    7438 19532   systolic_array_8X8_a_queue_reg[2][7][4]/D          C2C   default_mode 
    7439 19532   systolic_array_8X8_a_queue_reg[5][3][4]/D          C2C   default_mode 
    7440 19532   systolic_array_8X8_a_queue_reg[5][7][1]/D          C2C   default_mode 
    7441 19532   systolic_array_8X8_a_queue_reg[2][7][8]/D          C2C   default_mode 
    7442 19532   systolic_array_8X8_a_queue_reg[5][5][8]/D          C2C   default_mode 
    7443 19532   systolic_array_8X8_a_queue_reg[5][7][5]/D          C2C   default_mode 
    7444 19532   systolic_array_8X8_a_queue_reg[7][6][8]/D          C2C   default_mode 
    7445 19532   systolic_array_8X8_a_queue_reg[7][7][7]/D          C2C   default_mode 
    7446 19532   systolic_array_8X8_a_queue_reg[1][2][4]/D          C2C   default_mode 
    7447 19532   systolic_array_8X8_a_queue_reg[5][4][5]/D          C2C   default_mode 
    7448 19532   systolic_array_8X8_a_queue_reg[0][4][3]/D          C2C   default_mode 
    7449 19532   systolic_array_8X8_a_queue_reg[6][7][4]/D          C2C   default_mode 
    7450 19532   systolic_array_8X8_a_queue_reg[1][2][2]/D          C2C   default_mode 
    7451 19532   systolic_array_8X8_a_queue_reg[3][1][7]/D          C2C   default_mode 
    7452 19532   systolic_array_8X8_a_queue_reg[3][1][5]/D          C2C   default_mode 
    7453 19532   systolic_array_8X8_a_queue_reg[4][5][4]/D          C2C   default_mode 
    7454 19532   systolic_array_8X8_a_queue_reg[5][4][6]/D          C2C   default_mode 
    7455 19532   systolic_array_8X8_a_queue_reg[6][7][3]/D          C2C   default_mode 
    7456 19532   systolic_array_8X8_a_queue_reg[6][7][7]/D          C2C   default_mode 
    7457 19532   systolic_array_8X8_a_queue_reg[3][7][7]/D          C2C   default_mode 
    7458 19532   systolic_array_8X8_a_queue_reg[7][5][4]/D          C2C   default_mode 
    7459 19532   systolic_array_8X8_a_queue_reg[7][6][2]/D          C2C   default_mode 
    7460 19532   systolic_array_8X8_a_queue_reg[5][4][4]/D          C2C   default_mode 
    7461 19532   systolic_array_8X8_a_queue_reg[5][1][5]/D          C2C   default_mode 
    7462 19532   systolic_array_8X8_a_queue_reg[7][3][8]/D          C2C   default_mode 
    7463 19532   systolic_array_8X8_a_queue_reg[0][4][5]/D          C2C   default_mode 
    7464 19532   systolic_array_8X8_a_queue_reg[3][2][8]/D          C2C   default_mode 
    7465 19532   systolic_array_8X8_a_queue_reg[6][3][7]/D          C2C   default_mode 
    7466 19532   systolic_array_8X8_a_queue_reg[5][7][2]/D          C2C   default_mode 
    7467 19532   systolic_array_8X8_a_queue_reg[7][3][3]/D          C2C   default_mode 
    7468 19532   systolic_array_8X8_a_queue_reg[5][2][4]/D          C2C   default_mode 
    7469 19532   systolic_array_8X8_a_queue_reg[0][5][2]/D          C2C   default_mode 
    7470 19532   systolic_array_8X8_a_queue_reg[4][5][3]/D          C2C   default_mode 
    7471 19532   systolic_array_8X8_a_queue_reg[0][5][3]/D          C2C   default_mode 
    7472 19532   systolic_array_8X8_a_queue_reg[4][5][2]/D          C2C   default_mode 
    7473 19532   systolic_array_8X8_a_queue_reg[6][3][3]/D          C2C   default_mode 
    7474 19532   systolic_array_8X8_a_queue_reg[0][5][6]/D          C2C   default_mode 
    7475 19532   systolic_array_8X8_a_queue_reg[4][4][7]/D          C2C   default_mode 
    7476 19532   systolic_array_8X8_a_queue_reg[1][2][5]/D          C2C   default_mode 
    7477 19532   systolic_array_8X8_a_queue_reg[7][2][1]/D          C2C   default_mode 
    7478 19532   systolic_array_8X8_a_queue_reg[0][6][3]/D          C2C   default_mode 
    7479 19532   systolic_array_8X8_a_queue_reg[7][6][1]/D          C2C   default_mode 
    7480 19532   systolic_array_8X8_a_queue_reg[4][4][5]/D          C2C   default_mode 
    7481 19532   systolic_array_8X8_a_queue_reg[3][1][1]/D          C2C   default_mode 
    7482 19532   systolic_array_8X8_a_queue_reg[4][5][5]/D          C2C   default_mode 
    7483 19532   systolic_array_8X8_a_queue_reg[0][6][2]/D          C2C   default_mode 
    7484 19532   systolic_array_8X8_a_queue_reg[5][3][7]/D          C2C   default_mode 
    7485 19532   systolic_array_8X8_a_queue_reg[4][5][1]/D          C2C   default_mode 
    7486 19532   systolic_array_8X8_a_queue_reg[4][4][1]/D          C2C   default_mode 
    7487 19532   systolic_array_8X8_a_queue_reg[4][4][8]/D          C2C   default_mode 
    7488 19532   systolic_array_8X8_a_queue_reg[0][6][4]/D          C2C   default_mode 
    7489 19532   systolic_array_8X8_a_queue_reg[5][2][1]/D          C2C   default_mode 
    7490 19532   systolic_array_8X8_a_queue_reg[3][4][1]/D          C2C   default_mode 
    7491 19532   systolic_array_8X8_a_queue_reg[4][4][4]/D          C2C   default_mode 
    7492 19532   systolic_array_8X8_a_queue_reg[0][6][8]/D          C2C   default_mode 
    7493 19532   systolic_array_8X8_a_queue_reg[4][3][8]/D          C2C   default_mode 
    7494 19532   systolic_array_8X8_a_queue_reg[4][3][7]/D          C2C   default_mode 
    7495 19532   systolic_array_8X8_a_queue_reg[6][1][6]/D          C2C   default_mode 
    7496 19532   systolic_array_8X8_a_queue_reg[4][3][6]/D          C2C   default_mode 
    7497 19532   systolic_array_8X8_a_queue_reg[4][3][2]/D          C2C   default_mode 
    7498 19532   systolic_array_8X8_a_queue_reg[7][7][3]/D          C2C   default_mode 
    7499 19532   systolic_array_8X8_a_queue_reg[4][2][8]/D          C2C   default_mode 
    7500 19532   systolic_array_8X8_a_queue_reg[4][2][7]/D          C2C   default_mode 
    7501 19532   systolic_array_8X8_a_queue_reg[4][2][6]/D          C2C   default_mode 
    7502 19532   systolic_array_8X8_a_queue_reg[0][6][6]/D          C2C   default_mode 
    7503 19532   systolic_array_8X8_a_queue_reg[4][2][5]/D          C2C   default_mode 
    7504 19532   systolic_array_8X8_a_queue_reg[4][3][4]/D          C2C   default_mode 
    7505 19532   systolic_array_8X8_a_queue_reg[6][6][4]/D          C2C   default_mode 
    7506 19532   systolic_array_8X8_a_queue_reg[0][7][3]/D          C2C   default_mode 
    7507 19532   systolic_array_8X8_a_queue_reg[4][3][3]/D          C2C   default_mode 
    7508 19532   systolic_array_8X8_a_queue_reg[4][4][3]/D          C2C   default_mode 
    7509 19532   systolic_array_8X8_a_queue_reg[4][1][8]/D          C2C   default_mode 
    7510 19532   systolic_array_8X8_a_queue_reg[5][6][5]/D          C2C   default_mode 
    7511 19532   systolic_array_8X8_a_queue_reg[7][1][4]/D          C2C   default_mode 
    7512 19532   systolic_array_8X8_a_queue_reg[4][1][4]/D          C2C   default_mode 
    7513 19532   systolic_array_8X8_a_queue_reg[7][5][2]/D          C2C   default_mode 
    7514 19532   systolic_array_8X8_a_queue_reg[4][1][2]/D          C2C   default_mode 
    7515 19532   systolic_array_8X8_a_queue_reg[4][3][1]/D          C2C   default_mode 
    7516 19532   systolic_array_8X8_a_queue_reg[6][6][6]/D          C2C   default_mode 
    7517 19532   systolic_array_8X8_a_queue_reg[3][4][7]/D          C2C   default_mode 
    7518 19532   systolic_array_8X8_a_queue_reg[3][4][8]/D          C2C   default_mode 
    7519 19532   systolic_array_8X8_a_queue_reg[0][7][2]/D          C2C   default_mode 
    7520 19532   systolic_array_8X8_a_queue_reg[4][2][3]/D          C2C   default_mode 
    7521 19532   systolic_array_8X8_a_queue_reg[3][7][5]/D          C2C   default_mode 
    7522 19532   systolic_array_8X8_a_queue_reg[3][7][3]/D          C2C   default_mode 
    7523 19532   systolic_array_8X8_a_queue_reg[3][7][2]/D          C2C   default_mode 
    7524 19532   systolic_array_8X8_a_queue_reg[3][7][1]/D          C2C   default_mode 
    7525 19532   systolic_array_8X8_a_queue_reg[3][6][8]/D          C2C   default_mode 
    7526 19532   systolic_array_8X8_a_queue_reg[7][4][4]/D          C2C   default_mode 
    7527 19532   systolic_array_8X8_a_queue_reg[3][6][5]/D          C2C   default_mode 
    7528 19532   systolic_array_8X8_a_queue_reg[3][6][4]/D          C2C   default_mode 
    7529 19532   systolic_array_8X8_a_queue_reg[3][5][8]/D          C2C   default_mode 
    7530 19532   systolic_array_8X8_a_queue_reg[5][6][1]/D          C2C   default_mode 
    7531 19532   systolic_array_8X8_a_queue_reg[3][5][4]/D          C2C   default_mode 
    7532 19532   systolic_array_8X8_a_queue_reg[3][5][1]/D          C2C   default_mode 
    7533 19532   systolic_array_8X8_a_queue_reg[4][1][1]/D          C2C   default_mode 
    7534 19532   systolic_array_8X8_a_queue_reg[4][1][3]/D          C2C   default_mode 
    7535 19532   systolic_array_8X8_a_queue_reg[3][4][3]/D          C2C   default_mode 
    7536 19532   systolic_array_8X8_a_queue_reg[1][1][3]/D          C2C   default_mode 
    7537 19532   systolic_array_8X8_a_queue_reg[3][4][2]/D          C2C   default_mode 
    7538 19532   systolic_array_8X8_a_queue_reg[3][3][8]/D          C2C   default_mode 
    7539 19532   systolic_array_8X8_a_queue_reg[3][3][7]/D          C2C   default_mode 
    7540 19532   systolic_array_8X8_a_queue_reg[0][7][6]/D          C2C   default_mode 
    7541 19532   systolic_array_8X8_a_queue_reg[1][2][1]/D          C2C   default_mode 
    7542 19532   systolic_array_8X8_a_queue_reg[3][2][5]/D          C2C   default_mode 
    7543 19532   systolic_array_8X8_a_queue_reg[0][7][8]/D          C2C   default_mode 
    7544 19532   systolic_array_8X8_a_queue_reg[3][7][8]/D          C2C   default_mode 
    7545 19532   systolic_array_8X8_a_queue_reg[0][1][8]/D          C2C   default_mode 
    7546 19532   systolic_array_8X8_a_queue_reg[6][3][5]/D          C2C   default_mode 
    7547 19532   systolic_array_8X8_a_queue_reg[3][1][4]/D          C2C   default_mode 
    7548 19532   systolic_array_8X8_a_queue_reg[6][2][4]/D          C2C   default_mode 
    7549 19532   systolic_array_8X8_a_queue_reg[1][2][6]/D          C2C   default_mode 
    7550 19532   systolic_array_8X8_a_queue_reg[5][3][6]/D          C2C   default_mode 
    7551 19532   systolic_array_8X8_a_queue_reg[2][6][8]/D          C2C   default_mode 
    7552 19532   systolic_array_8X8_a_queue_reg[1][3][1]/D          C2C   default_mode 
    7553 19532   systolic_array_8X8_a_queue_reg[0][7][4]/D          C2C   default_mode 
    7554 19532   systolic_array_8X8_a_queue_reg[3][6][6]/D          C2C   default_mode 
    7555 19532   systolic_array_8X8_a_queue_reg[2][5][5]/D          C2C   default_mode 
    7556 19532   systolic_array_8X8_a_queue_reg[5][7][8]/D          C2C   default_mode 
    7557 19532   systolic_array_8X8_a_queue_reg[7][5][7]/D          C2C   default_mode 
    7558 19532   systolic_array_8X8_a_queue_reg[7][2][8]/D          C2C   default_mode 
    7559 19532   systolic_array_8X8_a_queue_reg[1][3][5]/D          C2C   default_mode 
    7560 19532   systolic_array_8X8_a_queue_reg[4][1][7]/D          C2C   default_mode 
    7561 19532   systolic_array_8X8_a_queue_reg[2][4][8]/D          C2C   default_mode 
    7562 19532   systolic_array_8X8_a_queue_reg[3][6][2]/D          C2C   default_mode 
    7563 19532   systolic_array_8X8_a_queue_reg[2][4][5]/D          C2C   default_mode 
    7564 19532   systolic_array_8X8_a_queue_reg[3][6][1]/D          C2C   default_mode 
    7565 19532   systolic_array_8X8_a_queue_reg[5][6][4]/D          C2C   default_mode 
    7566 19532   systolic_array_8X8_a_queue_reg[3][5][5]/D          C2C   default_mode 
    7567 19532   systolic_array_8X8_a_queue_reg[3][5][6]/D          C2C   default_mode 
    7568 19532   systolic_array_8X8_a_queue_reg[6][4][2]/D          C2C   default_mode 
    7569 19532   systolic_array_8X8_a_queue_reg[1][4][2]/D          C2C   default_mode 
    7570 19532   systolic_array_8X8_a_queue_reg[7][5][5]/D          C2C   default_mode 
    7571 19532   systolic_array_8X8_a_queue_reg[1][4][3]/D          C2C   default_mode 
    7572 19532   systolic_array_8X8_a_queue_reg[2][2][8]/D          C2C   default_mode 
    7573 19532   systolic_array_8X8_a_queue_reg[2][2][3]/D          C2C   default_mode 
    7574 19532   systolic_array_8X8_a_queue_reg[6][1][3]/D          C2C   default_mode 
    7575 19532   systolic_array_8X8_a_queue_reg[1][4][6]/D          C2C   default_mode 
    7576 19532   systolic_array_8X8_a_queue_reg[2][1][3]/D          C2C   default_mode 
    7577 19532   systolic_array_8X8_a_queue_reg[7][3][5]/D          C2C   default_mode 
    7578 19532   systolic_array_8X8_a_queue_reg[5][7][6]/D          C2C   default_mode 
    7579 19532   systolic_array_8X8_a_queue_reg[5][7][3]/D          C2C   default_mode 
    7580 19532   systolic_array_8X8_a_queue_reg[1][7][8]/D          C2C   default_mode 
    7581 19532   systolic_array_8X8_a_queue_reg[1][7][7]/D          C2C   default_mode 
    7582 19532   systolic_array_8X8_a_queue_reg[0][2][1]/D          C2C   default_mode 
    7583 19532   systolic_array_8X8_a_queue_reg[6][5][5]/D          C2C   default_mode 
    7584 19532   systolic_array_8X8_a_queue_reg[1][7][5]/D          C2C   default_mode 
    7585 19532   systolic_array_8X8_a_queue_reg[1][7][4]/D          C2C   default_mode 
    7586 19532   systolic_array_8X8_a_queue_reg[1][1][1]/D          C2C   default_mode 
    7587 19532   systolic_array_8X8_a_queue_reg[2][3][8]/D          C2C   default_mode 
    7588 19532   systolic_array_8X8_a_queue_reg[3][3][6]/D          C2C   default_mode 
    7589 19532   systolic_array_8X8_a_queue_reg[1][6][8]/D          C2C   default_mode 
    7590 19532   systolic_array_8X8_a_queue_reg[1][5][8]/D          C2C   default_mode 
    7591 19532   systolic_array_8X8_a_queue_reg[3][3][5]/D          C2C   default_mode 
    7592 19532   systolic_array_8X8_a_queue_reg[6][2][3]/D          C2C   default_mode 
    7593 19532   systolic_array_8X8_a_queue_reg[1][6][4]/D          C2C   default_mode 
    7594 19532   systolic_array_8X8_a_queue_reg[1][6][2]/D          C2C   default_mode 
    7595 19532   systolic_array_8X8_a_queue_reg[1][6][1]/D          C2C   default_mode 
    7596 19532   systolic_array_8X8_a_queue_reg[1][7][2]/D          C2C   default_mode 
    7597 19532   systolic_array_8X8_a_queue_reg[1][6][3]/D          C2C   default_mode 
    7598 19532   systolic_array_8X8_a_queue_reg[1][4][8]/D          C2C   default_mode 
    7599 19532   systolic_array_8X8_a_queue_reg[1][6][5]/D          C2C   default_mode 
    7600 19532   systolic_array_8X8_a_queue_reg[1][6][6]/D          C2C   default_mode 
    7601 19532   systolic_array_8X8_a_queue_reg[1][6][7]/D          C2C   default_mode 
    7602 19532   systolic_array_8X8_a_queue_reg[3][3][4]/D          C2C   default_mode 
    7603 19532   systolic_array_8X8_a_queue_reg[5][1][7]/D          C2C   default_mode 
    7604 19532   systolic_array_8X8_a_queue_reg[7][4][8]/D          C2C   default_mode 
    7605 19532   systolic_array_8X8_a_queue_reg[7][2][6]/D          C2C   default_mode 
    7606 19532   systolic_array_8X8_a_queue_reg[5][5][5]/D          C2C   default_mode 
    7607 19532   systolic_array_8X8_a_queue_reg[1][7][3]/D          C2C   default_mode 
    7608 19532   systolic_array_8X8_a_queue_reg[1][2][3]/D          C2C   default_mode 
    7609 19532   systolic_array_8X8_a_queue_reg[1][1][8]/D          C2C   default_mode 
    7610 19532   systolic_array_8X8_a_queue_reg[1][5][5]/D          C2C   default_mode 
    7611 19532   systolic_array_8X8_a_queue_reg[7][4][2]/D          C2C   default_mode 
    7612 19532   systolic_array_8X8_a_queue_reg[5][1][8]/D          C2C   default_mode 
    7613 19532   systolic_array_8X8_a_queue_reg[6][5][6]/D          C2C   default_mode 
    7614 19532   systolic_array_8X8_a_queue_reg[7][2][2]/D          C2C   default_mode 
    7615 19532   systolic_array_8X8_a_queue_reg[7][5][1]/D          C2C   default_mode 
    7616 19532   systolic_array_8X8_a_queue_reg[3][2][4]/D          C2C   default_mode 
    7617 19532   systolic_array_8X8_a_queue_reg[0][7][5]/D          C2C   default_mode 
    7618 19532   systolic_array_8X8_a_queue_reg[5][6][7]/D          C2C   default_mode 
    7619 19532   systolic_array_8X8_a_queue_reg[1][5][4]/D          C2C   default_mode 
    7620 19532   systolic_array_8X8_a_queue_reg[0][5][5]/D          C2C   default_mode 
    7621 19532   systolic_array_8X8_a_queue_reg[0][6][7]/D          C2C   default_mode 
    7622 19532   systolic_array_8X8_a_queue_reg[3][2][6]/D          C2C   default_mode 
    7623 19532   systolic_array_8X8_a_queue_reg[0][6][5]/D          C2C   default_mode 
    7624 19532   systolic_array_8X8_a_queue_reg[5][4][2]/D          C2C   default_mode 
    7625 19532   systolic_array_8X8_a_queue_reg[5][4][7]/D          C2C   default_mode 
    7626 19532   systolic_array_8X8_a_queue_reg[7][3][1]/D          C2C   default_mode 
    7627 19532   systolic_array_8X8_a_queue_reg[0][5][8]/D          C2C   default_mode 
    7628 19532   systolic_array_8X8_a_queue_reg[6][3][2]/D          C2C   default_mode 
    7629 19532   systolic_array_8X8_a_queue_reg[2][1][8]/D          C2C   default_mode 
    7630 19532   systolic_array_8X8_a_queue_reg[7][3][4]/D          C2C   default_mode 
    7631 19532   systolic_array_8X8_a_queue_reg[1][5][1]/D          C2C   default_mode 
    7632 19532   systolic_array_8X8_a_queue_reg[0][2][7]/D          C2C   default_mode 
    7633 19532   systolic_array_8X8_a_queue_reg[0][5][1]/D          C2C   default_mode 
    7634 19532   systolic_array_8X8_a_queue_reg[0][4][8]/D          C2C   default_mode 
    7635 19532   systolic_array_8X8_a_queue_reg[2][1][2]/D          C2C   default_mode 
    7636 19532   systolic_array_8X8_a_queue_reg[3][2][3]/D          C2C   default_mode 
    7637 19532   systolic_array_8X8_a_queue_reg[2][1][4]/D          C2C   default_mode 
    7638 19532   systolic_array_8X8_a_queue_reg[2][1][5]/D          C2C   default_mode 
    7639 19532   systolic_array_8X8_a_queue_reg[6][3][8]/D          C2C   default_mode 
    7640 19532   systolic_array_8X8_a_queue_reg[1][5][3]/D          C2C   default_mode 
    7641 19532   systolic_array_8X8_a_queue_reg[3][1][8]/D          C2C   default_mode 
    7642 19532   systolic_array_8X8_a_queue_reg[1][1][7]/D          C2C   default_mode 
    7643 19532   systolic_array_8X8_a_queue_reg[7][7][8]/D          C2C   default_mode 
    7644 19532   systolic_array_8X8_a_queue_reg[0][2][4]/D          C2C   default_mode 
    7645 19532   systolic_array_8X8_a_queue_reg[3][1][2]/D          C2C   default_mode 
    7646 19532   systolic_array_8X8_a_queue_reg[0][2][5]/D          C2C   default_mode 
    7647 19532   systolic_array_8X8_a_queue_reg[6][1][5]/D          C2C   default_mode 
    7648 19532   systolic_array_8X8_a_queue_reg[3][1][6]/D          C2C   default_mode 
    7649 19532   systolic_array_8X8_a_queue_reg[5][3][8]/D          C2C   default_mode 
    7650 19532   systolic_array_8X8_a_queue_reg[0][1][3]/D          C2C   default_mode 
    7651 19532   systolic_array_8X8_a_queue_reg[2][2][4]/D          C2C   default_mode 
    7652 19532   systolic_array_8X8_a_queue_reg[1][4][5]/D          C2C   default_mode 
    7653 19532   systolic_array_8X8_a_queue_reg[2][2][5]/D          C2C   default_mode 
    7654 19532   systolic_array_8X8_a_queue_reg[5][1][6]/D          C2C   default_mode 
    7655 19532   systolic_array_8X8_a_queue_reg[3][1][3]/D          C2C   default_mode 
    7656 19532   systolic_array_8X8_a_queue_reg[0][2][6]/D          C2C   default_mode 
    7657 19532   systolic_array_8X8_a_queue_reg[7][4][1]/D          C2C   default_mode 
    7658 19532   systolic_array_8X8_a_queue_reg[2][3][1]/D          C2C   default_mode 
    7659 19532   systolic_array_8X8_a_queue_reg[7][5][6]/D          C2C   default_mode 
    7660 19532   systolic_array_8X8_a_queue_reg[7][5][8]/D          C2C   default_mode 
    7661 19532   systolic_array_8X8_a_queue_reg[6][5][2]/D          C2C   default_mode 
    7662 19532   systolic_array_8X8_a_queue_reg[6][5][4]/D          C2C   default_mode 
    7663 19532   systolic_array_8X8_a_queue_reg[7][6][3]/D          C2C   default_mode 
    7664 19532   systolic_array_8X8_a_queue_reg[6][5][1]/D          C2C   default_mode 
    7665 19532   systolic_array_8X8_a_queue_reg[2][3][2]/D          C2C   default_mode 
    7666 19532   systolic_array_8X8_a_queue_reg[6][7][1]/D          C2C   default_mode 
    7667 19532   systolic_array_8X8_a_queue_reg[6][5][7]/D          C2C   default_mode 
    7668 19532   systolic_array_8X8_a_queue_reg[5][2][2]/D          C2C   default_mode 
    7669 19532   systolic_array_8X8_a_queue_reg[6][5][8]/D          C2C   default_mode 
    7670 19532   systolic_array_8X8_a_queue_reg[3][2][1]/D          C2C   default_mode 
    7671 19532   systolic_array_8X8_a_queue_reg[2][2][6]/D          C2C   default_mode 
    7672 19532   systolic_array_8X8_a_queue_reg[5][5][3]/D          C2C   default_mode 
    7673 19532   systolic_array_8X8_a_queue_reg[0][1][1]/D          C2C   default_mode 
    7674 19532   systolic_array_8X8_a_queue_reg[6][6][3]/D          C2C   default_mode 
    7675 19532   systolic_array_8X8_a_queue_reg[5][2][5]/D          C2C   default_mode 
    7676 19532   systolic_array_8X8_a_queue_reg[7][7][1]/D          C2C   default_mode 
    7677 19532   systolic_array_8X8_a_queue_reg[6][6][8]/D          C2C   default_mode 
    7678 19532   systolic_array_8X8_a_queue_reg[2][3][4]/D          C2C   default_mode 
    7679 19532   systolic_array_8X8_a_queue_reg[0][3][3]/D          C2C   default_mode 
    7680 19532   systolic_array_8X8_a_queue_reg[2][2][2]/D          C2C   default_mode 
    7681 19532   systolic_array_8X8_a_queue_reg[2][2][1]/D          C2C   default_mode 
    7682 19532   systolic_array_8X8_a_queue_reg[0][1][5]/D          C2C   default_mode 
    7683 19532   systolic_array_8X8_a_queue_reg[1][4][7]/D          C2C   default_mode 
    7684 19532   systolic_array_8X8_a_queue_reg[2][3][3]/D          C2C   default_mode 
    7685 19532   systolic_array_8X8_a_queue_reg[5][2][7]/D          C2C   default_mode 
    7686 19532   systolic_array_8X8_a_queue_reg[6][7][2]/D          C2C   default_mode 
    7687 19532   systolic_array_8X8_a_queue_reg[2][1][6]/D          C2C   default_mode 
    7688 19532   systolic_array_8X8_a_queue_reg[5][2][8]/D          C2C   default_mode 
    7689 19532   systolic_array_8X8_a_queue_reg[7][3][2]/D          C2C   default_mode 
    7690 19532   systolic_array_8X8_a_queue_reg[7][1][5]/D          C2C   default_mode 
    7691 19532   systolic_array_8X8_a_queue_reg[6][7][8]/D          C2C   default_mode 
    7692 19532   systolic_array_8X8_a_queue_reg[2][3][6]/D          C2C   default_mode 
    7693 19532   systolic_array_8X8_a_queue_reg[1][4][1]/D          C2C   default_mode 
    7694 19532   systolic_array_8X8_a_queue_reg[7][4][5]/D          C2C   default_mode 
    7695 19532   systolic_array_8X8_a_queue_reg[5][3][2]/D          C2C   default_mode 
    7696 19532   systolic_array_8X8_a_queue_reg[7][2][7]/D          C2C   default_mode 
    7697 19532   systolic_array_8X8_a_queue_reg[7][4][7]/D          C2C   default_mode 
    7698 19532   systolic_array_8X8_a_queue_reg[5][4][3]/D          C2C   default_mode 
    7699 19532   systolic_array_8X8_a_queue_reg[0][4][1]/D          C2C   default_mode 
    7700 19532   systolic_array_8X8_a_queue_reg[6][7][5]/D          C2C   default_mode 
    7701 19532   systolic_array_8X8_a_queue_reg[2][2][7]/D          C2C   default_mode 
    7702 19532   systolic_array_8X8_a_queue_reg[7][2][5]/D          C2C   default_mode 
    7703 19532   systolic_array_8X8_a_queue_reg[7][7][2]/D          C2C   default_mode 
    7704 19532   systolic_array_8X8_a_queue_reg[7][1][6]/D          C2C   default_mode 
    7705 19532   systolic_array_8X8_a_queue_reg[2][3][5]/D          C2C   default_mode 
    7706 19532   systolic_array_8X8_a_queue_reg[0][5][7]/D          C2C   default_mode 
    7707 19532   systolic_array_8X8_a_queue_reg[0][1][6]/D          C2C   default_mode 
    7708 19532   systolic_array_8X8_a_queue_reg[7][2][3]/D          C2C   default_mode 
    7709 19532   systolic_array_8X8_a_queue_reg[2][7][3]/D          C2C   default_mode 
    7710 19532   systolic_array_8X8_a_queue_reg[2][6][3]/D          C2C   default_mode 
    7711 19532   systolic_array_8X8_a_queue_reg[0][3][2]/D          C2C   default_mode 
    7712 19532   systolic_array_8X8_a_queue_reg[1][2][7]/D          C2C   default_mode 
    7713 19532   systolic_array_8X8_a_queue_reg[7][4][3]/D          C2C   default_mode 
    7714 19532   systolic_array_8X8_a_queue_reg[1][4][4]/D          C2C   default_mode 
    7715 19532   systolic_array_8X8_a_queue_reg[2][7][1]/D          C2C   default_mode 
    7716 19532   systolic_array_8X8_a_queue_reg[2][6][6]/D          C2C   default_mode 
    7717 19532   systolic_array_8X8_a_queue_reg[3][3][2]/D          C2C   default_mode 
    7718 19532   systolic_array_8X8_a_queue_reg[6][4][5]/D          C2C   default_mode 
    7719 19532   systolic_array_8X8_a_queue_reg[1][7][6]/D          C2C   default_mode 
    7720 19532   systolic_array_8X8_a_queue_reg[3][7][4]/D          C2C   default_mode 
    7721 19532   systolic_array_8X8_a_queue_reg[7][2][4]/D          C2C   default_mode 
    7722 19532   systolic_array_8X8_a_queue_reg[2][4][3]/D          C2C   default_mode 
    7723 19532   systolic_array_8X8_a_queue_reg[1][3][7]/D          C2C   default_mode 
    7724 19532   systolic_array_8X8_a_queue_reg[6][3][6]/D          C2C   default_mode 
    7725 19532   systolic_array_8X8_a_queue_reg[5][2][6]/D          C2C   default_mode 
    7726 19532   systolic_array_8X8_a_queue_reg[7][7][4]/D          C2C   default_mode 
    7727 19532   systolic_array_8X8_a_queue_reg[1][3][6]/D          C2C   default_mode 
    7728 19532   systolic_array_8X8_a_queue_reg[5][3][1]/D          C2C   default_mode 
    7729 19532   systolic_array_8X8_a_queue_reg[2][4][7]/D          C2C   default_mode 
    7730 19532   systolic_array_8X8_a_queue_reg[6][6][5]/D          C2C   default_mode 
    7731 19532   systolic_array_8X8_a_queue_reg[1][3][8]/D          C2C   default_mode 
    7732 19532   systolic_array_8X8_a_queue_reg[3][3][1]/D          C2C   default_mode 
    7733 19532   systolic_array_8X8_a_queue_reg[2][5][4]/D          C2C   default_mode 
    7734 19532   systolic_array_8X8_a_queue_reg[1][3][3]/D          C2C   default_mode 
    7735 19532   systolic_array_8X8_a_queue_reg[4][7][8]/D          C2C   default_mode 
    7736 19532   systolic_array_8X8_a_queue_reg[2][5][6]/D          C2C   default_mode 
    7737 19532   systolic_array_8X8_a_queue_reg[1][5][7]/D          C2C   default_mode 
    7738 19532   systolic_array_8X8_a_queue_reg[2][6][2]/D          C2C   default_mode 
    7739 19532   systolic_array_8X8_a_queue_reg[2][5][2]/D          C2C   default_mode 
    7740 19532   systolic_array_8X8_a_queue_reg[1][2][8]/D          C2C   default_mode 
    7741 19532   systolic_array_8X8_a_queue_reg[2][5][1]/D          C2C   default_mode 
    7742 19532   systolic_array_8X8_a_queue_reg[3][2][2]/D          C2C   default_mode 
    7743 19532   systolic_array_8X8_a_queue_reg[6][1][8]/D          C2C   default_mode 
    7744 19532   systolic_array_8X8_a_queue_reg[4][6][4]/D          C2C   default_mode 
    7745 19532   systolic_array_8X8_a_queue_reg[2][5][3]/D          C2C   default_mode 
    7746 19532   systolic_array_8X8_a_queue_reg[2][6][7]/D          C2C   default_mode 
    7747 19532   systolic_array_8X8_a_queue_reg[1][3][2]/D          C2C   default_mode 
    7748 19532   systolic_array_8X8_a_queue_reg[7][3][7]/D          C2C   default_mode 
    7749 19532   systolic_array_8X8_a_queue_reg[7][6][7]/D          C2C   default_mode 
    7750 19532   systolic_array_8X8_a_queue_reg[2][6][1]/D          C2C   default_mode 
    7751 19532   systolic_array_8X8_a_queue_reg[7][7][6]/D          C2C   default_mode 
    7752 19532   systolic_array_8X8_a_queue_reg[4][4][2]/D          C2C   default_mode 
    7753 19532   systolic_array_8X8_a_queue_reg[2][4][4]/D          C2C   default_mode 
    7754 19532   systolic_array_8X8_a_queue_reg[5][5][6]/D          C2C   default_mode 
    7755 19532   systolic_array_8X8_a_queue_reg[6][2][6]/D          C2C   default_mode 
    7756 19532   systolic_array_8X8_a_queue_reg[2][6][4]/D          C2C   default_mode 
    7757 19532   systolic_array_8X8_a_queue_reg[1][5][6]/D          C2C   default_mode 
    7758 19532   systolic_array_8X8_a_queue_reg[5][5][1]/D          C2C   default_mode 
    7759 19532   systolic_array_8X8_a_queue_reg[2][6][5]/D          C2C   default_mode 
    7760 19532   systolic_array_8X8_a_queue_reg[6][2][1]/D          C2C   default_mode 
    7761 19532   systolic_array_8X8_a_queue_reg[6][1][2]/D          C2C   default_mode 
    7762 19532   systolic_array_8X8_a_queue_reg[6][2][8]/D          C2C   default_mode 
    7763 19532   systolic_array_8X8_a_queue_reg[2][4][1]/D          C2C   default_mode 
    7764 19532   systolic_array_8X8_a_queue_reg[5][4][8]/D          C2C   default_mode 
    7765 19532   systolic_array_8X8_a_queue_reg[1][7][1]/D          C2C   default_mode 
    7766 19532   systolic_array_8X8_a_queue_reg[1][1][6]/D          C2C   default_mode 
    7767 19532   systolic_array_8X8_a_queue_reg[7][1][2]/D          C2C   default_mode 
    7768 19532   systolic_array_8X8_a_queue_reg[7][6][4]/D          C2C   default_mode 
    7769 19532   systolic_array_8X8_a_queue_reg[7][5][3]/D          C2C   default_mode 
    7770 19532   systolic_array_8X8_a_queue_reg[5][6][6]/D          C2C   default_mode 
    7771 19532   systolic_array_8X8_a_queue_reg[1][3][4]/D          C2C   default_mode 
    7772 19532   systolic_array_8X8_a_queue_reg[6][2][5]/D          C2C   default_mode 
    7773 19532   systolic_array_8X8_a_queue_reg[2][1][7]/D          C2C   default_mode 
    7774 19532   systolic_array_8X8_a_queue_reg[5][7][4]/D          C2C   default_mode 
    7775 19532   systolic_array_8X8_a_queue_reg[3][2][7]/D          C2C   default_mode 
    7776 19532   systolic_array_8X8_a_queue_reg[1][1][4]/D          C2C   default_mode 
    7777 19532   systolic_array_8X8_a_queue_reg[2][7][2]/D          C2C   default_mode 
    7778 19532   systolic_array_8X8_a_queue_reg[1][5][2]/D          C2C   default_mode 
    7779 19532   systolic_array_8X8_a_queue_reg[5][6][2]/D          C2C   default_mode 
    7780 19532   systolic_array_8X8_a_queue_reg[3][5][2]/D          C2C   default_mode 
    7781 19532   systolic_array_8X8_a_queue_reg[6][4][6]/D          C2C   default_mode 
    7782 19532   systolic_array_8X8_a_queue_reg[3][3][3]/D          C2C   default_mode 
    7783 19532   systolic_array_8X8_a_queue_reg[6][6][2]/D          C2C   default_mode 
    7784 19532   systolic_array_8X8_a_queue_reg[1][1][5]/D          C2C   default_mode 
    7785 19532   systolic_array_8X8_a_queue_reg[2][1][1]/D          C2C   default_mode 
    7786 19532   systolic_array_8X8_a_queue_reg[6][2][2]/D          C2C   default_mode 
    7787 19532   systolic_array_8X8_a_queue_reg[3][4][6]/D          C2C   default_mode 
    7788 19532   systolic_array_8X8_a_queue_reg[3][4][4]/D          C2C   default_mode 
    7789 19532   systolic_array_8X8_a_queue_reg[3][4][5]/D          C2C   default_mode 
    7790 19532   systolic_array_8X8_a_queue_reg[1][1][2]/D          C2C   default_mode 
    7791 19532   systolic_array_8X8_a_queue_reg[6][3][1]/D          C2C   default_mode 
    7792 19532   systolic_array_8X8_a_queue_reg[5][7][7]/D          C2C   default_mode 
    7793 19532   systolic_array_8X8_a_queue_reg[3][5][3]/D          C2C   default_mode 
    7794 19532   systolic_array_8X8_a_queue_reg[5][4][1]/D          C2C   default_mode 
    7795 19532   systolic_array_8X8_a_queue_reg[2][4][2]/D          C2C   default_mode 
    7796 19532   systolic_array_8X8_a_queue_reg[3][5][7]/D          C2C   default_mode 
    7797 19532   systolic_array_8X8_a_queue_reg[6][4][8]/D          C2C   default_mode 
    7798 19532   systolic_array_8X8_a_queue_reg[2][7][5]/D          C2C   default_mode 
    7799 19532   systolic_array_8X8_a_queue_reg[3][6][7]/D          C2C   default_mode 
    7800 19532   systolic_array_8X8_a_queue_reg[2][7][6]/D          C2C   default_mode 
    7801 19532   systolic_array_8X8_a_queue_reg[4][2][1]/D          C2C   default_mode 
    7802 19532   systolic_array_8X8_a_queue_reg[3][7][6]/D          C2C   default_mode 
    7803 19532   systolic_array_8X8_a_queue_reg[7][6][5]/D          C2C   default_mode 
    7804 19532   systolic_array_8X8_a_queue_reg[0][7][7]/D          C2C   default_mode 
    7805 19532   systolic_array_8X8_a_queue_reg[5][5][4]/D          C2C   default_mode 
    7806 19532   systolic_array_8X8_a_queue_reg[4][1][5]/D          C2C   default_mode 
    7807 19532   systolic_array_8X8_a_queue_reg[4][1][6]/D          C2C   default_mode 
    7808 19532   systolic_array_8X8_a_queue_reg[4][2][2]/D          C2C   default_mode 
    7809 19532   systolic_array_8X8_a_queue_reg[0][7][1]/D          C2C   default_mode 
    7810 19532   systolic_array_8X8_a_queue_reg[4][2][4]/D          C2C   default_mode 
    7811 19532   systolic_array_8X8_a_queue_reg[6][2][7]/D          C2C   default_mode 
    7812 19532   systolic_array_8X8_a_queue_reg[0][1][2]/D          C2C   default_mode 
    7813 19532   systolic_array_8X8_a_queue_reg[2][3][7]/D          C2C   default_mode 
    7814 19532   systolic_array_8X8_a_queue_reg[4][3][5]/D          C2C   default_mode 
    7815 19532   systolic_array_8X8_a_queue_reg[5][6][8]/D          C2C   default_mode 
    7816 19532   systolic_array_8X8_a_queue_reg[2][7][7]/D          C2C   default_mode 
    7817 19532   systolic_array_8X8_a_queue_reg[6][4][4]/D          C2C   default_mode 
    7818 19532   systolic_array_8X8_a_queue_reg[4][4][6]/D          C2C   default_mode 
    7819 19532   systolic_array_8X8_a_queue_reg[4][5][8]/D          C2C   default_mode 
    7820 19532   systolic_array_8X8_a_queue_reg[4][5][6]/D          C2C   default_mode 
    7821 19532   systolic_array_8X8_a_queue_reg[4][5][7]/D          C2C   default_mode 
    7822 19532   systolic_array_8X8_a_queue_reg[4][6][6]/D          C2C   default_mode 
    7823 19532   systolic_array_8X8_a_queue_reg[4][6][1]/D          C2C   default_mode 
    7824 19532   systolic_array_8X8_a_queue_reg[4][6][3]/D          C2C   default_mode 
    7825 19532   systolic_array_8X8_a_queue_reg[5][6][3]/D          C2C   default_mode 
    7826 19532   systolic_array_8X8_a_queue_reg[4][7][3]/D          C2C   default_mode 
    7827 19532   systolic_array_8X8_a_queue_reg[4][6][7]/D          C2C   default_mode 
    7828 19532   systolic_array_8X8_a_queue_reg[4][6][8]/D          C2C   default_mode 
    7829 19532   systolic_array_8X8_a_queue_reg[4][7][1]/D          C2C   default_mode 
    7830 19532   systolic_array_8X8_a_queue_reg[0][5][4]/D          C2C   default_mode 
    7831 19532   systolic_array_8X8_a_queue_reg[4][7][2]/D          C2C   default_mode 
    7832 19532   systolic_array_8X8_a_queue_reg[4][7][6]/D          C2C   default_mode 
    7833 19532   systolic_array_8X8_a_queue_reg[4][7][5]/D          C2C   default_mode 
    7834 19532   systolic_array_8X8_a_queue_reg[6][7][6]/D          C2C   default_mode 
    7835 19532   systolic_array_8X8_a_queue_reg[4][7][7]/D          C2C   default_mode 
    7836 19532   systolic_array_8X8_a_queue_reg[7][1][8]/D          C2C   default_mode 
    7837 19532   systolic_array_8X8_a_queue_reg[6][1][1]/D          C2C   default_mode 
    7838 19532   systolic_array_8X8_a_queue_reg[0][4][7]/D          C2C   default_mode 
    7839 19532   systolic_array_8X8_a_queue_reg[5][1][4]/D          C2C   default_mode 
    7840 19532   systolic_array_8X8_a_queue_reg[7][7][5]/D          C2C   default_mode 
    7841 19532   systolic_array_8X8_a_queue_reg[0][1][4]/D          C2C   default_mode 
    7842 19532   systolic_array_8X8_a_queue_reg[7][3][6]/D          C2C   default_mode 
    7843 19539   systolic_array_8X8_a_queue_reg[0][1][0]/D          C2C   default_mode 
    7844 19539   systolic_array_8X8_a_queue_reg[2][1][0]/D          C2C   default_mode 
    7845 19539   systolic_array_8X8_a_queue_reg[3][1][0]/D          C2C   default_mode 
    7846 19539   systolic_array_8X8_a_queue_reg[7][1][0]/D          C2C   default_mode 
    7847 19539   systolic_array_8X8_a_queue_reg[4][1][0]/D          C2C   default_mode 
    7848 19539   systolic_array_8X8_a_queue_reg[7][5][0]/D          C2C   default_mode 
    7849 19539   systolic_array_8X8_a_queue_reg[2][6][0]/D          C2C   default_mode 
    7850 19539   systolic_array_8X8_a_queue_reg[6][3][0]/D          C2C   default_mode 
    7851 19539   systolic_array_8X8_a_queue_reg[3][2][0]/D          C2C   default_mode 
    7852 19539   systolic_array_8X8_a_queue_reg[5][5][0]/D          C2C   default_mode 
    7853 19539   systolic_array_8X8_a_queue_reg[0][6][0]/D          C2C   default_mode 
    7854 19539   systolic_array_8X8_a_queue_reg[1][3][0]/D          C2C   default_mode 
    7855 19539   systolic_array_8X8_a_queue_reg[7][3][0]/D          C2C   default_mode 
    7856 19539   systolic_array_8X8_a_queue_reg[5][7][0]/D          C2C   default_mode 
    7857 19539   systolic_array_8X8_a_queue_reg[0][2][0]/D          C2C   default_mode 
    7858 19539   systolic_array_8X8_a_queue_reg[4][3][0]/D          C2C   default_mode 
    7859 19539   systolic_array_8X8_a_queue_reg[2][2][0]/D          C2C   default_mode 
    7860 19539   systolic_array_8X8_a_queue_reg[4][4][0]/D          C2C   default_mode 
    7861 19539   systolic_array_8X8_a_queue_reg[1][6][0]/D          C2C   default_mode 
    7862 19539   systolic_array_8X8_a_queue_reg[4][5][0]/D          C2C   default_mode 
    7863 19539   systolic_array_8X8_a_queue_reg[5][6][0]/D          C2C   default_mode 
    7864 19539   systolic_array_8X8_a_queue_reg[1][1][0]/D          C2C   default_mode 
    7865 19539   systolic_array_8X8_a_queue_reg[0][5][0]/D          C2C   default_mode 
    7866 19539   systolic_array_8X8_a_queue_reg[6][1][0]/D          C2C   default_mode 
    7867 19539   systolic_array_8X8_a_queue_reg[1][7][0]/D          C2C   default_mode 
    7868 19539   systolic_array_8X8_a_queue_reg[3][3][0]/D          C2C   default_mode 
    7869 19539   systolic_array_8X8_a_queue_reg[7][2][0]/D          C2C   default_mode 
    7870 19539   systolic_array_8X8_a_queue_reg[3][4][0]/D          C2C   default_mode 
    7871 19539   systolic_array_8X8_a_queue_reg[2][4][0]/D          C2C   default_mode 
    7872 19539   systolic_array_8X8_a_queue_reg[5][4][0]/D          C2C   default_mode 
    7873 19539   systolic_array_8X8_a_queue_reg[1][4][0]/D          C2C   default_mode 
    7874 19539   systolic_array_8X8_a_queue_reg[3][5][0]/D          C2C   default_mode 
    7875 19539   systolic_array_8X8_a_queue_reg[0][4][0]/D          C2C   default_mode 
    7876 19539   systolic_array_8X8_a_queue_reg[6][7][0]/D          C2C   default_mode 
    7877 19539   systolic_array_8X8_a_queue_reg[4][2][0]/D          C2C   default_mode 
    7878 19539   systolic_array_8X8_a_queue_reg[6][6][0]/D          C2C   default_mode 
    7879 19539   systolic_array_8X8_a_queue_reg[5][3][0]/D          C2C   default_mode 
    7880 19539   systolic_array_8X8_a_queue_reg[7][4][0]/D          C2C   default_mode 
    7881 19539   systolic_array_8X8_a_queue_reg[0][3][0]/D          C2C   default_mode 
    7882 19539   systolic_array_8X8_a_queue_reg[1][5][0]/D          C2C   default_mode 
    7883 19539   systolic_array_8X8_a_queue_reg[2][7][0]/D          C2C   default_mode 
    7884 19539   systolic_array_8X8_a_queue_reg[3][7][0]/D          C2C   default_mode 
    7885 19539   systolic_array_8X8_a_queue_reg[2][3][0]/D          C2C   default_mode 
    7886 19539   systolic_array_8X8_a_queue_reg[5][1][0]/D          C2C   default_mode 
    7887 19539   systolic_array_8X8_a_queue_reg[0][7][0]/D          C2C   default_mode 
    7888 19539   systolic_array_8X8_a_queue_reg[4][6][0]/D          C2C   default_mode 
    7889 19539   systolic_array_8X8_a_queue_reg[7][6][0]/D          C2C   default_mode 
    7890 19539   systolic_array_8X8_a_queue_reg[7][7][0]/D          C2C   default_mode 
    7891 19539   systolic_array_8X8_a_queue_reg[3][6][0]/D          C2C   default_mode 
    7892 19539   systolic_array_8X8_a_queue_reg[2][5][0]/D          C2C   default_mode 
    7893 19539   systolic_array_8X8_a_queue_reg[5][2][0]/D          C2C   default_mode 
    7894 19539   systolic_array_8X8_a_queue_reg[6][4][0]/D          C2C   default_mode 
    7895 19539   systolic_array_8X8_a_queue_reg[6][2][0]/D          C2C   default_mode 
    7896 19539   systolic_array_8X8_a_queue_reg[6][5][0]/D          C2C   default_mode 
    7897 19539   systolic_array_8X8_a_queue_reg[4][7][0]/D          C2C   default_mode 
    7898 19539   systolic_array_8X8_a_queue_reg[1][2][0]/D          C2C   default_mode 
    7899 19542   systolic_array_8X8_matrix_index_reg[0]/SA          C2C   default_mode 
    7900 19547   systolic_array_8X8_b_queue_reg[3][0][3]/D          C2C   default_mode 
    7901 19547   systolic_array_8X8_b_queue_reg[1][0][3]/D          C2C   default_mode 
    7902 19547   systolic_array_8X8_b_queue_reg[2][0][3]/D          C2C   default_mode 
    7903 19547   systolic_array_8X8_b_queue_reg[6][3][3]/D          C2C   default_mode 
    7904 19547   systolic_array_8X8_b_queue_reg[4][2][3]/D          C2C   default_mode 
    7905 19547   systolic_array_8X8_b_queue_reg[1][6][3]/D          C2C   default_mode 
    7906 19547   systolic_array_8X8_b_queue_reg[5][1][3]/D          C2C   default_mode 
    7907 19547   systolic_array_8X8_b_queue_reg[2][1][3]/D          C2C   default_mode 
    7908 19547   systolic_array_8X8_b_queue_reg[1][5][3]/D          C2C   default_mode 
    7909 19547   systolic_array_8X8_b_queue_reg[3][1][3]/D          C2C   default_mode 
    7910 19547   systolic_array_8X8_b_queue_reg[2][3][3]/D          C2C   default_mode 
    7911 19547   systolic_array_8X8_b_queue_reg[5][3][3]/D          C2C   default_mode 
    7912 19547   systolic_array_8X8_b_queue_reg[3][6][3]/D          C2C   default_mode 
    7913 19547   systolic_array_8X8_b_queue_reg[7][6][3]/D          C2C   default_mode 
    7914 19547   systolic_array_8X8_b_queue_reg[7][2][3]/D          C2C   default_mode 
    7915 19547   systolic_array_8X8_b_queue_reg[2][7][3]/D          C2C   default_mode 
    7916 19547   systolic_array_8X8_b_queue_reg[1][1][3]/D          C2C   default_mode 
    7917 19547   systolic_array_8X8_b_queue_reg[5][7][3]/D          C2C   default_mode 
    7918 19547   systolic_array_8X8_b_queue_reg[2][4][3]/D          C2C   default_mode 
    7919 19547   systolic_array_8X8_b_queue_reg[4][6][3]/D          C2C   default_mode 
    7920 19547   systolic_array_8X8_b_queue_reg[3][5][3]/D          C2C   default_mode 
    7921 19547   systolic_array_8X8_b_queue_reg[2][5][3]/D          C2C   default_mode 
    7922 19547   systolic_array_8X8_b_queue_reg[3][2][3]/D          C2C   default_mode 
    7923 19547   systolic_array_8X8_b_queue_reg[6][6][3]/D          C2C   default_mode 
    7924 19547   systolic_array_8X8_b_queue_reg[7][0][3]/D          C2C   default_mode 
    7925 19547   systolic_array_8X8_b_queue_reg[6][1][3]/D          C2C   default_mode 
    7926 19547   systolic_array_8X8_b_queue_reg[3][4][3]/D          C2C   default_mode 
    7927 19547   systolic_array_8X8_b_queue_reg[3][3][3]/D          C2C   default_mode 
    7928 19547   systolic_array_8X8_b_queue_reg[4][3][3]/D          C2C   default_mode 
    7929 19547   systolic_array_8X8_b_queue_reg[4][7][3]/D          C2C   default_mode 
    7930 19547   systolic_array_8X8_b_queue_reg[5][5][3]/D          C2C   default_mode 
    7931 19547   systolic_array_8X8_b_queue_reg[4][0][3]/D          C2C   default_mode 
    7932 19547   systolic_array_8X8_b_queue_reg[5][4][3]/D          C2C   default_mode 
    7933 19547   systolic_array_8X8_b_queue_reg[6][4][3]/D          C2C   default_mode 
    7934 19547   systolic_array_8X8_b_queue_reg[6][5][3]/D          C2C   default_mode 
    7935 19547   systolic_array_8X8_b_queue_reg[2][6][3]/D          C2C   default_mode 
    7936 19547   systolic_array_8X8_b_queue_reg[7][1][3]/D          C2C   default_mode 
    7937 19547   systolic_array_8X8_b_queue_reg[1][3][3]/D          C2C   default_mode 
    7938 19547   systolic_array_8X8_b_queue_reg[6][2][3]/D          C2C   default_mode 
    7939 19547   systolic_array_8X8_b_queue_reg[7][4][3]/D          C2C   default_mode 
    7940 19547   systolic_array_8X8_b_queue_reg[5][0][3]/D          C2C   default_mode 
    7941 19547   systolic_array_8X8_b_queue_reg[1][7][3]/D          C2C   default_mode 
    7942 19547   systolic_array_8X8_b_queue_reg[1][4][3]/D          C2C   default_mode 
    7943 19547   systolic_array_8X8_b_queue_reg[5][6][3]/D          C2C   default_mode 
    7944 19547   systolic_array_8X8_b_queue_reg[3][7][3]/D          C2C   default_mode 
    7945 19547   systolic_array_8X8_b_queue_reg[4][4][3]/D          C2C   default_mode 
    7946 19547   systolic_array_8X8_b_queue_reg[6][7][3]/D          C2C   default_mode 
    7947 19547   systolic_array_8X8_b_queue_reg[4][5][3]/D          C2C   default_mode 
    7948 19547   systolic_array_8X8_b_queue_reg[1][2][3]/D          C2C   default_mode 
    7949 19547   systolic_array_8X8_b_queue_reg[2][2][3]/D          C2C   default_mode 
    7950 19547   systolic_array_8X8_b_queue_reg[4][1][3]/D          C2C   default_mode 
    7951 19547   systolic_array_8X8_b_queue_reg[5][2][3]/D          C2C   default_mode 
    7952 19547   systolic_array_8X8_b_queue_reg[7][3][3]/D          C2C   default_mode 
    7953 19547   systolic_array_8X8_b_queue_reg[7][5][3]/D          C2C   default_mode 
    7954 19547   systolic_array_8X8_b_queue_reg[7][7][3]/D          C2C   default_mode 
    7955 19547   systolic_array_8X8_b_queue_reg[6][0][3]/D          C2C   default_mode 
    7956 19549   systolic_array_8X8_b_queue_reg[4][7][4]/D          C2C   default_mode 
    7957 19549   systolic_array_8X8_b_queue_reg[6][6][4]/D          C2C   default_mode 
    7958 19549   systolic_array_8X8_b_queue_reg[4][7][6]/D          C2C   default_mode 
    7959 19549   systolic_array_8X8_b_queue_reg[5][5][6]/D          C2C   default_mode 
    7960 19549   systolic_array_8X8_b_queue_reg[4][2][6]/D          C2C   default_mode 
    7961 19549   systolic_array_8X8_b_queue_reg[4][2][4]/D          C2C   default_mode 
    7962 19549   systolic_array_8X8_b_queue_reg[4][6][6]/D          C2C   default_mode 
    7963 19549   systolic_array_8X8_b_queue_reg[6][2][4]/D          C2C   default_mode 
    7964 19549   systolic_array_8X8_b_queue_reg[2][0][6]/D          C2C   default_mode 
    7965 19549   systolic_array_8X8_b_queue_reg[2][4][6]/D          C2C   default_mode 
    7966 19549   systolic_array_8X8_b_queue_reg[7][6][4]/D          C2C   default_mode 
    7967 19549   systolic_array_8X8_b_queue_reg[6][4][4]/D          C2C   default_mode 
    7968 19549   systolic_array_8X8_b_queue_reg[3][7][6]/D          C2C   default_mode 
    7969 19549   systolic_array_8X8_b_queue_reg[2][6][4]/D          C2C   default_mode 
    7970 19549   systolic_array_8X8_b_queue_reg[6][1][4]/D          C2C   default_mode 
    7971 19549   systolic_array_8X8_b_queue_reg[5][3][4]/D          C2C   default_mode 
    7972 19549   systolic_array_8X8_b_queue_reg[3][0][6]/D          C2C   default_mode 
    7973 19549   systolic_array_8X8_b_queue_reg[2][7][4]/D          C2C   default_mode 
    7974 19549   systolic_array_8X8_b_queue_reg[4][0][6]/D          C2C   default_mode 
    7975 19549   systolic_array_8X8_b_queue_reg[5][0][4]/D          C2C   default_mode 
    7976 19549   systolic_array_8X8_b_queue_reg[2][2][6]/D          C2C   default_mode 
    7977 19549   systolic_array_8X8_b_queue_reg[3][5][6]/D          C2C   default_mode 
    7978 19549   systolic_array_8X8_b_queue_reg[7][7][6]/D          C2C   default_mode 
    7979 19549   systolic_array_8X8_b_queue_reg[2][5][6]/D          C2C   default_mode 
    7980 19549   systolic_array_8X8_b_queue_reg[3][4][6]/D          C2C   default_mode 
    7981 19549   systolic_array_8X8_b_queue_reg[6][0][6]/D          C2C   default_mode 
    7982 19549   systolic_array_8X8_b_queue_reg[3][7][4]/D          C2C   default_mode 
    7983 19549   systolic_array_8X8_b_queue_reg[2][7][6]/D          C2C   default_mode 
    7984 19549   systolic_array_8X8_b_queue_reg[2][4][4]/D          C2C   default_mode 
    7985 19549   systolic_array_8X8_b_queue_reg[1][3][4]/D          C2C   default_mode 
    7986 19549   systolic_array_8X8_b_queue_reg[3][3][4]/D          C2C   default_mode 
    7987 19549   systolic_array_8X8_b_queue_reg[4][5][4]/D          C2C   default_mode 
    7988 19549   systolic_array_8X8_b_queue_reg[3][3][6]/D          C2C   default_mode 
    7989 19549   systolic_array_8X8_b_queue_reg[7][2][4]/D          C2C   default_mode 
    7990 19549   systolic_array_8X8_b_queue_reg[4][0][4]/D          C2C   default_mode 
    7991 19549   systolic_array_8X8_b_queue_reg[7][0][4]/D          C2C   default_mode 
    7992 19549   systolic_array_8X8_b_queue_reg[5][7][6]/D          C2C   default_mode 
    7993 19549   systolic_array_8X8_b_queue_reg[7][4][4]/D          C2C   default_mode 
    7994 19549   systolic_array_8X8_b_queue_reg[3][1][4]/D          C2C   default_mode 
    7995 19549   systolic_array_8X8_b_queue_reg[3][2][6]/D          C2C   default_mode 
    7996 19549   systolic_array_8X8_b_queue_reg[7][4][6]/D          C2C   default_mode 
    7997 19549   systolic_array_8X8_b_queue_reg[5][4][6]/D          C2C   default_mode 
    7998 19549   systolic_array_8X8_b_queue_reg[7][5][6]/D          C2C   default_mode 
    7999 19549   systolic_array_8X8_b_queue_reg[3][1][6]/D          C2C   default_mode 
    8000 19549   systolic_array_8X8_b_queue_reg[1][4][4]/D          C2C   default_mode 
    8001 19549   systolic_array_8X8_b_queue_reg[1][0][6]/D          C2C   default_mode 
    8002 19549   systolic_array_8X8_b_queue_reg[2][3][4]/D          C2C   default_mode 
    8003 19549   systolic_array_8X8_b_queue_reg[4][5][6]/D          C2C   default_mode 
    8004 19549   systolic_array_8X8_b_queue_reg[4][3][6]/D          C2C   default_mode 
    8005 19549   systolic_array_8X8_b_queue_reg[3][4][4]/D          C2C   default_mode 
    8006 19549   systolic_array_8X8_b_queue_reg[5][3][6]/D          C2C   default_mode 
    8007 19549   systolic_array_8X8_b_queue_reg[2][1][6]/D          C2C   default_mode 
    8008 19549   systolic_array_8X8_b_queue_reg[5][2][4]/D          C2C   default_mode 
    8009 19549   systolic_array_8X8_b_queue_reg[1][1][4]/D          C2C   default_mode 
    8010 19549   systolic_array_8X8_b_queue_reg[4][4][6]/D          C2C   default_mode 
    8011 19549   systolic_array_8X8_b_queue_reg[5][1][4]/D          C2C   default_mode 
    8012 19549   systolic_array_8X8_b_queue_reg[5][7][4]/D          C2C   default_mode 
    8013 19549   systolic_array_8X8_b_queue_reg[2][0][4]/D          C2C   default_mode 
    8014 19549   systolic_array_8X8_b_queue_reg[7][6][6]/D          C2C   default_mode 
    8015 19549   systolic_array_8X8_b_queue_reg[7][5][4]/D          C2C   default_mode 
    8016 19549   systolic_array_8X8_b_queue_reg[5][2][6]/D          C2C   default_mode 
    8017 19549   systolic_array_8X8_b_queue_reg[2][3][6]/D          C2C   default_mode 
    8018 19549   systolic_array_8X8_b_queue_reg[2][1][4]/D          C2C   default_mode 
    8019 19549   systolic_array_8X8_b_queue_reg[1][6][6]/D          C2C   default_mode 
    8020 19549   systolic_array_8X8_b_queue_reg[1][7][6]/D          C2C   default_mode 
    8021 19549   systolic_array_8X8_b_queue_reg[6][5][4]/D          C2C   default_mode 
    8022 19549   systolic_array_8X8_b_queue_reg[5][6][6]/D          C2C   default_mode 
    8023 19549   systolic_array_8X8_b_queue_reg[2][5][4]/D          C2C   default_mode 
    8024 19549   systolic_array_8X8_b_queue_reg[7][3][6]/D          C2C   default_mode 
    8025 19549   systolic_array_8X8_b_queue_reg[6][3][6]/D          C2C   default_mode 
    8026 19549   systolic_array_8X8_b_queue_reg[3][2][4]/D          C2C   default_mode 
    8027 19549   systolic_array_8X8_b_queue_reg[1][0][4]/D          C2C   default_mode 
    8028 19549   systolic_array_8X8_b_queue_reg[1][5][4]/D          C2C   default_mode 
    8029 19549   systolic_array_8X8_b_queue_reg[1][6][4]/D          C2C   default_mode 
    8030 19549   systolic_array_8X8_b_queue_reg[7][1][6]/D          C2C   default_mode 
    8031 19549   systolic_array_8X8_b_queue_reg[3][6][6]/D          C2C   default_mode 
    8032 19549   systolic_array_8X8_b_queue_reg[2][6][6]/D          C2C   default_mode 
    8033 19549   systolic_array_8X8_b_queue_reg[7][1][4]/D          C2C   default_mode 
    8034 19549   systolic_array_8X8_b_queue_reg[6][7][6]/D          C2C   default_mode 
    8035 19549   systolic_array_8X8_b_queue_reg[5][0][6]/D          C2C   default_mode 
    8036 19549   systolic_array_8X8_b_queue_reg[4][3][4]/D          C2C   default_mode 
    8037 19549   systolic_array_8X8_b_queue_reg[2][2][4]/D          C2C   default_mode 
    8038 19549   systolic_array_8X8_b_queue_reg[1][7][4]/D          C2C   default_mode 
    8039 19549   systolic_array_8X8_b_queue_reg[4][1][6]/D          C2C   default_mode 
    8040 19549   systolic_array_8X8_b_queue_reg[5][5][4]/D          C2C   default_mode 
    8041 19549   systolic_array_8X8_b_queue_reg[6][6][6]/D          C2C   default_mode 
    8042 19549   systolic_array_8X8_b_queue_reg[6][0][4]/D          C2C   default_mode 
    8043 19549   systolic_array_8X8_b_queue_reg[5][4][4]/D          C2C   default_mode 
    8044 19549   systolic_array_8X8_b_queue_reg[7][3][4]/D          C2C   default_mode 
    8045 19549   systolic_array_8X8_b_queue_reg[5][6][4]/D          C2C   default_mode 
    8046 19549   systolic_array_8X8_b_queue_reg[1][4][6]/D          C2C   default_mode 
    8047 19549   systolic_array_8X8_b_queue_reg[6][7][4]/D          C2C   default_mode 
    8048 19549   systolic_array_8X8_b_queue_reg[6][4][6]/D          C2C   default_mode 
    8049 19549   systolic_array_8X8_b_queue_reg[7][0][6]/D          C2C   default_mode 
    8050 19549   systolic_array_8X8_b_queue_reg[1][1][6]/D          C2C   default_mode 
    8051 19549   systolic_array_8X8_b_queue_reg[7][7][4]/D          C2C   default_mode 
    8052 19549   systolic_array_8X8_b_queue_reg[6][1][6]/D          C2C   default_mode 
    8053 19549   systolic_array_8X8_b_queue_reg[1][2][6]/D          C2C   default_mode 
    8054 19549   systolic_array_8X8_b_queue_reg[7][2][6]/D          C2C   default_mode 
    8055 19549   systolic_array_8X8_b_queue_reg[1][2][4]/D          C2C   default_mode 
    8056 19549   systolic_array_8X8_b_queue_reg[6][3][4]/D          C2C   default_mode 
    8057 19549   systolic_array_8X8_b_queue_reg[1][5][6]/D          C2C   default_mode 
    8058 19549   systolic_array_8X8_b_queue_reg[4][6][4]/D          C2C   default_mode 
    8059 19549   systolic_array_8X8_b_queue_reg[6][2][6]/D          C2C   default_mode 
    8060 19549   systolic_array_8X8_b_queue_reg[3][0][4]/D          C2C   default_mode 
    8061 19549   systolic_array_8X8_b_queue_reg[3][5][4]/D          C2C   default_mode 
    8062 19549   systolic_array_8X8_b_queue_reg[5][1][6]/D          C2C   default_mode 
    8063 19549   systolic_array_8X8_b_queue_reg[4][4][4]/D          C2C   default_mode 
    8064 19549   systolic_array_8X8_b_queue_reg[1][3][6]/D          C2C   default_mode 
    8065 19549   systolic_array_8X8_b_queue_reg[4][1][4]/D          C2C   default_mode 
    8066 19549   systolic_array_8X8_b_queue_reg[6][5][6]/D          C2C   default_mode 
    8067 19549   systolic_array_8X8_b_queue_reg[3][6][4]/D          C2C   default_mode 
    8068 19551   systolic_array_8X8_b_queue_reg[5][0][1]/D          C2C   default_mode 
    8069 19551   systolic_array_8X8_b_queue_reg[7][6][1]/D          C2C   default_mode 
    8070 19551   systolic_array_8X8_b_queue_reg[7][1][1]/D          C2C   default_mode 
    8071 19551   systolic_array_8X8_b_queue_reg[1][0][1]/D          C2C   default_mode 
    8072 19551   systolic_array_8X8_b_queue_reg[4][4][1]/D          C2C   default_mode 
    8073 19551   systolic_array_8X8_b_queue_reg[3][3][1]/D          C2C   default_mode 
    8074 19551   systolic_array_8X8_b_queue_reg[1][3][1]/D          C2C   default_mode 
    8075 19551   systolic_array_8X8_b_queue_reg[4][1][1]/D          C2C   default_mode 
    8076 19551   systolic_array_8X8_b_queue_reg[7][3][1]/D          C2C   default_mode 
    8077 19551   systolic_array_8X8_b_queue_reg[6][6][1]/D          C2C   default_mode 
    8078 19551   systolic_array_8X8_b_queue_reg[3][2][1]/D          C2C   default_mode 
    8079 19551   systolic_array_8X8_b_queue_reg[4][3][1]/D          C2C   default_mode 
    8080 19551   systolic_array_8X8_b_queue_reg[2][7][1]/D          C2C   default_mode 
    8081 19551   systolic_array_8X8_b_queue_reg[7][5][1]/D          C2C   default_mode 
    8082 19551   systolic_array_8X8_b_queue_reg[2][6][1]/D          C2C   default_mode 
    8083 19551   systolic_array_8X8_b_queue_reg[6][4][1]/D          C2C   default_mode 
    8084 19551   systolic_array_8X8_b_queue_reg[1][2][1]/D          C2C   default_mode 
    8085 19551   systolic_array_8X8_b_queue_reg[5][5][1]/D          C2C   default_mode 
    8086 19551   systolic_array_8X8_b_queue_reg[5][2][1]/D          C2C   default_mode 
    8087 19551   systolic_array_8X8_b_queue_reg[6][3][1]/D          C2C   default_mode 
    8088 19551   systolic_array_8X8_b_queue_reg[5][4][1]/D          C2C   default_mode 
    8089 19551   systolic_array_8X8_b_queue_reg[2][1][1]/D          C2C   default_mode 
    8090 19551   systolic_array_8X8_b_queue_reg[1][5][1]/D          C2C   default_mode 
    8091 19551   systolic_array_8X8_b_queue_reg[1][6][1]/D          C2C   default_mode 
    8092 19551   systolic_array_8X8_b_queue_reg[3][7][1]/D          C2C   default_mode 
    8093 19551   systolic_array_8X8_b_queue_reg[7][2][1]/D          C2C   default_mode 
    8094 19551   systolic_array_8X8_b_queue_reg[7][0][1]/D          C2C   default_mode 
    8095 19551   systolic_array_8X8_b_queue_reg[5][7][1]/D          C2C   default_mode 
    8096 19551   systolic_array_8X8_b_queue_reg[3][0][1]/D          C2C   default_mode 
    8097 19551   systolic_array_8X8_b_queue_reg[3][4][1]/D          C2C   default_mode 
    8098 19551   systolic_array_8X8_b_queue_reg[5][6][1]/D          C2C   default_mode 
    8099 19551   systolic_array_8X8_b_queue_reg[6][5][1]/D          C2C   default_mode 
    8100 19551   systolic_array_8X8_b_queue_reg[6][7][1]/D          C2C   default_mode 
    8101 19551   systolic_array_8X8_b_queue_reg[3][1][1]/D          C2C   default_mode 
    8102 19551   systolic_array_8X8_b_queue_reg[7][4][1]/D          C2C   default_mode 
    8103 19551   systolic_array_8X8_b_queue_reg[5][3][1]/D          C2C   default_mode 
    8104 19551   systolic_array_8X8_b_queue_reg[2][4][1]/D          C2C   default_mode 
    8105 19551   systolic_array_8X8_b_queue_reg[4][6][1]/D          C2C   default_mode 
    8106 19551   systolic_array_8X8_b_queue_reg[6][2][1]/D          C2C   default_mode 
    8107 19551   systolic_array_8X8_b_queue_reg[2][3][1]/D          C2C   default_mode 
    8108 19551   systolic_array_8X8_b_queue_reg[2][0][1]/D          C2C   default_mode 
    8109 19551   systolic_array_8X8_b_queue_reg[4][2][1]/D          C2C   default_mode 
    8110 19551   systolic_array_8X8_b_queue_reg[1][7][1]/D          C2C   default_mode 
    8111 19551   systolic_array_8X8_b_queue_reg[4][7][1]/D          C2C   default_mode 
    8112 19551   systolic_array_8X8_b_queue_reg[4][0][1]/D          C2C   default_mode 
    8113 19551   systolic_array_8X8_b_queue_reg[3][5][1]/D          C2C   default_mode 
    8114 19551   systolic_array_8X8_b_queue_reg[6][1][1]/D          C2C   default_mode 
    8115 19551   systolic_array_8X8_b_queue_reg[5][1][1]/D          C2C   default_mode 
    8116 19551   systolic_array_8X8_b_queue_reg[1][1][1]/D          C2C   default_mode 
    8117 19551   systolic_array_8X8_b_queue_reg[2][5][1]/D          C2C   default_mode 
    8118 19551   systolic_array_8X8_b_queue_reg[3][6][1]/D          C2C   default_mode 
    8119 19551   systolic_array_8X8_b_queue_reg[7][7][1]/D          C2C   default_mode 
    8120 19551   systolic_array_8X8_b_queue_reg[4][5][1]/D          C2C   default_mode 
    8121 19551   systolic_array_8X8_b_queue_reg[2][2][1]/D          C2C   default_mode 
    8122 19551   systolic_array_8X8_b_queue_reg[6][0][1]/D          C2C   default_mode 
    8123 19551   systolic_array_8X8_b_queue_reg[1][4][1]/D          C2C   default_mode 
    8124 19552   systolic_array_8X8_b_queue_reg[1][7][2]/D          C2C   default_mode 
    8125 19552   systolic_array_8X8_b_queue_reg[3][1][2]/D          C2C   default_mode 
    8126 19552   systolic_array_8X8_b_queue_reg[2][6][2]/D          C2C   default_mode 
    8127 19552   systolic_array_8X8_b_queue_reg[1][5][2]/D          C2C   default_mode 
    8128 19552   systolic_array_8X8_b_queue_reg[2][2][2]/D          C2C   default_mode 
    8129 19552   systolic_array_8X8_b_queue_reg[4][0][2]/D          C2C   default_mode 
    8130 19552   systolic_array_8X8_b_queue_reg[2][4][2]/D          C2C   default_mode 
    8131 19552   systolic_array_8X8_b_queue_reg[7][5][2]/D          C2C   default_mode 
    8132 19552   systolic_array_8X8_b_queue_reg[2][7][2]/D          C2C   default_mode 
    8133 19552   systolic_array_8X8_b_queue_reg[7][3][2]/D          C2C   default_mode 
    8134 19552   systolic_array_8X8_b_queue_reg[2][3][2]/D          C2C   default_mode 
    8135 19552   systolic_array_8X8_b_queue_reg[6][2][2]/D          C2C   default_mode 
    8136 19552   systolic_array_8X8_b_queue_reg[2][1][2]/D          C2C   default_mode 
    8137 19552   systolic_array_8X8_b_queue_reg[6][4][2]/D          C2C   default_mode 
    8138 19552   systolic_array_8X8_b_queue_reg[3][5][2]/D          C2C   default_mode 
    8139 19552   systolic_array_8X8_b_queue_reg[4][7][2]/D          C2C   default_mode 
    8140 19552   systolic_array_8X8_b_queue_reg[5][7][2]/D          C2C   default_mode 
    8141 19552   systolic_array_8X8_b_queue_reg[5][6][2]/D          C2C   default_mode 
    8142 19552   systolic_array_8X8_b_queue_reg[4][2][2]/D          C2C   default_mode 
    8143 19552   systolic_array_8X8_b_queue_reg[5][4][2]/D          C2C   default_mode 
    8144 19552   systolic_array_8X8_b_queue_reg[3][7][2]/D          C2C   default_mode 
    8145 19552   systolic_array_8X8_b_queue_reg[7][6][2]/D          C2C   default_mode 
    8146 19552   systolic_array_8X8_b_queue_reg[1][6][2]/D          C2C   default_mode 
    8147 19552   systolic_array_8X8_b_queue_reg[7][2][2]/D          C2C   default_mode 
    8148 19552   systolic_array_8X8_b_queue_reg[6][6][2]/D          C2C   default_mode 
    8149 19552   systolic_array_8X8_b_queue_reg[5][2][2]/D          C2C   default_mode 
    8150 19552   systolic_array_8X8_b_queue_reg[1][4][2]/D          C2C   default_mode 
    8151 19552   systolic_array_8X8_b_queue_reg[6][0][2]/D          C2C   default_mode 
    8152 19552   systolic_array_8X8_b_queue_reg[3][6][2]/D          C2C   default_mode 
    8153 19552   systolic_array_8X8_b_queue_reg[4][4][2]/D          C2C   default_mode 
    8154 19552   systolic_array_8X8_b_queue_reg[7][7][2]/D          C2C   default_mode 
    8155 19552   systolic_array_8X8_b_queue_reg[1][0][2]/D          C2C   default_mode 
    8156 19552   systolic_array_8X8_b_queue_reg[6][1][2]/D          C2C   default_mode 
    8157 19552   systolic_array_8X8_b_queue_reg[3][0][2]/D          C2C   default_mode 
    8158 19552   systolic_array_8X8_b_queue_reg[6][3][2]/D          C2C   default_mode 
    8159 19552   systolic_array_8X8_b_queue_reg[1][3][2]/D          C2C   default_mode 
    8160 19552   systolic_array_8X8_b_queue_reg[4][6][2]/D          C2C   default_mode 
    8161 19552   systolic_array_8X8_b_queue_reg[7][1][2]/D          C2C   default_mode 
    8162 19552   systolic_array_8X8_b_queue_reg[4][3][2]/D          C2C   default_mode 
    8163 19552   systolic_array_8X8_b_queue_reg[1][2][2]/D          C2C   default_mode 
    8164 19552   systolic_array_8X8_b_queue_reg[3][2][2]/D          C2C   default_mode 
    8165 19552   systolic_array_8X8_b_queue_reg[5][3][2]/D          C2C   default_mode 
    8166 19552   systolic_array_8X8_b_queue_reg[7][4][2]/D          C2C   default_mode 
    8167 19552   systolic_array_8X8_b_queue_reg[4][5][2]/D          C2C   default_mode 
    8168 19552   systolic_array_8X8_b_queue_reg[6][7][2]/D          C2C   default_mode 
    8169 19552   systolic_array_8X8_b_queue_reg[6][5][2]/D          C2C   default_mode 
    8170 19552   systolic_array_8X8_b_queue_reg[2][0][2]/D          C2C   default_mode 
    8171 19552   systolic_array_8X8_b_queue_reg[5][1][2]/D          C2C   default_mode 
    8172 19552   systolic_array_8X8_b_queue_reg[5][5][2]/D          C2C   default_mode 
    8173 19552   systolic_array_8X8_b_queue_reg[7][0][2]/D          C2C   default_mode 
    8174 19552   systolic_array_8X8_b_queue_reg[5][0][2]/D          C2C   default_mode 
    8175 19552   systolic_array_8X8_b_queue_reg[3][4][2]/D          C2C   default_mode 
    8176 19552   systolic_array_8X8_b_queue_reg[3][3][2]/D          C2C   default_mode 
    8177 19552   systolic_array_8X8_b_queue_reg[1][1][2]/D          C2C   default_mode 
    8178 19552   systolic_array_8X8_b_queue_reg[2][5][2]/D          C2C   default_mode 
    8179 19552   systolic_array_8X8_b_queue_reg[4][1][2]/D          C2C   default_mode 
    8180 19552   systolic_array_8X8_b_queue_reg[4][2][5]/D          C2C   default_mode 
    8181 19552   systolic_array_8X8_b_queue_reg[4][4][5]/D          C2C   default_mode 
    8182 19552   systolic_array_8X8_b_queue_reg[4][7][5]/D          C2C   default_mode 
    8183 19552   systolic_array_8X8_b_queue_reg[6][0][5]/D          C2C   default_mode 
    8184 19552   systolic_array_8X8_b_queue_reg[2][1][5]/D          C2C   default_mode 
    8185 19552   systolic_array_8X8_b_queue_reg[3][6][5]/D          C2C   default_mode 
    8186 19552   systolic_array_8X8_b_queue_reg[3][7][5]/D          C2C   default_mode 
    8187 19552   systolic_array_8X8_b_queue_reg[5][2][5]/D          C2C   default_mode 
    8188 19552   systolic_array_8X8_b_queue_reg[4][6][5]/D          C2C   default_mode 
    8189 19552   systolic_array_8X8_b_queue_reg[1][1][5]/D          C2C   default_mode 
    8190 19552   systolic_array_8X8_b_queue_reg[6][7][5]/D          C2C   default_mode 
    8191 19552   systolic_array_8X8_b_queue_reg[2][3][5]/D          C2C   default_mode 
    8192 19552   systolic_array_8X8_b_queue_reg[2][2][5]/D          C2C   default_mode 
    8193 19552   systolic_array_8X8_b_queue_reg[3][2][5]/D          C2C   default_mode 
    8194 19552   systolic_array_8X8_b_queue_reg[1][5][5]/D          C2C   default_mode 
    8195 19552   systolic_array_8X8_b_queue_reg[1][3][5]/D          C2C   default_mode 
    8196 19552   systolic_array_8X8_b_queue_reg[1][0][5]/D          C2C   default_mode 
    8197 19552   systolic_array_8X8_b_queue_reg[3][1][5]/D          C2C   default_mode 
    8198 19552   systolic_array_8X8_b_queue_reg[5][5][5]/D          C2C   default_mode 
    8199 19552   systolic_array_8X8_b_queue_reg[4][3][5]/D          C2C   default_mode 
    8200 19552   systolic_array_8X8_b_queue_reg[1][2][5]/D          C2C   default_mode 
    8201 19552   systolic_array_8X8_b_queue_reg[6][4][5]/D          C2C   default_mode 
    8202 19552   systolic_array_8X8_b_queue_reg[5][1][5]/D          C2C   default_mode 
    8203 19552   systolic_array_8X8_b_queue_reg[3][3][5]/D          C2C   default_mode 
    8204 19552   systolic_array_8X8_b_queue_reg[2][0][5]/D          C2C   default_mode 
    8205 19552   systolic_array_8X8_b_queue_reg[2][6][5]/D          C2C   default_mode 
    8206 19552   systolic_array_8X8_b_queue_reg[3][4][5]/D          C2C   default_mode 
    8207 19552   systolic_array_8X8_b_queue_reg[5][4][5]/D          C2C   default_mode 
    8208 19552   systolic_array_8X8_b_queue_reg[6][2][5]/D          C2C   default_mode 
    8209 19552   systolic_array_8X8_b_queue_reg[4][0][5]/D          C2C   default_mode 
    8210 19552   systolic_array_8X8_b_queue_reg[2][7][5]/D          C2C   default_mode 
    8211 19552   systolic_array_8X8_b_queue_reg[1][6][5]/D          C2C   default_mode 
    8212 19552   systolic_array_8X8_b_queue_reg[1][7][5]/D          C2C   default_mode 
    8213 19552   systolic_array_8X8_b_queue_reg[5][6][5]/D          C2C   default_mode 
    8214 19552   systolic_array_8X8_b_queue_reg[7][0][5]/D          C2C   default_mode 
    8215 19552   systolic_array_8X8_b_queue_reg[3][5][5]/D          C2C   default_mode 
    8216 19552   systolic_array_8X8_b_queue_reg[7][6][5]/D          C2C   default_mode 
    8217 19552   systolic_array_8X8_b_queue_reg[7][1][5]/D          C2C   default_mode 
    8218 19552   systolic_array_8X8_b_queue_reg[5][0][5]/D          C2C   default_mode 
    8219 19552   systolic_array_8X8_b_queue_reg[1][4][5]/D          C2C   default_mode 
    8220 19552   systolic_array_8X8_b_queue_reg[2][5][5]/D          C2C   default_mode 
    8221 19552   systolic_array_8X8_b_queue_reg[6][5][5]/D          C2C   default_mode 
    8222 19552   systolic_array_8X8_b_queue_reg[6][6][5]/D          C2C   default_mode 
    8223 19552   systolic_array_8X8_b_queue_reg[7][3][5]/D          C2C   default_mode 
    8224 19552   systolic_array_8X8_b_queue_reg[7][5][5]/D          C2C   default_mode 
    8225 19552   systolic_array_8X8_b_queue_reg[7][2][5]/D          C2C   default_mode 
    8226 19552   systolic_array_8X8_b_queue_reg[4][1][5]/D          C2C   default_mode 
    8227 19552   systolic_array_8X8_b_queue_reg[6][3][5]/D          C2C   default_mode 
    8228 19552   systolic_array_8X8_b_queue_reg[4][5][5]/D          C2C   default_mode 
    8229 19552   systolic_array_8X8_b_queue_reg[6][1][5]/D          C2C   default_mode 
    8230 19552   systolic_array_8X8_b_queue_reg[2][4][5]/D          C2C   default_mode 
    8231 19552   systolic_array_8X8_b_queue_reg[5][7][5]/D          C2C   default_mode 
    8232 19552   systolic_array_8X8_b_queue_reg[3][0][5]/D          C2C   default_mode 
    8233 19552   systolic_array_8X8_b_queue_reg[7][4][5]/D          C2C   default_mode 
    8234 19552   systolic_array_8X8_b_queue_reg[7][7][5]/D          C2C   default_mode 
    8235 19552   systolic_array_8X8_b_queue_reg[5][3][5]/D          C2C   default_mode 
    8236 19554   output_buffer_pipe_3_reg[3][0]/CN                  I2C   default_mode 
    8237 19554   output_buffer_pipe_0_reg[6][11]/CN                 I2C   default_mode 
    8238 19554   output_buffer_pipe_6_reg[19]/CN                    I2C   default_mode 
    8239 19554   output_buffer_pipe_2_reg[4][3]/CN                  I2C   default_mode 
    8240 19554   output_buffer_pipe_5_reg[1][21]/CN                 I2C   default_mode 
    8241 19554   output_buffer_pipe_1_reg[5][17]/CN                 I2C   default_mode 
    8242 19554   output_buffer_pipe_6_reg[22]/CN                    I2C   default_mode 
    8243 19554   output_buffer_pipe_4_reg[2][18]/CN                 I2C   default_mode 
    8244 19554   output_buffer_pipe_1_reg[5][2]/CN                  I2C   default_mode 
    8245 19554   output_buffer_pipe_2_reg[4][25]/CN                 I2C   default_mode 
    8246 19554   output_buffer_pipe_4_reg[2][14]/CN                 I2C   default_mode 
    8247 19554   output_buffer_pipe_0_reg[6][3]/CN                  I2C   default_mode 
    8248 19554   output_buffer_pipe_1_reg[5][3]/CN                  I2C   default_mode 
    8249 19554   output_buffer_pipe_5_reg[1][8]/CN                  I2C   default_mode 
    8250 19554   output_buffer_pipe_6_reg[3]/CN                     I2C   default_mode 
    8251 19554   output_buffer_pipe_2_reg[4][22]/CN                 I2C   default_mode 
    8252 19554   output_buffer_pipe_0_reg[6][15]/CN                 I2C   default_mode 
    8253 19554   output_buffer_pipe_0_reg[6][8]/CN                  I2C   default_mode 
    8254 19554   output_buffer_pipe_5_reg[1][22]/CN                 I2C   default_mode 
    8255 19554   output_buffer_pipe_4_reg[2][29]/CN                 I2C   default_mode 
    8256 19554   output_buffer_pipe_5_reg[1][27]/CN                 I2C   default_mode 
    8257 19554   output_buffer_pipe_3_reg[3][20]/CN                 I2C   default_mode 
    8258 19554   output_buffer_pipe_6_reg[23]/CN                    I2C   default_mode 
    8259 19554   output_buffer_pipe_3_reg[3][29]/CN                 I2C   default_mode 
    8260 19554   output_buffer_pipe_0_reg[6][19]/CN                 I2C   default_mode 
    8261 19554   output_buffer_pipe_2_reg[4][18]/CN                 I2C   default_mode 
    8262 19554   output_buffer_pipe_0_reg[6][26]/CN                 I2C   default_mode 
    8263 19554   output_buffer_pipe_0_reg[6][13]/CN                 I2C   default_mode 
    8264 19554   output_buffer_pipe_1_reg[5][31]/CN                 I2C   default_mode 
    8265 19554   output_buffer_pipe_6_reg[30]/CN                    I2C   default_mode 
    8266 19554   output_buffer_pipe_3_reg[3][9]/CN                  I2C   default_mode 
    8267 19554   output_buffer_pipe_5_reg[1][11]/CN                 I2C   default_mode 
    8268 19554   output_buffer_pipe_1_reg[5][21]/CN                 I2C   default_mode 
    8269 19554   output_buffer_pipe_3_reg[3][23]/CN                 I2C   default_mode 
    8270 19554   output_buffer_pipe_2_reg[4][13]/CN                 I2C   default_mode 
    8271 19554   output_buffer_pipe_1_reg[5][5]/CN                  I2C   default_mode 
    8272 19554   output_buffer_pipe_3_reg[3][14]/CN                 I2C   default_mode 
    8273 19554   output_buffer_pipe_3_reg[3][22]/CN                 I2C   default_mode 
    8274 19554   output_buffer_pipe_3_reg[3][27]/CN                 I2C   default_mode 
    8275 19554   output_buffer_pipe_2_reg[4][8]/CN                  I2C   default_mode 
    8276 19554   output_buffer_pipe_0_reg[6][24]/CN                 I2C   default_mode 
    8277 19554   output_buffer_pipe_1_reg[5][9]/CN                  I2C   default_mode 
    8278 19554   output_buffer_pipe_6_reg[14]/CN                    I2C   default_mode 
    8279 19554   output_buffer_pipe_0_reg[6][23]/CN                 I2C   default_mode 
    8280 19554   output_buffer_pipe_0_reg[6][18]/CN                 I2C   default_mode 
    8281 19554   output_buffer_pipe_3_reg[3][13]/CN                 I2C   default_mode 
    8282 19554   output_buffer_pipe_6_reg[4]/CN                     I2C   default_mode 
    8283 19554   output_buffer_pipe_2_reg[4][6]/CN                  I2C   default_mode 
    8284 19554   output_buffer_pipe_4_reg[2][8]/CN                  I2C   default_mode 
    8285 19554   output_buffer_pipe_4_reg[2][10]/CN                 I2C   default_mode 
    8286 19554   output_buffer_pipe_4_reg[2][7]/CN                  I2C   default_mode 
    8287 19554   output_buffer_pipe_6_reg[21]/CN                    I2C   default_mode 
    8288 19554   output_buffer_pipe_3_reg[3][2]/CN                  I2C   default_mode 
    8289 19554   output_buffer_pipe_4_reg[2][15]/CN                 I2C   default_mode 
    8290 19554   output_buffer_pipe_3_reg[3][30]/CN                 I2C   default_mode 
    8291 19554   output_buffer_pipe_2_reg[4][16]/CN                 I2C   default_mode 
    8292 19554   output_buffer_pipe_5_reg[1][7]/CN                  I2C   default_mode 
    8293 19554   output_buffer_pipe_3_reg[3][11]/CN                 I2C   default_mode 
    8294 19554   output_buffer_pipe_0_reg[6][27]/CN                 I2C   default_mode 
    8295 19554   output_buffer_pipe_2_reg[4][24]/CN                 I2C   default_mode 
    8296 19554   output_buffer_pipe_1_reg[5][22]/CN                 I2C   default_mode 
    8297 19554   output_buffer_pipe_0_reg[6][12]/CN                 I2C   default_mode 
    8298 19554   output_buffer_pipe_1_reg[5][25]/CN                 I2C   default_mode 
    8299 19554   output_buffer_pipe_4_reg[2][0]/CN                  I2C   default_mode 
    8300 19554   output_buffer_pipe_4_reg[2][31]/CN                 I2C   default_mode 
    8301 19554   output_buffer_pipe_3_reg[3][7]/CN                  I2C   default_mode 
    8302 19554   output_buffer_pipe_1_reg[5][6]/CN                  I2C   default_mode 
    8303 19554   output_buffer_pipe_2_reg[4][28]/CN                 I2C   default_mode 
    8304 19554   output_buffer_pipe_3_reg[3][12]/CN                 I2C   default_mode 
    8305 19554   output_buffer_pipe_2_reg[4][15]/CN                 I2C   default_mode 
    8306 19554   output_buffer_pipe_0_reg[6][31]/CN                 I2C   default_mode 
    8307 19554   output_buffer_pipe_0_reg[6][10]/CN                 I2C   default_mode 
    8308 19554   output_buffer_pipe_2_reg[4][20]/CN                 I2C   default_mode 
    8309 19554   output_buffer_pipe_4_reg[2][11]/CN                 I2C   default_mode 
    8310 19554   output_buffer_pipe_2_reg[4][17]/CN                 I2C   default_mode 
    8311 19554   output_buffer_pipe_3_reg[3][6]/CN                  I2C   default_mode 
    8312 19554   output_buffer_pipe_1_reg[5][14]/CN                 I2C   default_mode 
    8313 19554   output_buffer_pipe_2_reg[4][4]/CN                  I2C   default_mode 
    8314 19554   output_buffer_pipe_4_reg[2][26]/CN                 I2C   default_mode 
    8315 19554   output_buffer_pipe_3_reg[3][18]/CN                 I2C   default_mode 
    8316 19554   output_buffer_pipe_4_reg[2][4]/CN                  I2C   default_mode 
    8317 19554   output_buffer_pipe_1_reg[5][29]/CN                 I2C   default_mode 
    8318 19554   output_buffer_pipe_4_reg[2][28]/CN                 I2C   default_mode 
    8319 19554   output_buffer_pipe_5_reg[1][20]/CN                 I2C   default_mode 
    8320 19554   output_buffer_pipe_4_reg[2][9]/CN                  I2C   default_mode 
    8321 19554   output_buffer_pipe_0_reg[6][29]/CN                 I2C   default_mode 
    8322 19554   output_buffer_pipe_5_reg[1][23]/CN                 I2C   default_mode 
    8323 19554   output_buffer_pipe_6_reg[17]/CN                    I2C   default_mode 
    8324 19554   output_buffer_pipe_5_reg[1][9]/CN                  I2C   default_mode 
    8325 19554   output_buffer_pipe_1_reg[5][0]/CN                  I2C   default_mode 
    8326 19554   output_buffer_pipe_4_reg[2][5]/CN                  I2C   default_mode 
    8327 19554   output_buffer_pipe_0_reg[6][0]/CN                  I2C   default_mode 
    8328 19554   output_buffer_pipe_6_reg[24]/CN                    I2C   default_mode 
    8329 19554   output_buffer_pipe_5_reg[1][16]/CN                 I2C   default_mode 
    8330 19554   output_buffer_pipe_3_reg[3][19]/CN                 I2C   default_mode 
    8331 19554   output_buffer_pipe_0_reg[6][22]/CN                 I2C   default_mode 
    8332 19554   output_buffer_pipe_5_reg[1][31]/CN                 I2C   default_mode 
    8333 19554   output_buffer_pipe_5_reg[1][26]/CN                 I2C   default_mode 
    8334 19554   output_buffer_pipe_5_reg[1][1]/CN                  I2C   default_mode 
    8335 19554   output_buffer_pipe_0_reg[6][25]/CN                 I2C   default_mode 
    8336 19554   output_buffer_pipe_6_reg[11]/CN                    I2C   default_mode 
    8337 19554   output_buffer_pipe_1_reg[5][1]/CN                  I2C   default_mode 
    8338 19554   output_buffer_pipe_3_reg[3][21]/CN                 I2C   default_mode 
    8339 19554   output_buffer_pipe_2_reg[4][31]/CN                 I2C   default_mode 
    8340 19554   output_buffer_pipe_1_reg[5][4]/CN                  I2C   default_mode 
    8341 19554   output_buffer_pipe_2_reg[4][27]/CN                 I2C   default_mode 
    8342 19554   output_buffer_pipe_2_reg[4][0]/CN                  I2C   default_mode 
    8343 19554   output_buffer_pipe_5_reg[1][3]/CN                  I2C   default_mode 
    8344 19554   output_buffer_pipe_5_reg[1][24]/CN                 I2C   default_mode 
    8345 19554   output_buffer_pipe_2_reg[4][23]/CN                 I2C   default_mode 
    8346 19554   output_buffer_pipe_3_reg[3][4]/CN                  I2C   default_mode 
    8347 19554   output_buffer_pipe_4_reg[2][6]/CN                  I2C   default_mode 
    8348 19554   output_buffer_pipe_4_reg[2][20]/CN                 I2C   default_mode 
    8349 19554   output_buffer_pipe_5_reg[1][2]/CN                  I2C   default_mode 
    8350 19554   output_buffer_pipe_6_reg[25]/CN                    I2C   default_mode 
    8351 19554   output_buffer_pipe_1_reg[5][8]/CN                  I2C   default_mode 
    8352 19554   output_buffer_pipe_0_reg[6][28]/CN                 I2C   default_mode 
    8353 19554   output_buffer_pipe_0_reg[6][2]/CN                  I2C   default_mode 
    8354 19554   output_buffer_pipe_0_reg[6][9]/CN                  I2C   default_mode 
    8355 19554   output_buffer_pipe_0_reg[6][17]/CN                 I2C   default_mode 
    8356 19554   output_buffer_pipe_6_reg[10]/CN                    I2C   default_mode 
    8357 19554   output_buffer_pipe_3_reg[3][5]/CN                  I2C   default_mode 
    8358 19554   output_buffer_pipe_4_reg[2][2]/CN                  I2C   default_mode 
    8359 19554   output_buffer_pipe_4_reg[2][3]/CN                  I2C   default_mode 
    8360 19554   output_buffer_pipe_6_reg[2]/CN                     I2C   default_mode 
    8361 19554   output_buffer_pipe_3_reg[3][15]/CN                 I2C   default_mode 
    8362 19554   output_buffer_pipe_2_reg[4][9]/CN                  I2C   default_mode 
    8363 19554   output_buffer_pipe_1_reg[5][16]/CN                 I2C   default_mode 
    8364 19554   output_buffer_pipe_4_reg[2][13]/CN                 I2C   default_mode 
    8365 19554   output_buffer_pipe_5_reg[1][18]/CN                 I2C   default_mode 
    8366 19554   output_buffer_pipe_5_reg[1][17]/CN                 I2C   default_mode 
    8367 19554   output_buffer_pipe_3_reg[3][25]/CN                 I2C   default_mode 
    8368 19554   output_buffer_pipe_6_reg[12]/CN                    I2C   default_mode 
    8369 19554   output_buffer_pipe_3_reg[3][1]/CN                  I2C   default_mode 
    8370 19554   output_buffer_pipe_2_reg[4][26]/CN                 I2C   default_mode 
    8371 19554   output_buffer_pipe_4_reg[2][16]/CN                 I2C   default_mode 
    8372 19554   output_buffer_pipe_0_reg[6][1]/CN                  I2C   default_mode 
    8373 19554   output_buffer_pipe_3_reg[3][28]/CN                 I2C   default_mode 
    8374 19554   output_buffer_pipe_5_reg[1][14]/CN                 I2C   default_mode 
    8375 19554   output_buffer_pipe_5_reg[1][19]/CN                 I2C   default_mode 
    8376 19554   output_buffer_pipe_6_reg[29]/CN                    I2C   default_mode 
    8377 19554   output_buffer_pipe_6_reg[5]/CN                     I2C   default_mode 
    8378 19554   output_buffer_pipe_6_reg[31]/CN                    I2C   default_mode 
    8379 19554   output_buffer_pipe_0_reg[6][5]/CN                  I2C   default_mode 
    8380 19554   output_buffer_pipe_6_reg[8]/CN                     I2C   default_mode 
    8381 19554   output_buffer_pipe_6_reg[13]/CN                    I2C   default_mode 
    8382 19554   output_buffer_pipe_6_reg[18]/CN                    I2C   default_mode 
    8383 19554   output_buffer_pipe_2_reg[4][29]/CN                 I2C   default_mode 
    8384 19554   output_buffer_pipe_3_reg[3][8]/CN                  I2C   default_mode 
    8385 19554   output_buffer_pipe_5_reg[1][15]/CN                 I2C   default_mode 
    8386 19554   output_buffer_pipe_1_reg[5][7]/CN                  I2C   default_mode 
    8387 19554   output_buffer_pipe_5_reg[1][25]/CN                 I2C   default_mode 
    8388 19554   output_buffer_pipe_4_reg[2][12]/CN                 I2C   default_mode 
    8389 19554   output_buffer_pipe_3_reg[3][10]/CN                 I2C   default_mode 
    8390 19554   output_buffer_pipe_5_reg[1][6]/CN                  I2C   default_mode 
    8391 19554   output_buffer_pipe_1_reg[5][11]/CN                 I2C   default_mode 
    8392 19554   output_buffer_pipe_1_reg[5][10]/CN                 I2C   default_mode 
    8393 19554   output_buffer_pipe_5_reg[1][29]/CN                 I2C   default_mode 
    8394 19554   output_buffer_pipe_4_reg[2][17]/CN                 I2C   default_mode 
    8395 19554   output_buffer_pipe_1_reg[5][26]/CN                 I2C   default_mode 
    8396 19554   output_buffer_pipe_6_reg[0]/CN                     I2C   default_mode 
    8397 19554   output_buffer_pipe_1_reg[5][12]/CN                 I2C   default_mode 
    8398 19554   output_buffer_pipe_1_reg[5][30]/CN                 I2C   default_mode 
    8399 19554   output_buffer_pipe_2_reg[4][2]/CN                  I2C   default_mode 
    8400 19554   output_buffer_pipe_2_reg[4][12]/CN                 I2C   default_mode 
    8401 19554   output_buffer_pipe_4_reg[2][25]/CN                 I2C   default_mode 
    8402 19554   output_buffer_pipe_4_reg[2][19]/CN                 I2C   default_mode 
    8403 19554   output_buffer_pipe_0_reg[6][16]/CN                 I2C   default_mode 
    8404 19554   output_buffer_pipe_0_reg[6][14]/CN                 I2C   default_mode 
    8405 19554   output_buffer_pipe_4_reg[2][1]/CN                  I2C   default_mode 
    8406 19554   output_buffer_pipe_2_reg[4][5]/CN                  I2C   default_mode 
    8407 19554   output_buffer_pipe_6_reg[15]/CN                    I2C   default_mode 
    8408 19554   output_buffer_pipe_1_reg[5][19]/CN                 I2C   default_mode 
    8409 19554   output_buffer_pipe_0_reg[6][6]/CN                  I2C   default_mode 
    8410 19554   output_buffer_pipe_3_reg[3][16]/CN                 I2C   default_mode 
    8411 19554   output_buffer_pipe_6_reg[6]/CN                     I2C   default_mode 
    8412 19554   output_buffer_pipe_2_reg[4][11]/CN                 I2C   default_mode 
    8413 19554   output_buffer_pipe_6_reg[7]/CN                     I2C   default_mode 
    8414 19554   output_buffer_pipe_6_reg[16]/CN                    I2C   default_mode 
    8415 19554   output_buffer_pipe_3_reg[3][31]/CN                 I2C   default_mode 
    8416 19554   output_buffer_pipe_4_reg[2][23]/CN                 I2C   default_mode 
    8417 19554   output_buffer_pipe_4_reg[2][22]/CN                 I2C   default_mode 
    8418 19554   output_buffer_pipe_1_reg[5][20]/CN                 I2C   default_mode 
    8419 19554   output_buffer_pipe_6_reg[9]/CN                     I2C   default_mode 
    8420 19554   output_buffer_pipe_6_reg[20]/CN                    I2C   default_mode 
    8421 19554   output_buffer_pipe_0_reg[6][4]/CN                  I2C   default_mode 
    8422 19554   output_buffer_pipe_5_reg[1][30]/CN                 I2C   default_mode 
    8423 19554   output_buffer_pipe_2_reg[4][21]/CN                 I2C   default_mode 
    8424 19554   output_buffer_pipe_1_reg[5][27]/CN                 I2C   default_mode 
    8425 19554   output_buffer_pipe_5_reg[1][10]/CN                 I2C   default_mode 
    8426 19554   output_buffer_pipe_2_reg[4][19]/CN                 I2C   default_mode 
    8427 19554   output_buffer_pipe_5_reg[1][12]/CN                 I2C   default_mode 
    8428 19554   output_buffer_pipe_6_reg[28]/CN                    I2C   default_mode 
    8429 19554   output_buffer_pipe_4_reg[2][27]/CN                 I2C   default_mode 
    8430 19554   output_buffer_pipe_6_reg[26]/CN                    I2C   default_mode 
    8431 19554   output_buffer_pipe_3_reg[3][17]/CN                 I2C   default_mode 
    8432 19554   output_buffer_pipe_5_reg[1][0]/CN                  I2C   default_mode 
    8433 19554   output_buffer_pipe_1_reg[5][15]/CN                 I2C   default_mode 
    8434 19554   output_buffer_pipe_4_reg[2][30]/CN                 I2C   default_mode 
    8435 19554   output_buffer_pipe_2_reg[4][1]/CN                  I2C   default_mode 
    8436 19554   output_buffer_pipe_2_reg[4][14]/CN                 I2C   default_mode 
    8437 19554   output_buffer_pipe_0_reg[6][20]/CN                 I2C   default_mode 
    8438 19554   output_buffer_pipe_2_reg[4][7]/CN                  I2C   default_mode 
    8439 19554   output_buffer_pipe_5_reg[1][13]/CN                 I2C   default_mode 
    8440 19554   output_buffer_pipe_6_reg[1]/CN                     I2C   default_mode 
    8441 19554   output_buffer_pipe_1_reg[5][23]/CN                 I2C   default_mode 
    8442 19554   output_buffer_pipe_0_reg[6][21]/CN                 I2C   default_mode 
    8443 19554   output_buffer_pipe_5_reg[1][4]/CN                  I2C   default_mode 
    8444 19554   output_buffer_pipe_0_reg[6][7]/CN                  I2C   default_mode 
    8445 19554   output_buffer_pipe_6_reg[27]/CN                    I2C   default_mode 
    8446 19554   output_buffer_pipe_2_reg[4][30]/CN                 I2C   default_mode 
    8447 19554   output_buffer_pipe_1_reg[5][28]/CN                 I2C   default_mode 
    8448 19554   output_buffer_pipe_5_reg[1][5]/CN                  I2C   default_mode 
    8449 19554   output_buffer_pipe_5_reg[1][28]/CN                 I2C   default_mode 
    8450 19554   output_buffer_pipe_0_reg[6][30]/CN                 I2C   default_mode 
    8451 19554   output_buffer_pipe_2_reg[4][10]/CN                 I2C   default_mode 
    8452 19554   output_buffer_pipe_4_reg[2][21]/CN                 I2C   default_mode 
    8453 19554   output_buffer_pipe_3_reg[3][3]/CN                  I2C   default_mode 
    8454 19554   output_buffer_pipe_4_reg[2][24]/CN                 I2C   default_mode 
    8455 19554   output_buffer_pipe_3_reg[3][26]/CN                 I2C   default_mode 
    8456 19554   output_buffer_pipe_1_reg[5][18]/CN                 I2C   default_mode 
    8457 19554   output_buffer_pipe_3_reg[3][24]/CN                 I2C   default_mode 
    8458 19554   output_buffer_pipe_1_reg[5][13]/CN                 I2C   default_mode 
    8459 19554   output_buffer_pipe_1_reg[5][24]/CN                 I2C   default_mode 
    8460 19555   systolic_array_8X8_b_queue_reg[4][7][7]/D          C2C   default_mode 
    8461 19555   systolic_array_8X8_b_queue_reg[4][6][7]/D          C2C   default_mode 
    8462 19555   systolic_array_8X8_b_queue_reg[5][0][7]/D          C2C   default_mode 
    8463 19555   systolic_array_8X8_b_queue_reg[3][6][7]/D          C2C   default_mode 
    8464 19555   systolic_array_8X8_b_queue_reg[1][1][7]/D          C2C   default_mode 
    8465 19555   systolic_array_8X8_b_queue_reg[3][1][7]/D          C2C   default_mode 
    8466 19555   systolic_array_8X8_b_queue_reg[2][5][7]/D          C2C   default_mode 
    8467 19555   systolic_array_8X8_b_queue_reg[3][3][7]/D          C2C   default_mode 
    8468 19555   systolic_array_8X8_b_queue_reg[1][4][7]/D          C2C   default_mode 
    8469 19555   systolic_array_8X8_b_queue_reg[6][6][7]/D          C2C   default_mode 
    8470 19555   systolic_array_8X8_b_queue_reg[3][4][7]/D          C2C   default_mode 
    8471 19555   systolic_array_8X8_b_queue_reg[4][3][7]/D          C2C   default_mode 
    8472 19555   systolic_array_8X8_b_queue_reg[3][7][7]/D          C2C   default_mode 
    8473 19555   systolic_array_8X8_b_queue_reg[4][2][7]/D          C2C   default_mode 
    8474 19555   systolic_array_8X8_b_queue_reg[6][4][7]/D          C2C   default_mode 
    8475 19555   systolic_array_8X8_b_queue_reg[7][2][7]/D          C2C   default_mode 
    8476 19555   systolic_array_8X8_b_queue_reg[7][4][7]/D          C2C   default_mode 
    8477 19555   systolic_array_8X8_b_queue_reg[2][4][7]/D          C2C   default_mode 
    8478 19555   systolic_array_8X8_b_queue_reg[1][6][7]/D          C2C   default_mode 
    8479 19555   systolic_array_8X8_b_queue_reg[6][5][7]/D          C2C   default_mode 
    8480 19555   systolic_array_8X8_b_queue_reg[7][1][7]/D          C2C   default_mode 
    8481 19555   systolic_array_8X8_b_queue_reg[6][0][7]/D          C2C   default_mode 
    8482 19555   systolic_array_8X8_b_queue_reg[5][1][7]/D          C2C   default_mode 
    8483 19555   systolic_array_8X8_b_queue_reg[1][0][7]/D          C2C   default_mode 
    8484 19555   systolic_array_8X8_b_queue_reg[4][0][7]/D          C2C   default_mode 
    8485 19555   systolic_array_8X8_b_queue_reg[2][6][7]/D          C2C   default_mode 
    8486 19555   systolic_array_8X8_b_queue_reg[2][2][7]/D          C2C   default_mode 
    8487 19555   systolic_array_8X8_b_queue_reg[2][3][7]/D          C2C   default_mode 
    8488 19555   systolic_array_8X8_b_queue_reg[6][2][7]/D          C2C   default_mode 
    8489 19555   systolic_array_8X8_b_queue_reg[2][0][7]/D          C2C   default_mode 
    8490 19555   systolic_array_8X8_b_queue_reg[7][5][7]/D          C2C   default_mode 
    8491 19555   systolic_array_8X8_b_queue_reg[5][7][7]/D          C2C   default_mode 
    8492 19555   systolic_array_8X8_b_queue_reg[2][1][7]/D          C2C   default_mode 
    8493 19555   systolic_array_8X8_b_queue_reg[1][7][7]/D          C2C   default_mode 
    8494 19555   systolic_array_8X8_b_queue_reg[5][5][7]/D          C2C   default_mode 
    8495 19555   systolic_array_8X8_b_queue_reg[4][4][7]/D          C2C   default_mode 
    8496 19555   systolic_array_8X8_b_queue_reg[5][2][7]/D          C2C   default_mode 
    8497 19555   systolic_array_8X8_b_queue_reg[3][2][7]/D          C2C   default_mode 
    8498 19555   systolic_array_8X8_b_queue_reg[5][4][7]/D          C2C   default_mode 
    8499 19555   systolic_array_8X8_b_queue_reg[3][0][7]/D          C2C   default_mode 
    8500 19555   systolic_array_8X8_b_queue_reg[7][7][7]/D          C2C   default_mode 
    8501 19555   systolic_array_8X8_b_queue_reg[5][3][7]/D          C2C   default_mode 
    8502 19555   systolic_array_8X8_b_queue_reg[7][3][7]/D          C2C   default_mode 
    8503 19555   systolic_array_8X8_b_queue_reg[6][1][7]/D          C2C   default_mode 
    8504 19555   systolic_array_8X8_b_queue_reg[7][0][7]/D          C2C   default_mode 
    8505 19555   systolic_array_8X8_b_queue_reg[5][6][7]/D          C2C   default_mode 
    8506 19555   systolic_array_8X8_b_queue_reg[6][3][7]/D          C2C   default_mode 
    8507 19555   systolic_array_8X8_b_queue_reg[1][2][7]/D          C2C   default_mode 
    8508 19555   systolic_array_8X8_b_queue_reg[2][7][7]/D          C2C   default_mode 
    8509 19555   systolic_array_8X8_b_queue_reg[3][5][7]/D          C2C   default_mode 
    8510 19555   systolic_array_8X8_b_queue_reg[7][6][7]/D          C2C   default_mode 
    8511 19555   systolic_array_8X8_b_queue_reg[1][3][7]/D          C2C   default_mode 
    8512 19555   systolic_array_8X8_b_queue_reg[4][5][7]/D          C2C   default_mode 
    8513 19555   systolic_array_8X8_b_queue_reg[6][7][7]/D          C2C   default_mode 
    8514 19555   systolic_array_8X8_b_queue_reg[4][1][7]/D          C2C   default_mode 
    8515 19555   systolic_array_8X8_b_queue_reg[1][5][7]/D          C2C   default_mode 
    8516 19559   hold_reg/DB                                        I2C   default_mode 
    8517 19563   systolic_array_8X8_a_queue_reg[1][0][5]/D          C2C   default_mode 
    8518 19563   a_buffer_pipe_3_reg[1][2]/D                        C2C   default_mode 
    8519 19563   b_buffer_pipe_2_reg[1][2]/D                        C2C   default_mode 
    8520 19563   a_buffer_pipe_3_reg[1][4]/D                        C2C   default_mode 
    8521 19563   systolic_array_8X8_a_queue_reg[1][0][4]/D          C2C   default_mode 
    8522 19563   a_buffer_pipe_2_reg[1][2]/D                        C2C   default_mode 
    8523 19563   b_buffer_pipe_4_reg[1][5]/D                        C2C   default_mode 
    8524 19563   b_buffer_pipe_3_reg[1][4]/D                        C2C   default_mode 
    8525 19563   a_buffer_pipe_5_reg[1][1]/D                        C2C   default_mode 
    8526 19563   a_buffer_pipe_4_reg[1][3]/D                        C2C   default_mode 
    8527 19563   b_buffer_pipe_4_reg[1][6]/D                        C2C   default_mode 
    8528 19563   b_buffer_pipe_6_reg[1][1]/D                        C2C   default_mode 
    8529 19563   a_buffer_pipe_4_reg[1][2]/D                        C2C   default_mode 
    8530 19563   a_buffer_pipe_5_reg[1][4]/D                        C2C   default_mode 
    8531 19563   a_buffer_pipe_3_reg[1][6]/D                        C2C   default_mode 
    8532 19563   a_buffer_pipe_7_reg[1][5]/D                        C2C   default_mode 
    8533 19563   b_buffer_pipe_2_reg[1][1]/D                        C2C   default_mode 
    8534 19563   a_buffer_pipe_2_reg[1][5]/D                        C2C   default_mode 
    8535 19563   b_buffer_pipe_4_reg[1][1]/D                        C2C   default_mode 
    8536 19563   b_buffer_pipe_7_reg[1][1]/D                        C2C   default_mode 
    8537 19563   a_buffer_pipe_4_reg[1][1]/D                        C2C   default_mode 
    8538 19563   systolic_array_8X8_b_queue_reg[0][1][4]/D          C2C   default_mode 
    8539 19563   b_buffer_pipe_6_reg[1][4]/D                        C2C   default_mode 
    8540 19563   systolic_array_8X8_a_queue_reg[1][0][3]/D          C2C   default_mode 
    8541 19563   b_buffer_pipe_4_reg[1][2]/D                        C2C   default_mode 
    8542 19563   a_buffer_pipe_6_reg[1][1]/D                        C2C   default_mode 
    8543 19563   systolic_array_8X8_a_queue_reg[1][0][1]/D          C2C   default_mode 
    8544 19563   systolic_array_8X8_b_queue_reg[0][1][6]/D          C2C   default_mode 
    8545 19563   a_buffer_pipe_6_reg[1][3]/D                        C2C   default_mode 
    8546 19563   a_buffer_pipe_5_reg[1][6]/D                        C2C   default_mode 
    8547 19563   b_buffer_pipe_3_reg[1][6]/D                        C2C   default_mode 
    8548 19563   b_buffer_pipe_4_reg[1][3]/D                        C2C   default_mode 
    8549 19563   b_buffer_pipe_7_reg[1][5]/D                        C2C   default_mode 
    8550 19563   a_buffer_pipe_3_reg[1][1]/D                        C2C   default_mode 
    8551 19563   b_buffer_pipe_5_reg[1][2]/D                        C2C   default_mode 
    8552 19563   a_buffer_pipe_5_reg[1][2]/D                        C2C   default_mode 
    8553 19563   b_buffer_pipe_7_reg[1][2]/D                        C2C   default_mode 
    8554 19563   b_buffer_pipe_5_reg[1][1]/D                        C2C   default_mode 
    8555 19563   a_buffer_pipe_6_reg[1][5]/D                        C2C   default_mode 
    8556 19563   b_buffer_pipe_3_reg[1][2]/D                        C2C   default_mode 
    8557 19563   b_buffer_pipe_5_reg[1][5]/D                        C2C   default_mode 
    8558 19563   b_buffer_pipe_5_reg[1][3]/D                        C2C   default_mode 
    8559 19563   b_buffer_pipe_2_reg[1][4]/D                        C2C   default_mode 
    8560 19563   b_buffer_pipe_2_reg[1][3]/D                        C2C   default_mode 
    8561 19563   a_buffer_pipe_2_reg[1][3]/D                        C2C   default_mode 
    8562 19563   b_buffer_pipe_3_reg[1][5]/D                        C2C   default_mode 
    8563 19563   a_buffer_pipe_4_reg[1][5]/D                        C2C   default_mode 
    8564 19563   a_buffer_pipe_6_reg[1][2]/D                        C2C   default_mode 
    8565 19563   a_buffer_pipe_2_reg[1][1]/D                        C2C   default_mode 
    8566 19563   b_buffer_pipe_7_reg[1][4]/D                        C2C   default_mode 
    8567 19563   b_buffer_pipe_5_reg[1][6]/D                        C2C   default_mode 
    8568 19563   b_buffer_pipe_4_reg[1][4]/D                        C2C   default_mode 
    8569 19563   a_buffer_pipe_7_reg[1][3]/D                        C2C   default_mode 
    8570 19563   b_buffer_pipe_5_reg[1][4]/D                        C2C   default_mode 
    8571 19563   b_buffer_pipe_3_reg[1][1]/D                        C2C   default_mode 
    8572 19563   b_buffer_pipe_6_reg[1][2]/D                        C2C   default_mode 
    8573 19563   b_buffer_pipe_6_reg[1][6]/D                        C2C   default_mode 
    8574 19563   a_buffer_pipe_7_reg[1][4]/D                        C2C   default_mode 
    8575 19563   a_buffer_pipe_5_reg[1][5]/D                        C2C   default_mode 
    8576 19563   a_buffer_pipe_4_reg[1][4]/D                        C2C   default_mode 
    8577 19563   a_buffer_pipe_6_reg[1][6]/D                        C2C   default_mode 
    8578 19563   a_buffer_pipe_5_reg[1][3]/D                        C2C   default_mode 
    8579 19563   b_buffer_pipe_6_reg[1][3]/D                        C2C   default_mode 
    8580 19563   systolic_array_8X8_a_queue_reg[1][0][6]/D          C2C   default_mode 
    8581 19563   b_buffer_pipe_7_reg[1][6]/D                        C2C   default_mode 
    8582 19563   a_buffer_pipe_6_reg[1][4]/D                        C2C   default_mode 
    8583 19563   a_buffer_pipe_3_reg[1][3]/D                        C2C   default_mode 
    8584 19563   a_buffer_pipe_4_reg[1][6]/D                        C2C   default_mode 
    8585 19563   a_buffer_pipe_3_reg[1][5]/D                        C2C   default_mode 
    8586 19563   a_buffer_pipe_7_reg[1][6]/D                        C2C   default_mode 
    8587 19563   systolic_array_8X8_b_queue_reg[0][1][2]/D          C2C   default_mode 
    8588 19563   b_buffer_pipe_2_reg[1][6]/D                        C2C   default_mode 
    8589 19563   a_buffer_pipe_2_reg[1][6]/D                        C2C   default_mode 
    8590 19563   b_buffer_pipe_2_reg[1][5]/D                        C2C   default_mode 
    8591 19563   a_buffer_pipe_2_reg[1][4]/D                        C2C   default_mode 
    8592 19563   systolic_array_8X8_a_queue_reg[1][0][2]/D          C2C   default_mode 
    8593 19563   b_buffer_pipe_7_reg[1][3]/D                        C2C   default_mode 
    8594 19563   a_buffer_pipe_7_reg[1][2]/D                        C2C   default_mode 
    8595 19563   b_buffer_pipe_6_reg[1][5]/D                        C2C   default_mode 
    8596 19563   b_buffer_pipe_3_reg[1][3]/D                        C2C   default_mode 
    8597 19563   a_buffer_pipe_7_reg[1][1]/D                        C2C   default_mode 
    8598 19564   a_buffer_pipe_6_reg[1][7]/D                        C2C   default_mode 
    8599 19564   a_buffer_pipe_3_reg[1][7]/D                        C2C   default_mode 
    8600 19564   b_buffer_pipe_5_reg[1][7]/D                        C2C   default_mode 
    8601 19564   b_buffer_pipe_7_reg[1][7]/D                        C2C   default_mode 
    8602 19564   a_buffer_pipe_2_reg[1][7]/D                        C2C   default_mode 
    8603 19564   b_buffer_pipe_3_reg[1][7]/D                        C2C   default_mode 
    8604 19564   a_buffer_pipe_4_reg[1][7]/D                        C2C   default_mode 
    8605 19564   b_buffer_pipe_6_reg[1][7]/D                        C2C   default_mode 
    8606 19564   a_buffer_pipe_5_reg[1][7]/D                        C2C   default_mode 
    8607 19564   a_buffer_pipe_7_reg[1][7]/D                        C2C   default_mode 
    8608 19564   b_buffer_pipe_2_reg[1][7]/D                        C2C   default_mode 
    8609 19564   systolic_array_8X8_a_queue_reg[1][0][7]/D          C2C   default_mode 
    8610 19564   b_buffer_pipe_4_reg[1][7]/D                        C2C   default_mode 
    8611 19564   systolic_array_8X8_b_queue_reg[0][1][1]/D          C2C   default_mode 
    8612 19564   systolic_array_8X8_b_queue_reg[0][1][3]/D          C2C   default_mode 
    8613 19564   systolic_array_8X8_b_queue_reg[0][1][5]/D          C2C   default_mode 
    8614 19565   systolic_array_8X8_b_queue_reg[0][1][7]/D          C2C   default_mode 
    8615 19566   b_buffer_pipe_7_reg[3][4]/D                        C2C   default_mode 
    8616 19566   b_buffer_pipe_5_reg[2][4]/D                        C2C   default_mode 
    8617 19566   b_buffer_pipe_7_reg[2][5]/D                        C2C   default_mode 
    8618 19566   a_buffer_pipe_5_reg[3][0]/D                        C2C   default_mode 
    8619 19566   a_buffer_pipe_5_reg[4][1]/D                        C2C   default_mode 
    8620 19566   a_buffer_pipe_7_reg[4][6]/D                        C2C   default_mode 
    8621 19566   b_buffer_pipe_7_reg[5][5]/D                        C2C   default_mode 
    8622 19566   b_buffer_pipe_6_reg[5][5]/D                        C2C   default_mode 
    8623 19566   a_buffer_pipe_7_reg[5][7]/D                        C2C   default_mode 
    8624 19566   b_buffer_pipe_5_reg[4][0]/D                        C2C   default_mode 
    8625 19566   systolic_array_8X8_b_queue_reg[0][7][0]/D          C2C   default_mode 
    8626 19566   b_buffer_pipe_5_reg[2][0]/D                        C2C   default_mode 
    8627 19566   a_buffer_pipe_6_reg[5][4]/D                        C2C   default_mode 
    8628 19566   a_buffer_pipe_3_reg[2][4]/D                        C2C   default_mode 
    8629 19566   a_buffer_pipe_7_reg[3][0]/D                        C2C   default_mode 
    8630 19566   systolic_array_8X8_a_queue_reg[5][0][2]/D          C2C   default_mode 
    8631 19566   b_buffer_pipe_7_reg[2][0]/D                        C2C   default_mode 
    8632 19566   b_buffer_pipe_4_reg[3][8]/D                        C2C   default_mode 
    8633 19566   b_buffer_pipe_5_reg[4][2]/D                        C2C   default_mode 
    8634 19566   b_buffer_pipe_4_reg[3][2]/D                        C2C   default_mode 
    8635 19566   b_buffer_pipe_6_reg[5][6]/D                        C2C   default_mode 
    8636 19566   b_buffer_pipe_6_reg[2][2]/D                        C2C   default_mode 
    8637 19566   b_buffer_pipe_5_reg[3][4]/D                        C2C   default_mode 
    8638 19566   b_buffer_pipe_7_reg[3][8]/D                        C2C   default_mode 
    8639 19566   b_buffer_pipe_6_reg[5][0]/D                        C2C   default_mode 
    8640 19566   a_buffer_pipe_7_reg[4][3]/D                        C2C   default_mode 
    8641 19566   a_buffer_pipe_5_reg[3][2]/D                        C2C   default_mode 
    8642 19566   b_buffer_pipe_7_reg[4][0]/D                        C2C   default_mode 
    8643 19566   a_buffer_pipe_5_reg[2][2]/D                        C2C   default_mode 
    8644 19566   systolic_array_8X8_a_queue_reg[4][0][1]/D          C2C   default_mode 
    8645 19566   a_buffer_pipe_5_reg[3][7]/D                        C2C   default_mode 
    8646 19566   a_buffer_pipe_5_reg[2][4]/D                        C2C   default_mode 
    8647 19566   systolic_array_8X8_b_queue_reg[0][5][4]/D          C2C   default_mode 
    8648 19566   a_buffer_pipe_7_reg[6][2]/D                        C2C   default_mode 
    8649 19566   a_buffer_pipe_7_reg[5][4]/D                        C2C   default_mode 
    8650 19566   b_buffer_pipe_5_reg[3][5]/D                        C2C   default_mode 
    8651 19566   b_buffer_pipe_5_reg[2][7]/D                        C2C   default_mode 
    8652 19566   b_buffer_pipe_5_reg[3][2]/D                        C2C   default_mode 
    8653 19566   systolic_array_8X8_a_queue_reg[6][0][8]/D          C2C   default_mode 
    8654 19566   b_buffer_pipe_6_reg[4][2]/D                        C2C   default_mode 
    8655 19566   a_buffer_pipe_3_reg[2][5]/D                        C2C   default_mode 
    8656 19566   b_buffer_pipe_7_reg[4][3]/D                        C2C   default_mode 
    8657 19566   a_buffer_pipe_6_reg[3][0]/D                        C2C   default_mode 
    8658 19566   a_buffer_pipe_7_reg[3][2]/D                        C2C   default_mode 
    8659 19566   systolic_array_8X8_a_queue_reg[4][0][2]/D          C2C   default_mode 
    8660 19566   b_buffer_pipe_5_reg[4][7]/D                        C2C   default_mode 
    8661 19566   a_buffer_pipe_4_reg[2][4]/D                        C2C   default_mode 
    8662 19566   a_buffer_pipe_6_reg[5][2]/D                        C2C   default_mode 
    8663 19566   a_buffer_pipe_4_reg[1][0]/D                        C2C   default_mode 
    8664 19566   a_buffer_pipe_6_reg[4][0]/D                        C2C   default_mode 
    8665 19566   a_buffer_pipe_7_reg[5][1]/D                        C2C   default_mode 
    8666 19566   a_buffer_pipe_7_reg[3][6]/D                        C2C   default_mode 
    8667 19566   b_buffer_pipe_2_reg[1][8]/D                        C2C   default_mode 
    8668 19566   b_buffer_pipe_7_reg[6][8]/D                        C2C   default_mode 
    8669 19566   b_buffer_pipe_4_reg[2][8]/D                        C2C   default_mode 
    8670 19566   b_buffer_pipe_6_reg[3][5]/D                        C2C   default_mode 
    8671 19566   a_buffer_pipe_7_reg[6][7]/D                        C2C   default_mode 
    8672 19566   systolic_array_8X8_a_queue_reg[3][0][5]/D          C2C   default_mode 
    8673 19566   systolic_array_8X8_b_queue_reg[0][4][0]/D          C2C   default_mode 
    8674 19566   a_buffer_pipe_7_reg[2][3]/D                        C2C   default_mode 
    8675 19566   a_buffer_pipe_5_reg[2][0]/D                        C2C   default_mode 
    8676 19566   b_buffer_pipe_6_reg[5][8]/D                        C2C   default_mode 
    8677 19566   b_buffer_pipe_5_reg[2][5]/D                        C2C   default_mode 
    8678 19566   a_buffer_pipe_7_reg[5][3]/D                        C2C   default_mode 
    8679 19566   b_buffer_pipe_7_reg[4][1]/D                        C2C   default_mode 
    8680 19566   systolic_array_8X8_b_queue_reg[0][5][0]/D          C2C   default_mode 
    8681 19566   a_buffer_pipe_4_reg[2][5]/D                        C2C   default_mode 
    8682 19566   systolic_array_8X8_a_queue_reg[4][0][6]/D          C2C   default_mode 
    8683 19566   b_buffer_pipe_3_reg[2][2]/D                        C2C   default_mode 
    8684 19566   a_buffer_pipe_7_reg[3][1]/D                        C2C   default_mode 
    8685 19566   a_buffer_pipe_5_reg[2][7]/D                        C2C   default_mode 
    8686 19566   a_buffer_pipe_7_reg[2][8]/D                        C2C   default_mode 
    8687 19566   a_buffer_pipe_6_reg[3][5]/D                        C2C   default_mode 
    8688 19566   b_buffer_pipe_4_reg[3][1]/D                        C2C   default_mode 
    8689 19566   b_buffer_pipe_6_reg[3][4]/D                        C2C   default_mode 
    8690 19566   b_buffer_pipe_6_reg[4][0]/D                        C2C   default_mode 
    8691 19566   b_buffer_pipe_7_reg[2][1]/D                        C2C   default_mode 
    8692 19566   a_buffer_pipe_5_reg[4][3]/D                        C2C   default_mode 
    8693 19566   a_buffer_pipe_5_reg[4][4]/D                        C2C   default_mode 
    8694 19566   a_buffer_pipe_7_reg[2][2]/D                        C2C   default_mode 
    8695 19566   b_buffer_pipe_4_reg[2][6]/D                        C2C   default_mode 
    8696 19566   b_buffer_pipe_5_reg[4][5]/D                        C2C   default_mode 
    8697 19566   a_buffer_pipe_6_reg[5][8]/D                        C2C   default_mode 
    8698 19566   a_buffer_pipe_6_reg[2][3]/D                        C2C   default_mode 
    8699 19566   systolic_array_8X8_b_queue_reg[0][7][4]/D          C2C   default_mode 
    8700 19566   a_buffer_pipe_4_reg[2][7]/D                        C2C   default_mode 
    8701 19566   b_buffer_pipe_4_reg[2][7]/D                        C2C   default_mode 
    8702 19566   systolic_array_8X8_b_queue_reg[0][3][0]/D          C2C   default_mode 
    8703 19566   b_buffer_pipe_6_reg[3][3]/D                        C2C   default_mode 
    8704 19566   b_buffer_pipe_6_reg[5][4]/D                        C2C   default_mode 
    8705 19566   b_buffer_pipe_3_reg[2][6]/D                        C2C   default_mode 
    8706 19566   b_buffer_pipe_6_reg[4][7]/D                        C2C   default_mode 
    8707 19566   b_buffer_pipe_4_reg[3][5]/D                        C2C   default_mode 
    8708 19566   b_buffer_pipe_6_reg[2][4]/D                        C2C   default_mode 
    8709 19566   a_buffer_pipe_3_reg[2][8]/D                        C2C   default_mode 
    8710 19566   b_buffer_pipe_7_reg[3][3]/D                        C2C   default_mode 
    8711 19566   a_buffer_pipe_4_reg[3][4]/D                        C2C   default_mode 
    8712 19566   b_buffer_pipe_7_reg[5][6]/D                        C2C   default_mode 
    8713 19566   a_buffer_pipe_6_reg[5][5]/D                        C2C   default_mode 
    8714 19566   a_buffer_pipe_3_reg[2][6]/D                        C2C   default_mode 
    8715 19566   a_buffer_pipe_6_reg[2][5]/D                        C2C   default_mode 
    8716 19566   a_buffer_pipe_5_reg[2][8]/D                        C2C   default_mode 
    8717 19566   b_buffer_pipe_7_reg[4][5]/D                        C2C   default_mode 
    8718 19566   a_buffer_pipe_7_reg[3][4]/D                        C2C   default_mode 
    8719 19566   a_buffer_pipe_3_reg[2][2]/D                        C2C   default_mode 
    8720 19566   b_buffer_pipe_4_reg[1][0]/D                        C2C   default_mode 
    8721 19566   a_buffer_pipe_7_reg[2][4]/D                        C2C   default_mode 
    8722 19566   systolic_array_8X8_b_queue_reg[0][3][4]/D          C2C   default_mode 
    8723 19566   a_buffer_pipe_4_reg[3][0]/D                        C2C   default_mode 
    8724 19566   a_buffer_pipe_4_reg[3][8]/D                        C2C   default_mode 
    8725 19566   b_buffer_pipe_5_reg[4][4]/D                        C2C   default_mode 
    8726 19566   a_buffer_pipe_7_reg[5][6]/D                        C2C   default_mode 
    8727 19566   a_buffer_pipe_7_reg[5][2]/D                        C2C   default_mode 
    8728 19566   a_buffer_pipe_6_reg[5][0]/D                        C2C   default_mode 
    8729 19566   b_buffer_pipe_3_reg[2][4]/D                        C2C   default_mode 
    8730 19566   b_buffer_pipe_5_reg[2][8]/D                        C2C   default_mode 
    8731 19566   b_buffer_pipe_6_reg[5][1]/D                        C2C   default_mode 
    8732 19566   systolic_array_8X8_a_queue_reg[5][0][3]/D          C2C   default_mode 
    8733 19566   a_buffer_pipe_4_reg[3][6]/D                        C2C   default_mode 
    8734 19566   a_buffer_pipe_6_reg[4][4]/D                        C2C   default_mode 
    8735 19566   a_buffer_pipe_4_reg[1][8]/D                        C2C   default_mode 
    8736 19566   a_buffer_pipe_7_reg[6][5]/D                        C2C   default_mode 
    8737 19566   systolic_array_8X8_a_queue_reg[2][0][3]/D          C2C   default_mode 
    8738 19566   a_buffer_pipe_7_reg[3][5]/D                        C2C   default_mode 
    8739 19566   systolic_array_8X8_a_queue_reg[6][0][5]/D          C2C   default_mode 
    8740 19566   a_buffer_pipe_2_reg[1][8]/D                        C2C   default_mode 
    8741 19566   a_buffer_pipe_7_reg[6][6]/D                        C2C   default_mode 
    8742 19566   systolic_array_8X8_a_queue_reg[7][0][8]/D          C2C   default_mode 
    8743 19566   systolic_array_8X8_b_queue_reg[0][4][4]/D          C2C   default_mode 
    8744 19566   b_buffer_pipe_7_reg[5][7]/D                        C2C   default_mode 
    8745 19566   a_buffer_pipe_3_reg[1][8]/D                        C2C   default_mode 
    8746 19566   b_buffer_pipe_6_reg[2][5]/D                        C2C   default_mode 
    8747 19566   b_buffer_pipe_7_reg[2][6]/D                        C2C   default_mode 
    8748 19566   a_buffer_pipe_5_reg[3][4]/D                        C2C   default_mode 
    8749 19566   a_buffer_pipe_7_reg[2][5]/D                        C2C   default_mode 
    8750 19566   b_buffer_pipe_6_reg[2][0]/D                        C2C   default_mode 
    8751 19566   a_buffer_pipe_7_reg[4][7]/D                        C2C   default_mode 
    8752 19566   systolic_array_8X8_a_queue_reg[5][0][1]/D          C2C   default_mode 
    8753 19566   b_buffer_pipe_6_reg[2][1]/D                        C2C   default_mode 
    8754 19566   a_buffer_pipe_7_reg[3][8]/D                        C2C   default_mode 
    8755 19566   a_buffer_pipe_6_reg[2][7]/D                        C2C   default_mode 
    8756 19566   a_buffer_pipe_6_reg[4][1]/D                        C2C   default_mode 
    8757 19566   b_buffer_pipe_3_reg[2][5]/D                        C2C   default_mode 
    8758 19566   systolic_array_8X8_a_queue_reg[5][0][8]/D          C2C   default_mode 
    8759 19566   b_buffer_pipe_7_reg[6][0]/D                        C2C   default_mode 
    8760 19566   b_buffer_pipe_5_reg[3][7]/D                        C2C   default_mode 
    8761 19566   b_buffer_pipe_5_reg[3][0]/D                        C2C   default_mode 
    8762 19566   a_buffer_pipe_5_reg[2][1]/D                        C2C   default_mode 
    8763 19566   b_buffer_pipe_3_reg[2][1]/D                        C2C   default_mode 
    8764 19566   b_buffer_pipe_7_reg[5][0]/D                        C2C   default_mode 
    8765 19566   a_buffer_pipe_2_reg[1][0]/D                        C2C   default_mode 
    8766 19566   b_buffer_pipe_7_reg[3][6]/D                        C2C   default_mode 
    8767 19566   a_buffer_pipe_5_reg[4][6]/D                        C2C   default_mode 
    8768 19566   b_buffer_pipe_7_reg[2][2]/D                        C2C   default_mode 
    8769 19566   a_buffer_pipe_3_reg[1][0]/D                        C2C   default_mode 
    8770 19566   a_buffer_pipe_7_reg[5][5]/D                        C2C   default_mode 
    8771 19566   systolic_array_8X8_a_queue_reg[7][0][4]/D          C2C   default_mode 
    8772 19566   a_buffer_pipe_7_reg[4][4]/D                        C2C   default_mode 
    8773 19566   systolic_array_8X8_b_queue_reg[0][4][6]/D          C2C   default_mode 
    8774 19566   systolic_array_8X8_a_queue_reg[2][0][7]/D          C2C   default_mode 
    8775 19566   b_buffer_pipe_5_reg[3][1]/D                        C2C   default_mode 
    8776 19566   b_buffer_pipe_4_reg[2][3]/D                        C2C   default_mode 
    8777 19566   b_buffer_pipe_7_reg[3][5]/D                        C2C   default_mode 
    8778 19566   a_buffer_pipe_3_reg[2][1]/D                        C2C   default_mode 
    8779 19566   b_buffer_pipe_5_reg[2][2]/D                        C2C   default_mode 
    8780 19566   a_buffer_pipe_7_reg[3][7]/D                        C2C   default_mode 
    8781 19566   a_buffer_pipe_7_reg[5][8]/D                        C2C   default_mode 
    8782 19566   systolic_array_8X8_a_queue_reg[5][0][7]/D          C2C   default_mode 
    8783 19566   b_buffer_pipe_5_reg[2][3]/D                        C2C   default_mode 
    8784 19566   b_buffer_pipe_3_reg[2][7]/D                        C2C   default_mode 
    8785 19566   b_buffer_pipe_7_reg[5][4]/D                        C2C   default_mode 
    8786 19566   a_buffer_pipe_5_reg[4][5]/D                        C2C   default_mode 
    8787 19566   b_buffer_pipe_6_reg[3][0]/D                        C2C   default_mode 
    8788 19566   systolic_array_8X8_b_queue_reg[0][6][2]/D          C2C   default_mode 
    8789 19566   b_buffer_pipe_6_reg[4][5]/D                        C2C   default_mode 
    8790 19566   a_buffer_pipe_6_reg[3][1]/D                        C2C   default_mode 
    8791 19566   a_buffer_pipe_3_reg[2][0]/D                        C2C   default_mode 
    8792 19566   systolic_array_8X8_a_queue_reg[3][0][1]/D          C2C   default_mode 
    8793 19566   a_buffer_pipe_7_reg[4][2]/D                        C2C   default_mode 
    8794 19566   a_buffer_pipe_4_reg[2][8]/D                        C2C   default_mode 
    8795 19566   a_buffer_pipe_5_reg[4][2]/D                        C2C   default_mode 
    8796 19566   b_buffer_pipe_6_reg[4][8]/D                        C2C   default_mode 
    8797 19566   systolic_array_8X8_a_queue_reg[7][0][5]/D          C2C   default_mode 
    8798 19566   systolic_array_8X8_a_queue_reg[3][0][2]/D          C2C   default_mode 
    8799 19566   a_buffer_pipe_6_reg[5][6]/D                        C2C   default_mode 
    8800 19566   a_buffer_pipe_6_reg[1][0]/D                        C2C   default_mode 
    8801 19566   b_buffer_pipe_6_reg[1][8]/D                        C2C   default_mode 
    8802 19566   a_buffer_pipe_4_reg[3][5]/D                        C2C   default_mode 
    8803 19566   a_buffer_pipe_5_reg[2][3]/D                        C2C   default_mode 
    8804 19566   a_buffer_pipe_6_reg[2][4]/D                        C2C   default_mode 
    8805 19566   b_buffer_pipe_7_reg[2][3]/D                        C2C   default_mode 
    8806 19566   a_buffer_pipe_4_reg[3][7]/D                        C2C   default_mode 
    8807 19566   systolic_array_8X8_a_queue_reg[2][0][8]/D          C2C   default_mode 
    8808 19566   b_buffer_pipe_3_reg[1][0]/D                        C2C   default_mode 
    8809 19566   b_buffer_pipe_4_reg[3][0]/D                        C2C   default_mode 
    8810 19566   systolic_array_8X8_a_queue_reg[2][0][6]/D          C2C   default_mode 
    8811 19566   b_buffer_pipe_7_reg[6][4]/D                        C2C   default_mode 
    8812 19566   systolic_array_8X8_a_queue_reg[2][0][4]/D          C2C   default_mode 
    8813 19566   systolic_array_8X8_b_queue_reg[0][5][2]/D          C2C   default_mode 
    8814 19566   systolic_array_8X8_a_queue_reg[3][0][3]/D          C2C   default_mode 
    8815 19566   systolic_array_8X8_b_queue_reg[0][5][6]/D          C2C   default_mode 
    8816 19566   systolic_array_8X8_a_queue_reg[6][0][1]/D          C2C   default_mode 
    8817 19566   b_buffer_pipe_4_reg[2][0]/D                        C2C   default_mode 
    8818 19566   b_buffer_pipe_6_reg[1][0]/D                        C2C   default_mode 
    8819 19566   b_buffer_pipe_7_reg[6][1]/D                        C2C   default_mode 
    8820 19566   systolic_array_8X8_a_queue_reg[3][0][8]/D          C2C   default_mode 
    8821 19566   b_buffer_pipe_7_reg[3][0]/D                        C2C   default_mode 
    8822 19566   b_buffer_pipe_7_reg[5][3]/D                        C2C   default_mode 
    8823 19566   b_buffer_pipe_6_reg[3][2]/D                        C2C   default_mode 
    8824 19566   systolic_array_8X8_b_queue_reg[0][6][6]/D          C2C   default_mode 
    8825 19566   a_buffer_pipe_6_reg[2][2]/D                        C2C   default_mode 
    8826 19566   systolic_array_8X8_a_queue_reg[7][0][6]/D          C2C   default_mode 
    8827 19566   b_buffer_pipe_6_reg[4][1]/D                        C2C   default_mode 
    8828 19566   b_buffer_pipe_7_reg[6][2]/D                        C2C   default_mode 
    8829 19566   b_buffer_pipe_4_reg[2][2]/D                        C2C   default_mode 
    8830 19566   b_buffer_pipe_6_reg[4][6]/D                        C2C   default_mode 
    8831 19566   b_buffer_pipe_4_reg[3][7]/D                        C2C   default_mode 
    8832 19566   systolic_array_8X8_a_queue_reg[2][0][1]/D          C2C   default_mode 
    8833 19566   a_buffer_pipe_6_reg[3][3]/D                        C2C   default_mode 
    8834 19566   systolic_array_8X8_b_queue_reg[0][3][2]/D          C2C   default_mode 
    8835 19566   a_buffer_pipe_6_reg[5][1]/D                        C2C   default_mode 
    8836 19566   a_buffer_pipe_7_reg[2][6]/D                        C2C   default_mode 
    8837 19566   b_buffer_pipe_6_reg[5][3]/D                        C2C   default_mode 
    8838 19566   systolic_array_8X8_b_queue_reg[0][4][2]/D          C2C   default_mode 
    8839 19566   a_buffer_pipe_7_reg[6][3]/D                        C2C   default_mode 
    8840 19566   b_buffer_pipe_7_reg[1][0]/D                        C2C   default_mode 
    8841 19566   a_buffer_pipe_4_reg[2][3]/D                        C2C   default_mode 
    8842 19566   a_buffer_pipe_6_reg[5][3]/D                        C2C   default_mode 
    8843 19566   b_buffer_pipe_7_reg[5][2]/D                        C2C   default_mode 
    8844 19566   a_buffer_pipe_6_reg[1][8]/D                        C2C   default_mode 
    8845 19566   a_buffer_pipe_5_reg[4][8]/D                        C2C   default_mode 
    8846 19566   b_buffer_pipe_7_reg[2][4]/D                        C2C   default_mode 
    8847 19566   b_buffer_pipe_7_reg[4][2]/D                        C2C   default_mode 
    8848 19566   b_buffer_pipe_4_reg[1][8]/D                        C2C   default_mode 
    8849 19566   b_buffer_pipe_7_reg[6][3]/D                        C2C   default_mode 
    8850 19566   systolic_array_8X8_b_queue_reg[0][1][0]/D          C2C   default_mode 
    8851 19566   a_buffer_pipe_6_reg[2][1]/D                        C2C   default_mode 
    8852 19566   systolic_array_8X8_a_queue_reg[6][0][7]/D          C2C   default_mode 
    8853 19566   b_buffer_pipe_6_reg[3][6]/D                        C2C   default_mode 
    8854 19566   systolic_array_8X8_b_queue_reg[0][2][4]/D          C2C   default_mode 
    8855 19566   a_buffer_pipe_6_reg[2][8]/D                        C2C   default_mode 
    8856 19566   b_buffer_pipe_7_reg[4][7]/D                        C2C   default_mode 
    8857 19566   b_buffer_pipe_6_reg[2][3]/D                        C2C   default_mode 
    8858 19566   b_buffer_pipe_7_reg[2][7]/D                        C2C   default_mode 
    8859 19566   b_buffer_pipe_7_reg[5][8]/D                        C2C   default_mode 
    8860 19566   a_buffer_pipe_3_reg[2][7]/D                        C2C   default_mode 
    8861 19566   b_buffer_pipe_5_reg[3][8]/D                        C2C   default_mode 
    8862 19566   a_buffer_pipe_7_reg[6][4]/D                        C2C   default_mode 
    8863 19566   a_buffer_pipe_6_reg[3][7]/D                        C2C   default_mode 
    8864 19566   b_buffer_pipe_7_reg[4][8]/D                        C2C   default_mode 
    8865 19566   a_buffer_pipe_5_reg[3][8]/D                        C2C   default_mode 
    8866 19566   systolic_array_8X8_a_queue_reg[6][0][2]/D          C2C   default_mode 
    8867 19566   b_buffer_pipe_7_reg[4][4]/D                        C2C   default_mode 
    8868 19566   b_buffer_pipe_6_reg[2][8]/D                        C2C   default_mode 
    8869 19566   b_buffer_pipe_6_reg[4][4]/D                        C2C   default_mode 
    8870 19566   b_buffer_pipe_7_reg[6][7]/D                        C2C   default_mode 
    8871 19566   b_buffer_pipe_5_reg[4][1]/D                        C2C   default_mode 
    8872 19566   b_buffer_pipe_7_reg[4][6]/D                        C2C   default_mode 
    8873 19566   b_buffer_pipe_5_reg[2][6]/D                        C2C   default_mode 
    8874 19566   systolic_array_8X8_a_queue_reg[3][0][4]/D          C2C   default_mode 
    8875 19566   b_buffer_pipe_3_reg[2][3]/D                        C2C   default_mode 
    8876 19566   systolic_array_8X8_a_queue_reg[2][0][2]/D          C2C   default_mode 
    8877 19566   a_buffer_pipe_4_reg[3][3]/D                        C2C   default_mode 
    8878 19566   b_buffer_pipe_7_reg[3][2]/D                        C2C   default_mode 
    8879 19566   b_buffer_pipe_6_reg[4][3]/D                        C2C   default_mode 
    8880 19566   a_buffer_pipe_6_reg[4][5]/D                        C2C   default_mode 
    8881 19566   systolic_array_8X8_b_queue_reg[0][7][6]/D          C2C   default_mode 
    8882 19566   a_buffer_pipe_6_reg[5][7]/D                        C2C   default_mode 
    8883 19566   b_buffer_pipe_4_reg[3][4]/D                        C2C   default_mode 
    8884 19566   a_buffer_pipe_5_reg[1][0]/D                        C2C   default_mode 
    8885 19566   a_buffer_pipe_6_reg[2][0]/D                        C2C   default_mode 
    8886 19566   a_buffer_pipe_5_reg[1][8]/D                        C2C   default_mode 
    8887 19566   b_buffer_pipe_5_reg[2][1]/D                        C2C   default_mode 
    8888 19566   a_buffer_pipe_6_reg[4][8]/D                        C2C   default_mode 
    8889 19566   a_buffer_pipe_7_reg[2][7]/D                        C2C   default_mode 
    8890 19566   b_buffer_pipe_5_reg[3][3]/D                        C2C   default_mode 
    8891 19566   b_buffer_pipe_2_reg[1][0]/D                        C2C   default_mode 
    8892 19566   systolic_array_8X8_b_queue_reg[0][7][2]/D          C2C   default_mode 
    8893 19566   a_buffer_pipe_7_reg[6][8]/D                        C2C   default_mode 
    8894 19566   systolic_array_8X8_a_queue_reg[7][0][1]/D          C2C   default_mode 
    8895 19566   systolic_array_8X8_a_queue_reg[7][0][2]/D          C2C   default_mode 
    8896 19566   a_buffer_pipe_7_reg[5][0]/D                        C2C   default_mode 
    8897 19566   b_buffer_pipe_4_reg[3][3]/D                        C2C   default_mode 
    8898 19566   b_buffer_pipe_7_reg[6][6]/D                        C2C   default_mode 
    8899 19566   b_buffer_pipe_7_reg[1][8]/D                        C2C   default_mode 
    8900 19566   a_buffer_pipe_4_reg[3][2]/D                        C2C   default_mode 
    8901 19566   a_buffer_pipe_6_reg[3][6]/D                        C2C   default_mode 
    8902 19566   systolic_array_8X8_a_queue_reg[4][0][7]/D          C2C   default_mode 
    8903 19566   a_buffer_pipe_6_reg[3][4]/D                        C2C   default_mode 
    8904 19566   b_buffer_pipe_7_reg[6][5]/D                        C2C   default_mode 
    8905 19566   a_buffer_pipe_5_reg[4][7]/D                        C2C   default_mode 
    8906 19566   systolic_array_8X8_a_queue_reg[5][0][4]/D          C2C   default_mode 
    8907 19566   systolic_array_8X8_a_queue_reg[5][0][5]/D          C2C   default_mode 
    8908 19566   systolic_array_8X8_a_queue_reg[7][0][7]/D          C2C   default_mode 
    8909 19566   b_buffer_pipe_6_reg[3][8]/D                        C2C   default_mode 
    8910 19566   a_buffer_pipe_7_reg[2][1]/D                        C2C   default_mode 
    8911 19566   b_buffer_pipe_3_reg[2][8]/D                        C2C   default_mode 
    8912 19566   a_buffer_pipe_4_reg[2][0]/D                        C2C   default_mode 
    8913 19566   a_buffer_pipe_7_reg[4][8]/D                        C2C   default_mode 
    8914 19566   b_buffer_pipe_7_reg[5][1]/D                        C2C   default_mode 
    8915 19566   b_buffer_pipe_6_reg[3][1]/D                        C2C   default_mode 
    8916 19566   b_buffer_pipe_6_reg[5][7]/D                        C2C   default_mode 
    8917 19566   systolic_array_8X8_a_queue_reg[4][0][8]/D          C2C   default_mode 
    8918 19566   systolic_array_8X8_b_queue_reg[0][2][0]/D          C2C   default_mode 
    8919 19566   systolic_array_8X8_a_queue_reg[4][0][3]/D          C2C   default_mode 
    8920 19566   a_buffer_pipe_7_reg[1][0]/D                        C2C   default_mode 
    8921 19566   a_buffer_pipe_7_reg[6][0]/D                        C2C   default_mode 
    8922 19566   systolic_array_8X8_b_queue_reg[0][2][2]/D          C2C   default_mode 
    8923 19566   a_buffer_pipe_7_reg[6][1]/D                        C2C   default_mode 
    8924 19566   a_buffer_pipe_7_reg[3][3]/D                        C2C   default_mode 
    8925 19566   systolic_array_8X8_a_queue_reg[4][0][5]/D          C2C   default_mode 
    8926 19566   b_buffer_pipe_5_reg[4][6]/D                        C2C   default_mode 
    8927 19566   b_buffer_pipe_5_reg[1][0]/D                        C2C   default_mode 
    8928 19566   systolic_array_8X8_b_queue_reg[0][2][6]/D          C2C   default_mode 
    8929 19566   b_buffer_pipe_5_reg[4][3]/D                        C2C   default_mode 
    8930 19566   b_buffer_pipe_4_reg[2][4]/D                        C2C   default_mode 
    8931 19566   a_buffer_pipe_4_reg[2][2]/D                        C2C   default_mode 
    8932 19566   a_buffer_pipe_4_reg[2][6]/D                        C2C   default_mode 
    8933 19566   a_buffer_pipe_5_reg[3][5]/D                        C2C   default_mode 
    8934 19566   b_buffer_pipe_6_reg[3][7]/D                        C2C   default_mode 
    8935 19566   systolic_array_8X8_b_queue_reg[0][6][0]/D          C2C   default_mode 
    8936 19566   b_buffer_pipe_6_reg[2][7]/D                        C2C   default_mode 
    8937 19566   a_buffer_pipe_5_reg[2][5]/D                        C2C   default_mode 
    8938 19566   a_buffer_pipe_5_reg[4][0]/D                        C2C   default_mode 
    8939 19566   a_buffer_pipe_6_reg[2][6]/D                        C2C   default_mode 
    8940 19566   b_buffer_pipe_5_reg[3][6]/D                        C2C   default_mode 
    8941 19566   a_buffer_pipe_7_reg[4][0]/D                        C2C   default_mode 
    8942 19566   a_buffer_pipe_5_reg[2][6]/D                        C2C   default_mode 
    8943 19566   b_buffer_pipe_7_reg[3][7]/D                        C2C   default_mode 
    8944 19566   b_buffer_pipe_5_reg[1][8]/D                        C2C   default_mode 
    8945 19566   b_buffer_pipe_6_reg[2][6]/D                        C2C   default_mode 
    8946 19566   systolic_array_8X8_a_queue_reg[6][0][4]/D          C2C   default_mode 
    8947 19566   b_buffer_pipe_7_reg[2][8]/D                        C2C   default_mode 
    8948 19566   a_buffer_pipe_6_reg[4][7]/D                        C2C   default_mode 
    8949 19566   a_buffer_pipe_4_reg[2][1]/D                        C2C   default_mode 
    8950 19566   b_buffer_pipe_6_reg[5][2]/D                        C2C   default_mode 
    8951 19566   a_buffer_pipe_5_reg[3][3]/D                        C2C   default_mode 
    8952 19566   a_buffer_pipe_7_reg[2][0]/D                        C2C   default_mode 
    8953 19566   a_buffer_pipe_6_reg[3][2]/D                        C2C   default_mode 
    8954 19566   b_buffer_pipe_3_reg[2][0]/D                        C2C   default_mode 
    8955 19566   systolic_array_8X8_a_queue_reg[5][0][6]/D          C2C   default_mode 
    8956 19566   systolic_array_8X8_a_queue_reg[6][0][3]/D          C2C   default_mode 
    8957 19566   a_buffer_pipe_6_reg[4][6]/D                        C2C   default_mode 
    8958 19566   systolic_array_8X8_a_queue_reg[2][0][5]/D          C2C   default_mode 
    8959 19566   systolic_array_8X8_a_queue_reg[3][0][7]/D          C2C   default_mode 
    8960 19566   a_buffer_pipe_6_reg[3][8]/D                        C2C   default_mode 
    8961 19566   a_buffer_pipe_6_reg[4][3]/D                        C2C   default_mode 
    8962 19566   a_buffer_pipe_7_reg[1][8]/D                        C2C   default_mode 
    8963 19566   a_buffer_pipe_3_reg[2][3]/D                        C2C   default_mode 
    8964 19566   b_buffer_pipe_4_reg[3][6]/D                        C2C   default_mode 
    8965 19566   b_buffer_pipe_4_reg[2][1]/D                        C2C   default_mode 
    8966 19566   systolic_array_8X8_a_queue_reg[6][0][6]/D          C2C   default_mode 
    8967 19566   b_buffer_pipe_7_reg[3][1]/D                        C2C   default_mode 
    8968 19566   a_buffer_pipe_5_reg[3][1]/D                        C2C   default_mode 
    8969 19566   b_buffer_pipe_3_reg[1][8]/D                        C2C   default_mode 
    8970 19566   a_buffer_pipe_7_reg[4][1]/D                        C2C   default_mode 
    8971 19566   systolic_array_8X8_b_queue_reg[0][6][4]/D          C2C   default_mode 
    8972 19566   a_buffer_pipe_7_reg[4][5]/D                        C2C   default_mode 
    8973 19566   systolic_array_8X8_a_queue_reg[3][0][6]/D          C2C   default_mode 
    8974 19566   systolic_array_8X8_a_queue_reg[4][0][4]/D          C2C   default_mode 
    8975 19566   a_buffer_pipe_4_reg[3][1]/D                        C2C   default_mode 
    8976 19566   systolic_array_8X8_b_queue_reg[0][3][6]/D          C2C   default_mode 
    8977 19566   a_buffer_pipe_5_reg[3][6]/D                        C2C   default_mode 
    8978 19566   systolic_array_8X8_a_queue_reg[7][0][3]/D          C2C   default_mode 
    8979 19566   b_buffer_pipe_4_reg[2][5]/D                        C2C   default_mode 
    8980 19566   a_buffer_pipe_6_reg[4][2]/D                        C2C   default_mode 
    8981 19566   b_buffer_pipe_5_reg[4][8]/D                        C2C   default_mode 
    8982 19566   systolic_array_8X8_a_queue_reg[1][0][8]/D          C2C   default_mode 
    8983 19568   systolic_array_8X8_b_queue_reg[0][6][7]/D          C2C   default_mode 
    8984 19568   systolic_array_8X8_b_queue_reg[0][6][8]/D          C2C   default_mode 
    8985 19568   systolic_array_8X8_b_queue_reg[0][7][3]/D          C2C   default_mode 
    8986 19568   systolic_array_8X8_a_queue_reg[5][0][0]/D          C2C   default_mode 
    8987 19568   systolic_array_8X8_b_queue_reg[0][2][1]/D          C2C   default_mode 
    8988 19568   systolic_array_8X8_b_queue_reg[0][3][3]/D          C2C   default_mode 
    8989 19568   systolic_array_8X8_b_queue_reg[0][4][5]/D          C2C   default_mode 
    8990 19568   systolic_array_8X8_b_queue_reg[0][3][7]/D          C2C   default_mode 
    8991 19568   systolic_array_8X8_b_queue_reg[0][4][7]/D          C2C   default_mode 
    8992 19568   systolic_array_8X8_b_queue_reg[0][7][8]/D          C2C   default_mode 
    8993 19568   systolic_array_8X8_b_queue_reg[0][7][7]/D          C2C   default_mode 
    8994 19568   systolic_array_8X8_b_queue_reg[0][1][8]/D          C2C   default_mode 
    8995 19568   systolic_array_8X8_b_queue_reg[0][2][3]/D          C2C   default_mode 
    8996 19568   systolic_array_8X8_b_queue_reg[0][4][8]/D          C2C   default_mode 
    8997 19568   systolic_array_8X8_b_queue_reg[0][3][8]/D          C2C   default_mode 
    8998 19568   systolic_array_8X8_b_queue_reg[0][5][5]/D          C2C   default_mode 
    8999 19568   systolic_array_8X8_b_queue_reg[0][6][5]/D          C2C   default_mode 
    9000 19568   systolic_array_8X8_a_queue_reg[1][0][0]/D          C2C   default_mode 
    9001 19568   systolic_array_8X8_b_queue_reg[0][3][5]/D          C2C   default_mode 
    9002 19568   systolic_array_8X8_b_queue_reg[0][5][7]/D          C2C   default_mode 
    9003 19568   systolic_array_8X8_b_queue_reg[0][2][5]/D          C2C   default_mode 
    9004 19568   systolic_array_8X8_b_queue_reg[0][6][3]/D          C2C   default_mode 
    9005 19568   systolic_array_8X8_a_queue_reg[2][0][0]/D          C2C   default_mode 
    9006 19568   systolic_array_8X8_b_queue_reg[0][5][3]/D          C2C   default_mode 
    9007 19568   systolic_array_8X8_a_queue_reg[6][0][0]/D          C2C   default_mode 
    9008 19568   systolic_array_8X8_b_queue_reg[0][2][8]/D          C2C   default_mode 
    9009 19568   systolic_array_8X8_b_queue_reg[0][5][8]/D          C2C   default_mode 
    9010 19568   systolic_array_8X8_b_queue_reg[0][4][3]/D          C2C   default_mode 
    9011 19568   systolic_array_8X8_b_queue_reg[0][7][5]/D          C2C   default_mode 
    9012 19568   systolic_array_8X8_a_queue_reg[3][0][0]/D          C2C   default_mode 
    9013 19568   systolic_array_8X8_a_queue_reg[7][0][0]/D          C2C   default_mode 
    9014 19568   systolic_array_8X8_b_queue_reg[0][5][1]/D          C2C   default_mode 
    9015 19568   systolic_array_8X8_b_queue_reg[0][2][7]/D          C2C   default_mode 
    9016 19568   systolic_array_8X8_a_queue_reg[4][0][0]/D          C2C   default_mode 
    9017 19568   systolic_array_8X8_b_queue_reg[0][4][1]/D          C2C   default_mode 
    9018 19568   systolic_array_8X8_b_queue_reg[0][6][1]/D          C2C   default_mode 
    9019 19568   systolic_array_8X8_b_queue_reg[0][7][1]/D          C2C   default_mode 
    9020 19568   systolic_array_8X8_b_queue_reg[0][3][1]/D          C2C   default_mode 
#--------------------------------------------------------------------------------------


