*----------------------------------------------------------------------------------------
*	Innovus 21.16-s078_1 (64bit) 12/07/2022 12:07 (Linux 3.10.0-693.el7.x86_64)
*	
*
* 	Date & Time:	2026-Apr-01 00:27:33 (2026-Apr-01 04:27:33 GMT)
*
*----------------------------------------------------------------------------------------
*
*	Design: sram_wrapper
*
*	Liberty Libraries used: 
*	        av_normal_max: /courses/ee6350/pdk2023/T-N65-CM-SP-018-K3_MOM/digital/Front_End/timing_power_noise/NLDM/tcbn65gplus_200a/tcbn65gpluswc.lib
*	        av_normal_max: ../../../SRAM00_gen/sram00_nldm_ss_0p90v_0p90v_125c_syn.lib
*
*	Power Domain used: 
*              Rail:       DVDD      Voltage:        0.9 
*
*       Power View : av_normal_max
*
*       User-Defined Activity : N.A.
*
*       Activity File: N.A.
*
*       Hierarchical Global Activity: N.A.
*
*       Global Activity: N.A.
*
*       Sequential Element Activity: 0.200000
*
*       Primary Input Activity: 0.200000
*
*       Default icg ratio: N.A.
*
*       Global Comb ClockGate Ratio: N.A.
*
*	Power Units = 1mW
*
*	Time Units = 1e-09 secs 
*
*       report_power -outfile ../report/postRoute.power_instances.rpt -instances {*}
*
-----------------------------------------------------------------------------------------


Total Power 
-----------------------------------------------------------------------------------------
Total Internal Power:        0.61663332 	   52.9169%
Total Switching Power:       0.13796169 	   11.8393%
Total Leakage Power:         0.41069211 	   35.2439%
Total Glitch Power:          0.00000000 	    0.0000%
Total Power:                 1.16528713 
-----------------------------------------------------------------------------------------


Group                           Internal   Switching     Leakage       Glitch       Total  Percentage 
                                Power      Power         Power         Power        Power  (%)        
-----------------------------------------------------------------------------------------
Sequential                       0.06186    0.001976    0.009091           0     0.07292       6.258 
Macro                             0.5171    0.001066      0.3784           0      0.8966       76.94 
IO                                     0           0   1.451e-06           0   1.451e-06   0.0001245 
Combinational                    0.03673      0.1251      0.0229           0      0.1847       15.85 
Clock (Combinational)           0.000951    0.009867   0.0002839           0      0.0111      0.9527 
Clock (Sequential)                     0           0           0           0           0           0 
-----------------------------------------------------------------------------------------
Total                             0.6166       0.138      0.4107           0       1.165         100 
-----------------------------------------------------------------------------------------


Clock                           Internal   Switching     Leakage       Glitch       Total  Percentage 
                                Power      Power         Power         Power        Power  (%)        
-----------------------------------------------------------------------------------------
Clk                             0.000951    0.009867   0.0002839           0      0.0111      0.9527 
-----------------------------------------------------------------------------------------
Total (excluding duplicates)    0.000951    0.009867   0.0002839           0      0.0111      0.9527 
-----------------------------------------------------------------------------------------
Clock: Clk
Clock Period: 0.025000 usec 
Clock Toggle Rate:    80.0000 Mhz 
Clock Static Probability:  0.5000



Rail                  Voltage   Internal   Switching     Leakage       Glitch       Total  Percentage 
                                Power      Power         Power         Power        Power  (%)        
-----------------------------------------------------------------------------------------
DVDD                      0.9     0.6166       0.138      0.4107           0       1.165         100 


Instance                      Max Toggles   Total Toggles   Internal   Switching     Leakage       Glitch       Total  Percentage    Cell
                              Input Pins    Output Pins     Power      Power         Power         Power        Power  (%)           Name
-----------------------------------------------------------------------------------------------------------------------------------------
u_sram                              8e+07       5.584e+08     0.5171    0.001066      0.3784           0      0.8966       76.94    sram00
FE_PHC333_tpu_dout_31           8.725e+06       8.725e+06  0.0001118    0.001794   0.0001788           0    0.002084      0.1789    CKBD12
FE_PHC112_tpu_dout_56           8.725e+06       8.725e+06   0.000114    0.001786   0.0001788           0    0.002079      0.1784    CKBD12
FE_PHC94_tpu_dout_60            8.725e+06       8.725e+06   0.000114    0.001786   0.0001788           0    0.002079      0.1784    CKBD12
FE_PHC78_tpu_dout_55            8.725e+06       8.725e+06  0.0001141    0.001785   0.0001788           0    0.002078      0.1783    CKBD12
FE_PHC170_tpu_dout_11           8.725e+06       8.725e+06  0.0001125    0.001785   0.0001788           0    0.002077      0.1782    CKBD12
FE_PHC92_tpu_dout_52            8.725e+06       8.725e+06  0.0001148    0.001783   0.0001788           0    0.002077      0.1782    CKBD12
FE_PHC110_tpu_dout_59           8.725e+06       8.725e+06  0.0001131    0.001783   0.0001788           0    0.002075       0.178    CKBD12
FE_PHC64_tpu_dout_49            8.725e+06       8.725e+06  0.0001133    0.001781   0.0001788           0    0.002073      0.1779    CKBD12
FE_PHC82_tpu_dout_62            8.725e+06       8.725e+06  0.0001132    0.001779   0.0001788           0    0.002071      0.1778    CKBD12
FE_PHC58_tpu_dout_61            8.725e+06       8.725e+06   0.000113    0.001779   0.0001788           0    0.002071      0.1777    CKBD12
FE_PHC132_tpu_dout_7            8.725e+06       8.725e+06  8.462e-05    0.001784   0.0001332           0    0.002002      0.1718    BUFFD8
FE_PHC56_tpu_dout_57            8.725e+06       8.725e+06  8.581e-05    0.001782   0.0001332           0    0.002001      0.1717    BUFFD8
FE_PHC148_tpu_dout_17           8.725e+06       8.725e+06   8.43e-05    0.001783   0.0001332           0    0.002001      0.1717    BUFFD8
FE_PHC50_tpu_dout_50            8.725e+06       8.725e+06    8.7e-05     0.00178   0.0001332           0       0.002      0.1716    BUFFD8
FE_PHC52_tpu_dout_51            8.725e+06       8.725e+06  8.619e-05     0.00178   0.0001332           0       0.002      0.1716    BUFFD8
FE_PHC54_tpu_dout_53            8.725e+06       8.725e+06  8.578e-05     0.00178   0.0001332           0    0.001999      0.1716    BUFFD8
FE_PHC68_tpu_dout_3             8.725e+06       8.725e+06  8.384e-05    0.001782   0.0001332           0    0.001999      0.1716    BUFFD8
FE_PHC100_tpu_dout_1            8.725e+06       8.725e+06  8.384e-05    0.001782   0.0001332           0    0.001999      0.1716    BUFFD8
FE_PHC70_tpu_dout_41            8.725e+06       8.725e+06  8.478e-05    0.001781   0.0001332           0    0.001999      0.1715    BUFFD8
FE_PHC142_tpu_dout_0            8.725e+06       8.725e+06  8.386e-05    0.001781   0.0001332           0    0.001999      0.1715    BUFFD8
FE_PHC114_tpu_dout_13           8.725e+06       8.725e+06  8.454e-05    0.001781   0.0001332           0    0.001998      0.1715    BUFFD8
FE_PHC160_tpu_dout_16           8.725e+06       8.725e+06  8.439e-05    0.001781   0.0001332           0    0.001998      0.1715    BUFFD8
FE_PHC106_tpu_dout_40           8.725e+06       8.725e+06  8.493e-05     0.00178   0.0001332           0    0.001998      0.1715    BUFFD8
FE_PHC46_tpu_dout_43            8.725e+06       8.725e+06  8.531e-05     0.00178   0.0001332           0    0.001998      0.1715    BUFFD8
FE_PHC168_tpu_dout_18           8.725e+06       8.725e+06  8.429e-05    0.001781   0.0001332           0    0.001998      0.1715    BUFFD8
FE_PHC108_tpu_dout_47           8.725e+06       8.725e+06   8.53e-05     0.00178   0.0001332           0    0.001998      0.1715    BUFFD8
FE_PHC84_tpu_dout_10            8.725e+06       8.725e+06  8.478e-05     0.00178   0.0001332           0    0.001998      0.1714    BUFFD8
FE_PHC120_tpu_dout_45           8.725e+06       8.725e+06   8.55e-05    0.001779   0.0001332           0    0.001998      0.1714    BUFFD8
FE_PHC48_tpu_dout_48            8.725e+06       8.725e+06  8.544e-05    0.001779   0.0001332           0    0.001998      0.1714    BUFFD8
FE_PHC76_tpu_dout_44            8.725e+06       8.725e+06  8.489e-05    0.001779   0.0001332           0    0.001997      0.1714    BUFFD8
FE_PHC66_tpu_dout_63            8.725e+06       8.725e+06  8.493e-05    0.001779   0.0001332           0    0.001997      0.1714    BUFFD8
FE_PHC146_tpu_dout_19           8.725e+06       8.725e+06  8.426e-05     0.00178   0.0001332           0    0.001997      0.1714    BUFFD8
FE_PHC74_tpu_dout_46            8.725e+06       8.725e+06  8.494e-05    0.001779   0.0001332           0    0.001997      0.1714    BUFFD8
FE_PHC104_tpu_dout_38           8.725e+06       8.725e+06  8.501e-05    0.001779   0.0001332           0    0.001997      0.1714    BUFFD8
FE_PHC144_tpu_dout_9            8.725e+06       8.725e+06  8.501e-05    0.001779   0.0001332           0    0.001997      0.1714    BUFFD8
FE_PHC96_tpu_dout_14            8.725e+06       8.725e+06  8.459e-05    0.001779   0.0001332           0    0.001997      0.1714    BUFFD8
FE_PHC138_tpu_dout_26           8.725e+06       8.725e+06  8.741e-05    0.001776   0.0001332           0    0.001997      0.1713    BUFFD8
FE_PHC122_tpu_dout_42           8.725e+06       8.725e+06  8.433e-05    0.001779   0.0001332           0    0.001997      0.1713    BUFFD8
FE_PHC90_tpu_dout_37            8.725e+06       8.725e+06   8.51e-05    0.001778   0.0001332           0    0.001996      0.1713    BUFFD8
FE_PHC98_tpu_dout_2             8.725e+06       8.725e+06   8.43e-05    0.001779   0.0001332           0    0.001996      0.1713    BUFFD8
FE_PHC118_tpu_dout_36           8.725e+06       8.725e+06  8.529e-05    0.001777   0.0001332           0    0.001996      0.1713    BUFFD8
FE_PHC154_tpu_dout_25           8.725e+06       8.725e+06  8.782e-05    0.001775   0.0001332           0    0.001996      0.1713    BUFFD8
FE_PHC166_tpu_dout_22           8.725e+06       8.725e+06  8.758e-05    0.001775   0.0001332           0    0.001996      0.1713    BUFFD8
FE_PHC164_tpu_dout_24           8.725e+06       8.725e+06  8.807e-05    0.001774   0.0001332           0    0.001996      0.1713    BUFFD8
FE_PHC172_tpu_dout_27           8.725e+06       8.725e+06  8.681e-05    0.001775   0.0001332           0    0.001995      0.1712    BUFFD8
FE_PHC124_tpu_dout_20           8.725e+06       8.725e+06  8.457e-05    0.001777   0.0001332           0    0.001995      0.1712    BUFFD8
FE_PHC88_tpu_dout_32            8.725e+06       8.725e+06  8.641e-05    0.001775   0.0001332           0    0.001995      0.1712    BUFFD8
FE_PHC156_tpu_dout_6            8.725e+06       8.725e+06  8.486e-05    0.001776   0.0001332           0    0.001995      0.1712    BUFFD8
FE_PHC150_tpu_dout_12           8.725e+06       8.725e+06  8.437e-05    0.001777   0.0001332           0    0.001994      0.1711    BUFFD8
FE_PHC102_tpu_dout_34           8.725e+06       8.725e+06  8.567e-05    0.001775   0.0001332           0    0.001994      0.1711    BUFFD8
FE_PHC126_tpu_dout_21           8.725e+06       8.725e+06  8.455e-05    0.001776   0.0001332           0    0.001994      0.1711    BUFFD8
FE_PHC86_tpu_dout_35            8.725e+06       8.725e+06  8.537e-05    0.001775   0.0001332           0    0.001994      0.1711    BUFFD8
FE_PHC72_tpu_dout_39            8.725e+06       8.725e+06  8.495e-05    0.001776   0.0001332           0    0.001994      0.1711    BUFFD8
FE_PHC158_tpu_dout_28           8.725e+06       8.725e+06  8.667e-05    0.001774   0.0001332           0    0.001994      0.1711    BUFFD8
FE_PDC542_tpu_dout_58           8.725e+06       8.725e+06  8.395e-05    0.001776   0.0001332           0    0.001993      0.1711    BUFFD8
FE_PHC136_tpu_dout_29           8.725e+06       8.725e+06  8.683e-05    0.001773   0.0001332           0    0.001993      0.1711    BUFFD8
FE_PHC62_tpu_dout_4             8.725e+06       8.725e+06  8.452e-05    0.001775   0.0001332           0    0.001993       0.171    BUFFD8
FE_PHC130_tpu_dout_8            8.725e+06       8.725e+06  8.426e-05    0.001774   0.0001332           0    0.001992      0.1709    BUFFD8
FE_PHC134_tpu_dout_33           8.725e+06       8.725e+06  8.569e-05    0.001773   0.0001332           0    0.001992      0.1709    BUFFD8
FE_PHC162_tpu_dout_30           8.725e+06       8.725e+06  8.631e-05    0.001772   0.0001332           0    0.001991      0.1709    BUFFD8
FE_PHC116_tpu_dout_5            8.725e+06       8.725e+06  8.427e-05    0.001774   0.0001332           0    0.001991      0.1709    BUFFD8
FE_PHC140_tpu_dout_23           8.725e+06       8.725e+06  8.513e-05    0.001772   0.0001332           0    0.001991      0.1708    BUFFD8
FE_PDC540_tpu_dout_54           8.725e+06       8.725e+06  8.389e-05    0.001773   0.0001332           0     0.00199      0.1708    BUFFD8
FE_PHC128_tpu_dout_15           8.725e+06       8.725e+06  8.447e-05    0.001771   0.0001332           0    0.001988      0.1706    BUFFD8
CTS_ccl_a_inv_00010                 8e+07           8e+07   0.000206    0.001704   6.188e-05           0    0.001972      0.1692    CKND6
CTS_ccl_a_inv_00005                 8e+07           8e+07  0.0001076    0.001357   3.007e-05           0    0.001495      0.1283    CKND3
CTS_ccl_a_inv_00006                 8e+07           8e+07  6.161e-05    0.000913   1.909e-05           0   0.0009937     0.08527    CKND2
CTS_ccl_a_inv_00004                 8e+07           8e+07  6.152e-05    0.000869   1.909e-05           0   0.0009496     0.08149    CKND2
CTS_ccl_a_inv_00007                 8e+07           8e+07   6.15e-05    0.000868   1.909e-05           0   0.0009486      0.0814    CKND2
CTS_ccl_a_inv_00003                 8e+07           8e+07   6.15e-05   0.0008578   1.909e-05           0   0.0009384     0.08053    CKND2
CTS_ccl_a_inv_00001                 8e+07           8e+07  6.141e-05   0.0008291   1.909e-05           0   0.0009096     0.07806    CKND2
CTS_ccl_a_inv_00002                 8e+07           8e+07  6.114e-05   0.0007047   1.909e-05           0   0.0007849     0.06736    CKND2
CTS_ccl_a_inv_00009                 8e+07           8e+07  6.102e-05   0.0006673   1.909e-05           0   0.0007474     0.06414    CKND2
CTS_ccl_a_inv_00008                 8e+07           8e+07  6.101e-05   0.0006614   1.909e-05           0   0.0007416     0.06364    CKND2
sram_din_ff_reg[6]                  8e+07         1.6e+07  0.0004509    1.18e-05   5.851e-05           0   0.0005212     0.04473    DFNCND1
bus_wbuf_reg[0]                     8e+07           8e+06  0.0003789   7.331e-05   6.867e-05           0   0.0005209      0.0447    DFXQD1
sram_din_ff_reg[10]                 8e+07         1.6e+07  0.0004506   1.068e-05   5.851e-05           0   0.0005198     0.04461    DFNCND1
sram_din_ff_reg[5]                  8e+07         1.6e+07  0.0004508   1.035e-05   5.851e-05           0   0.0005197      0.0446    DFNCND1
sram_din_ff_reg[9]                  8e+07         1.6e+07  0.0004506   9.684e-06   5.851e-05           0   0.0005188     0.04452    DFNCND1
sram_din_ff_reg[7]                  8e+07         1.6e+07  0.0004505   9.111e-06   5.851e-05           0   0.0005182     0.04447    DFNCND1
sram_din_ff_reg[61]                 8e+07         1.6e+07  0.0004507   7.557e-06   5.851e-05           0   0.0005168     0.04435    DFNCND1
sram_din_ff_reg[4]                  8e+07         1.6e+07  0.0004508   7.123e-06   5.851e-05           0   0.0005165     0.04432    DFNCND1
sram_din_ff_reg[19]                 8e+07         1.6e+07  0.0004504   6.829e-06   5.851e-05           0   0.0005157     0.04426    DFNCND1
sram_din_ff_reg[21]                 8e+07         1.6e+07  0.0004504   6.728e-06   5.851e-05           0   0.0005157     0.04425    DFNCND1
sram_din_ff_reg[20]                 8e+07         1.6e+07  0.0004505    6.64e-06   5.851e-05           0   0.0005156     0.04425    DFNCND1
sram_din_ff_reg[3]                  8e+07         1.6e+07  0.0004507   6.352e-06   5.851e-05           0   0.0005156     0.04425    DFNCND1
sram_din_ff_reg[29]                 8e+07         1.6e+07  0.0004505   6.348e-06   5.851e-05           0   0.0005154     0.04423    DFNCND1
sram_din_ff_reg[16]                 8e+07         1.6e+07  0.0004504   6.375e-06   5.851e-05           0   0.0005153     0.04422    DFNCND1
sram_din_ff_reg[11]                 8e+07         1.6e+07  0.0004505   6.178e-06   5.851e-05           0   0.0005152     0.04421    DFNCND1
sram_din_ff_reg[23]                 8e+07         1.6e+07  0.0004504   6.044e-06   5.851e-05           0    0.000515     0.04419    DFNCND1
sram_din_ff_reg[14]                 8e+07         1.6e+07  0.0004505   5.886e-06   5.851e-05           0   0.0005149     0.04418    DFNCND1
sram_din_ff_reg[17]                 8e+07         1.6e+07  0.0004505   5.895e-06   5.851e-05           0   0.0005149     0.04418    DFNCND1
sram_din_ff_reg[26]                 8e+07         1.6e+07  0.0004505   5.771e-06   5.851e-05           0   0.0005148     0.04418    DFNCND1
sram_din_ff_reg[13]                 8e+07         1.6e+07  0.0004505   5.764e-06   5.851e-05           0   0.0005148     0.04418    DFNCND1
sram_din_ff_reg[55]                 8e+07         1.6e+07  0.0004508   5.486e-06   5.851e-05           0   0.0005148     0.04417    DFNCND1
sram_din_ff_reg[12]                 8e+07         1.6e+07  0.0004504   5.747e-06   5.851e-05           0   0.0005147     0.04417    DFNCND1
sram_din_ff_reg[62]                 8e+07         1.6e+07  0.0004507     5.3e-06   5.851e-05           0   0.0005145     0.04415    DFNCND1
sram_din_ff_reg[8]                  8e+07         1.6e+07  0.0004505   5.487e-06   5.851e-05           0   0.0005145     0.04415    DFNCND1
sram_din_ff_reg[57]                 8e+07         1.6e+07  0.0004507    5.15e-06   5.851e-05           0   0.0005144     0.04414    DFNCND1
sram_addr_ff_reg[1]                 8e+07         1.6e+07  0.0004508   4.873e-06   5.851e-05           0   0.0005141     0.04412    DFNCND1
sram_din_ff_reg[2]                  8e+07         1.6e+07  0.0004507   4.755e-06   5.851e-05           0    0.000514     0.04411    DFNCND1
sram_din_ff_reg[58]                 8e+07         1.6e+07  0.0004507   4.731e-06   5.851e-05           0    0.000514     0.04411    DFNCND1
sram_din_ff_reg[59]                 8e+07         1.6e+07  0.0004507   4.715e-06   5.851e-05           0   0.0005139      0.0441    DFNCND1
sram_din_ff_reg[25]                 8e+07         1.6e+07  0.0004505   4.632e-06   5.851e-05           0   0.0005136     0.04408    DFNCND1
sram_din_ff_reg[32]                 8e+07         1.6e+07  0.0004504   4.641e-06   5.851e-05           0   0.0005135     0.04407    DFNCND1
sram_din_ff_reg[15]                 8e+07         1.6e+07  0.0004504   4.377e-06   5.851e-05           0   0.0005133     0.04405    DFNCND1
sram_din_ff_reg[1]                  8e+07         1.6e+07  0.0004507   4.025e-06   5.851e-05           0   0.0005132     0.04404    DFNCND1
sram_addr_ff_reg[0]                 8e+07         1.6e+07  0.0004507   3.949e-06   5.851e-05           0   0.0005132     0.04404    DFNCND1
sram_addr_ff_reg[2]                 8e+07         1.6e+07  0.0004507   3.852e-06   5.851e-05           0   0.0005131     0.04403    DFNCND1
sram_din_ff_reg[22]                 8e+07         1.6e+07  0.0004504   4.222e-06   5.851e-05           0   0.0005131     0.04403    DFNCND1
sram_din_ff_reg[34]                 8e+07         1.6e+07  0.0004504   4.212e-06   5.851e-05           0   0.0005131     0.04403    DFNCND1
sram_din_ff_reg[36]                 8e+07         1.6e+07  0.0004504   4.072e-06   5.851e-05           0    0.000513     0.04403    DFNCND1
sram_addr_ff_reg[3]                 8e+07         1.6e+07  0.0004507    3.74e-06   5.851e-05           0    0.000513     0.04402    DFNCND1
sram_din_ff_reg[31]                 8e+07         1.6e+07  0.0004505   3.954e-06   5.851e-05           0    0.000513     0.04402    DFNCND1
sram_addr_ff_reg[7]                 8e+07         1.6e+07  0.0004507   3.696e-06   5.851e-05           0    0.000513     0.04402    DFNCND1
sram_din_ff_reg[33]                 8e+07         1.6e+07  0.0004503   3.937e-06   5.851e-05           0   0.0005128     0.04401    DFNCND1
sram_addr_ff_reg[6]                 8e+07         1.6e+07  0.0004507     3.5e-06   5.851e-05           0   0.0005127       0.044    DFNCND1
sram_addr_ff_reg[5]                 8e+07         1.6e+07  0.0004507   3.448e-06   5.851e-05           0   0.0005127       0.044    DFNCND1
sram_addr_ff_reg[8]                 8e+07         1.6e+07  0.0004507     3.3e-06   5.851e-05           0   0.0005125     0.04398    DFNCND1
sram_addr_ff_reg[4]                 8e+07         1.6e+07  0.0004507   3.212e-06   5.851e-05           0   0.0005125     0.04398    DFNCND1
sram_din_ff_reg[56]                 8e+07         1.6e+07  0.0004506   3.273e-06   5.851e-05           0   0.0005124     0.04397    DFNCND1
sram_din_ff_reg[43]                 8e+07         1.6e+07  0.0004504   3.486e-06   5.851e-05           0   0.0005124     0.04397    DFNCND1
sram_din_ff_reg[0]                  8e+07         1.6e+07  0.0004507    3.13e-06   5.851e-05           0   0.0005123     0.04397    DFNCND1
sram_din_ff_reg[53]                 8e+07         1.6e+07  0.0004507   3.117e-06   5.851e-05           0   0.0005123     0.04396    DFNCND1
sram_din_ff_reg[35]                 8e+07         1.6e+07  0.0004503   3.336e-06   5.851e-05           0   0.0005122     0.04395    DFNCND1
sram_din_ff_reg[28]                 8e+07         1.6e+07  0.0004504   3.193e-06   5.851e-05           0   0.0005121     0.04395    DFNCND1
sram_din_ff_reg[24]                 8e+07         1.6e+07  0.0004504   3.169e-06   5.851e-05           0   0.0005121     0.04395    DFNCND1
sram_din_ff_reg[30]                 8e+07         1.6e+07  0.0004505   3.162e-06   5.851e-05           0   0.0005121     0.04395    DFNCND1
bus_we_d1_reg                       8e+07         1.6e+07  0.0004399   1.308e-05    5.91e-05           0   0.0005121     0.04395    DFCND1
sram_din_ff_reg[63]                 8e+07         1.6e+07  0.0004506   2.942e-06   5.851e-05           0   0.0005121     0.04394    DFNCND1
sram_din_ff_reg[51]                 8e+07         1.6e+07  0.0004504   3.104e-06   5.851e-05           0   0.0005121     0.04394    DFNCND1
sram_din_ff_reg[37]                 8e+07         1.6e+07  0.0004504   3.134e-06   5.851e-05           0    0.000512     0.04394    DFNCND1
sram_din_ff_reg[60]                 8e+07         1.6e+07  0.0004506   2.908e-06   5.851e-05           0    0.000512     0.04394    DFNCND1
sram_din_ff_reg[18]                 8e+07         1.6e+07  0.0004504   3.169e-06   5.851e-05           0    0.000512     0.04394    DFNCND1
sram_din_ff_reg[47]                 8e+07         1.6e+07  0.0004504   3.103e-06   5.851e-05           0    0.000512     0.04394    DFNCND1
sram_din_ff_reg[52]                 8e+07         1.6e+07  0.0004504   3.044e-06   5.851e-05           0    0.000512     0.04394    DFNCND1
sram_din_ff_reg[50]                 8e+07         1.6e+07  0.0004505   3.024e-06   5.851e-05           0    0.000512     0.04394    DFNCND1
sram_din_ff_reg[46]                 8e+07         1.6e+07  0.0004504   3.066e-06   5.851e-05           0    0.000512     0.04394    DFNCND1
sram_din_ff_reg[49]                 8e+07         1.6e+07  0.0004504   3.028e-06   5.851e-05           0    0.000512     0.04393    DFNCND1
sram_din_ff_reg[48]                 8e+07         1.6e+07  0.0004504   3.032e-06   5.851e-05           0    0.000512     0.04393    DFNCND1
sram_din_ff_reg[40]                 8e+07         1.6e+07  0.0004504    3.04e-06   5.851e-05           0   0.0005119     0.04393    DFNCND1
sram_din_ff_reg[39]                 8e+07         1.6e+07  0.0004504   3.016e-06   5.851e-05           0   0.0005119     0.04393    DFNCND1
sram_din_ff_reg[27]                 8e+07         1.6e+07  0.0004504   2.955e-06   5.851e-05           0   0.0005119     0.04393    DFNCND1
sram_din_ff_reg[41]                 8e+07         1.6e+07  0.0004504   2.984e-06   5.851e-05           0   0.0005119     0.04393    DFNCND1
sram_din_ff_reg[42]                 8e+07         1.6e+07  0.0004504   2.974e-06   5.851e-05           0   0.0005119     0.04393    DFNCND1
sram_din_ff_reg[38]                 8e+07         1.6e+07  0.0004504    2.93e-06   5.851e-05           0   0.0005118     0.04392    DFNCND1
sram_din_ff_reg[44]                 8e+07         1.6e+07  0.0004504   2.881e-06   5.851e-05           0   0.0005118     0.04392    DFNCND1
sram_din_ff_reg[45]                 8e+07         1.6e+07  0.0004504   2.891e-06   5.851e-05           0   0.0005118     0.04392    DFNCND1
sram_din_ff_reg[54]                 8e+07         1.6e+07  0.0004507   2.429e-06   5.851e-05           0   0.0005116      0.0439    DFNCND1
bus_wbuf_reg[1]                     8e+07           8e+06  0.0003787   5.348e-05   6.867e-05           0   0.0005009     0.04298    DFXQD1
bus_wbuf_reg[18]                    8e+07           8e+06  0.0003808    4.94e-05   6.867e-05           0   0.0004989     0.04281    DFXQD1
bus_wbuf_reg[4]                     8e+07           8e+06  0.0003798   4.841e-05   6.867e-05           0   0.0004969     0.04264    DFXQD1
bus_wbuf_reg[2]                     8e+07           8e+06   0.000379   4.771e-05   6.867e-05           0   0.0004953     0.04251    DFXQD1
bus_wbuf_reg[17]                    8e+07           8e+06  0.0003807   4.486e-05   6.867e-05           0   0.0004942     0.04241    DFXQD1
bus_wbuf_reg[16]                    8e+07           8e+06  0.0003809   4.194e-05   6.867e-05           0   0.0004915     0.04218    DFXQD1
bus_wbuf_reg[22]                    8e+07           8e+06   0.000379   3.815e-05   6.867e-05           0   0.0004858     0.04169    DFXQD1
bus_wbuf_reg[20]                    8e+07           8e+06  0.0003803   3.593e-05   6.867e-05           0   0.0004849     0.04161    DFXQD1
bus_wbuf_reg[57]                    8e+07           8e+06  0.0003805   3.509e-05   6.867e-05           0   0.0004843     0.04156    DFXQD1
bus_wbuf_reg[21]                    8e+07           8e+06   0.000379   3.441e-05   6.867e-05           0    0.000482     0.04137    DFXQD1
bus_wbuf_reg[23]                    8e+07           8e+06  0.0003806   3.256e-05   6.867e-05           0   0.0004818     0.04135    DFXQD1
bus_wbuf_reg[56]                    8e+07           8e+06  0.0003807   3.151e-05   6.867e-05           0   0.0004809     0.04127    DFXQD1
bus_wbuf_reg[59]                    8e+07           8e+06  0.0003798   3.235e-05   6.867e-05           0   0.0004808     0.04126    DFXQD1
bus_waddr_d1_reg[7]                 8e+07           8e+06  0.0004288   5.014e-06   4.676e-05           0   0.0004806     0.04124    DFCNQD1
bus_waddr_d1_reg[1]                 8e+07           8e+06  0.0004287   4.917e-06   4.676e-05           0   0.0004804     0.04122    DFCNQD1
bus_waddr_d1_reg[5]                 8e+07           8e+06  0.0004286   4.585e-06   4.676e-05           0   0.0004799     0.04119    DFCNQD1
bus_waddr_d1_reg[3]                 8e+07           8e+06  0.0004287   4.316e-06   4.676e-05           0   0.0004798     0.04117    DFCNQD1
bus_waddr_d1_reg[6]                 8e+07           8e+06  0.0004286   4.259e-06   4.676e-05           0   0.0004796     0.04116    DFCNQD1
bus_waddr_d1_reg[2]                 8e+07           8e+06  0.0004287   4.149e-06   4.676e-05           0   0.0004796     0.04116    DFCNQD1
bus_wbuf_reg[19]                    8e+07           8e+06  0.0003789   3.198e-05   6.867e-05           0   0.0004796     0.04116    DFXQD1
bus_waddr_d1_reg[4]                 8e+07           8e+06  0.0004287   4.146e-06   4.676e-05           0   0.0004796     0.04116    DFCNQD1
bus_wbuf_reg[43]                    8e+07           8e+06  0.0003791    3.65e-05   6.345e-05           0   0.0004791     0.04111    DFXQD1
bus_waddr_d1_reg[8]                 8e+07           8e+06  0.0004286   3.278e-06   4.676e-05           0   0.0004786     0.04107    DFCNQD1
bus_waddr_d1_reg[0]                 8e+07           8e+06  0.0004286   3.052e-06   4.676e-05           0   0.0004785     0.04106    DFCNQD1
bus_wbuf_reg[46]                    8e+07           8e+06  0.0003792   3.574e-05   6.345e-05           0   0.0004784     0.04105    DFXQD1
bus_wbuf_reg[58]                    8e+07           8e+06  0.0003806   2.898e-05   6.867e-05           0   0.0004783     0.04104    DFXQD1
bus_wbuf_reg[7]                     8e+07           8e+06  0.0003801   2.858e-05   6.867e-05           0   0.0004773     0.04096    DFXQD1
bus_wbuf_reg[26]                    8e+07           8e+06  0.0003809   2.766e-05   6.867e-05           0   0.0004773     0.04096    DFXQD1
bus_wbuf_reg[27]                    8e+07           8e+06  0.0003798   2.867e-05   6.867e-05           0   0.0004771     0.04095    DFXQD1
bus_wbuf_reg[8]                     8e+07           8e+06  0.0003813   2.615e-05   6.867e-05           0   0.0004761     0.04086    DFXQD1
bus_wbuf_reg[44]                    8e+07           8e+06  0.0003793   3.335e-05   6.345e-05           0   0.0004761     0.04086    DFXQD1
bus_wbuf_reg[47]                    8e+07           8e+06  0.0003792   3.318e-05   6.345e-05           0   0.0004758     0.04083    DFXQD1
bus_wbuf_reg[6]                     8e+07           8e+06  0.0003787   2.798e-05   6.867e-05           0   0.0004754      0.0408    DFXQD1
bus_wbuf_reg[3]                     8e+07           8e+06   0.000379   2.755e-05   6.867e-05           0   0.0004752     0.04078    DFXQD1
bus_wbuf_reg[25]                    8e+07           8e+06  0.0003808   2.569e-05   6.867e-05           0   0.0004752     0.04078    DFXQD1
bus_wbuf_reg[45]                    8e+07           8e+06  0.0003793   3.218e-05   6.345e-05           0   0.0004749     0.04075    DFXQD1
bus_wbuf_reg[41]                    8e+07           8e+06  0.0003791   3.167e-05   6.345e-05           0   0.0004743      0.0407    DFXQD1
bus_wbuf_reg[60]                    8e+07           8e+06  0.0003799    2.51e-05   6.867e-05           0   0.0004737     0.04065    DFXQD1
bus_wbuf_reg[11]                    8e+07           8e+06  0.0003799   2.453e-05   6.867e-05           0   0.0004731      0.0406    DFXQD1
bus_wbuf_reg[61]                    8e+07           8e+06  0.0003795   2.331e-05   6.867e-05           0   0.0004715     0.04046    DFXQD1
bus_wbuf_reg[5]                     8e+07           8e+06  0.0003787   2.332e-05   6.867e-05           0   0.0004707     0.04039    DFXQD1
bus_wbuf_reg[24]                    8e+07           8e+06  0.0003809   1.925e-05   6.867e-05           0   0.0004688     0.04023    DFXQD1
bus_wbuf_reg[62]                    8e+07           8e+06  0.0003806   1.919e-05   6.867e-05           0   0.0004684      0.0402    DFXQD1
bus_wbuf_reg[29]                    8e+07           8e+06  0.0003809   1.789e-05   6.867e-05           0   0.0004675     0.04012    DFXQD1
bus_wbuf_reg[9]                     8e+07           8e+06   0.000381   1.724e-05   6.867e-05           0   0.0004669     0.04007    DFXQD1
bus_wbuf_reg[38]                    8e+07           8e+06   0.000379   2.396e-05   6.345e-05           0   0.0004664     0.04002    DFXQD1
CTS_ccl_a_inv_00011                 8e+07           8e+07  0.0001031   0.0003332   3.007e-05           0   0.0004664     0.04002    CKND3
bus_wbuf_reg[28]                    8e+07           8e+06  0.0003796    1.76e-05   6.867e-05           0   0.0004659     0.03998    DFXQD1
bus_wbuf_reg[63]                    8e+07           8e+06  0.0003805   1.626e-05   6.867e-05           0   0.0004654     0.03994    DFXQD1
bus_wbuf_reg[13]                    8e+07           8e+06  0.0003796   1.683e-05   6.867e-05           0   0.0004651     0.03991    DFXQD1
bus_wbuf_reg[37]                    8e+07           8e+06   0.000379   2.032e-05   6.345e-05           0   0.0004628     0.03971    DFXQD1
bus_wbuf_reg[30]                    8e+07           8e+06  0.0003806   1.318e-05   6.867e-05           0   0.0004625     0.03969    DFXQD1
bus_wbuf_reg[10]                    8e+07           8e+06  0.0003811   1.255e-05   6.867e-05           0   0.0004623     0.03967    DFXQD1
bus_wbuf_reg[15]                    8e+07           8e+06  0.0003809   1.193e-05   6.867e-05           0   0.0004615      0.0396    DFXQD1
bus_wbuf_reg[31]                    8e+07           8e+06  0.0003805   1.137e-05   6.867e-05           0   0.0004606     0.03952    DFXQD1
bus_wbuf_reg[42]                    8e+07           8e+06  0.0003788   1.834e-05   6.345e-05           0   0.0004605     0.03952    DFXQD1
bus_wbuf_reg[12]                    8e+07           8e+06  0.0003806   1.073e-05   6.867e-05           0     0.00046     0.03947    DFXQD1
bus_wbuf_reg[14]                    8e+07           8e+06  0.0003795   1.089e-05   6.867e-05           0   0.0004591      0.0394    DFXQD1
bus_wbuf_reg[53]                    8e+07           8e+06   0.000379   1.374e-05   6.345e-05           0   0.0004562     0.03915    DFXQD1
bus_wbuf_reg[54]                    8e+07           8e+06  0.0003793   1.296e-05   6.345e-05           0   0.0004557      0.0391    DFXQD1
bus_wbuf_reg[55]                    8e+07           8e+06  0.0003792    1.16e-05   6.345e-05           0   0.0004542     0.03898    DFXQD1
bus_wbuf_reg[35]                    8e+07           8e+06  0.0003786   1.219e-05   6.345e-05           0   0.0004542     0.03898    DFXQD1
bus_wbuf_reg[50]                    8e+07           8e+06   0.000379   1.171e-05   6.345e-05           0   0.0004542     0.03897    DFXQD1
bus_wbuf_reg[51]                    8e+07           8e+06   0.000379   1.133e-05   6.345e-05           0   0.0004538     0.03894    DFXQD1
bus_wbuf_reg[39]                    8e+07           8e+06  0.0003786    1.17e-05   6.345e-05           0   0.0004537     0.03894    DFXQD1
bus_wbuf_reg[52]                    8e+07           8e+06   0.000379   1.102e-05   6.345e-05           0   0.0004535     0.03892    DFXQD1
bus_wbuf_reg[40]                    8e+07           8e+06  0.0003785   1.147e-05   6.345e-05           0   0.0004534     0.03891    DFXQD1
bus_wbuf_reg[49]                    8e+07           8e+06   0.000379   1.093e-05   6.345e-05           0   0.0004533      0.0389    DFXQD1
bus_wbuf_reg[34]                    8e+07           8e+06  0.0003786   1.066e-05   6.345e-05           0   0.0004527     0.03885    DFXQD1
bus_wbuf_reg[32]                    8e+07           8e+06  0.0003786   1.042e-05   6.345e-05           0   0.0004525     0.03883    DFXQD1
bus_wbuf_reg[36]                    8e+07           8e+06  0.0003786   9.976e-06   6.345e-05           0    0.000452     0.03879    DFXQD1
bus_wbuf_reg[48]                    8e+07           8e+06   0.000379   9.289e-06   6.345e-05           0   0.0004517     0.03876    DFXQD1
bus_wbuf_reg[33]                    8e+07           8e+06  0.0003785   9.096e-06   6.345e-05           0   0.0004511     0.03871    DFXQD1
sram_cen_ff_reg                     8e+07         1.6e+07  0.0003723   8.548e-06   7.014e-05           0    0.000451      0.0387    DFNSND1
FE_OFC2_bus_we_d1                   8e+06           8e+06  2.096e-05   0.0003629   3.311e-05           0   0.0004169     0.03578    BUFFD2
FE_PHC239_tpu_re                    8e+06           8e+06  8.437e-05   0.0001681   3.499e-05           0   0.0002874     0.02466    DEL0
FE_PHC205_bus_wbuf_18               8e+06           8e+06  0.0001834   3.983e-05   5.219e-05           0   0.0002754     0.02364    DEL2
FE_PHC204_bus_wbuf_17               8e+06           8e+06  0.0001835   3.541e-05   5.219e-05           0   0.0002711     0.02327    DEL2
FE_PHC21_rstn                       8e+06           8e+06  0.0001214   0.0001079   4.142e-05           0   0.0002707     0.02323    DEL1
FE_PHC43_bus_wbuf_2                 8e+06           8e+06  0.0001836   3.222e-05   5.219e-05           0    0.000268       0.023    DEL2
FE_PHC200_bus_wbuf_20               8e+06           8e+06  0.0001836   3.212e-05   5.219e-05           0    0.000268       0.023    DEL2
FE_PHC44_bus_wbuf_1                 8e+06           8e+06  0.0001836   3.163e-05   5.219e-05           0   0.0002675     0.02295    DEL2
FE_PHC199_bus_wbuf_16               8e+06           8e+06  0.0001836    3.15e-05   5.219e-05           0   0.0002673     0.02294    DEL2
FE_PHC216_bus_wbuf_44               8e+06           8e+06  0.0001837   3.109e-05   5.219e-05           0    0.000267     0.02291    DEL2
FE_PHC218_bus_wbuf_45               8e+06           8e+06  0.0001837   2.977e-05   5.219e-05           0   0.0002657      0.0228    DEL2
FE_PHC201_bus_wbuf_21               8e+06           8e+06  0.0001837   2.854e-05   5.219e-05           0   0.0002645      0.0227    DEL2
FE_PHC224_bus_wbuf_56               8e+06           8e+06  0.0001838   2.804e-05   5.219e-05           0    0.000264     0.02266    DEL2
FE_PHC222_bus_wbuf_47               8e+06           8e+06  0.0001838   2.778e-05   5.219e-05           0   0.0002637     0.02263    DEL2
FE_PHC202_bus_wbuf_22               8e+06           8e+06  0.0001837   2.755e-05   5.219e-05           0   0.0002635     0.02261    DEL2
FE_PHC219_bus_wbuf_41               8e+06           8e+06  0.0001838   2.694e-05   5.219e-05           0   0.0002629     0.02256    DEL2
FE_PHC230_bus_wbuf_57               8e+06           8e+06  0.0001838   2.678e-05   5.219e-05           0   0.0002627     0.02255    DEL2
FE_PHC221_bus_wbuf_46               8e+06           8e+06  0.0001838   2.677e-05   5.219e-05           0   0.0002627     0.02255    DEL2
FE_PHC42_bus_wbuf_4                 8e+06           8e+06  0.0001837   2.606e-05   5.219e-05           0    0.000262     0.02248    DEL2
FE_PHC220_bus_wbuf_43               8e+06           8e+06  0.0001838   2.531e-05   5.219e-05           0   0.0002613     0.02243    DEL2
FE_PHC229_bus_wbuf_58               8e+06           8e+06  0.0001839   2.479e-05   5.219e-05           0   0.0002609     0.02239    DEL2
FE_PHC193_bus_wbuf_19               8e+06           8e+06   0.000184   2.357e-05   5.219e-05           0   0.0002597     0.02229    DEL2
FE_PHC40_bus_wbuf_6                 8e+06           8e+06   0.000184   2.352e-05   5.219e-05           0   0.0002597     0.02229    DEL2
FE_PHC38_bus_wbuf_8                 8e+06           8e+06  0.0001841   2.274e-05   5.219e-05           0    0.000259     0.02223    DEL2
FE_PHC196_bus_wbuf_23               8e+06           8e+06   0.000184   2.278e-05   5.219e-05           0    0.000259     0.02222    DEL2
FE_PHC228_bus_wbuf_59               8e+06           8e+06  0.0001841   2.077e-05   5.219e-05           0   0.0002571     0.02206    DEL2
FE_PHC227_bus_wbuf_61               8e+06           8e+06  0.0001842   2.064e-05   5.219e-05           0    0.000257     0.02206    DEL2
FE_PHC197_bus_wbuf_25               8e+06           8e+06  0.0001842   2.054e-05   5.219e-05           0   0.0002569     0.02205    DEL2
FE_PHC203_bus_wbuf_27               8e+06           8e+06  0.0001842   2.041e-05   5.219e-05           0   0.0002568     0.02204    DEL2
FE_PHC214_bus_wbuf_38               8e+06           8e+06  0.0001843   1.948e-05   5.219e-05           0   0.0002559     0.02196    DEL2
FE_PHC41_bus_wbuf_3                 8e+06           8e+06  0.0001843   1.926e-05   5.219e-05           0   0.0002557     0.02194    DEL2
FE_PHC39_bus_wbuf_7                 8e+06           8e+06  0.0001843    1.85e-05   5.219e-05           0    0.000255     0.02188    DEL2
FE_PHC198_bus_wbuf_26               8e+06           8e+06  0.0001843   1.816e-05   5.219e-05           0   0.0002547     0.02186    DEL2
FE_PHC226_bus_wbuf_60               8e+06           8e+06  0.0001843   1.808e-05   5.219e-05           0   0.0002546     0.02185    DEL2
FE_PHC36_bus_wbuf_11                8e+06           8e+06  0.0001845   1.553e-05   5.219e-05           0   0.0002522     0.02164    DEL2
FE_PHC37_bus_wbuf_5                 8e+06           8e+06  0.0001845   1.545e-05   5.219e-05           0   0.0002522     0.02164    DEL2
FE_PHC213_bus_wbuf_37               8e+06           8e+06  0.0001846   1.457e-05   5.219e-05           0   0.0002514     0.02157    DEL2
FE_PHC225_bus_wbuf_63               8e+06           8e+06  0.0001847    1.36e-05   5.219e-05           0   0.0002505      0.0215    DEL2
FE_PHC195_bus_wbuf_29               8e+06           8e+06  0.0001847   1.286e-05   5.219e-05           0   0.0002498     0.02144    DEL2
FE_PHC223_bus_wbuf_62               8e+06           8e+06  0.0001847   1.268e-05   5.219e-05           0   0.0002496     0.02142    DEL2
FE_PHC215_bus_wbuf_42               8e+06           8e+06  0.0001848   1.264e-05   5.219e-05           0   0.0002496     0.02142    DEL2
FE_PHC190_bus_wbuf_24               8e+06           8e+06  0.0001849   1.159e-05   5.219e-05           0   0.0002487     0.02134    DEL2
FE_PHC33_bus_wbuf_13                8e+06           8e+06  0.0001851   1.009e-05   5.219e-05           0   0.0002474     0.02123    DEL2
FE_PHC35_bus_wbuf_9                 8e+06           8e+06  0.0001852   9.457e-06   5.219e-05           0   0.0002468     0.02118    DEL2
FE_PHC29_bus_wbuf_54                8e+06           8e+06  0.0001852   9.274e-06   5.219e-05           0   0.0002467     0.02117    DEL2
FE_PHC194_bus_wbuf_28               8e+06           8e+06  0.0001852   9.176e-06   5.219e-05           0   0.0002466     0.02116    DEL2
FE_PHC191_bus_wbuf_30               8e+06           8e+06  0.0001853   8.622e-06   5.219e-05           0   0.0002461     0.02112    DEL2
FE_PHC192_bus_wbuf_31               8e+06           8e+06  0.0001854   8.542e-06   5.219e-05           0   0.0002461     0.02112    DEL2
FE_PHC22_bus_wbuf_48                8e+06           8e+06  0.0001855   7.809e-06   5.219e-05           0   0.0002455     0.02107    DEL2
FE_PHC207_bus_wbuf_33               8e+06           8e+06  0.0001855   7.756e-06   5.219e-05           0   0.0002454     0.02106    DEL2
FE_PHC25_bus_wbuf_51                8e+06           8e+06  0.0001855    7.73e-06   5.219e-05           0   0.0002454     0.02106    DEL2
FE_PHC31_bus_wbuf_12                8e+06           8e+06  0.0001855   7.269e-06   5.219e-05           0    0.000245     0.02102    DEL2
FE_PHC24_bus_wbuf_52                8e+06           8e+06  0.0001855   7.233e-06   5.219e-05           0    0.000245     0.02102    DEL2
FE_PHC208_bus_wbuf_34               8e+06           8e+06  0.0001856   6.695e-06   5.219e-05           0   0.0002445     0.02098    DEL2
FE_PHC217_bus_wbuf_32               8e+06           8e+06  0.0001856   6.643e-06   5.219e-05           0   0.0002444     0.02098    DEL2
FE_PHC26_bus_wbuf_55                8e+06           8e+06  0.0001856   6.568e-06   5.219e-05           0   0.0002444     0.02097    DEL2
FE_PHC27_bus_wbuf_50                8e+06           8e+06  0.0001858   5.692e-06   5.219e-05           0   0.0002436     0.02091    DEL2
FE_PHC212_bus_wbuf_40               8e+06           8e+06  0.0001858    5.61e-06   5.219e-05           0   0.0002436      0.0209    DEL2
FE_PHC30_bus_wbuf_14                8e+06           8e+06  0.0001858   5.561e-06   5.219e-05           0   0.0002436      0.0209    DEL2
FE_PHC210_bus_wbuf_36               8e+06           8e+06  0.0001858   5.485e-06   5.219e-05           0   0.0002435      0.0209    DEL2
FE_PHC23_bus_wbuf_49                8e+06           8e+06  0.0001858   5.412e-06   5.219e-05           0   0.0002434     0.02089    DEL2
FE_PHC28_bus_wbuf_53                8e+06           8e+06  0.0001858   5.342e-06   5.219e-05           0   0.0002434     0.02088    DEL2
FE_PHC211_bus_wbuf_39               8e+06           8e+06  0.0001859   5.124e-06   5.219e-05           0   0.0002432     0.02087    DEL2
FE_PHC209_bus_wbuf_35               8e+06           8e+06  0.0001859   5.105e-06   5.219e-05           0   0.0002432     0.02087    DEL2
FE_PHC32_bus_wbuf_10                8e+06           8e+06  0.0001862   3.798e-06   5.219e-05           0   0.0002422     0.02078    DEL2
FE_PHC152_tpu_dout_31           8.725e+06       8.725e+06  7.834e-05   3.004e-05   0.0001332           0   0.0002416     0.02073    BUFFD8
FE_PHC34_bus_wbuf_15                8e+06           8e+06  0.0001864    3.01e-06   5.219e-05           0   0.0002416     0.02073    DEL2
FE_PHC60_tpu_dout_54            8.725e+06       8.725e+06   8.26e-05   2.536e-05   0.0001332           0   0.0002412      0.0207    BUFFD8
FE_PHC80_tpu_dout_58            8.725e+06       8.725e+06  8.102e-05   2.638e-05   0.0001332           0   0.0002406     0.02065    BUFFD8
FE_PHC334_FE_OFN11_sram_addr_0
                                    1e+07           1e+07   0.000153    4.45e-05   4.154e-05           0    0.000239     0.02051    DEL1
FE_PHC182_FE_OFN3_sram_addr_8
                                    1e+07           1e+07  0.0001531   4.082e-05   4.154e-05           0   0.0002355     0.02021    DEL1
FE_PHC206_FE_OFN4_sram_addr_7
                                    1e+07           1e+07  0.0001533   3.531e-05   4.154e-05           0   0.0002302     0.01975    DEL1
FE_PHC450_bus_din_2                 8e+06           8e+06  5.462e-05   0.0001216   4.651e-05           0   0.0002227     0.01911    DEL01
FE_PHC249_tpu_dout_24           8.725e+06       8.725e+06  0.0001336    4.49e-05   4.183e-05           0   0.0002203     0.01891    DEL1
FE_PHC247_tpu_dout_25           8.725e+06       8.725e+06  0.0001337   4.273e-05   4.183e-05           0   0.0002183     0.01873    DEL1
FE_PHC248_tpu_dout_22           8.725e+06       8.725e+06  0.0001337   4.058e-05   4.183e-05           0   0.0002161     0.01855    DEL1
FE_PHC282_tpu_dout_52           8.725e+06       8.725e+06  0.0001338    4.04e-05   4.183e-05           0    0.000216     0.01854    DEL1
FE_PHC246_tpu_dout_26           8.725e+06       8.725e+06  0.0001338   3.907e-05   4.183e-05           0   0.0002147     0.01843    DEL1
FE_PHC187_FE_OFN7_sram_addr_4
                                    1e+07           1e+07  0.0001543   1.816e-05   4.154e-05           0   0.0002141     0.01837    DEL1
FE_PHC14_bus_we                     8e+06           8e+06  0.0001226   4.784e-05   4.142e-05           0   0.0002118     0.01818    DEL1
FE_PHC184_n_6                       6e+06           6e+06  0.0001379   2.114e-05    5.23e-05           0   0.0002113     0.01813    DEL2
FE_PHC273_tpu_dout_50           8.725e+06       8.725e+06  0.0001339   3.546e-05   4.183e-05           0   0.0002112     0.01813    DEL1
FE_PHC277_tpu_dout_54           8.725e+06       8.725e+06  0.0001339   3.535e-05   4.183e-05           0   0.0002111     0.01812    DEL1
FE_PHC13_bus_addr_0                 8e+06           8e+06  0.0001226   4.599e-05   4.142e-05           0     0.00021     0.01802    DEL1
FE_PHC244_tpu_dout_29           8.725e+06       8.725e+06   0.000134   3.401e-05   4.183e-05           0   0.0002098     0.01801    DEL1
FE_PHC250_tpu_dout_27           8.725e+06       8.725e+06  0.0001339   3.381e-05   4.183e-05           0   0.0002096     0.01798    DEL1
FE_PHC245_tpu_dout_28           8.725e+06       8.725e+06   0.000134   3.266e-05   4.183e-05           0   0.0002085     0.01789    DEL1
FE_PHC279_tpu_dout_55           8.725e+06       8.725e+06   0.000134    3.26e-05   4.183e-05           0   0.0002085     0.01789    DEL1
FE_PHC232_FE_OFN5_sram_addr_6
                                    1e+07           1e+07  0.0001551   1.177e-05   4.154e-05           0   0.0002084     0.01789    DEL1
FE_PHC280_tpu_dout_56           8.725e+06       8.725e+06  0.0001341   3.186e-05   4.183e-05           0   0.0002078     0.01783    DEL1
FE_PHC233_FE_OFN8_sram_addr_3
                                    1e+07           1e+07  0.0001552   1.098e-05   4.154e-05           0   0.0002077     0.01783    DEL1
FE_PHC281_tpu_dout_60           8.725e+06       8.725e+06  0.0001341   3.154e-05   4.183e-05           0   0.0002075      0.0178    DEL1
FE_PHC234_FE_OFN9_sram_addr_2
                                    1e+07           1e+07  0.0001553   1.019e-05   4.154e-05           0   0.0002071     0.01777    DEL1
FE_PHC254_tpu_dout_32           8.725e+06       8.725e+06  0.0001341   3.041e-05   4.183e-05           0   0.0002064     0.01771    DEL1
FE_PHC231_FE_OFN6_sram_addr_5
                                    1e+07           1e+07  0.0001556   8.491e-06   4.154e-05           0   0.0002056     0.01765    DEL1
FE_PHC243_tpu_dout_30           8.725e+06       8.725e+06  0.0001341   2.953e-05   4.183e-05           0   0.0002054     0.01763    DEL1
FE_PHC272_tpu_dout_51           8.725e+06       8.725e+06  0.0001342   2.845e-05   4.183e-05           0   0.0002045     0.01755    DEL1
FE_PHC276_tpu_dout_58           8.725e+06       8.725e+06  0.0001343   2.649e-05   4.183e-05           0   0.0002027     0.01739    DEL1
FE_PHC420_bus_din_7                 8e+06           8e+06  8.414e-05   8.289e-05   3.499e-05           0    0.000202     0.01734    DEL0
FE_PHC275_tpu_dout_57           8.725e+06       8.725e+06  0.0001344   2.516e-05   4.183e-05           0   0.0002014     0.01728    DEL1
FE_PHC271_tpu_dout_53           8.725e+06       8.725e+06  0.0001344   2.494e-05   4.183e-05           0   0.0002012     0.01727    DEL1
FE_PHC444_bus_din_6                 8e+06           8e+06  8.419e-05   8.204e-05   3.499e-05           0   0.0002012     0.01727    DEL0
FE_PHC267_tpu_dout_49           8.725e+06       8.725e+06  0.0001344   2.459e-05   4.183e-05           0   0.0002009     0.01724    DEL1
FE_PHC251_tpu_dout_33           8.725e+06       8.725e+06  0.0001345   2.431e-05   4.183e-05           0   0.0002006     0.01722    DEL1
FE_PHC253_tpu_dout_34           8.725e+06       8.725e+06  0.0001345   2.409e-05   4.183e-05           0   0.0002004      0.0172    DEL1
FE_PHC15_tpu_re                     8e+06           8e+06  8.483e-05   8.055e-05   3.499e-05           0   0.0002004     0.01719    DEL0
FE_PHC270_tpu_dout_62           8.725e+06       8.725e+06  0.0001345   2.342e-05   4.183e-05           0   0.0001998     0.01714    DEL1
FE_PHC426_bus_din_7                 8e+06           8e+06  8.461e-05   7.963e-05   3.499e-05           0   0.0001992      0.0171    DEL0
FE_PHC259_tpu_dout_45           8.725e+06       8.725e+06  0.0001346   2.268e-05   4.183e-05           0   0.0001991     0.01709    DEL1
FE_PHC274_tpu_dout_59           8.725e+06       8.725e+06  0.0001346   2.268e-05   4.183e-05           0   0.0001991     0.01709    DEL1
FE_PHC266_tpu_dout_61           8.725e+06       8.725e+06  0.0001346   2.221e-05   4.183e-05           0   0.0001987     0.01705    DEL1
FE_PHC268_tpu_dout_48           8.725e+06       8.725e+06  0.0001346   2.212e-05   4.183e-05           0   0.0001986     0.01704    DEL1
FE_PHC252_tpu_dout_35           8.725e+06       8.725e+06  0.0001347   2.157e-05   4.183e-05           0   0.0001981       0.017    DEL1
FE_OFC1_tpu_re                      8e+06           8e+06   1.68e-05   0.0001622   1.908e-05           0   0.0001981       0.017    CKBD1
FE_PHC261_tpu_dout_43           8.725e+06       8.725e+06  0.0001347   2.108e-05   4.183e-05           0   0.0001976     0.01696    DEL1
FE_PHC269_tpu_dout_47           8.725e+06       8.725e+06  0.0001347   2.094e-05   4.183e-05           0   0.0001975     0.01694    DEL1
FE_PHC255_tpu_dout_36           8.725e+06       8.725e+06  0.0001347    2.09e-05   4.183e-05           0   0.0001974     0.01694    DEL1
FE_PHC256_tpu_dout_37           8.725e+06       8.725e+06  0.0001348    1.94e-05   4.183e-05           0   0.0001961     0.01682    DEL1
FE_PHC189_n_91                      4e+06           4e+06  9.141e-05   5.201e-05   5.206e-05           0   0.0001955     0.01678    DEL2
FE_PHC257_tpu_dout_38           8.725e+06       8.725e+06  0.0001349   1.811e-05   4.183e-05           0   0.0001948     0.01672    DEL1
FE_PHC260_tpu_dout_39           8.725e+06       8.725e+06   0.000135   1.726e-05   4.183e-05           0   0.0001941     0.01665    DEL1
FE_PHC262_tpu_dout_46           8.725e+06       8.725e+06   0.000135   1.718e-05   4.183e-05           0    0.000194     0.01665    DEL1
FE_PHC263_tpu_dout_40           8.725e+06       8.725e+06   0.000135     1.7e-05   4.183e-05           0   0.0001938     0.01663    DEL1
FE_PHC264_tpu_dout_63           8.725e+06       8.725e+06   0.000135   1.699e-05   4.183e-05           0   0.0001938     0.01663    DEL1
FE_PHC265_tpu_dout_44           8.725e+06       8.725e+06   0.000135   1.631e-05   4.183e-05           0   0.0001932     0.01658    DEL1
FE_PHC258_tpu_dout_41           8.725e+06       8.725e+06  0.0001352   1.436e-05   4.183e-05           0   0.0001914     0.01642    DEL1
FE_PHC308_FE_OFN11_sram_addr_0
                                    1e+07           1e+07  0.0001054   4.961e-05   3.499e-05           0     0.00019     0.01631    DEL0
FE_PHC183_bus_addr_10               8e+06           8e+06  0.0001229   2.391e-05   4.142e-05           0   0.0001882     0.01615    DEL1
FE_PHC12_bus_addr_1                 8e+06           8e+06  8.482e-05   6.686e-05   3.499e-05           0   0.0001867     0.01602    DEL0
FE_PHC188_n_4                       4e+06           4e+06  9.148e-05   4.222e-05   5.232e-05           0    0.000186     0.01596    DEL2
FE_PHC235_bus_addr_1                8e+06           8e+06  8.446e-05   6.627e-05   3.499e-05           0   0.0001857     0.01594    DEL0
FE_PHC440_bus_din_4                 8e+06           8e+06  8.415e-05   6.025e-05   3.499e-05           0   0.0001794     0.01539    DEL0
FE_PHC314_FE_OFN9_sram_addr_2
                                    1e+07           1e+07  0.0001055   3.788e-05   3.499e-05           0   0.0001783      0.0153    DEL0
FE_PHC311_FE_OFN6_sram_addr_5
                                    1e+07           1e+07  0.0001055   3.757e-05   3.499e-05           0    0.000178     0.01528    DEL0
FE_PHC434_bus_din_6                 8e+06           8e+06  5.471e-05   7.574e-05   4.651e-05           0    0.000177     0.01519    DEL01
FE_PHC312_FE_OFN7_sram_addr_4
                                    1e+07           1e+07  0.0001055   3.496e-05   3.499e-05           0   0.0001754     0.01505    DEL0
FE_PHC309_FE_OFN10_sram_addr_1
                                    1e+07           1e+07  0.0001054   3.449e-05   3.499e-05           0   0.0001749     0.01501    DEL0
FE_PHC441_bus_din_3                 8e+06           8e+06  8.423e-05   5.444e-05   3.499e-05           0   0.0001737      0.0149    DEL0
FE_PHC18_bus_addr_5                 8e+06           8e+06  0.0001245   7.587e-06   4.142e-05           0   0.0001735     0.01489    DEL1
FE_PHC19_bus_addr_4                 8e+06           8e+06  0.0001246   6.826e-06   4.142e-05           0   0.0001729     0.01484    DEL1
FE_PHC16_bus_addr_7                 8e+06           8e+06  0.0001245   6.774e-06   4.142e-05           0   0.0001727     0.01482    DEL1
FE_PHC17_bus_addr_6                 8e+06           8e+06  0.0001248   6.161e-06   4.142e-05           0   0.0001724      0.0148    DEL1
FE_PHC20_bus_addr_3                 8e+06           8e+06  0.0001246   6.091e-06   4.142e-05           0   0.0001721     0.01477    DEL1
FE_PHC313_FE_OFN8_sram_addr_3
                                    1e+07           1e+07  0.0001056   2.869e-05   3.499e-05           0   0.0001693     0.01453    DEL0
FE_PHC310_FE_OFN5_sram_addr_6
                                    1e+07           1e+07  0.0001056   2.825e-05   3.499e-05           0   0.0001689     0.01449    DEL0
FE_PHC412_bus_din_1                 8e+06           8e+06  8.429e-05   4.958e-05   3.499e-05           0   0.0001689     0.01449    DEL0
FE_PHC347_FE_OFN10_sram_addr_1
                                    1e+07           1e+07  0.0001057   2.723e-05   3.499e-05           0   0.0001679     0.01441    DEL0
FE_PHC317_tpu_dout_23           8.725e+06       8.725e+06  9.241e-05   3.922e-05   3.499e-05           0   0.0001666      0.0143    DEL0
FE_PHC289_tpu_dout_9            8.725e+06       8.725e+06  9.245e-05   3.746e-05   3.499e-05           0   0.0001649     0.01415    DEL0
FE_PHC292_tpu_dout_11           8.725e+06       8.725e+06  9.243e-05   3.604e-05   3.499e-05           0   0.0001635     0.01403    DEL0
FE_PHC291_tpu_dout_6            8.725e+06       8.725e+06  9.247e-05   3.548e-05   3.499e-05           0   0.0001629     0.01398    DEL0
FE_PHC287_tpu_dout_10           8.725e+06       8.725e+06  9.247e-05    3.44e-05   3.499e-05           0   0.0001619     0.01389    DEL0
FE_PHC428_bus_din_3                 8e+06           8e+06  8.429e-05   4.243e-05   3.499e-05           0   0.0001617     0.01388    DEL0
FE_PHC293_tpu_dout_7            8.725e+06       8.725e+06  9.251e-05   3.063e-05   3.499e-05           0   0.0001581     0.01357    DEL0
FE_PHC285_tpu_dout_14           8.725e+06       8.725e+06  9.251e-05   2.973e-05   3.499e-05           0   0.0001572     0.01349    DEL0
FE_PHC522_bus_din_5                 8e+06           8e+06  8.432e-05   3.778e-05   3.499e-05           0   0.0001571     0.01348    DEL0
FE_PHC315_tpu_dout_20           8.725e+06       8.725e+06  9.248e-05   2.903e-05   3.499e-05           0   0.0001565     0.01343    DEL0
FE_PHC427_bus_din_4                 8e+06           8e+06  8.464e-05   3.667e-05   3.499e-05           0   0.0001563     0.01341    DEL0
FE_PHC316_tpu_dout_21           8.725e+06       8.725e+06  9.247e-05   2.871e-05   3.499e-05           0   0.0001562      0.0134    DEL0
FE_OFC0_rstn                        8e+06           8e+06  1.612e-05   0.0001207   1.908e-05           0   0.0001559     0.01338    CKBD1
FE_PHC294_tpu_dout_13           8.725e+06       8.725e+06  9.251e-05   2.792e-05   3.499e-05           0   0.0001554     0.01334    DEL0
FE_PHC290_tpu_dout_4            8.725e+06       8.725e+06  9.256e-05   2.765e-05   3.499e-05           0   0.0001552     0.01332    DEL0
CTS_cmf_inv_00057                   8e+07           8e+07  4.363e-05   0.0001022   9.143e-06           0    0.000155      0.0133    CKND1
FE_PHC236_tpu_dout_15           8.725e+06       8.725e+06  9.263e-05   2.621e-05   3.499e-05           0   0.0001538      0.0132    DEL0
FE_PHC410_bus_din_2                 8e+06           8e+06  8.465e-05   3.397e-05   3.499e-05           0   0.0001536     0.01318    DEL0
FE_PHC437_bus_din_3                 8e+06           8e+06  6.095e-05   6.122e-05   3.141e-05           0   0.0001536     0.01318    DEL015
FE_PHC297_tpu_addr_8                8e+06           8e+06  8.512e-05   3.317e-05   3.499e-05           0   0.0001533     0.01315    DEL0
FE_PHC336_FE_OFN10_sram_addr_1
                                    1e+07           1e+07  0.0001063   1.137e-05   3.499e-05           0   0.0001526      0.0131    DEL0
FE_PHC348_bus_wbuf_0                8e+06           8e+06   8.43e-05   3.305e-05   3.499e-05           0   0.0001523     0.01307    DEL0
FE_PHC186_n_10                      4e+06           4e+06  6.075e-05   4.911e-05   4.229e-05           0   0.0001521     0.01306    DEL1
FE_PHC237_tpu_dout_16           8.725e+06       8.725e+06  9.271e-05   2.313e-05   3.499e-05           0   0.0001508     0.01294    DEL0
FE_PHC278_tpu_dout_12           8.725e+06       8.725e+06  9.264e-05   2.246e-05   3.499e-05           0   0.0001501     0.01288    DEL0
FE_PHC304_bus_wbuf_0                8e+06           8e+06  8.441e-05   3.013e-05   3.499e-05           0   0.0001495     0.01283    DEL0
FE_PHC335_tpu_dout_31           8.725e+06       8.725e+06  9.275e-05   2.127e-05   3.499e-05           0    0.000149     0.01279    DEL0
FE_PHC238_tpu_dout_42           8.725e+06       8.725e+06  9.278e-05   2.105e-05   3.499e-05           0   0.0001488     0.01277    DEL0
FE_PHC288_tpu_dout_2            8.725e+06       8.725e+06  9.276e-05   2.024e-05   3.499e-05           0    0.000148      0.0127    DEL0
FE_PHC181_n_3                       6e+06           6e+06  9.244e-05   1.317e-05   4.217e-05           0   0.0001478     0.01268    DEL1
FE_PHC283_tpu_dout_17           8.725e+06       8.725e+06  9.275e-05   2.003e-05   3.499e-05           0   0.0001478     0.01268    DEL0
FE_PHC295_tpu_dout_18           8.725e+06       8.725e+06   9.26e-05   1.976e-05   3.499e-05           0   0.0001473     0.01264    DEL0
FE_PHC284_tpu_dout_5            8.725e+06       8.725e+06  9.264e-05   1.961e-05   3.499e-05           0   0.0001472     0.01264    DEL0
FE_PHC286_tpu_dout_8            8.725e+06       8.725e+06  9.274e-05   1.903e-05   3.499e-05           0   0.0001468      0.0126    DEL0
FE_PHC296_tpu_dout_19           8.725e+06       8.725e+06  9.259e-05    1.88e-05   3.499e-05           0   0.0001464     0.01256    DEL0
FE_PHC387_bus_addr_9                8e+06           8e+06  5.444e-05    4.33e-05   4.651e-05           0   0.0001442     0.01238    DEL01
FE_PHC505_bus_din_0                 8e+06           8e+06  1.272e-05   0.0001119   1.908e-05           0   0.0001437     0.01233    CKBD1
FE_PHC345_tpu_dout_0            8.725e+06       8.725e+06  5.942e-05   3.452e-05   4.653e-05           0   0.0001405     0.01205    DEL01
FE_PHC185_n_12                      4e+06           4e+06   6.09e-05   3.579e-05   4.229e-05           0    0.000139     0.01193    DEL1
FE_PHC453_bus_din_2                 8e+06           8e+06  6.137e-05   4.575e-05   3.141e-05           0   0.0001385     0.01189    DEL015
FE_PHC458_bus_din_1                 8e+06           8e+06  1.269e-05   0.0001048   1.908e-05           0   0.0001365     0.01172    CKBD1
FE_PHC516_bus_din_5                 8e+06           8e+06  8.534e-05   1.458e-05   3.499e-05           0   0.0001349     0.01158    DEL0
FE_PHC340_bus_addr_5                8e+06           8e+06  5.534e-05   3.273e-05   4.651e-05           0   0.0001346     0.01155    DEL01
FE_PHC456_bus_din_3                 8e+06           8e+06  8.487e-05   1.371e-05   3.499e-05           0   0.0001336     0.01146    DEL0
FE_PHC346_bus_addr_11               8e+06           8e+06   5.44e-05   3.206e-05   4.651e-05           0    0.000133     0.01141    DEL01
FE_PHC433_bus_din_7                 8e+06           8e+06    8.5e-05   1.296e-05   3.499e-05           0    0.000133     0.01141    DEL0
FE_PHC342_bus_addr_3                8e+06           8e+06  5.438e-05   3.175e-05   4.651e-05           0   0.0001326     0.01138    DEL01
FE_PHC423_bus_din_2                 8e+06           8e+06  5.459e-05    3.13e-05   4.651e-05           0   0.0001324     0.01136    DEL01
FE_PHC322_bus_addr_6                8e+06           8e+06  6.133e-05   3.926e-05   3.141e-05           0    0.000132     0.01133    DEL015
FE_PHC240_bus_addr_9                8e+06           8e+06  8.516e-05   1.183e-05   3.499e-05           0    0.000132     0.01133    DEL0
FE_PHC445_bus_din_3                 8e+06           8e+06  6.087e-05   3.924e-05   3.141e-05           0   0.0001315     0.01129    DEL015
FE_PHC430_bus_din_2                 8e+06           8e+06  5.457e-05   2.959e-05   4.651e-05           0   0.0001307     0.01121    DEL01
FE_PHC241_bus_addr_8                8e+06           8e+06  8.541e-05   8.776e-06   3.499e-05           0   0.0001292     0.01109    DEL0
FE_PHC515_bus_din_4                 8e+06           8e+06  6.068e-05    3.68e-05   3.141e-05           0   0.0001289     0.01106    DEL015
FE_PHC411_bus_din_6                 8e+06           8e+06  8.539e-05   8.245e-06   3.499e-05           0   0.0001286     0.01104    DEL0
FE_PHC525_bus_din_5                 8e+06           8e+06  8.512e-05   8.145e-06   3.499e-05           0   0.0001283     0.01101    DEL0
FE_PHC349_bus_addr_7                8e+06           8e+06  5.489e-05   2.628e-05   4.651e-05           0   0.0001277     0.01096    DEL01
FE_PHC470_bus_din_4                 8e+06           8e+06  5.435e-05   2.571e-05   4.651e-05           0   0.0001266     0.01086    DEL01
FE_PHC344_bus_addr_7                8e+06           8e+06  5.436e-05   2.523e-05   4.651e-05           0   0.0001261     0.01082    DEL01
FE_PHC242_bus_addr_11               8e+06           8e+06   8.53e-05   5.639e-06   3.499e-05           0   0.0001259     0.01081    DEL0
FE_PHC509_bus_din_0                 8e+06           8e+06  5.493e-05   2.177e-05   4.651e-05           0   0.0001232     0.01057    DEL01
FE_PHC422_bus_din_4                 8e+06           8e+06  1.259e-05   9.137e-05   1.908e-05           0    0.000123     0.01056    CKBD1
FE_PHC459_bus_din_4                 8e+06           8e+06  5.435e-05   2.072e-05   4.651e-05           0   0.0001216     0.01043    DEL01
FE_PHC378_tpu_dout_1            8.725e+06       8.725e+06   3.94e-05   1.124e-05   7.005e-05           0   0.0001207     0.01036    BUFFD4
FE_PHC446_bus_din_4                 8e+06           8e+06  6.069e-05   2.837e-05   3.141e-05           0   0.0001205     0.01034    DEL015
FE_PHC324_bus_wbuf_0                8e+06           8e+06  6.061e-05    2.68e-05   3.141e-05           0   0.0001188      0.0102    DEL015
FE_OFC11_sram_addr_0                1e+07           1e+07  1.633e-05    8.03e-05   1.908e-05           0   0.0001157     0.00993    CKBD1
FE_PHC343_bus_wbuf_0                8e+06           8e+06  5.421e-05   1.445e-05   4.651e-05           0   0.0001152    0.009883    DEL01
FE_PHC339_bus_addr_4                8e+06           8e+06  5.512e-05   1.119e-05   4.651e-05           0   0.0001128    0.009681    DEL01
FE_PHC431_bus_din_6                 8e+06           8e+06  5.417e-05   1.094e-05   4.651e-05           0   0.0001116    0.009578    DEL01
FE_PHC391_bus_addr_9                8e+06           8e+06   6.06e-05   1.954e-05   3.141e-05           0   0.0001116    0.009573    DEL015
FE_PHC435_bus_din_4                 8e+06           8e+06  6.052e-05    1.95e-05   3.141e-05           0   0.0001114    0.009562    DEL015
FE_PHC323_tpu_re                    8e+06           8e+06  5.538e-05   9.337e-06   4.651e-05           0   0.0001112    0.009544    DEL01
FE_PHC510_bus_din_7                 8e+06           8e+06  5.426e-05   1.021e-05   4.651e-05           0    0.000111    0.009523    DEL01
FE_PHC350_bus_addr_11               8e+06           8e+06  6.089e-05   1.783e-05   3.141e-05           0   0.0001101     0.00945    DEL015
FE_PHC318_bus_addr_10               8e+06           8e+06  6.079e-05   1.745e-05   3.141e-05           0   0.0001096     0.00941    DEL015
FE_PHC321_tpu_addr_7                8e+06           8e+06  6.069e-05   1.154e-05   3.141e-05           0   0.0001036    0.008893    DEL015
FE_PHC319_bus_addr_4                8e+06           8e+06  6.079e-05   1.061e-05   3.141e-05           0   0.0001028    0.008823    DEL015
FE_PHC320_bus_addr_5                8e+06           8e+06  6.044e-05   1.095e-05   3.141e-05           0   0.0001028    0.008821    DEL015
FE_PHC421_bus_din_3                 8e+06           8e+06   1.26e-05   6.963e-05   1.908e-05           0   0.0001013    0.008694    CKBD1
FE_OFC5_sram_addr_6                 1e+07           1e+07  1.633e-05   6.576e-05   1.908e-05           0   0.0001012    0.008682    CKBD1
FE_PHC362_bus_addr_11               8e+06           8e+06  6.049e-05   7.771e-06   3.141e-05           0   9.967e-05    0.008553    DEL015
FE_PHC355_bus_addr_11               8e+06           8e+06  6.074e-05   7.045e-06   3.141e-05           0   9.919e-05    0.008512    DEL015
FE_OFC9_sram_addr_2                 1e+07           1e+07  1.588e-05   6.304e-05   1.908e-05           0   9.799e-05    0.008409    CKBD1
FE_OFC8_sram_addr_3                 1e+07           1e+07  1.602e-05   5.841e-05   1.908e-05           0   9.351e-05    0.008024    CKBD1
FE_PHC179_bus_din_7                 8e+06           8e+06  2.007e-05   3.885e-05   3.311e-05           0   9.202e-05    0.007897    BUFFD2
FE_PHC513_bus_din_5                 8e+06           8e+06  1.285e-05   5.787e-05   1.908e-05           0   8.979e-05    0.007706    CKBD1
FE_OFC6_sram_addr_5                 1e+07           1e+07  1.604e-05   5.289e-05   1.908e-05           0   8.801e-05    0.007553    CKBD1
FE_OFC10_sram_addr_1                1e+07           1e+07  1.653e-05   5.152e-05   1.908e-05           0   8.714e-05    0.007478    CKBD1
FE_OFC7_sram_addr_4                 1e+07           1e+07  1.587e-05   5.127e-05   1.908e-05           0   8.623e-05      0.0074    CKBD1
FE_PHC442_bus_din_2                 8e+06           8e+06  1.257e-05   4.979e-05   1.908e-05           0   8.145e-05    0.006989    CKBD1
FE_OFC3_sram_addr_8                 1e+07           1e+07   1.63e-05   4.395e-05   1.908e-05           0   7.933e-05    0.006808    CKBD1
FE_PHC537_bus_din_5                 8e+06           8e+06  1.924e-05   3.405e-05    2.35e-05           0   7.679e-05     0.00659    DEL005
FE_PHC373_tpu_dout_1            8.725e+06       8.725e+06  2.154e-05   2.974e-05   2.353e-05           0   7.481e-05     0.00642    DEL005
FE_PHC429_bus_din_1                 8e+06           8e+06  1.262e-05   4.174e-05   1.908e-05           0   7.344e-05    0.006302    CKBD1
FE_PHC173_bus_din_2                 8e+06           8e+06  2.001e-05   2.013e-05   3.311e-05           0   7.325e-05    0.006286    BUFFD2
FE_PHC175_bus_din_1                 8e+06           8e+06  1.992e-05    1.96e-05   3.311e-05           0   7.264e-05    0.006233    BUFFD2
FE_PHC520_bus_din_3                 8e+06           8e+06  1.907e-05    2.98e-05    2.35e-05           0   7.237e-05    0.006211    DEL005
FE_PHC174_bus_din_3                 8e+06           8e+06  1.979e-05   1.943e-05   3.311e-05           0   7.233e-05    0.006207    BUFFD2
FE_PHC524_bus_din_5                 8e+06           8e+06  8.767e-06   5.513e-05   7.611e-06           0   7.151e-05    0.006137    CKBD0
FE_PHC177_bus_din_0                 8e+06           8e+06  1.988e-05   1.825e-05   3.311e-05           0   7.124e-05    0.006113    BUFFD2
FE_PHC178_bus_din_5                 8e+06           8e+06  1.976e-05   1.648e-05   3.311e-05           0   6.936e-05    0.005952    BUFFD2
FE_PHC409_bus_din_5                 8e+06           8e+06  2.004e-05   1.375e-05   3.311e-05           0    6.69e-05    0.005741    BUFFD2
FE_PHC418_FE_OFN4_sram_addr_7
                                    1e+07           1e+07  1.497e-05   3.454e-05   1.502e-05           0   6.453e-05    0.005538    BUFFD1
FE_PHC303_bus_din_6                 8e+06           8e+06  1.319e-05   3.167e-05   1.908e-05           0   6.395e-05    0.005488    CKBD1
FE_PHC476_bus_din_4                 8e+06           8e+06  1.276e-05   3.044e-05   1.908e-05           0   6.228e-05    0.005345    CKBD1
FE_PHC299_bus_din_5                 8e+06           8e+06   1.32e-05   2.914e-05   1.908e-05           0   6.142e-05    0.005271    CKBD1
FE_PHC176_bus_din_4                 8e+06           8e+06  1.954e-05   7.758e-06   3.311e-05           0   6.041e-05    0.005184    BUFFD2
FE_PHC471_bus_din_2                 8e+06           8e+06  1.313e-05   2.689e-05   1.908e-05           0    5.91e-05    0.005072    CKBD1
FE_PHC298_bus_din_7                 8e+06           8e+06  1.318e-05   2.483e-05   1.908e-05           0   5.709e-05    0.004899    CKBD1
FE_PHC300_bus_din_4                 8e+06           8e+06  1.318e-05   2.469e-05   1.908e-05           0   5.695e-05    0.004888    CKBD1
FE_PHC382_tpu_dout_3            8.725e+06       8.725e+06  2.066e-05   1.258e-05   2.353e-05           0   5.676e-05    0.004871    DEL005
FE_PHC432_bus_din_0                 8e+06           8e+06  1.246e-05   2.519e-05   1.908e-05           0   5.674e-05    0.004869    CKBD1
FE_PHC301_bus_din_3                 8e+06           8e+06  1.318e-05   2.435e-05   1.908e-05           0   5.661e-05    0.004858    CKBD1
FE_PHC371_tpu_dout_0            8.725e+06       8.725e+06  2.066e-05   1.222e-05   2.353e-05           0   5.641e-05     0.00484    DEL005
FE_PHC492_bus_din_0                 8e+06           8e+06  1.892e-05   1.377e-05    2.35e-05           0   5.619e-05    0.004822    DEL005
FE_PHC359_tpu_dout_3            8.725e+06       8.725e+06  2.048e-05   1.076e-05   2.353e-05           0   5.477e-05      0.0047    DEL005
FE_PHC467_bus_din_1                 8e+06           8e+06  1.885e-05   1.228e-05    2.35e-05           0   5.463e-05    0.004688    DEL005
FE_PHC468_bus_din_3                 8e+06           8e+06  1.886e-05   1.199e-05    2.35e-05           0   5.435e-05    0.004664    DEL005
FE_PHC460_bus_din_6                 8e+06           8e+06  1.927e-05    1.14e-05    2.35e-05           0   5.417e-05    0.004649    DEL005
FE_PHC365_tpu_dout_3            8.725e+06       8.725e+06  2.081e-05   9.687e-06   2.353e-05           0   5.402e-05    0.004636    DEL005
FE_PHC482_bus_din_1                 8e+06           8e+06  1.918e-05   1.131e-05    2.35e-05           0   5.399e-05    0.004633    DEL005
FE_PHC455_bus_din_1                 8e+06           8e+06  1.936e-05   1.081e-05    2.35e-05           0   5.366e-05    0.004605    DEL005
FE_PHC500_bus_din_0                 8e+06           8e+06  1.905e-05   1.107e-05    2.35e-05           0   5.363e-05    0.004602    DEL005
FE_PHC397_tpu_dout_1            8.725e+06       8.725e+06  2.095e-05   9.108e-06   2.353e-05           0   5.358e-05    0.004598    DEL005
FE_OFC4_sram_addr_7                 1e+07           1e+07  1.605e-05   1.829e-05   1.908e-05           0   5.342e-05    0.004584    CKBD1
FE_PHC454_bus_din_0                 8e+06           8e+06  8.766e-06   3.687e-05   7.611e-06           0   5.325e-05    0.004569    CKBD0
FE_PHC381_tpu_dout_0            8.725e+06       8.725e+06  2.054e-05   9.173e-06   2.353e-05           0   5.324e-05    0.004569    DEL005
FE_PHC384_bus_addr_9                8e+06           8e+06  1.882e-05   1.067e-05    2.35e-05           0   5.299e-05    0.004547    DEL005
FE_PHC495_bus_din_0                 8e+06           8e+06   1.88e-05   1.056e-05    2.35e-05           0   5.286e-05    0.004536    DEL005
FE_PHC398_tpu_dout_3            8.725e+06       8.725e+06  2.115e-05   7.816e-06   2.353e-05           0   5.249e-05    0.004505    DEL005
FE_PHC438_bus_din_1                 8e+06           8e+06  1.934e-05   9.588e-06    2.35e-05           0   5.243e-05    0.004499    DEL005
FE_PHC503_bus_din_0                 8e+06           8e+06  1.906e-05   9.028e-06    2.35e-05           0   5.158e-05    0.004427    DEL005
FE_PHC490_bus_din_1                 8e+06           8e+06  1.905e-05   8.891e-06    2.35e-05           0   5.144e-05    0.004414    DEL005
FE_PHC447_bus_din_2                 8e+06           8e+06  1.881e-05   9.051e-06    2.35e-05           0   5.136e-05    0.004408    DEL005
FE_PHC478_bus_din_1                 8e+06           8e+06  1.902e-05   8.837e-06    2.35e-05           0   5.136e-05    0.004408    DEL005
FE_PHC358_tpu_dout_1            8.725e+06       8.725e+06  2.058e-05   7.236e-06   2.353e-05           0   5.134e-05    0.004406    DEL005
FE_PHC369_bus_addr_11               8e+06           8e+06  1.211e-05   2.422e-05   1.483e-05           0   5.116e-05     0.00439    BUFFD1
p23649A__8246                       8e+06           4e+06   3.37e-06       4e-05   7.621e-06           0   5.099e-05    0.004376    ND2D1
FE_PHC477_bus_din_6                 8e+06           8e+06  1.875e-05   8.733e-06    2.35e-05           0   5.098e-05    0.004375    DEL005
FE_PHC372_tpu_dout_3            8.725e+06       8.725e+06  2.076e-05   6.428e-06   2.353e-05           0   5.071e-05    0.004352    DEL005
p11362A3057__6260                   8e+06           1e+07  2.169e-05   1.626e-05   1.268e-05           0   5.062e-05    0.004344    MOAI22D0
FE_PHC463_bus_din_2                 8e+06           8e+06  1.908e-05   7.938e-06    2.35e-05           0   5.051e-05    0.004335    DEL005
FE_PHC493_bus_din_6                 8e+06           8e+06    1.9e-05   7.841e-06    2.35e-05           0   5.034e-05     0.00432    DEL005
FE_PHC504_bus_din_0                 8e+06           8e+06  1.908e-05   7.744e-06    2.35e-05           0   5.032e-05    0.004318    DEL005
FE_PHC379_bus_addr_9                8e+06           8e+06  1.902e-05   7.714e-06    2.35e-05           0   5.024e-05    0.004311    DEL005
FE_PHC389_tpu_dout_1            8.725e+06       8.725e+06   2.05e-05   6.001e-06   2.353e-05           0   5.003e-05    0.004293    DEL005
p11362A3056__5107                   8e+06           1e+07  2.176e-05   1.537e-05   1.268e-05           0   4.981e-05    0.004275    MOAI22D0
p11362A3059__8428                   8e+06           1e+07  2.218e-05   1.488e-05   1.268e-05           0   4.975e-05    0.004269    MOAI22D0
FE_PHC354_bus_addr_9                8e+06           8e+06  1.883e-05   6.932e-06    2.35e-05           0   4.926e-05    0.004227    DEL005
FE_PHC341_bus_addr_6                8e+06           8e+06  1.875e-05   6.868e-06    2.35e-05           0   4.912e-05    0.004215    DEL005
FE_PHC425_bus_din_1                 8e+06           8e+06  1.873e-05   6.772e-06    2.35e-05           0     4.9e-05    0.004205    DEL005
FE_PHC512_bus_din_1                 8e+06           8e+06  1.905e-05   6.371e-06    2.35e-05           0   4.892e-05    0.004198    DEL005
FE_PHC466_bus_din_2                 8e+06           8e+06  1.907e-05   6.024e-06    2.35e-05           0    4.86e-05     0.00417    DEL005
FE_PHC473_bus_din_0                 8e+06           8e+06  1.872e-05   6.297e-06    2.35e-05           0   4.851e-05    0.004163    DEL005
FE_PHC353_bus_addr_8                8e+06           8e+06  1.878e-05   6.197e-06    2.35e-05           0   4.848e-05     0.00416    DEL005
FE_PHC518_bus_din_3                 8e+06           8e+06  1.908e-05   5.826e-06    2.35e-05           0    4.84e-05    0.004154    DEL005
Fp23597A                            8e+06           8e+06  2.837e-06   4.141e-05   3.713e-06           0   4.796e-05    0.004116    CKND0
FE_PHC399_bus_addr_8                8e+06           8e+06  1.884e-05     5.5e-06    2.35e-05           0   4.784e-05    0.004106    DEL005
FE_PHC390_bus_addr_8                8e+06           8e+06   1.88e-05   5.494e-06    2.35e-05           0    4.78e-05    0.004102    DEL005
p11362A3061__6783                   8e+06           1e+07  2.329e-05   1.164e-05   1.268e-05           0   4.761e-05    0.004086    MOAI22D0
FE_PHC367_bus_addr_9                8e+06           8e+06  1.876e-05   4.655e-06    2.35e-05           0   4.691e-05    0.004026    DEL005
FE_PHC368_bus_addr_8                8e+06           8e+06  1.874e-05   4.286e-06    2.35e-05           0   4.652e-05    0.003993    DEL005
FE_PHC538_bus_din_5                 8e+06           8e+06  1.174e-05   1.989e-05   1.483e-05           0   4.646e-05    0.003987    BUFFD1
FE_PHC396_bus_addr_9                8e+06           8e+06  8.929e-06    2.99e-05   7.611e-06           0   4.644e-05    0.003986    CKBD0
FE_PHC406_bus_addr_8                8e+06           8e+06  1.867e-05   4.256e-06    2.35e-05           0   4.642e-05    0.003984    DEL005
FE_PHC452_bus_din_4                 8e+06           8e+06  8.667e-06   2.987e-05   7.611e-06           0   4.615e-05     0.00396    CKBD0
p11362A__2398                       8e+06           1e+07  2.218e-05   1.085e-05   1.268e-05           0   4.571e-05    0.003922    MOAI22D0
FE_PHC403_bus_addr_8                8e+06           8e+06  1.878e-05   3.157e-06    2.35e-05           0   4.543e-05    0.003899    DEL005
p23543A__3680                       8e+06           6e+06  9.021e-06   2.806e-05   8.321e-06           0    4.54e-05    0.003896    IND2D0
FE_PHC380_bus_addr_8                8e+06           8e+06  1.873e-05   3.046e-06    2.35e-05           0   4.528e-05    0.003886    DEL005
p11362A3063__1617                   8e+06           1e+07  2.218e-05     9.8e-06   1.268e-05           0   4.466e-05    0.003832    MOAI22D0
FE_PHC514_bus_addr_2                8e+06           8e+06  1.296e-05   1.219e-05   1.908e-05           0   4.423e-05    0.003796    CKBD1
FE_PHC424_bus_din_0                 8e+06           8e+06  1.247e-05   1.195e-05   1.908e-05           0   4.351e-05    0.003734    CKBD1
p11189A__1617                       8e+06           8e+06  1.044e-05   2.413e-05   8.934e-06           0    4.35e-05    0.003733    OR2D0
FE_PHC526_bus_din_3                 8e+06           8e+06  1.245e-05    1.18e-05   1.908e-05           0   4.333e-05    0.003718    CKBD1
FE_PHC508_bus_din_0                 8e+06           8e+06  1.191e-05   1.638e-05   1.483e-05           0   4.312e-05    0.003701    BUFFD1
p11362A3060__5526                   8e+06           1e+07  2.332e-05   6.899e-06   1.268e-05           0    4.29e-05    0.003682    MOAI22D0
FE_PHC443_bus_din_1                 8e+06           8e+06  1.247e-05   1.083e-05   1.908e-05           0   4.238e-05    0.003637    CKBD1
FE_PHC357_tpu_dout_0            8.725e+06       8.725e+06  9.412e-06   2.511e-05   7.611e-06           0   4.213e-05    0.003616    CKBD0
FE_PHC326_tpu_dout_5            8.725e+06       8.725e+06  1.369e-05   8.946e-06   1.908e-05           0   4.172e-05     0.00358    CKBD1
p11362A3062__3680                   8e+06           1e+07  2.217e-05   6.623e-06   1.268e-05           0   4.147e-05    0.003559    MOAI22D0
FE_PHC528_bus_din_5                 8e+06           8e+06  8.622e-06   2.465e-05   7.611e-06           0   4.088e-05    0.003508    CKBD0
FE_PHC517_bus_din_0                 8e+06           8e+06  1.175e-05   1.409e-05   1.483e-05           0   4.067e-05     0.00349    BUFFD1
FE_PHC329_tpu_dout_19           8.725e+06       8.725e+06  1.312e-05   1.192e-05   1.545e-05           0   4.049e-05    0.003474    BUFFD1
FE_PHC305_bus_din_0                 8e+06           8e+06  1.231e-05   1.332e-05   1.483e-05           0   4.046e-05    0.003472    BUFFD1
p11362A3058__4319                   8e+06           1e+07  2.216e-05    5.36e-06   1.268e-05           0    4.02e-05     0.00345    MOAI22D0
FE_PHC451_bus_din_1                 8e+06           8e+06  1.236e-05    8.76e-06   1.908e-05           0    4.02e-05    0.003449    CKBD1
FE_PHC465_bus_din_0                 8e+06           8e+06  8.703e-06    2.35e-05   7.611e-06           0   3.981e-05    0.003417    CKBD0
FE_PHC306_bus_din_1                 8e+06           8e+06   1.23e-05   1.249e-05   1.483e-05           0   3.962e-05      0.0034    BUFFD1
FE_PHC457_bus_din_6                 8e+06           8e+06  8.673e-06   2.331e-05   7.611e-06           0   3.959e-05    0.003398    CKBD0
FE_PHC527_bus_din_5                 8e+06           8e+06  8.767e-06   2.309e-05   7.611e-06           0   3.947e-05    0.003387    CKBD0
FE_PHC331_tpu_dout_12           8.725e+06       8.725e+06  1.369e-05   6.526e-06   1.908e-05           0    3.93e-05    0.003373    CKBD1
FE_PHC523_bus_din_3                 8e+06           8e+06   8.62e-06   2.295e-05   7.611e-06           0   3.918e-05    0.003362    CKBD0
FE_PHC325_tpu_dout_8            8.725e+06       8.725e+06  1.367e-05   6.368e-06   1.908e-05           0   3.912e-05    0.003357    CKBD1
FE_PHC370_bus_addr_3                8e+06           8e+06  1.298e-05   7.035e-06   1.908e-05           0    3.91e-05    0.003355    CKBD1
FE_PHC414_bus_addr_10               8e+06           8e+06  1.289e-05   7.051e-06   1.908e-05           0   3.902e-05    0.003349    CKBD1
p23658A3365__4733                   8e+06           4e+06  2.008e-06   3.375e-05   3.105e-06           0   3.887e-05    0.003335    CKND2D0
FE_PHC439_bus_din_0                 8e+06           8e+06  1.224e-05   7.539e-06   1.908e-05           0   3.886e-05    0.003335    CKBD1
FE_PHC394_tpu_dout_0            8.725e+06       8.725e+06  1.366e-05   6.087e-06   1.908e-05           0   3.883e-05    0.003333    CKBD1
FE_PHC401_tpu_dout_3            8.725e+06       8.725e+06  1.346e-05   6.263e-06   1.908e-05           0   3.881e-05     0.00333    CKBD1
FE_PHC330_tpu_dout_18           8.725e+06       8.725e+06  1.307e-05   1.019e-05   1.545e-05           0   3.871e-05    0.003322    BUFFD1
FE_PHC521_bus_din_5                 8e+06           8e+06  8.656e-06   2.212e-05   7.611e-06           0   3.839e-05    0.003294    CKBD0
FE_PHC496_bus_din_6                 8e+06           8e+06  1.236e-05   6.859e-06   1.908e-05           0    3.83e-05    0.003287    CKBD1
FE_PHC327_tpu_dout_17           8.725e+06       8.725e+06  1.365e-05   5.124e-06   1.908e-05           0   3.786e-05    0.003249    CKBD1
p23658A__5115                       8e+06           4e+06   2.18e-06   3.206e-05   3.418e-06           0   3.766e-05    0.003232    ND2D0
FE_PHC328_tpu_dout_2            8.725e+06       8.725e+06  1.367e-05   4.807e-06   1.908e-05           0   3.756e-05    0.003223    CKBD1
FE_PHC415_bus_addr_6                8e+06           8e+06  1.291e-05   5.523e-06   1.908e-05           0   3.751e-05    0.003219    CKBD1
p23566A__1881                       8e+06           6e+06  3.014e-06   3.088e-05   3.373e-06           0   3.727e-05    0.003198    CKND2D0
FE_PHC497_bus_din_3                 8e+06           8e+06  8.628e-06   2.042e-05   7.611e-06           0   3.666e-05    0.003146    CKBD0
FE_PHC419_bus_addr_7                8e+06           8e+06  1.286e-05    4.45e-06   1.908e-05           0    3.64e-05    0.003123    CKBD1
FE_PHC400_tpu_dout_1            8.725e+06       8.725e+06  1.305e-05    7.83e-06   1.545e-05           0   3.633e-05    0.003118    BUFFD1
FE_PHC494_bus_din_3                 8e+06           8e+06    8.6e-06       2e-05   7.611e-06           0   3.621e-05    0.003108    CKBD0
FE_PHC302_bus_din_2                 8e+06           8e+06  1.162e-05   9.503e-06   1.483e-05           0   3.595e-05    0.003085    BUFFD1
FE_PHC464_bus_din_4                 8e+06           8e+06  8.605e-06   1.931e-05   7.611e-06           0   3.553e-05    0.003049    CKBD0
FE_PHC487_bus_din_3                 8e+06           8e+06  8.706e-06   1.911e-05   7.611e-06           0   3.543e-05     0.00304    CKBD0
FE_PHC416_bus_addr_9                8e+06           8e+06  1.283e-05   3.213e-06   1.908e-05           0   3.513e-05    0.003014    CKBD1
FE_PHC472_bus_din_3                 8e+06           8e+06  8.594e-06   1.879e-05   7.611e-06           0   3.499e-05    0.003003    CKBD0
FE_PHC519_bus_din_1                 8e+06           8e+06  1.229e-05   3.039e-06   1.908e-05           0   3.441e-05    0.002953    CKBD1
FE_PHC408_bus_addr_8                8e+06           8e+06  1.223e-05   7.186e-06   1.483e-05           0   3.424e-05    0.002939    BUFFD1
FE_PHC180_bus_din_6                 8e+06           8e+06  1.158e-05   7.682e-06   1.483e-05           0   3.409e-05    0.002925    BUFFD1
p11422A3245__1617                   8e+06           8e+06  9.409e-06   1.626e-05   7.844e-06           0   3.351e-05    0.002876    CKAN2D0
p23607A__7482                       8e+06           6e+06   9.15e-06   1.584e-05   8.187e-06           0   3.318e-05    0.002847    INR2D0
p23649A3364__6131                   8e+06           4e+06  1.995e-06   2.789e-05   3.105e-06           0   3.299e-05    0.002831    CKND2D0
FE_PHC417_bus_addr_11               8e+06           8e+06  1.219e-05   5.799e-06   1.483e-05           0   3.282e-05    0.002816    BUFFD1
FE_PHC377_tpu_dout_3            8.725e+06       8.725e+06  9.465e-06   1.512e-05   7.611e-06           0   3.219e-05    0.002763    CKBD0
FE_PHC529_bus_din_5                 8e+06           8e+06  8.574e-06   1.596e-05   7.611e-06           0   3.215e-05    0.002759    CKBD0
FE_PHC484_bus_din_3                 8e+06           8e+06  8.574e-06   1.591e-05   7.611e-06           0   3.209e-05    0.002754    CKBD0
FE_PHC536_bus_din_5                 8e+06           8e+06  8.773e-06   1.547e-05   7.611e-06           0   3.185e-05    0.002733    CKBD0
p23529A__9945                       8e+06           8e+06  1.049e-05   1.188e-05   9.447e-06           0   3.181e-05     0.00273    INR2D0
FE_PHC535_bus_din_5                 8e+06           8e+06  8.768e-06   1.529e-05   7.611e-06           0   3.167e-05    0.002718    CKBD0
FE_PHC534_bus_din_5                 8e+06           8e+06  8.567e-06   1.514e-05   7.611e-06           0   3.132e-05    0.002688    CKBD0
FE_PHC351_tpu_dout_1            8.725e+06       8.725e+06  9.543e-06   1.414e-05   7.611e-06           0   3.129e-05    0.002686    CKBD0
FE_PHC356_bus_addr_3                8e+06           8e+06  8.579e-06   1.487e-05   7.611e-06           0   3.107e-05    0.002666    CKBD0
FE_PHC383_tpu_dout_1            8.725e+06       8.725e+06  9.564e-06   1.377e-05   7.611e-06           0   3.094e-05    0.002655    CKBD0
FE_PHC352_tpu_dout_3            8.725e+06       8.725e+06  9.556e-06   1.377e-05   7.611e-06           0   3.094e-05    0.002655    CKBD0
p11422A3257__9315                   8e+06           8e+06  9.403e-06    1.35e-05   7.844e-06           0   3.075e-05    0.002639    CKAN2D0
FE_PHC511_bus_din_2                 8e+06           8e+06  1.148e-05   4.432e-06   1.483e-05           0   3.074e-05    0.002638    BUFFD1
p11422A3203__9945                   8e+06           8e+06  9.412e-06    1.29e-05   7.844e-06           0   3.015e-05    0.002588    CKAN2D0
FE_PHC481_bus_din_6                 8e+06           8e+06  8.798e-06   1.353e-05   7.611e-06           0   2.994e-05    0.002569    CKBD0
FE_PHC531_bus_din_5                 8e+06           8e+06  8.736e-06   1.355e-05   7.611e-06           0    2.99e-05    0.002566    CKBD0
p11168A__2802                       8e+06           8e+06  1.026e-05   9.564e-06   9.447e-06           0   2.927e-05    0.002512    INR2D0
p23572A3363__7098                   8e+06           4e+06  7.743e-06    2.35e-06   1.918e-05           0   2.927e-05    0.002512    NR2D2
FE_PHC364_tpu_dout_0            8.725e+06       8.725e+06   9.43e-06   1.191e-05   7.611e-06           0   2.895e-05    0.002485    CKBD0
FE_PHC498_bus_din_0                 8e+06           8e+06  8.553e-06   1.276e-05   7.611e-06           0   2.893e-05    0.002482    CKBD0
FE_PHC479_bus_din_3                 8e+06           8e+06   8.53e-06   1.239e-05   7.611e-06           0   2.853e-05    0.002448    CKBD0
p11422A3218__2802                   8e+06           8e+06   9.39e-06   1.115e-05   7.844e-06           0   2.839e-05    0.002436    CKAN2D0
p11422A3261__1666                   8e+06           8e+06  9.374e-06   1.099e-05   7.844e-06           0   2.821e-05    0.002421    CKAN2D0
FE_PHC461_bus_din_1                 8e+06           8e+06  8.525e-06   1.195e-05   7.611e-06           0   2.809e-05     0.00241    CKBD0
FE_PHC485_bus_din_1                 8e+06           8e+06  8.855e-06   1.161e-05   7.611e-06           0   2.808e-05    0.002409    CKBD0
FE_PHC307_n_8                       6e+06           6e+06  9.306e-06   5.023e-06    1.37e-05           0   2.803e-05    0.002405    BUFFD1
FE_PHC363_bus_addr_3                8e+06           8e+06  8.756e-06   1.162e-05   7.611e-06           0   2.798e-05    0.002401    CKBD0
FE_PHC448_bus_din_1                 8e+06           8e+06  8.651e-06   1.169e-05   7.611e-06           0   2.795e-05    0.002398    CKBD0
FE_PHC502_bus_din_0                 8e+06           8e+06  8.709e-06   1.138e-05   7.611e-06           0    2.77e-05    0.002377    CKBD0
p11422A3224__1881                   8e+06           8e+06  9.371e-06   1.033e-05   7.844e-06           0   2.755e-05    0.002364    CKAN2D0
FE_PHC386_tpu_dout_0            8.725e+06       8.725e+06  9.564e-06   1.036e-05   7.611e-06           0   2.754e-05    0.002363    CKBD0
FE_PHC407_bus_addr_8                8e+06           8e+06  8.731e-06   1.103e-05   7.611e-06           0   2.737e-05    0.002349    CKBD0
FE_PHC474_bus_din_1                 8e+06           8e+06  8.518e-06   1.071e-05   7.611e-06           0   2.684e-05    0.002303    CKBD0
p11422A3201__6161                   8e+06           8e+06  9.366e-06   9.486e-06   7.844e-06           0    2.67e-05    0.002291    CKAN2D0
FE_PHC388_tpu_dout_3            8.725e+06       8.725e+06  9.387e-06   9.685e-06   7.611e-06           0   2.668e-05     0.00229    CKBD0
FE_PHC501_bus_din_3                 8e+06           8e+06  8.737e-06   1.028e-05   7.611e-06           0   2.662e-05    0.002285    CKBD0
FE_PHC376_tpu_dout_0            8.725e+06       8.725e+06  9.446e-06   9.349e-06   7.611e-06           0   2.641e-05    0.002266    CKBD0
FE_PHC392_tpu_dout_1            8.725e+06       8.725e+06  9.447e-06   9.275e-06   7.611e-06           0   2.633e-05     0.00226    CKBD0
FE_PHC405_bus_addr_8                8e+06           8e+06  8.767e-06   9.824e-06   7.611e-06           0    2.62e-05    0.002248    CKBD0
FE_PHC483_bus_din_0                 8e+06           8e+06  8.499e-06   1.009e-05   7.611e-06           0    2.62e-05    0.002248    CKBD0
FE_PHC499_bus_din_3                 8e+06           8e+06  8.527e-06   9.992e-06   7.611e-06           0   2.613e-05    0.002242    CKBD0
p11422A3263__6417                   8e+06           8e+06  9.335e-06    8.94e-06   7.844e-06           0   2.612e-05    0.002241    CKAN2D0
p11422A3260__2346                   8e+06           8e+06  9.331e-06   8.827e-06   7.844e-06           0     2.6e-05    0.002231    CKAN2D0
p11422A3220__5122                   8e+06           8e+06  9.404e-06   8.665e-06   7.844e-06           0   2.591e-05    0.002224    CKAN2D0
FE_PHC360_bus_addr_8                8e+06           8e+06  8.762e-06   9.386e-06   7.611e-06           0   2.576e-05    0.002211    CKBD0
FE_PHC374_bus_addr_8                8e+06           8e+06  8.786e-06   8.944e-06   7.611e-06           0   2.534e-05    0.002175    CKBD0
FE_PHC366_tpu_dout_1            8.725e+06       8.725e+06  9.228e-06   8.456e-06   7.611e-06           0    2.53e-05    0.002171    CKBD0
FE_PHC361_bus_addr_9                8e+06           8e+06  8.748e-06   8.797e-06   7.611e-06           0   2.516e-05    0.002159    CKBD0
p11422A3222__7098                   8e+06           8e+06  9.366e-06    7.88e-06   7.844e-06           0   2.509e-05    0.002153    CKAN2D0
FE_PHC375_bus_addr_9                8e+06           8e+06  8.679e-06   8.747e-06   7.611e-06           0   2.504e-05    0.002149    CKBD0
FE_PHC480_bus_din_0                 8e+06           8e+06  8.487e-06   8.824e-06   7.611e-06           0   2.492e-05    0.002139    CKBD0
FE_PHC449_bus_din_0                 8e+06           8e+06  8.585e-06   8.637e-06   7.611e-06           0   2.483e-05    0.002131    CKBD0
FE_PHC395_bus_addr_8                8e+06           8e+06  8.725e-06   8.422e-06   7.611e-06           0   2.476e-05    0.002125    CKBD0
p11422A3244__3680                   8e+06           8e+06  9.335e-06   7.536e-06   7.844e-06           0   2.472e-05    0.002121    CKAN2D0
FE_PHC385_bus_addr_8                8e+06           8e+06  8.721e-06     8.1e-06   7.611e-06           0   2.443e-05    0.002097    CKBD0
FE_PHC338_tpu_addr_7                8e+06           8e+06  9.095e-06   7.703e-06   7.611e-06           0   2.441e-05    0.002095    CKBD0
p11422A3253__5115                   8e+06           8e+06  9.387e-06   7.071e-06   7.844e-06           0    2.43e-05    0.002086    CKAN2D0
p11422A3204__2883                   8e+06           8e+06  9.328e-06   7.124e-06   7.844e-06           0    2.43e-05    0.002085    CKAN2D0
p11608A3082__2398                   8e+06           8e+06  4.528e-06   1.492e-05   4.646e-06           0   2.409e-05    0.002068    NR2D0
p11608A3076__2883                   8e+06           8e+06  4.538e-06   1.486e-05   4.646e-06           0   2.404e-05    0.002063    NR2D0
FE_PHC402_bus_addr_8                8e+06           8e+06  8.768e-06   7.512e-06   7.611e-06           0   2.389e-05     0.00205    CKBD0
FE_PHC337_bus_addr_10               8e+06           8e+06  9.083e-06   7.098e-06   7.611e-06           0   2.379e-05    0.002042    CKBD0
p11422A3247__1705                   8e+06           8e+06  9.348e-06   6.599e-06   7.844e-06           0   2.379e-05    0.002042    CKAN2D0
p11422A3259__2883                   8e+06           8e+06  9.323e-06   6.427e-06   7.844e-06           0   2.359e-05    0.002025    CKAN2D0
p11422A3243__6783                   8e+06           8e+06  9.322e-06   6.396e-06   7.844e-06           0   2.356e-05    0.002022    CKAN2D0
FE_PHC469_bus_din_6                 8e+06           8e+06  8.626e-06   7.314e-06   7.611e-06           0   2.355e-05    0.002021    CKBD0
p11422A3242__5526                   8e+06           8e+06  9.384e-06   6.317e-06   7.844e-06           0   2.355e-05    0.002021    CKAN2D0
p11422A3270__5526                   8e+06           8e+06  9.385e-06    6.31e-06   7.844e-06           0   2.354e-05     0.00202    CKAN2D0
p11422A3202__9315                   8e+06           8e+06  9.367e-06   6.311e-06   7.844e-06           0   2.352e-05    0.002019    CKAN2D0
p11608A3116__6783                   8e+06           8e+06  4.483e-06   1.438e-05   4.646e-06           0   2.351e-05    0.002018    NR2D0
p11422A3211__6260                   8e+06           8e+06  9.308e-06   6.341e-06   7.844e-06           0   2.349e-05    0.002016    CKAN2D0
p11608A3088__6783                   8e+06           8e+06  4.525e-06   1.428e-05   4.646e-06           0   2.345e-05    0.002013    NR2D0
p11422A3213__8428                   8e+06           8e+06   9.34e-06   6.263e-06   7.844e-06           0   2.345e-05    0.002012    CKAN2D0
p11422A3239__6260                   8e+06           8e+06  9.349e-06   6.251e-06   7.844e-06           0   2.344e-05    0.002012    CKAN2D0
p11422A3233__1666                   8e+06           8e+06   9.37e-06   6.216e-06   7.844e-06           0   2.343e-05    0.002011    CKAN2D0
p11608A3086__8428                   8e+06           8e+06  4.536e-06   1.424e-05   4.646e-06           0   2.342e-05     0.00201    NR2D0
p11422A3212__4319                   8e+06           8e+06  9.312e-06   6.259e-06   7.844e-06           0   2.341e-05    0.002009    CKAN2D0
p11422A3225__5115                   8e+06           8e+06  9.311e-06   6.238e-06   7.844e-06           0   2.339e-05    0.002008    CKAN2D0
p11422A3241__8428                   8e+06           8e+06  9.322e-06   6.209e-06   7.844e-06           0   2.337e-05    0.002006    CKAN2D0
p11422A3205__2346                   8e+06           8e+06  9.312e-06   6.206e-06   7.844e-06           0   2.336e-05    0.002005    CKAN2D0
p11608A3074__9315                   8e+06           8e+06  4.531e-06   1.417e-05   4.646e-06           0   2.335e-05    0.002004    NR2D0
p11422A3227__4733                   8e+06           8e+06  9.345e-06   6.111e-06   7.844e-06           0    2.33e-05       0.002    CKAN2D0
p11774A3264__5477                   8e+06           8e+06  9.563e-06   5.892e-06   7.844e-06           0    2.33e-05    0.001999    CKAN2D0
p11774A3268__4319                   8e+06           8e+06  9.564e-06   5.874e-06   7.844e-06           0   2.328e-05    0.001998    CKAN2D0
p11422A__7482                       8e+06           8e+06  9.303e-06   6.133e-06   7.844e-06           0   2.328e-05    0.001998    CKAN2D0
p11422A3250__7098                   8e+06           8e+06  9.307e-06   6.121e-06   7.844e-06           0   2.327e-05    0.001997    CKAN2D0
p11422A3221__8246                   8e+06           8e+06   9.37e-06   6.057e-06   7.844e-06           0   2.327e-05    0.001997    CKAN2D0
FE_PHC404_bus_addr_8                8e+06           8e+06  8.489e-06   7.132e-06   7.611e-06           0   2.323e-05    0.001994    CKBD0
p11422A3237__2398                   8e+06           8e+06  9.323e-06    6.05e-06   7.844e-06           0   2.322e-05    0.001992    CKAN2D0
p11422A3238__5107                   8e+06           8e+06   9.37e-06   5.983e-06   7.844e-06           0    2.32e-05    0.001991    CKAN2D0
p11422A3230__9945                   8e+06           8e+06  9.326e-06   6.012e-06   7.844e-06           0   2.318e-05    0.001989    CKAN2D0
p11422A3232__2346                   8e+06           8e+06  9.336e-06   5.918e-06   7.844e-06           0    2.31e-05    0.001982    CKAN2D0
FE_PHC393_tpu_dout_3            8.725e+06       8.725e+06  9.497e-06   5.989e-06   7.611e-06           0    2.31e-05    0.001982    CKBD0
p23616A__6783                       8e+06           4e+06  9.414e-06   1.718e-06   1.188e-05           0   2.301e-05    0.001975    IND2D1
FE_PHC489_bus_din_6                 8e+06           8e+06  8.657e-06   6.711e-06   7.611e-06           0   2.298e-05    0.001972    CKBD0
p11422A3235__6417                   8e+06           8e+06   9.37e-06   5.709e-06   7.844e-06           0   2.292e-05    0.001967    CKAN2D0
p11422A3223__6131                   8e+06           8e+06  9.293e-06   5.776e-06   7.844e-06           0   2.291e-05    0.001966    CKAN2D0
p11422A3249__8246                   8e+06           8e+06  9.295e-06   5.772e-06   7.844e-06           0   2.291e-05    0.001966    CKAN2D0
p11422A3266__5107                   8e+06           8e+06  9.298e-06   5.681e-06   7.844e-06           0   2.282e-05    0.001959    CKAN2D0
p11608A3117__3680                   8e+06           8e+06   4.49e-06   1.367e-05   4.646e-06           0   2.281e-05    0.001958    NR2D0
p11608A3067__7098                   8e+06           8e+06  4.533e-06    1.36e-05   4.646e-06           0   2.278e-05    0.001955    NR2D0
p11608A3068__6131                   8e+06           8e+06  4.533e-06   1.358e-05   4.646e-06           0   2.276e-05    0.001953    NR2D0
p11422A3214__5526                   8e+06           8e+06  9.366e-06   5.502e-06   7.844e-06           0   2.271e-05    0.001949    CKAN2D0
p11422A3255__4733                   8e+06           8e+06  9.308e-06   5.501e-06   7.844e-06           0   2.265e-05    0.001944    CKAN2D0
FE_PHC488_bus_din_0                 8e+06           8e+06  8.591e-06   6.433e-06   7.611e-06           0   2.264e-05    0.001942    CKBD0
p11422A3219__1705                   8e+06           8e+06  9.363e-06   5.352e-06   7.844e-06           0   2.256e-05    0.001936    CKAN2D0
p11608A3080__6417                   8e+06           8e+06  4.541e-06   1.337e-05   4.646e-06           0   2.256e-05    0.001936    NR2D0
p11422A3258__9945                   8e+06           8e+06  9.309e-06   5.393e-06   7.844e-06           0   2.255e-05    0.001935    CKAN2D0
p11608A__2802                       8e+06           8e+06  4.542e-06    1.33e-05   4.646e-06           0   2.248e-05     0.00193    NR2D0
p11608A3125__1881                   8e+06           8e+06  4.549e-06   1.321e-05   4.646e-06           0   2.241e-05    0.001923    NR2D0
p11774A3256__6161                   8e+06           8e+06  9.546e-06   5.011e-06   7.844e-06           0    2.24e-05    0.001922    CKAN2D0
p11422A3231__2883                   8e+06           8e+06  9.365e-06   5.173e-06   7.844e-06           0   2.238e-05    0.001921    CKAN2D0
p11608A3077__2346                   8e+06           8e+06  4.544e-06   1.313e-05   4.646e-06           0   2.232e-05    0.001915    NR2D0
p11422A3215__6783                   8e+06           8e+06  9.281e-06   5.094e-06   7.844e-06           0   2.222e-05    0.001907    CKAN2D0
FE_PHC436_bus_din_2                 8e+06           8e+06  8.673e-06     5.9e-06   7.611e-06           0   2.218e-05    0.001904    CKBD0
p11608A3065__5122                   8e+06           8e+06  4.555e-06   1.298e-05   4.646e-06           0   2.218e-05    0.001903    NR2D0
p11608A3126__5115                   8e+06           8e+06  4.561e-06   1.296e-05   4.646e-06           0   2.217e-05    0.001902    NR2D0
p11422A3216__3680                   8e+06           8e+06  9.355e-06   4.927e-06   7.844e-06           0   2.213e-05    0.001899    CKAN2D0
p11422A3228__6161                   8e+06           8e+06  9.294e-06   4.983e-06   7.844e-06           0   2.212e-05    0.001898    CKAN2D0
p11422A3246__2802                   8e+06           8e+06  9.292e-06   4.972e-06   7.844e-06           0   2.211e-05    0.001897    CKAN2D0
p11422A3240__4319                   8e+06           8e+06  9.279e-06   4.985e-06   7.844e-06           0   2.211e-05    0.001897    CKAN2D0
p11422A3217__1617                   8e+06           8e+06  9.306e-06   4.873e-06   7.844e-06           0   2.202e-05     0.00189    CKAN2D0
p11422A3200__4733                   8e+06           8e+06  9.349e-06   4.724e-06   7.844e-06           0   2.192e-05    0.001881    CKAN2D0
p11774A__5477                       8e+06           8e+06  9.536e-06   4.507e-06   7.844e-06           0   2.189e-05    0.001878    CKAN2D0
p11608A3122__8246                   8e+06           8e+06  4.567e-06   1.267e-05   4.646e-06           0   2.188e-05    0.001878    NR2D0
FE_PHC507_bus_din_0                 8e+06           8e+06  8.657e-06   5.597e-06   7.611e-06           0   2.187e-05    0.001876    CKBD0
p11422A3252__1881                   8e+06           8e+06  9.353e-06   4.631e-06   7.844e-06           0   2.183e-05    0.001873    CKAN2D0
p11422A3229__9315                   8e+06           8e+06  9.356e-06   4.621e-06   7.844e-06           0   2.182e-05    0.001873    CKAN2D0
p11422A3210__5107                   8e+06           8e+06  9.353e-06   4.574e-06   7.844e-06           0   2.177e-05    0.001868    CKAN2D0
p11422A3209__2398                   8e+06           8e+06  9.354e-06   4.563e-06   7.844e-06           0   2.176e-05    0.001867    CKAN2D0
p11774A3267__6260                   8e+06           8e+06  9.536e-06   4.332e-06   7.844e-06           0   2.171e-05    0.001863    CKAN2D0
p11608A3120__1705                   8e+06           8e+06  4.569e-06   1.243e-05   4.646e-06           0   2.165e-05    0.001858    NR2D0
p11608A3071__7482                   8e+06           8e+06   4.57e-06   1.243e-05   4.646e-06           0   2.165e-05    0.001858    NR2D0
p11608A3089__3680                   8e+06           8e+06   4.54e-06   1.232e-05   4.646e-06           0   2.151e-05    0.001846    NR2D0
p11422A3248__5122                   8e+06           8e+06  9.273e-06   4.324e-06   7.844e-06           0   2.144e-05     0.00184    CKAN2D0
p11422A3206__1666                   8e+06           8e+06  9.343e-06    4.24e-06   7.844e-06           0   2.143e-05    0.001839    CKAN2D0
p11774A3234__7410                   8e+06           8e+06  9.531e-06   3.995e-06   7.844e-06           0   2.137e-05    0.001834    CKAN2D0
p11608A3092__1705                   8e+06           8e+06  4.556e-06   1.202e-05   4.646e-06           0   2.122e-05    0.001821    NR2D0
p23533A__1705                       8e+06           8e+06  4.004e-06   1.329e-05    3.91e-06           0    2.12e-05    0.001819    CKND2D0
p11422A3226__7482                   8e+06           8e+06  9.262e-06    4.02e-06   7.844e-06           0   2.113e-05    0.001813    CKAN2D0
p11422A3236__5477                   8e+06           8e+06   9.29e-06   3.989e-06   7.844e-06           0   2.112e-05    0.001813    CKAN2D0
p11422A3207__7410                   8e+06           8e+06  9.337e-06   3.927e-06   7.844e-06           0   2.111e-05    0.001811    CKAN2D0
p11774A3269__8428                   8e+06           8e+06  9.523e-06   3.717e-06   7.844e-06           0   2.108e-05    0.001809    CKAN2D0
p11774A3262__7410                   8e+06           8e+06  9.515e-06   3.614e-06   7.844e-06           0   2.097e-05      0.0018    CKAN2D0
p11608A3097__1881                   8e+06           8e+06  4.576e-06   1.173e-05   4.646e-06           0   2.095e-05    0.001798    NR2D0
p11608A3123__7098                   8e+06           8e+06  4.566e-06   1.169e-05   4.646e-06           0    2.09e-05    0.001794    NR2D0
p11422A3208__6417                   8e+06           8e+06   9.33e-06   3.691e-06   7.844e-06           0   2.087e-05    0.001791    CKAN2D0
p11774A3265__2398                   8e+06           8e+06  9.518e-06   3.481e-06   7.844e-06           0   2.084e-05    0.001789    CKAN2D0
p11608A3070__5115                   8e+06           8e+06  4.562e-06   1.163e-05   4.646e-06           0   2.084e-05    0.001788    NR2D0
p11422A3254__7482                   8e+06           8e+06  9.307e-06   3.654e-06   7.844e-06           0   2.081e-05    0.001785    CKAN2D0
p11422A3251__6131                   8e+06           8e+06  9.308e-06   3.641e-06   7.844e-06           0   2.079e-05    0.001784    CKAN2D0
p11608A3085__4319                   8e+06           8e+06  4.558e-06   1.151e-05   4.646e-06           0   2.071e-05    0.001777    NR2D0
p11608A3103__9945                   8e+06           8e+06  4.518e-06   1.152e-05   4.646e-06           0   2.069e-05    0.001775    NR2D0
FE_PHC413_bus_addr_2                8e+06           8e+06  8.929e-06   4.041e-06   7.611e-06           0   2.058e-05    0.001766    CKBD0
FE_PHC491_bus_din_3                 8e+06           8e+06  8.398e-06   4.442e-06   7.611e-06           0   2.045e-05    0.001755    CKBD0
p11608A3091__2802                   8e+06           8e+06  4.562e-06   1.108e-05   4.646e-06           0   2.029e-05    0.001741    NR2D0
FE_PHC462_bus_din_0                 8e+06           8e+06  8.493e-06   4.042e-06   7.611e-06           0   2.015e-05    0.001729    CKBD0
p11608A3098__5115                   8e+06           8e+06  4.597e-06   1.065e-05   4.646e-06           0   1.989e-05    0.001707    NR2D0
p11608A3064__1705                   8e+06           8e+06   4.58e-06   1.066e-05   4.646e-06           0   1.989e-05    0.001707    NR2D0
FE_PHC530_bus_din_5                 8e+06           8e+06  8.624e-06   3.415e-06   7.611e-06           0   1.965e-05    0.001686    CKBD0
FE_PHC475_bus_din_6                 8e+06           8e+06  8.496e-06   3.436e-06   7.611e-06           0   1.954e-05    0.001677    CKBD0
p11608A3114__8428                   8e+06           8e+06  4.523e-06   1.034e-05   4.646e-06           0   1.951e-05    0.001674    NR2D0
p11608A3083__5107                   8e+06           8e+06  4.574e-06   1.026e-05   4.646e-06           0   1.948e-05    0.001672    NR2D0
p11608A3073__6161                   8e+06           8e+06  4.587e-06   1.022e-05   4.646e-06           0   1.946e-05     0.00167    NR2D0
FE_PHC533_bus_din_5                 8e+06           8e+06  8.337e-06   3.407e-06   7.611e-06           0   1.935e-05    0.001661    CKBD0
FE_PHC506_bus_din_0                 8e+06           8e+06  8.573e-06   3.018e-06   7.611e-06           0    1.92e-05    0.001648    CKBD0
p11608A3106__1666                   8e+06           8e+06  4.523e-06   9.961e-06   4.646e-06           0   1.913e-05    0.001642    NR2D0
p11608A3095__7098                   8e+06           8e+06  4.532e-06   9.773e-06   4.646e-06           0   1.895e-05    0.001626    NR2D0
p11608A3110__2398                   8e+06           8e+06  4.538e-06   9.736e-06   4.646e-06           0   1.892e-05    0.001624    NR2D0
p11608A3119__2802                   8e+06           8e+06  4.593e-06    9.66e-06   4.646e-06           0    1.89e-05    0.001622    NR2D0
p11608A3111__5107                   8e+06           8e+06  4.607e-06   9.395e-06   4.646e-06           0   1.865e-05      0.0016    NR2D0
p23639A__9315                       8e+06           6e+06  3.124e-06   1.125e-05   4.047e-06           0   1.842e-05    0.001581    NR2D0
p11608A3113__4319                   8e+06           8e+06  4.541e-06   9.189e-06   4.646e-06           0   1.838e-05    0.001577    NR2D0
p11608A3094__8246                   8e+06           8e+06  4.602e-06   9.049e-06   4.646e-06           0    1.83e-05     0.00157    NR2D0
p11608A3108__6417                   8e+06           8e+06  4.542e-06   9.045e-06   4.646e-06           0   1.823e-05    0.001565    NR2D0
FE_PHC486_bus_din_6                 8e+06           8e+06  8.401e-06   2.166e-06   7.611e-06           0   1.818e-05     0.00156    CKBD0
p11608A3078__1666                   8e+06           8e+06  4.551e-06   8.892e-06   4.646e-06           0   1.809e-05    0.001552    NR2D0
FE_PHC532_bus_din_5                 8e+06           8e+06  8.277e-06   2.178e-06   7.611e-06           0   1.807e-05     0.00155    CKBD0
p11608A3093__5122                   8e+06           8e+06  4.552e-06   8.812e-06   4.646e-06           0   1.801e-05    0.001546    NR2D0
p11608A3109__5477                   8e+06           8e+06  4.527e-06   8.833e-06   4.646e-06           0   1.801e-05    0.001545    NR2D0
p11608A3084__6260                   8e+06           8e+06  4.553e-06   8.694e-06   4.646e-06           0   1.789e-05    0.001536    NR2D0
p11608A3100__4733                   8e+06           8e+06  4.555e-06   8.597e-06   4.646e-06           0    1.78e-05    0.001527    NR2D0
p11608A3105__2346                   8e+06           8e+06  4.556e-06   8.514e-06   4.646e-06           0   1.772e-05     0.00152    NR2D0
p11608A3115__5526                   8e+06           8e+06  4.545e-06   8.493e-06   4.646e-06           0   1.768e-05    0.001518    NR2D0
p11608A3081__5477                   8e+06           8e+06  4.556e-06   8.475e-06   4.646e-06           0   1.768e-05    0.001517    NR2D0
p11608A3096__6131                   8e+06           8e+06  4.557e-06   8.437e-06   4.646e-06           0   1.764e-05    0.001514    NR2D0
p11608A3101__6161                   8e+06           8e+06  4.557e-06   8.419e-06   4.646e-06           0   1.762e-05    0.001512    NR2D0
p11608A3090__1617                   8e+06           8e+06  4.558e-06   8.334e-06   4.646e-06           0   1.754e-05    0.001505    NR2D0
p11608A3107__7410                   8e+06           8e+06  4.557e-06   8.314e-06   4.646e-06           0   1.752e-05    0.001503    NR2D0
p11608A3087__5526                   8e+06           8e+06  4.558e-06   8.242e-06   4.646e-06           0   1.745e-05    0.001497    NR2D0
p11608A3099__7482                   8e+06           8e+06  4.557e-06   8.167e-06   4.646e-06           0   1.737e-05    0.001491    NR2D0
p11608A3102__9315                   8e+06           8e+06   4.56e-06   8.164e-06   4.646e-06           0   1.737e-05    0.001491    NR2D0
p11608A3124__6131                   8e+06           8e+06  4.559e-06   8.104e-06   4.646e-06           0   1.731e-05    0.001485    NR2D0
p11608A3066__8246                   8e+06           8e+06  4.565e-06   8.098e-06   4.646e-06           0   1.731e-05    0.001485    NR2D0
p11608A3079__7410                   8e+06           8e+06  4.545e-06   8.102e-06   4.646e-06           0   1.729e-05    0.001484    NR2D0
p11608A3118__1617                   8e+06           8e+06  4.551e-06   8.051e-06   4.646e-06           0   1.725e-05     0.00148    NR2D0
p11608A3075__9945                   8e+06           8e+06  4.562e-06   7.987e-06   4.646e-06           0   1.719e-05    0.001476    NR2D0
p11608A3072__4733                   8e+06           8e+06  4.564e-06   7.862e-06   4.646e-06           0   1.707e-05    0.001465    NR2D0
p11608A3121__5122                   8e+06           8e+06   4.55e-06   7.849e-06   4.646e-06           0   1.705e-05    0.001463    NR2D0
p11608A3104__2883                   8e+06           8e+06  4.566e-06   7.721e-06   4.646e-06           0   1.693e-05    0.001453    NR2D0
p11608A3112__6260                   8e+06           8e+06  4.567e-06    7.68e-06   4.646e-06           0   1.689e-05     0.00145    NR2D0
p11608A3069__1881                   8e+06           8e+06  4.567e-06   7.607e-06   4.646e-06           0   1.682e-05    0.001443    NR2D0
p23572A__5122                       8e+06           4e+06  3.175e-06   1.745e-06    9.03e-06           0   1.395e-05    0.001197    NR2D1
p23566A3367__6161                   8e+06           4e+06  2.982e-06   1.713e-06   7.947e-06           0   1.264e-05    0.001085    NR2XD0
Fp23701A                            4e+06           4e+06  1.678e-06   2.134e-06   4.594e-06           0   8.406e-06   0.0007213    CKND0
LTIELO                                  0               0          0           0   7.574e-07           0   7.574e-07   6.499e-05    TIEL
LTIEHI                                  0               0          0           0   6.934e-07           0   6.934e-07   5.951e-05    TIEH
----------------------------------------------------------------------------------------------------------------------------
Total                                                         0.6166       0.138      0.4107           0       1.165         100    


-----------------------------------------------------------------------------------------
*	Power Distribution Summary: 
*                Highest Average Power:                    u_sram (sram00):           0.8966 
*                Highest Leakage Power:                    u_sram (sram00):           0.3784 
*          Total Cap:      3.69157e-11 F
*          Total instances in design:   803
*          Total instances in design with no power:     0
*          Total instances in design with no activity:     0
*          Total Fillers and Decap:     0
-----------------------------------------------------------------------------------------

