1
 
****************************************
Report : area
Design : sram_wrapper
Version: U-2022.12-SP7
Date   : Mon Mar 16 20:39:18 2026
****************************************

Library(s) Used:

    tcbn65gplustc_ccs (File: /courses/ee6350/pdk2025/tcbn65gplus/TSMCHOME/digital/Front_End/timing_power_noise/CCS/tcbn65gplus_200a/tcbn65gplustc_ccs.db)
    USERLIB_nldm_tt_1p00v_1p00v_25c (File: /homes/user/stud/fall25/cm4648/ee6350/6350_draft_folder/TinyTPU_v1/work_folder/sram00_gen/sram00_nldm_tt_1p00v_1p00v_25c_syn.db)

Number of ports:                          149
Number of nets:                           243
Number of cells:                           95
Number of combinational cells:             94
Number of sequential cells:                 0
Number of macros/black boxes:               1
Number of buf/inv:                         81
Number of references:                      10

Combinational area:                421.559988
Buf/Inv area:                      358.199987
Noncombinational area:               0.000000
Macro/Black Box area:            40208.160156
Net Interconnect area:      undefined  (Wire load has zero net area)

Total cell area:                 40629.720144
Total area:                 undefined
1
Loading db file '/homes/user/stud/fall25/cm4648/ee6350/6350_draft_folder/TinyTPU_v1/work_folder/sram00_gen/sram00_nldm_tt_1p00v_1p00v_25c_syn.db'
Loading db file '/courses/ee6350/pdk2025/tcbn65gplus/TSMCHOME/digital/Front_End/timing_power_noise/CCS/tcbn65gplus_200a/tcbn65gplustc_ccs.db'
Information: Propagating switching activity (medium effort zero delay simulation). (PWR-6)
Warning: Design has unannotated primary inputs. (PWR-414)
Warning: Design has unannotated sequential cell outputs. (PWR-415)
Warning: Design has unannotated black box outputs. (PWR-428)
 
****************************************
Report : power
        -hier
        -analysis_effort medium
        -verbose
Design : sram_wrapper
Version: U-2022.12-SP7
Date   : Mon Mar 16 20:39:20 2026
****************************************


Library(s) Used:

    tcbn65gplustc_ccs (File: /courses/ee6350/pdk2025/tcbn65gplus/TSMCHOME/digital/Front_End/timing_power_noise/CCS/tcbn65gplus_200a/tcbn65gplustc_ccs.db)
    USERLIB_nldm_tt_1p00v_1p00v_25c (File: /homes/user/stud/fall25/cm4648/ee6350/6350_draft_folder/TinyTPU_v1/work_folder/sram00_gen/sram00_nldm_tt_1p00v_1p00v_25c_syn.db)


Operating Conditions: NCCOM   Library: tcbn65gplustc_ccs
Wire Load Model Mode: segmented

Design        Wire Load Model            Library
------------------------------------------------
sram_wrapper           ZeroWireload      tcbn65gplustc_ccs


Global Operating Voltage = 1    
Power-specific unit information :
    Voltage Units = 1V
    Capacitance Units = 1.000000pf
    Time Units = 1ns
    Dynamic Power Units = 1mW    (derived from V,C,T units)
    Leakage Power Units = 1nW


--------------------------------------------------------------------------------
                                       Switch   Int      Leak     Total
Hierarchy                              Power    Power    Power    Power    %
--------------------------------------------------------------------------------
sram_wrapper                           2.47e-02    0.713 2.22e+05    0.960 100.0
1
 
****************************************
Report : design
Design : sram_wrapper
Version: U-2022.12-SP7
Date   : Mon Mar 16 20:39:20 2026
****************************************

Design allows ideal nets on clock nets.

Library(s) Used:

    tcbn65gplustc_ccs (File: /courses/ee6350/pdk2025/tcbn65gplus/TSMCHOME/digital/Front_End/timing_power_noise/CCS/tcbn65gplus_200a/tcbn65gplustc_ccs.db)
    USERLIB_nldm_tt_1p00v_1p00v_25c (File: /homes/user/stud/fall25/cm4648/ee6350/6350_draft_folder/TinyTPU_v1/work_folder/sram00_gen/sram00_nldm_tt_1p00v_1p00v_25c_syn.db)

Local Link Library:

    {tcbn65gplustc_ccs.db}

Flip-Flop Types:

    No flip-flop types specified.

Latch Types:

    No latch types specified.

Operating Conditions:


    Operating Condition Name : NCCOM
    Library : tcbn65gplustc_ccs
    Process :   1.00
    Temperature :  25.00
    Voltage :   1.00
    Interconnect Model : balanced_tree

Wire Loading Model:

    Selected automatically from the total cell area.

Name           :   ZeroWireload
Location       :   tcbn65gplustc_ccs
Resistance     :   1e-05
Capacitance    :   1
Area           :   0
Slope          :   0
Fanout   Length   Points Average Cap Std Deviation
--------------------------------------------------------------
     1     0.00
     2     0.00
     3     0.00
     4     0.00
     5     0.00
     6     0.00
     7     0.00
     8     0.00
     9     0.00
    10     0.00
    11     0.00
    12     0.00
    13     0.00
    14     0.00
    15     0.00
    16     0.00
    17     0.00
    18     0.00
    19     0.00
    20     0.00



Wire Loading Model Mode: segmented.

Timing Ranges:

    No timing ranges specified.

Pin Input Delays:

    None specified.

Pin Output Delays:

    None specified.

Disabled Timing Arcs:

    No arcs disabled.

Required Licenses:

    None Required

Design Parameters:

    None specified.
1
 
****************************************
Report : cell
Design : sram_wrapper
Version: U-2022.12-SP7
Date   : Mon Mar 16 20:39:20 2026
****************************************

Attributes:
    b - black box (unknown)
    d - dont_touch
    h - hierarchical
    n - noncombinational
    r - removable
    u - contains unmapped logic

Cell                      Reference       Library             Area  Attributes
--------------------------------------------------------------------------------
U15                       DEL0            tcbn65gplustc_ccs
                                                          4.680000  
U16                       NR2XD0          tcbn65gplustc_ccs
                                                          1.440000  
U17                       DEL02           tcbn65gplustc_ccs
                                                          4.680000  
U18                       DEL0            tcbn65gplustc_ccs
                                                          4.680000  
U19                       AO22D4          tcbn65gplustc_ccs
                                                          6.480000  
U20                       DEL0            tcbn65gplustc_ccs
                                                          4.680000  
U21                       AO22D4          tcbn65gplustc_ccs
                                                          6.480000  
U22                       DEL0            tcbn65gplustc_ccs
                                                          4.680000  
U23                       AO22D4          tcbn65gplustc_ccs
                                                          6.480000  
U24                       DEL0            tcbn65gplustc_ccs
                                                          4.680000  
U25                       AO22D4          tcbn65gplustc_ccs
                                                          6.480000  
U26                       DEL0            tcbn65gplustc_ccs
                                                          4.680000  
U27                       AO22D4          tcbn65gplustc_ccs
                                                          6.480000  
U28                       DEL0            tcbn65gplustc_ccs
                                                          4.680000  
U29                       AO22D4          tcbn65gplustc_ccs
                                                          6.480000  
U30                       DEL0            tcbn65gplustc_ccs
                                                          4.680000  
U31                       AO22D4          tcbn65gplustc_ccs
                                                          6.480000  
U32                       DEL0            tcbn65gplustc_ccs
                                                          4.680000  
U33                       AO22D4          tcbn65gplustc_ccs
                                                          6.480000  
U34                       DEL0            tcbn65gplustc_ccs
                                                          4.680000  
U35                       AO22D4          tcbn65gplustc_ccs
                                                          6.480000  
U36                       DEL0            tcbn65gplustc_ccs
                                                          4.680000  
U37                       DEL0            tcbn65gplustc_ccs
                                                          4.680000  
U38                       DEL0            tcbn65gplustc_ccs
                                                          4.680000  
U39                       DEL0            tcbn65gplustc_ccs
                                                          4.680000  
U40                       DEL0            tcbn65gplustc_ccs
                                                          4.680000  
U41                       DEL0            tcbn65gplustc_ccs
                                                          4.680000  
U42                       DEL0            tcbn65gplustc_ccs
                                                          4.680000  
U43                       DEL0            tcbn65gplustc_ccs
                                                          4.680000  
U44                       DEL0            tcbn65gplustc_ccs
                                                          4.680000  
U45                       DEL0            tcbn65gplustc_ccs
                                                          4.680000  
U46                       DEL0            tcbn65gplustc_ccs
                                                          4.680000  
U47                       DEL0            tcbn65gplustc_ccs
                                                          4.680000  
U48                       DEL0            tcbn65gplustc_ccs
                                                          4.680000  
U49                       DEL0            tcbn65gplustc_ccs
                                                          4.680000  
U50                       DEL0            tcbn65gplustc_ccs
                                                          4.680000  
U51                       DEL0            tcbn65gplustc_ccs
                                                          4.680000  
U52                       DEL0            tcbn65gplustc_ccs
                                                          4.680000  
U53                       DEL0            tcbn65gplustc_ccs
                                                          4.680000  
U54                       DEL0            tcbn65gplustc_ccs
                                                          4.680000  
U55                       DEL0            tcbn65gplustc_ccs
                                                          4.680000  
U56                       DEL0            tcbn65gplustc_ccs
                                                          4.680000  
U57                       DEL0            tcbn65gplustc_ccs
                                                          4.680000  
U58                       DEL0            tcbn65gplustc_ccs
                                                          4.680000  
U59                       DEL0            tcbn65gplustc_ccs
                                                          4.680000  
U60                       DEL0            tcbn65gplustc_ccs
                                                          4.680000  
U61                       DEL0            tcbn65gplustc_ccs
                                                          4.680000  
U62                       DEL0            tcbn65gplustc_ccs
                                                          4.680000  
U63                       DEL0            tcbn65gplustc_ccs
                                                          4.680000  
U64                       DEL0            tcbn65gplustc_ccs
                                                          4.680000  
U65                       DEL0            tcbn65gplustc_ccs
                                                          4.680000  
U66                       DEL0            tcbn65gplustc_ccs
                                                          4.680000  
U67                       DEL0            tcbn65gplustc_ccs
                                                          4.680000  
U68                       DEL0            tcbn65gplustc_ccs
                                                          4.680000  
U69                       DEL0            tcbn65gplustc_ccs
                                                          4.680000  
U70                       DEL0            tcbn65gplustc_ccs
                                                          4.680000  
U71                       DEL0            tcbn65gplustc_ccs
                                                          4.680000  
U72                       DEL0            tcbn65gplustc_ccs
                                                          4.680000  
U73                       DEL0            tcbn65gplustc_ccs
                                                          4.680000  
U74                       DEL0            tcbn65gplustc_ccs
                                                          4.680000  
U75                       DEL0            tcbn65gplustc_ccs
                                                          4.680000  
U76                       DEL0            tcbn65gplustc_ccs
                                                          4.680000  
U77                       DEL0            tcbn65gplustc_ccs
                                                          4.680000  
U78                       DEL0            tcbn65gplustc_ccs
                                                          4.680000  
U79                       DEL0            tcbn65gplustc_ccs
                                                          4.680000  
U80                       DEL0            tcbn65gplustc_ccs
                                                          4.680000  
U81                       DEL0            tcbn65gplustc_ccs
                                                          4.680000  
U82                       DEL0            tcbn65gplustc_ccs
                                                          4.680000  
U83                       DEL0            tcbn65gplustc_ccs
                                                          4.680000  
U84                       DEL0            tcbn65gplustc_ccs
                                                          4.680000  
U85                       DEL0            tcbn65gplustc_ccs
                                                          4.680000  
U86                       DEL0            tcbn65gplustc_ccs
                                                          4.680000  
U87                       DEL0            tcbn65gplustc_ccs
                                                          4.680000  
U88                       DEL0            tcbn65gplustc_ccs
                                                          4.680000  
U89                       DEL0            tcbn65gplustc_ccs
                                                          4.680000  
U90                       DEL0            tcbn65gplustc_ccs
                                                          4.680000  
U91                       DEL0            tcbn65gplustc_ccs
                                                          4.680000  
U92                       DEL0            tcbn65gplustc_ccs
                                                          4.680000  
U93                       DEL0            tcbn65gplustc_ccs
                                                          4.680000  
U94                       DEL0            tcbn65gplustc_ccs
                                                          4.680000  
U95                       DEL0            tcbn65gplustc_ccs
                                                          4.680000  
U96                       DEL0            tcbn65gplustc_ccs
                                                          4.680000  
U97                       DEL0            tcbn65gplustc_ccs
                                                          4.680000  
U98                       DEL0            tcbn65gplustc_ccs
                                                          4.680000  
U99                       DEL0            tcbn65gplustc_ccs
                                                          4.680000  
U100                      ND2D1           tcbn65gplustc_ccs
                                                          1.440000  
U101                      INVD1           tcbn65gplustc_ccs
                                                          1.080000  
U102                      INVD1           tcbn65gplustc_ccs
                                                          1.080000  
U103                      INVD1           tcbn65gplustc_ccs
                                                          1.080000  
U104                      CKBD1           tcbn65gplustc_ccs
                                                          1.440000  
U105                      CKBD1           tcbn65gplustc_ccs
                                                          1.440000  
U106                      INVD1           tcbn65gplustc_ccs
                                                          1.080000  
U107                      TIEH            tcbn65gplustc_ccs
                                                          1.080000  
U108                      TIEL            tcbn65gplustc_ccs
                                                          1.080000  
sram00_inst               sram00          USERLIB_nldm_tt_1p00v_1p00v_25c
                                                          40208.160156
                                                                    b, d
--------------------------------------------------------------------------------
Total 95 cells                                            40629.720144
1
 
****************************************
Report : port
        -verbose
Design : sram_wrapper
Version: U-2022.12-SP7
Date   : Mon Mar 16 20:39:20 2026
****************************************



Attributes:
    d - dont_touch_network
    i - ideal_network

                       Pin      Wire     Max     Max     Connection
Port           Dir     Load     Load     Trans   Cap     Class      Attrs
--------------------------------------------------------------------------------
clk            in      0.0000   0.0000    0.39    0.00   --         d, i
raddr[0]       in      0.0000   0.0000    0.39    0.00   --         
raddr[1]       in      0.0000   0.0000    0.39    0.00   --         
raddr[2]       in      0.0000   0.0000    0.39    0.00   --         
raddr[3]       in      0.0000   0.0000    0.39    0.00   --         
raddr[4]       in      0.0000   0.0000    0.39    0.00   --         
raddr[5]       in      0.0000   0.0000    0.39    0.00   --         
raddr[6]       in      0.0000   0.0000    0.39    0.00   --         
raddr[7]       in      0.0000   0.0000    0.39    0.00   --         
raddr[8]       in      0.0000   0.0000    0.39    0.00   --         
rd_en          in      0.0000   0.0000    0.39    0.00   --         
waddr[0]       in      0.0000   0.0000    0.39    0.00   --         
waddr[1]       in      0.0000   0.0000    0.39    0.00   --         
waddr[2]       in      0.0000   0.0000    0.39    0.00   --         
waddr[3]       in      0.0000   0.0000    0.39    0.00   --         
waddr[4]       in      0.0000   0.0000    0.39    0.00   --         
waddr[5]       in      0.0000   0.0000    0.39    0.00   --         
waddr[6]       in      0.0000   0.0000    0.39    0.00   --         
waddr[7]       in      0.0000   0.0000    0.39    0.00   --         
waddr[8]       in      0.0000   0.0000    0.39    0.00   --         
wdata[0]       in      0.0000   0.0000    0.39    0.00   --         
wdata[1]       in      0.0000   0.0000    0.39    0.00   --         
wdata[2]       in      0.0000   0.0000    0.39    0.00   --         
wdata[3]       in      0.0000   0.0000    0.39    0.00   --         
wdata[4]       in      0.0000   0.0000    0.39    0.00   --         
wdata[5]       in      0.0000   0.0000    0.39    0.00   --         
wdata[6]       in      0.0000   0.0000    0.39    0.00   --         
wdata[7]       in      0.0000   0.0000    0.39    0.00   --         
wdata[8]       in      0.0000   0.0000    0.39    0.00   --         
wdata[9]       in      0.0000   0.0000    0.39    0.00   --         
wdata[10]      in      0.0000   0.0000    0.39    0.00   --         
wdata[11]      in      0.0000   0.0000    0.39    0.00   --         
wdata[12]      in      0.0000   0.0000    0.39    0.00   --         
wdata[13]      in      0.0000   0.0000    0.39    0.00   --         
wdata[14]      in      0.0000   0.0000    0.39    0.00   --         
wdata[15]      in      0.0000   0.0000    0.39    0.00   --         
wdata[16]      in      0.0000   0.0000    0.39    0.00   --         
wdata[17]      in      0.0000   0.0000    0.39    0.00   --         
wdata[18]      in      0.0000   0.0000    0.39    0.00   --         
wdata[19]      in      0.0000   0.0000    0.39    0.00   --         
wdata[20]      in      0.0000   0.0000    0.39    0.00   --         
wdata[21]      in      0.0000   0.0000    0.39    0.00   --         
wdata[22]      in      0.0000   0.0000    0.39    0.00   --         
wdata[23]      in      0.0000   0.0000    0.39    0.00   --         
wdata[24]      in      0.0000   0.0000    0.39    0.00   --         
wdata[25]      in      0.0000   0.0000    0.39    0.00   --         
wdata[26]      in      0.0000   0.0000    0.39    0.00   --         
wdata[27]      in      0.0000   0.0000    0.39    0.00   --         
wdata[28]      in      0.0000   0.0000    0.39    0.00   --         
wdata[29]      in      0.0000   0.0000    0.39    0.00   --         
wdata[30]      in      0.0000   0.0000    0.39    0.00   --         
wdata[31]      in      0.0000   0.0000    0.39    0.00   --         
wdata[32]      in      0.0000   0.0000    0.39    0.00   --         
wdata[33]      in      0.0000   0.0000    0.39    0.00   --         
wdata[34]      in      0.0000   0.0000    0.39    0.00   --         
wdata[35]      in      0.0000   0.0000    0.39    0.00   --         
wdata[36]      in      0.0000   0.0000    0.39    0.00   --         
wdata[37]      in      0.0000   0.0000    0.39    0.00   --         
wdata[38]      in      0.0000   0.0000    0.39    0.00   --         
wdata[39]      in      0.0000   0.0000    0.39    0.00   --         
wdata[40]      in      0.0000   0.0000    0.39    0.00   --         
wdata[41]      in      0.0000   0.0000    0.39    0.00   --         
wdata[42]      in      0.0000   0.0000    0.39    0.00   --         
wdata[43]      in      0.0000   0.0000    0.39    0.00   --         
wdata[44]      in      0.0000   0.0000    0.39    0.00   --         
wdata[45]      in      0.0000   0.0000    0.39    0.00   --         
wdata[46]      in      0.0000   0.0000    0.39    0.00   --         
wdata[47]      in      0.0000   0.0000    0.39    0.00   --         
wdata[48]      in      0.0000   0.0000    0.39    0.00   --         
wdata[49]      in      0.0000   0.0000    0.39    0.00   --         
wdata[50]      in      0.0000   0.0000    0.39    0.00   --         
wdata[51]      in      0.0000   0.0000    0.39    0.00   --         
wdata[52]      in      0.0000   0.0000    0.39    0.00   --         
wdata[53]      in      0.0000   0.0000    0.39    0.00   --         
wdata[54]      in      0.0000   0.0000    0.39    0.00   --         
wdata[55]      in      0.0000   0.0000    0.39    0.00   --         
wdata[56]      in      0.0000   0.0000    0.39    0.00   --         
wdata[57]      in      0.0000   0.0000    0.39    0.00   --         
wdata[58]      in      0.0000   0.0000    0.39    0.00   --         
wdata[59]      in      0.0000   0.0000    0.39    0.00   --         
wdata[60]      in      0.0000   0.0000    0.39    0.00   --         
wdata[61]      in      0.0000   0.0000    0.39    0.00   --         
wdata[62]      in      0.0000   0.0000    0.39    0.00   --         
wdata[63]      in      0.0000   0.0000    0.39    0.00   --         
wr_en          in      0.0000   0.0000    0.39    0.00   --         
rdata[0]       out     0.1500   0.0000   --      --      --         
rdata[1]       out     0.1500   0.0000   --      --      --         
rdata[2]       out     0.1500   0.0000   --      --      --         
rdata[3]       out     0.1500   0.0000   --      --      --         
rdata[4]       out     0.1500   0.0000   --      --      --         
rdata[5]       out     0.1500   0.0000   --      --      --         
rdata[6]       out     0.1500   0.0000   --      --      --         
rdata[7]       out     0.1500   0.0000   --      --      --         
rdata[8]       out     0.1500   0.0000   --      --      --         
rdata[9]       out     0.1500   0.0000   --      --      --         
rdata[10]      out     0.1500   0.0000   --      --      --         
rdata[11]      out     0.1500   0.0000   --      --      --         
rdata[12]      out     0.1500   0.0000   --      --      --         
rdata[13]      out     0.1500   0.0000   --      --      --         
rdata[14]      out     0.1500   0.0000   --      --      --         
rdata[15]      out     0.1500   0.0000   --      --      --         
rdata[16]      out     0.1500   0.0000   --      --      --         
rdata[17]      out     0.1500   0.0000   --      --      --         
rdata[18]      out     0.1500   0.0000   --      --      --         
rdata[19]      out     0.1500   0.0000   --      --      --         
rdata[20]      out     0.1500   0.0000   --      --      --         
rdata[21]      out     0.1500   0.0000   --      --      --         
rdata[22]      out     0.1500   0.0000   --      --      --         
rdata[23]      out     0.1500   0.0000   --      --      --         
rdata[24]      out     0.1500   0.0000   --      --      --         
rdata[25]      out     0.1500   0.0000   --      --      --         
rdata[26]      out     0.1500   0.0000   --      --      --         
rdata[27]      out     0.1500   0.0000   --      --      --         
rdata[28]      out     0.1500   0.0000   --      --      --         
rdata[29]      out     0.1500   0.0000   --      --      --         
rdata[30]      out     0.1500   0.0000   --      --      --         
rdata[31]      out     0.1500   0.0000   --      --      --         
rdata[32]      out     0.1500   0.0000   --      --      --         
rdata[33]      out     0.1500   0.0000   --      --      --         
rdata[34]      out     0.1500   0.0000   --      --      --         
rdata[35]      out     0.1500   0.0000   --      --      --         
rdata[36]      out     0.1500   0.0000   --      --      --         
rdata[37]      out     0.1500   0.0000   --      --      --         
rdata[38]      out     0.1500   0.0000   --      --      --         
rdata[39]      out     0.1500   0.0000   --      --      --         
rdata[40]      out     0.1500   0.0000   --      --      --         
rdata[41]      out     0.1500   0.0000   --      --      --         
rdata[42]      out     0.1500   0.0000   --      --      --         
rdata[43]      out     0.1500   0.0000   --      --      --         
rdata[44]      out     0.1500   0.0000   --      --      --         
rdata[45]      out     0.1500   0.0000   --      --      --         
rdata[46]      out     0.1500   0.0000   --      --      --         
rdata[47]      out     0.1500   0.0000   --      --      --         
rdata[48]      out     0.1500   0.0000   --      --      --         
rdata[49]      out     0.1500   0.0000   --      --      --         
rdata[50]      out     0.1500   0.0000   --      --      --         
rdata[51]      out     0.1500   0.0000   --      --      --         
rdata[52]      out     0.1500   0.0000   --      --      --         
rdata[53]      out     0.1500   0.0000   --      --      --         
rdata[54]      out     0.1500   0.0000   --      --      --         
rdata[55]      out     0.1500   0.0000   --      --      --         
rdata[56]      out     0.1500   0.0000   --      --      --         
rdata[57]      out     0.1500   0.0000   --      --      --         
rdata[58]      out     0.1500   0.0000   --      --      --         
rdata[59]      out     0.1500   0.0000   --      --      --         
rdata[60]      out     0.1500   0.0000   --      --      --         
rdata[61]      out     0.1500   0.0000   --      --      --         
rdata[62]      out     0.1500   0.0000   --      --      --         
rdata[63]      out     0.1500   0.0000   --      --      --         


              External  Max             Min                Min       Min
              Number    Wireload        Wireload           Pin       Wire
Port          Points    Model           Model              Load      Load
--------------------------------------------------------------------------------
clk                1      --              --              --        -- 
raddr[0]           1      --              --              --        -- 
raddr[1]           1      --              --              --        -- 
raddr[2]           1      --              --              --        -- 
raddr[3]           1      --              --              --        -- 
raddr[4]           1      --              --              --        -- 
raddr[5]           1      --              --              --        -- 
raddr[6]           1      --              --              --        -- 
raddr[7]           1      --              --              --        -- 
raddr[8]           1      --              --              --        -- 
rd_en              1      --              --              --        -- 
waddr[0]           1      --              --              --        -- 
waddr[1]           1      --              --              --        -- 
waddr[2]           1      --              --              --        -- 
waddr[3]           1      --              --              --        -- 
waddr[4]           1      --              --              --        -- 
waddr[5]           1      --              --              --        -- 
waddr[6]           1      --              --              --        -- 
waddr[7]           1      --              --              --        -- 
waddr[8]           1      --              --              --        -- 
wdata[0]           1      --              --              --        -- 
wdata[1]           1      --              --              --        -- 
wdata[2]           1      --              --              --        -- 
wdata[3]           1      --              --              --        -- 
wdata[4]           1      --              --              --        -- 
wdata[5]           1      --              --              --        -- 
wdata[6]           1      --              --              --        -- 
wdata[7]           1      --              --              --        -- 
wdata[8]           1      --              --              --        -- 
wdata[9]           1      --              --              --        -- 
wdata[10]          1      --              --              --        -- 
wdata[11]          1      --              --              --        -- 
wdata[12]          1      --              --              --        -- 
wdata[13]          1      --              --              --        -- 
wdata[14]          1      --              --              --        -- 
wdata[15]          1      --              --              --        -- 
wdata[16]          1      --              --              --        -- 
wdata[17]          1      --              --              --        -- 
wdata[18]          1      --              --              --        -- 
wdata[19]          1      --              --              --        -- 
wdata[20]          1      --              --              --        -- 
wdata[21]          1      --              --              --        -- 
wdata[22]          1      --              --              --        -- 
wdata[23]          1      --              --              --        -- 
wdata[24]          1      --              --              --        -- 
wdata[25]          1      --              --              --        -- 
wdata[26]          1      --              --              --        -- 
wdata[27]          1      --              --              --        -- 
wdata[28]          1      --              --              --        -- 
wdata[29]          1      --              --              --        -- 
wdata[30]          1      --              --              --        -- 
wdata[31]          1      --              --              --        -- 
wdata[32]          1      --              --              --        -- 
wdata[33]          1      --              --              --        -- 
wdata[34]          1      --              --              --        -- 
wdata[35]          1      --              --              --        -- 
wdata[36]          1      --              --              --        -- 
wdata[37]          1      --              --              --        -- 
wdata[38]          1      --              --              --        -- 
wdata[39]          1      --              --              --        -- 
wdata[40]          1      --              --              --        -- 
wdata[41]          1      --              --              --        -- 
wdata[42]          1      --              --              --        -- 
wdata[43]          1      --              --              --        -- 
wdata[44]          1      --              --              --        -- 
wdata[45]          1      --              --              --        -- 
wdata[46]          1      --              --              --        -- 
wdata[47]          1      --              --              --        -- 
wdata[48]          1      --              --              --        -- 
wdata[49]          1      --              --              --        -- 
wdata[50]          1      --              --              --        -- 
wdata[51]          1      --              --              --        -- 
wdata[52]          1      --              --              --        -- 
wdata[53]          1      --              --              --        -- 
wdata[54]          1      --              --              --        -- 
wdata[55]          1      --              --              --        -- 
wdata[56]          1      --              --              --        -- 
wdata[57]          1      --              --              --        -- 
wdata[58]          1      --              --              --        -- 
wdata[59]          1      --              --              --        -- 
wdata[60]          1      --              --              --        -- 
wdata[61]          1      --              --              --        -- 
wdata[62]          1      --              --              --        -- 
wdata[63]          1      --              --              --        -- 
wr_en              1      --              --              --        -- 
rdata[0]           1      --              --              --        -- 
rdata[1]           1      --              --              --        -- 
rdata[2]           1      --              --              --        -- 
rdata[3]           1      --              --              --        -- 
rdata[4]           1      --              --              --        -- 
rdata[5]           1      --              --              --        -- 
rdata[6]           1      --              --              --        -- 
rdata[7]           1      --              --              --        -- 
rdata[8]           1      --              --              --        -- 
rdata[9]           1      --              --              --        -- 
rdata[10]          1      --              --              --        -- 
rdata[11]          1      --              --              --        -- 
rdata[12]          1      --              --              --        -- 
rdata[13]          1      --              --              --        -- 
rdata[14]          1      --              --              --        -- 
rdata[15]          1      --              --              --        -- 
rdata[16]          1      --              --              --        -- 
rdata[17]          1      --              --              --        -- 
rdata[18]          1      --              --              --        -- 
rdata[19]          1      --              --              --        -- 
rdata[20]          1      --              --              --        -- 
rdata[21]          1      --              --              --        -- 
rdata[22]          1      --              --              --        -- 
rdata[23]          1      --              --              --        -- 
rdata[24]          1      --              --              --        -- 
rdata[25]          1      --              --              --        -- 
rdata[26]          1      --              --              --        -- 
rdata[27]          1      --              --              --        -- 
rdata[28]          1      --              --              --        -- 
rdata[29]          1      --              --              --        -- 
rdata[30]          1      --              --              --        -- 
rdata[31]          1      --              --              --        -- 
rdata[32]          1      --              --              --        -- 
rdata[33]          1      --              --              --        -- 
rdata[34]          1      --              --              --        -- 
rdata[35]          1      --              --              --        -- 
rdata[36]          1      --              --              --        -- 
rdata[37]          1      --              --              --        -- 
rdata[38]          1      --              --              --        -- 
rdata[39]          1      --              --              --        -- 
rdata[40]          1      --              --              --        -- 
rdata[41]          1      --              --              --        -- 
rdata[42]          1      --              --              --        -- 
rdata[43]          1      --              --              --        -- 
rdata[44]          1      --              --              --        -- 
rdata[45]          1      --              --              --        -- 
rdata[46]          1      --              --              --        -- 
rdata[47]          1      --              --              --        -- 
rdata[48]          1      --              --              --        -- 
rdata[49]          1      --              --              --        -- 
rdata[50]          1      --              --              --        -- 
rdata[51]          1      --              --              --        -- 
rdata[52]          1      --              --              --        -- 
rdata[53]          1      --              --              --        -- 
rdata[54]          1      --              --              --        -- 
rdata[55]          1      --              --              --        -- 
rdata[56]          1      --              --              --        -- 
rdata[57]          1      --              --              --        -- 
rdata[58]          1      --              --              --        -- 
rdata[59]          1      --              --              --        -- 
rdata[60]          1      --              --              --        -- 
rdata[61]          1      --              --              --        -- 
rdata[62]          1      --              --              --        -- 
rdata[63]          1      --              --              --        -- 

                    Input Delay
                  Min             Max       Related   Max
Input Port    Rise    Fall    Rise    Fall   Clock  Fanout
--------------------------------------------------------------------------------
clk           --      --      --      --      --      4.00
raddr[0]      0.02    0.02    0.02    0.02  clk       4.00  
raddr[1]      0.02    0.02    0.02    0.02  clk       4.00  
raddr[2]      0.02    0.02    0.02    0.02  clk       4.00  
raddr[3]      0.02    0.02    0.02    0.02  clk       4.00  
raddr[4]      0.02    0.02    0.02    0.02  clk       4.00  
raddr[5]      0.02    0.02    0.02    0.02  clk       4.00  
raddr[6]      0.02    0.02    0.02    0.02  clk       4.00  
raddr[7]      0.02    0.02    0.02    0.02  clk       4.00  
raddr[8]      0.02    0.02    0.02    0.02  clk       4.00  
rd_en         0.02    0.02    0.02    0.02  clk       4.00  
waddr[0]      0.02    0.02    0.02    0.02  clk       4.00  
waddr[1]      0.02    0.02    0.02    0.02  clk       4.00  
waddr[2]      0.02    0.02    0.02    0.02  clk       4.00  
waddr[3]      0.02    0.02    0.02    0.02  clk       4.00  
waddr[4]      0.02    0.02    0.02    0.02  clk       4.00  
waddr[5]      0.02    0.02    0.02    0.02  clk       4.00  
waddr[6]      0.02    0.02    0.02    0.02  clk       4.00  
waddr[7]      0.02    0.02    0.02    0.02  clk       4.00  
waddr[8]      0.02    0.02    0.02    0.02  clk       4.00  
wdata[0]      0.02    0.02    0.02    0.02  clk       4.00  
wdata[1]      0.02    0.02    0.02    0.02  clk       4.00  
wdata[2]      0.02    0.02    0.02    0.02  clk       4.00  
wdata[3]      0.02    0.02    0.02    0.02  clk       4.00  
wdata[4]      0.02    0.02    0.02    0.02  clk       4.00  
wdata[5]      0.02    0.02    0.02    0.02  clk       4.00  
wdata[6]      0.02    0.02    0.02    0.02  clk       4.00  
wdata[7]      0.02    0.02    0.02    0.02  clk       4.00  
wdata[8]      0.02    0.02    0.02    0.02  clk       4.00  
wdata[9]      0.02    0.02    0.02    0.02  clk       4.00  
wdata[10]     0.02    0.02    0.02    0.02  clk       4.00  
wdata[11]     0.02    0.02    0.02    0.02  clk       4.00  
wdata[12]     0.02    0.02    0.02    0.02  clk       4.00  
wdata[13]     0.02    0.02    0.02    0.02  clk       4.00  
wdata[14]     0.02    0.02    0.02    0.02  clk       4.00  
wdata[15]     0.02    0.02    0.02    0.02  clk       4.00  
wdata[16]     0.02    0.02    0.02    0.02  clk       4.00  
wdata[17]     0.02    0.02    0.02    0.02  clk       4.00  
wdata[18]     0.02    0.02    0.02    0.02  clk       4.00  
wdata[19]     0.02    0.02    0.02    0.02  clk       4.00  
wdata[20]     0.02    0.02    0.02    0.02  clk       4.00  
wdata[21]     0.02    0.02    0.02    0.02  clk       4.00  
wdata[22]     0.02    0.02    0.02    0.02  clk       4.00  
wdata[23]     0.02    0.02    0.02    0.02  clk       4.00  
wdata[24]     0.02    0.02    0.02    0.02  clk       4.00  
wdata[25]     0.02    0.02    0.02    0.02  clk       4.00  
wdata[26]     0.02    0.02    0.02    0.02  clk       4.00  
wdata[27]     0.02    0.02    0.02    0.02  clk       4.00  
wdata[28]     0.02    0.02    0.02    0.02  clk       4.00  
wdata[29]     0.02    0.02    0.02    0.02  clk       4.00  
wdata[30]     0.02    0.02    0.02    0.02  clk       4.00  
wdata[31]     0.02    0.02    0.02    0.02  clk       4.00  
wdata[32]     0.02    0.02    0.02    0.02  clk       4.00  
wdata[33]     0.02    0.02    0.02    0.02  clk       4.00  
wdata[34]     0.02    0.02    0.02    0.02  clk       4.00  
wdata[35]     0.02    0.02    0.02    0.02  clk       4.00  
wdata[36]     0.02    0.02    0.02    0.02  clk       4.00  
wdata[37]     0.02    0.02    0.02    0.02  clk       4.00  
wdata[38]     0.02    0.02    0.02    0.02  clk       4.00  
wdata[39]     0.02    0.02    0.02    0.02  clk       4.00  
wdata[40]     0.02    0.02    0.02    0.02  clk       4.00  
wdata[41]     0.02    0.02    0.02    0.02  clk       4.00  
wdata[42]     0.02    0.02    0.02    0.02  clk       4.00  
wdata[43]     0.02    0.02    0.02    0.02  clk       4.00  
wdata[44]     0.02    0.02    0.02    0.02  clk       4.00  
wdata[45]     0.02    0.02    0.02    0.02  clk       4.00  
wdata[46]     0.02    0.02    0.02    0.02  clk       4.00  
wdata[47]     0.02    0.02    0.02    0.02  clk       4.00  
wdata[48]     0.02    0.02    0.02    0.02  clk       4.00  
wdata[49]     0.02    0.02    0.02    0.02  clk       4.00  
wdata[50]     0.02    0.02    0.02    0.02  clk       4.00  
wdata[51]     0.02    0.02    0.02    0.02  clk       4.00  
wdata[52]     0.02    0.02    0.02    0.02  clk       4.00  
wdata[53]     0.02    0.02    0.02    0.02  clk       4.00  
wdata[54]     0.02    0.02    0.02    0.02  clk       4.00  
wdata[55]     0.02    0.02    0.02    0.02  clk       4.00  
wdata[56]     0.02    0.02    0.02    0.02  clk       4.00  
wdata[57]     0.02    0.02    0.02    0.02  clk       4.00  
wdata[58]     0.02    0.02    0.02    0.02  clk       4.00  
wdata[59]     0.02    0.02    0.02    0.02  clk       4.00  
wdata[60]     0.02    0.02    0.02    0.02  clk       4.00  
wdata[61]     0.02    0.02    0.02    0.02  clk       4.00  
wdata[62]     0.02    0.02    0.02    0.02  clk       4.00  
wdata[63]     0.02    0.02    0.02    0.02  clk       4.00  
wr_en         0.02    0.02    0.02    0.02  clk       4.00  


                    Driving Cell
Input Port   Rise(min/max)      Fall(min/max)      Mult(min/max)  Attrs(min/max)
--------------------------------------------------------------------------------
clk          INVD0              INVD0                -- /  --     
raddr[0]     INVD0              INVD0                -- /  --     
raddr[1]     INVD0              INVD0                -- /  --     
raddr[2]     INVD0              INVD0                -- /  --     
raddr[3]     INVD0              INVD0                -- /  --     
raddr[4]     INVD0              INVD0                -- /  --     
raddr[5]     INVD0              INVD0                -- /  --     
raddr[6]     INVD0              INVD0                -- /  --     
raddr[7]     INVD0              INVD0                -- /  --     
raddr[8]     INVD0              INVD0                -- /  --     
rd_en        INVD0              INVD0                -- /  --     
waddr[0]     INVD0              INVD0                -- /  --     
waddr[1]     INVD0              INVD0                -- /  --     
waddr[2]     INVD0              INVD0                -- /  --     
waddr[3]     INVD0              INVD0                -- /  --     
waddr[4]     INVD0              INVD0                -- /  --     
waddr[5]     INVD0              INVD0                -- /  --     
waddr[6]     INVD0              INVD0                -- /  --     
waddr[7]     INVD0              INVD0                -- /  --     
waddr[8]     INVD0              INVD0                -- /  --     
wdata[0]     INVD0              INVD0                -- /  --     
wdata[1]     INVD0              INVD0                -- /  --     
wdata[2]     INVD0              INVD0                -- /  --     
wdata[3]     INVD0              INVD0                -- /  --     
wdata[4]     INVD0              INVD0                -- /  --     
wdata[5]     INVD0              INVD0                -- /  --     
wdata[6]     INVD0              INVD0                -- /  --     
wdata[7]     INVD0              INVD0                -- /  --     
wdata[8]     INVD0              INVD0                -- /  --     
wdata[9]     INVD0              INVD0                -- /  --     
wdata[10]    INVD0              INVD0                -- /  --     
wdata[11]    INVD0              INVD0                -- /  --     
wdata[12]    INVD0              INVD0                -- /  --     
wdata[13]    INVD0              INVD0                -- /  --     
wdata[14]    INVD0              INVD0                -- /  --     
wdata[15]    INVD0              INVD0                -- /  --     
wdata[16]    INVD0              INVD0                -- /  --     
wdata[17]    INVD0              INVD0                -- /  --     
wdata[18]    INVD0              INVD0                -- /  --     
wdata[19]    INVD0              INVD0                -- /  --     
wdata[20]    INVD0              INVD0                -- /  --     
wdata[21]    INVD0              INVD0                -- /  --     
wdata[22]    INVD0              INVD0                -- /  --     
wdata[23]    INVD0              INVD0                -- /  --     
wdata[24]    INVD0              INVD0                -- /  --     
wdata[25]    INVD0              INVD0                -- /  --     
wdata[26]    INVD0              INVD0                -- /  --     
wdata[27]    INVD0              INVD0                -- /  --     
wdata[28]    INVD0              INVD0                -- /  --     
wdata[29]    INVD0              INVD0                -- /  --     
wdata[30]    INVD0              INVD0                -- /  --     
wdata[31]    INVD0              INVD0                -- /  --     
wdata[32]    INVD0              INVD0                -- /  --     
wdata[33]    INVD0              INVD0                -- /  --     
wdata[34]    INVD0              INVD0                -- /  --     
wdata[35]    INVD0              INVD0                -- /  --     
wdata[36]    INVD0              INVD0                -- /  --     
wdata[37]    INVD0              INVD0                -- /  --     
wdata[38]    INVD0              INVD0                -- /  --     
wdata[39]    INVD0              INVD0                -- /  --     
wdata[40]    INVD0              INVD0                -- /  --     
wdata[41]    INVD0              INVD0                -- /  --     
wdata[42]    INVD0              INVD0                -- /  --     
wdata[43]    INVD0              INVD0                -- /  --     
wdata[44]    INVD0              INVD0                -- /  --     
wdata[45]    INVD0              INVD0                -- /  --     
wdata[46]    INVD0              INVD0                -- /  --     
wdata[47]    INVD0              INVD0                -- /  --     
wdata[48]    INVD0              INVD0                -- /  --     
wdata[49]    INVD0              INVD0                -- /  --     
wdata[50]    INVD0              INVD0                -- /  --     
wdata[51]    INVD0              INVD0                -- /  --     
wdata[52]    INVD0              INVD0                -- /  --     
wdata[53]    INVD0              INVD0                -- /  --     
wdata[54]    INVD0              INVD0                -- /  --     
wdata[55]    INVD0              INVD0                -- /  --     
wdata[56]    INVD0              INVD0                -- /  --     
wdata[57]    INVD0              INVD0                -- /  --     
wdata[58]    INVD0              INVD0                -- /  --     
wdata[59]    INVD0              INVD0                -- /  --     
wdata[60]    INVD0              INVD0                -- /  --     
wdata[61]    INVD0              INVD0                -- /  --     
wdata[62]    INVD0              INVD0                -- /  --     
wdata[63]    INVD0              INVD0                -- /  --     
wr_en        INVD0              INVD0                -- /  --     


               Max Drive      Min Drive      Resistance    Min    Min       Cell
Input Port    Rise    Fall   Rise    Fall   Max     Min    Cap    Fanout    Deg
--------------------------------------------------------------------------------
clk           --      --     --      --     --      --     --     --        -- 
raddr[0]      --      --     --      --     --      --     --     --        -- 
raddr[1]      --      --     --      --     --      --     --     --        -- 
raddr[2]      --      --     --      --     --      --     --     --        -- 
raddr[3]      --      --     --      --     --      --     --     --        -- 
raddr[4]      --      --     --      --     --      --     --     --        -- 
raddr[5]      --      --     --      --     --      --     --     --        -- 
raddr[6]      --      --     --      --     --      --     --     --        -- 
raddr[7]      --      --     --      --     --      --     --     --        -- 
raddr[8]      --      --     --      --     --      --     --     --        -- 
rd_en         --      --     --      --     --      --     --     --        -- 
waddr[0]      --      --     --      --     --      --     --     --        -- 
waddr[1]      --      --     --      --     --      --     --     --        -- 
waddr[2]      --      --     --      --     --      --     --     --        -- 
waddr[3]      --      --     --      --     --      --     --     --        -- 
waddr[4]      --      --     --      --     --      --     --     --        -- 
waddr[5]      --      --     --      --     --      --     --     --        -- 
waddr[6]      --      --     --      --     --      --     --     --        -- 
waddr[7]      --      --     --      --     --      --     --     --        -- 
waddr[8]      --      --     --      --     --      --     --     --        -- 
wdata[0]      --      --     --      --     --      --     --     --        -- 
wdata[1]      --      --     --      --     --      --     --     --        -- 
wdata[2]      --      --     --      --     --      --     --     --        -- 
wdata[3]      --      --     --      --     --      --     --     --        -- 
wdata[4]      --      --     --      --     --      --     --     --        -- 
wdata[5]      --      --     --      --     --      --     --     --        -- 
wdata[6]      --      --     --      --     --      --     --     --        -- 
wdata[7]      --      --     --      --     --      --     --     --        -- 
wdata[8]      --      --     --      --     --      --     --     --        -- 
wdata[9]      --      --     --      --     --      --     --     --        -- 
wdata[10]     --      --     --      --     --      --     --     --        -- 
wdata[11]     --      --     --      --     --      --     --     --        -- 
wdata[12]     --      --     --      --     --      --     --     --        -- 
wdata[13]     --      --     --      --     --      --     --     --        -- 
wdata[14]     --      --     --      --     --      --     --     --        -- 
wdata[15]     --      --     --      --     --      --     --     --        -- 
wdata[16]     --      --     --      --     --      --     --     --        -- 
wdata[17]     --      --     --      --     --      --     --     --        -- 
wdata[18]     --      --     --      --     --      --     --     --        -- 
wdata[19]     --      --     --      --     --      --     --     --        -- 
wdata[20]     --      --     --      --     --      --     --     --        -- 
wdata[21]     --      --     --      --     --      --     --     --        -- 
wdata[22]     --      --     --      --     --      --     --     --        -- 
wdata[23]     --      --     --      --     --      --     --     --        -- 
wdata[24]     --      --     --      --     --      --     --     --        -- 
wdata[25]     --      --     --      --     --      --     --     --        -- 
wdata[26]     --      --     --      --     --      --     --     --        -- 
wdata[27]     --      --     --      --     --      --     --     --        -- 
wdata[28]     --      --     --      --     --      --     --     --        -- 
wdata[29]     --      --     --      --     --      --     --     --        -- 
wdata[30]     --      --     --      --     --      --     --     --        -- 
wdata[31]     --      --     --      --     --      --     --     --        -- 
wdata[32]     --      --     --      --     --      --     --     --        -- 
wdata[33]     --      --     --      --     --      --     --     --        -- 
wdata[34]     --      --     --      --     --      --     --     --        -- 
wdata[35]     --      --     --      --     --      --     --     --        -- 
wdata[36]     --      --     --      --     --      --     --     --        -- 
wdata[37]     --      --     --      --     --      --     --     --        -- 
wdata[38]     --      --     --      --     --      --     --     --        -- 
wdata[39]     --      --     --      --     --      --     --     --        -- 
wdata[40]     --      --     --      --     --      --     --     --        -- 
wdata[41]     --      --     --      --     --      --     --     --        -- 
wdata[42]     --      --     --      --     --      --     --     --        -- 
wdata[43]     --      --     --      --     --      --     --     --        -- 
wdata[44]     --      --     --      --     --      --     --     --        -- 
wdata[45]     --      --     --      --     --      --     --     --        -- 
wdata[46]     --      --     --      --     --      --     --     --        -- 
wdata[47]     --      --     --      --     --      --     --     --        -- 
wdata[48]     --      --     --      --     --      --     --     --        -- 
wdata[49]     --      --     --      --     --      --     --     --        -- 
wdata[50]     --      --     --      --     --      --     --     --        -- 
wdata[51]     --      --     --      --     --      --     --     --        -- 
wdata[52]     --      --     --      --     --      --     --     --        -- 
wdata[53]     --      --     --      --     --      --     --     --        -- 
wdata[54]     --      --     --      --     --      --     --     --        -- 
wdata[55]     --      --     --      --     --      --     --     --        -- 
wdata[56]     --      --     --      --     --      --     --     --        -- 
wdata[57]     --      --     --      --     --      --     --     --        -- 
wdata[58]     --      --     --      --     --      --     --     --        -- 
wdata[59]     --      --     --      --     --      --     --     --        -- 
wdata[60]     --      --     --      --     --      --     --     --        -- 
wdata[61]     --      --     --      --     --      --     --     --        -- 
wdata[62]     --      --     --      --     --      --     --     --        -- 
wdata[63]     --      --     --      --     --      --     --     --        -- 
wr_en         --      --     --      --     --      --     --     --        -- 


               Max Tran        Min Tran
Input Port    Rise    Fall    Rise    Fall
--------------------------------------------------------------------------------
clk           --      --      --      -- 
raddr[0]      --      --      --      -- 
raddr[1]      --      --      --      -- 
raddr[2]      --      --      --      -- 
raddr[3]      --      --      --      -- 
raddr[4]      --      --      --      -- 
raddr[5]      --      --      --      -- 
raddr[6]      --      --      --      -- 
raddr[7]      --      --      --      -- 
raddr[8]      --      --      --      -- 
rd_en         --      --      --      -- 
waddr[0]      --      --      --      -- 
waddr[1]      --      --      --      -- 
waddr[2]      --      --      --      -- 
waddr[3]      --      --      --      -- 
waddr[4]      --      --      --      -- 
waddr[5]      --      --      --      -- 
waddr[6]      --      --      --      -- 
waddr[7]      --      --      --      -- 
waddr[8]      --      --      --      -- 
wdata[0]      --      --      --      -- 
wdata[1]      --      --      --      -- 
wdata[2]      --      --      --      -- 
wdata[3]      --      --      --      -- 
wdata[4]      --      --      --      -- 
wdata[5]      --      --      --      -- 
wdata[6]      --      --      --      -- 
wdata[7]      --      --      --      -- 
wdata[8]      --      --      --      -- 
wdata[9]      --      --      --      -- 
wdata[10]     --      --      --      -- 
wdata[11]     --      --      --      -- 
wdata[12]     --      --      --      -- 
wdata[13]     --      --      --      -- 
wdata[14]     --      --      --      -- 
wdata[15]     --      --      --      -- 
wdata[16]     --      --      --      -- 
wdata[17]     --      --      --      -- 
wdata[18]     --      --      --      -- 
wdata[19]     --      --      --      -- 
wdata[20]     --      --      --      -- 
wdata[21]     --      --      --      -- 
wdata[22]     --      --      --      -- 
wdata[23]     --      --      --      -- 
wdata[24]     --      --      --      -- 
wdata[25]     --      --      --      -- 
wdata[26]     --      --      --      -- 
wdata[27]     --      --      --      -- 
wdata[28]     --      --      --      -- 
wdata[29]     --      --      --      -- 
wdata[30]     --      --      --      -- 
wdata[31]     --      --      --      -- 
wdata[32]     --      --      --      -- 
wdata[33]     --      --      --      -- 
wdata[34]     --      --      --      -- 
wdata[35]     --      --      --      -- 
wdata[36]     --      --      --      -- 
wdata[37]     --      --      --      -- 
wdata[38]     --      --      --      -- 
wdata[39]     --      --      --      -- 
wdata[40]     --      --      --      -- 
wdata[41]     --      --      --      -- 
wdata[42]     --      --      --      -- 
wdata[43]     --      --      --      -- 
wdata[44]     --      --      --      -- 
wdata[45]     --      --      --      -- 
wdata[46]     --      --      --      -- 
wdata[47]     --      --      --      -- 
wdata[48]     --      --      --      -- 
wdata[49]     --      --      --      -- 
wdata[50]     --      --      --      -- 
wdata[51]     --      --      --      -- 
wdata[52]     --      --      --      -- 
wdata[53]     --      --      --      -- 
wdata[54]     --      --      --      -- 
wdata[55]     --      --      --      -- 
wdata[56]     --      --      --      -- 
wdata[57]     --      --      --      -- 
wdata[58]     --      --      --      -- 
wdata[59]     --      --      --      -- 
wdata[60]     --      --      --      -- 
wdata[61]     --      --      --      -- 
wdata[62]     --      --      --      -- 
wdata[63]     --      --      --      -- 
wr_en         --      --      --      -- 


                    Output Delay
                  Min             Max      Related  Fanout
Output Port   Rise    Fall    Rise    Fall  Clock     Load
--------------------------------------------------------------------------------
rdata[0]      0.02    0.02    0.02    0.02  clk       0.00  
rdata[1]      0.02    0.02    0.02    0.02  clk       0.00  
rdata[2]      0.02    0.02    0.02    0.02  clk       0.00  
rdata[3]      0.02    0.02    0.02    0.02  clk       0.00  
rdata[4]      0.02    0.02    0.02    0.02  clk       0.00  
rdata[5]      0.02    0.02    0.02    0.02  clk       0.00  
rdata[6]      0.02    0.02    0.02    0.02  clk       0.00  
rdata[7]      0.02    0.02    0.02    0.02  clk       0.00  
rdata[8]      0.02    0.02    0.02    0.02  clk       0.00  
rdata[9]      0.02    0.02    0.02    0.02  clk       0.00  
rdata[10]     0.02    0.02    0.02    0.02  clk       0.00  
rdata[11]     0.02    0.02    0.02    0.02  clk       0.00  
rdata[12]     0.02    0.02    0.02    0.02  clk       0.00  
rdata[13]     0.02    0.02    0.02    0.02  clk       0.00  
rdata[14]     0.02    0.02    0.02    0.02  clk       0.00  
rdata[15]     0.02    0.02    0.02    0.02  clk       0.00  
rdata[16]     0.02    0.02    0.02    0.02  clk       0.00  
rdata[17]     0.02    0.02    0.02    0.02  clk       0.00  
rdata[18]     0.02    0.02    0.02    0.02  clk       0.00  
rdata[19]     0.02    0.02    0.02    0.02  clk       0.00  
rdata[20]     0.02    0.02    0.02    0.02  clk       0.00  
rdata[21]     0.02    0.02    0.02    0.02  clk       0.00  
rdata[22]     0.02    0.02    0.02    0.02  clk       0.00  
rdata[23]     0.02    0.02    0.02    0.02  clk       0.00  
rdata[24]     0.02    0.02    0.02    0.02  clk       0.00  
rdata[25]     0.02    0.02    0.02    0.02  clk       0.00  
rdata[26]     0.02    0.02    0.02    0.02  clk       0.00  
rdata[27]     0.02    0.02    0.02    0.02  clk       0.00  
rdata[28]     0.02    0.02    0.02    0.02  clk       0.00  
rdata[29]     0.02    0.02    0.02    0.02  clk       0.00  
rdata[30]     0.02    0.02    0.02    0.02  clk       0.00  
rdata[31]     0.02    0.02    0.02    0.02  clk       0.00  
rdata[32]     0.02    0.02    0.02    0.02  clk       0.00  
rdata[33]     0.02    0.02    0.02    0.02  clk       0.00  
rdata[34]     0.02    0.02    0.02    0.02  clk       0.00  
rdata[35]     0.02    0.02    0.02    0.02  clk       0.00  
rdata[36]     0.02    0.02    0.02    0.02  clk       0.00  
rdata[37]     0.02    0.02    0.02    0.02  clk       0.00  
rdata[38]     0.02    0.02    0.02    0.02  clk       0.00  
rdata[39]     0.02    0.02    0.02    0.02  clk       0.00  
rdata[40]     0.02    0.02    0.02    0.02  clk       0.00  
rdata[41]     0.02    0.02    0.02    0.02  clk       0.00  
rdata[42]     0.02    0.02    0.02    0.02  clk       0.00  
rdata[43]     0.02    0.02    0.02    0.02  clk       0.00  
rdata[44]     0.02    0.02    0.02    0.02  clk       0.00  
rdata[45]     0.02    0.02    0.02    0.02  clk       0.00  
rdata[46]     0.02    0.02    0.02    0.02  clk       0.00  
rdata[47]     0.02    0.02    0.02    0.02  clk       0.00  
rdata[48]     0.02    0.02    0.02    0.02  clk       0.00  
rdata[49]     0.02    0.02    0.02    0.02  clk       0.00  
rdata[50]     0.02    0.02    0.02    0.02  clk       0.00  
rdata[51]     0.02    0.02    0.02    0.02  clk       0.00  
rdata[52]     0.02    0.02    0.02    0.02  clk       0.00  
rdata[53]     0.02    0.02    0.02    0.02  clk       0.00  
rdata[54]     0.02    0.02    0.02    0.02  clk       0.00  
rdata[55]     0.02    0.02    0.02    0.02  clk       0.00  
rdata[56]     0.02    0.02    0.02    0.02  clk       0.00  
rdata[57]     0.02    0.02    0.02    0.02  clk       0.00  
rdata[58]     0.02    0.02    0.02    0.02  clk       0.00  
rdata[59]     0.02    0.02    0.02    0.02  clk       0.00  
rdata[60]     0.02    0.02    0.02    0.02  clk       0.00  
rdata[61]     0.02    0.02    0.02    0.02  clk       0.00  
rdata[62]     0.02    0.02    0.02    0.02  clk       0.00  
rdata[63]     0.02    0.02    0.02    0.02  clk       0.00  

1
 
****************************************
Report : compile_options
Design : sram_wrapper
Version: U-2022.12-SP7
Date   : Mon Mar 16 20:39:20 2026
****************************************

Design                                   Compile Option         Value
--------------------------------------------------------------------------------
sram_wrapper                             flatten                false
                                         structure              true
                                         structure_boolean      false
                                         structure_timing       true
                                         fix_multiple_port_nets feedthroughs
                                                                constants
                                                                outputs
                                                                buffer_constants
                                         isolate_port           disabled
                                         multibit_options
                                           optimization_mode    non_timing_driven
                                           minimum_width        2
                                           exclude_registers_with_timing_exceptions false
--------------------------------------------------------------------------------
1
 
****************************************
Report : constraint
        -all_violators
        -verbose
Design : sram_wrapper
Version: U-2022.12-SP7
Date   : Mon Mar 16 20:39:20 2026
****************************************

This design has no violated constraints.

1
 
****************************************
Report : timing
        -path full
        -delay max
        -nworst 100
        -max_paths 20
Design : sram_wrapper
Version: U-2022.12-SP7
Date   : Mon Mar 16 20:39:20 2026
****************************************

Operating Conditions: NCCOM   Library: tcbn65gplustc_ccs
Wire Load Model Mode: segmented

  Startpoint: wr_en (input port clocked by clk)
  Endpoint: sram00_inst
            (rising edge-triggered flip-flop clocked by clk)
  Path Group: clk
  Path Type: max

  Des/Clust/Port     Wire Load Model       Library
  ------------------------------------------------
  sram_wrapper       ZeroWireload          tcbn65gplustc_ccs

  Point                                    Incr       Path
  -----------------------------------------------------------
  clock clk (rise edge)                    0.00       0.00
  clock network delay (ideal)              0.00       0.00
  input external delay                     0.02       0.02 f
  wr_en (in)                               0.01       0.03 f
  U17/Z (DEL02)                            0.19       0.22 f
  U106/ZN (INVD1)                          0.04       0.27 r
  U100/ZN (ND2D1)                          0.03       0.30 f
  U103/ZN (INVD1)                          0.04       0.34 r
  U27/Z (AO22D4)                           0.05       0.39 r
  U26/Z (DEL0)                             0.49       0.88 r
  sram00_inst/A[4] (sram00)                0.00       0.88 r
  data arrival time                                   0.88

  clock clk (rise edge)                   20.00      20.00
  clock network delay (ideal)              0.00      20.00
  clock uncertainty                       -0.10      19.90
  sram00_inst/CLK (sram00)                 0.00      19.90 r
  library setup time                      -0.20      19.70
  data required time                                 19.70
  -----------------------------------------------------------
  data required time                                 19.70
  data arrival time                                  -0.88
  -----------------------------------------------------------
  slack (MET)                                        18.82


  Startpoint: wr_en (input port clocked by clk)
  Endpoint: sram00_inst
            (rising edge-triggered flip-flop clocked by clk)
  Path Group: clk
  Path Type: max

  Des/Clust/Port     Wire Load Model       Library
  ------------------------------------------------
  sram_wrapper       ZeroWireload          tcbn65gplustc_ccs

  Point                                    Incr       Path
  -----------------------------------------------------------
  clock clk (rise edge)                    0.00       0.00
  clock network delay (ideal)              0.00       0.00
  input external delay                     0.02       0.02 f
  wr_en (in)                               0.01       0.03 f
  U17/Z (DEL02)                            0.19       0.22 f
  U106/ZN (INVD1)                          0.04       0.27 r
  U100/ZN (ND2D1)                          0.03       0.30 f
  U103/ZN (INVD1)                          0.04       0.34 r
  U21/Z (AO22D4)                           0.05       0.39 r
  U20/Z (DEL0)                             0.49       0.88 r
  sram00_inst/A[7] (sram00)                0.00       0.88 r
  data arrival time                                   0.88

  clock clk (rise edge)                   20.00      20.00
  clock network delay (ideal)              0.00      20.00
  clock uncertainty                       -0.10      19.90
  sram00_inst/CLK (sram00)                 0.00      19.90 r
  library setup time                      -0.20      19.70
  data required time                                 19.70
  -----------------------------------------------------------
  data required time                                 19.70
  data arrival time                                  -0.88
  -----------------------------------------------------------
  slack (MET)                                        18.82


  Startpoint: wr_en (input port clocked by clk)
  Endpoint: sram00_inst
            (rising edge-triggered flip-flop clocked by clk)
  Path Group: clk
  Path Type: max

  Des/Clust/Port     Wire Load Model       Library
  ------------------------------------------------
  sram_wrapper       ZeroWireload          tcbn65gplustc_ccs

  Point                                    Incr       Path
  -----------------------------------------------------------
  clock clk (rise edge)                    0.00       0.00
  clock network delay (ideal)              0.00       0.00
  input external delay                     0.02       0.02 f
  wr_en (in)                               0.01       0.03 f
  U17/Z (DEL02)                            0.19       0.22 f
  U106/ZN (INVD1)                          0.04       0.27 r
  U100/ZN (ND2D1)                          0.03       0.30 f
  U103/ZN (INVD1)                          0.04       0.34 r
  U27/Z (AO22D4)                           0.04       0.39 r
  U26/Z (DEL0)                             0.49       0.88 r
  sram00_inst/A[4] (sram00)                0.00       0.88 r
  data arrival time                                   0.88

  clock clk (rise edge)                   20.00      20.00
  clock network delay (ideal)              0.00      20.00
  clock uncertainty                       -0.10      19.90
  sram00_inst/CLK (sram00)                 0.00      19.90 r
  library setup time                      -0.20      19.70
  data required time                                 19.70
  -----------------------------------------------------------
  data required time                                 19.70
  data arrival time                                  -0.88
  -----------------------------------------------------------
  slack (MET)                                        18.82


  Startpoint: wr_en (input port clocked by clk)
  Endpoint: sram00_inst
            (rising edge-triggered flip-flop clocked by clk)
  Path Group: clk
  Path Type: max

  Des/Clust/Port     Wire Load Model       Library
  ------------------------------------------------
  sram_wrapper       ZeroWireload          tcbn65gplustc_ccs

  Point                                    Incr       Path
  -----------------------------------------------------------
  clock clk (rise edge)                    0.00       0.00
  clock network delay (ideal)              0.00       0.00
  input external delay                     0.02       0.02 f
  wr_en (in)                               0.01       0.03 f
  U17/Z (DEL02)                            0.19       0.22 f
  U106/ZN (INVD1)                          0.04       0.27 r
  U100/ZN (ND2D1)                          0.03       0.30 f
  U103/ZN (INVD1)                          0.04       0.34 r
  U21/Z (AO22D4)                           0.04       0.39 r
  U20/Z (DEL0)                             0.49       0.88 r
  sram00_inst/A[7] (sram00)                0.00       0.88 r
  data arrival time                                   0.88

  clock clk (rise edge)                   20.00      20.00
  clock network delay (ideal)              0.00      20.00
  clock uncertainty                       -0.10      19.90
  sram00_inst/CLK (sram00)                 0.00      19.90 r
  library setup time                      -0.20      19.70
  data required time                                 19.70
  -----------------------------------------------------------
  data required time                                 19.70
  data arrival time                                  -0.88
  -----------------------------------------------------------
  slack (MET)                                        18.82


  Startpoint: wr_en (input port clocked by clk)
  Endpoint: sram00_inst
            (rising edge-triggered flip-flop clocked by clk)
  Path Group: clk
  Path Type: max

  Des/Clust/Port     Wire Load Model       Library
  ------------------------------------------------
  sram_wrapper       ZeroWireload          tcbn65gplustc_ccs

  Point                                    Incr       Path
  -----------------------------------------------------------
  clock clk (rise edge)                    0.00       0.00
  clock network delay (ideal)              0.00       0.00
  input external delay                     0.02       0.02 f
  wr_en (in)                               0.01       0.03 f
  U17/Z (DEL02)                            0.19       0.22 f
  U106/ZN (INVD1)                          0.04       0.27 r
  U100/ZN (ND2D1)                          0.03       0.30 f
  U101/ZN (INVD1)                          0.04       0.34 r
  U35/Z (AO22D4)                           0.04       0.39 r
  U34/Z (DEL0)                             0.49       0.88 r
  sram00_inst/A[0] (sram00)                0.00       0.88 r
  data arrival time                                   0.88

  clock clk (rise edge)                   20.00      20.00
  clock network delay (ideal)              0.00      20.00
  clock uncertainty                       -0.10      19.90
  sram00_inst/CLK (sram00)                 0.00      19.90 r
  library setup time                      -0.20      19.70
  data required time                                 19.70
  -----------------------------------------------------------
  data required time                                 19.70
  data arrival time                                  -0.88
  -----------------------------------------------------------
  slack (MET)                                        18.82


  Startpoint: wr_en (input port clocked by clk)
  Endpoint: sram00_inst
            (rising edge-triggered flip-flop clocked by clk)
  Path Group: clk
  Path Type: max

  Des/Clust/Port     Wire Load Model       Library
  ------------------------------------------------
  sram_wrapper       ZeroWireload          tcbn65gplustc_ccs

  Point                                    Incr       Path
  -----------------------------------------------------------
  clock clk (rise edge)                    0.00       0.00
  clock network delay (ideal)              0.00       0.00
  input external delay                     0.02       0.02 f
  wr_en (in)                               0.01       0.03 f
  U17/Z (DEL02)                            0.19       0.22 f
  U106/ZN (INVD1)                          0.04       0.27 r
  U100/ZN (ND2D1)                          0.03       0.30 f
  U102/ZN (INVD1)                          0.04       0.34 r
  U33/Z (AO22D4)                           0.04       0.39 r
  U32/Z (DEL0)                             0.49       0.88 r
  sram00_inst/A[1] (sram00)                0.00       0.88 r
  data arrival time                                   0.88

  clock clk (rise edge)                   20.00      20.00
  clock network delay (ideal)              0.00      20.00
  clock uncertainty                       -0.10      19.90
  sram00_inst/CLK (sram00)                 0.00      19.90 r
  library setup time                      -0.20      19.70
  data required time                                 19.70
  -----------------------------------------------------------
  data required time                                 19.70
  data arrival time                                  -0.88
  -----------------------------------------------------------
  slack (MET)                                        18.82


  Startpoint: wr_en (input port clocked by clk)
  Endpoint: sram00_inst
            (rising edge-triggered flip-flop clocked by clk)
  Path Group: clk
  Path Type: max

  Des/Clust/Port     Wire Load Model       Library
  ------------------------------------------------
  sram_wrapper       ZeroWireload          tcbn65gplustc_ccs

  Point                                    Incr       Path
  -----------------------------------------------------------
  clock clk (rise edge)                    0.00       0.00
  clock network delay (ideal)              0.00       0.00
  input external delay                     0.02       0.02 f
  wr_en (in)                               0.01       0.03 f
  U17/Z (DEL02)                            0.19       0.22 f
  U106/ZN (INVD1)                          0.04       0.27 r
  U100/ZN (ND2D1)                          0.03       0.30 f
  U102/ZN (INVD1)                          0.04       0.34 r
  U31/Z (AO22D4)                           0.04       0.39 r
  U30/Z (DEL0)                             0.49       0.88 r
  sram00_inst/A[2] (sram00)                0.00       0.88 r
  data arrival time                                   0.88

  clock clk (rise edge)                   20.00      20.00
  clock network delay (ideal)              0.00      20.00
  clock uncertainty                       -0.10      19.90
  sram00_inst/CLK (sram00)                 0.00      19.90 r
  library setup time                      -0.20      19.70
  data required time                                 19.70
  -----------------------------------------------------------
  data required time                                 19.70
  data arrival time                                  -0.88
  -----------------------------------------------------------
  slack (MET)                                        18.82


  Startpoint: wr_en (input port clocked by clk)
  Endpoint: sram00_inst
            (rising edge-triggered flip-flop clocked by clk)
  Path Group: clk
  Path Type: max

  Des/Clust/Port     Wire Load Model       Library
  ------------------------------------------------
  sram_wrapper       ZeroWireload          tcbn65gplustc_ccs

  Point                                    Incr       Path
  -----------------------------------------------------------
  clock clk (rise edge)                    0.00       0.00
  clock network delay (ideal)              0.00       0.00
  input external delay                     0.02       0.02 f
  wr_en (in)                               0.01       0.03 f
  U17/Z (DEL02)                            0.19       0.22 f
  U106/ZN (INVD1)                          0.04       0.27 r
  U100/ZN (ND2D1)                          0.03       0.30 f
  U101/ZN (INVD1)                          0.04       0.34 r
  U29/Z (AO22D4)                           0.04       0.39 r
  U28/Z (DEL0)                             0.49       0.88 r
  sram00_inst/A[3] (sram00)                0.00       0.88 r
  data arrival time                                   0.88

  clock clk (rise edge)                   20.00      20.00
  clock network delay (ideal)              0.00      20.00
  clock uncertainty                       -0.10      19.90
  sram00_inst/CLK (sram00)                 0.00      19.90 r
  library setup time                      -0.20      19.70
  data required time                                 19.70
  -----------------------------------------------------------
  data required time                                 19.70
  data arrival time                                  -0.88
  -----------------------------------------------------------
  slack (MET)                                        18.82


  Startpoint: wr_en (input port clocked by clk)
  Endpoint: sram00_inst
            (rising edge-triggered flip-flop clocked by clk)
  Path Group: clk
  Path Type: max

  Des/Clust/Port     Wire Load Model       Library
  ------------------------------------------------
  sram_wrapper       ZeroWireload          tcbn65gplustc_ccs

  Point                                    Incr       Path
  -----------------------------------------------------------
  clock clk (rise edge)                    0.00       0.00
  clock network delay (ideal)              0.00       0.00
  input external delay                     0.02       0.02 f
  wr_en (in)                               0.01       0.03 f
  U17/Z (DEL02)                            0.19       0.22 f
  U106/ZN (INVD1)                          0.04       0.27 r
  U100/ZN (ND2D1)                          0.03       0.30 f
  U102/ZN (INVD1)                          0.04       0.34 r
  U25/Z (AO22D4)                           0.04       0.39 r
  U24/Z (DEL0)                             0.49       0.88 r
  sram00_inst/A[5] (sram00)                0.00       0.88 r
  data arrival time                                   0.88

  clock clk (rise edge)                   20.00      20.00
  clock network delay (ideal)              0.00      20.00
  clock uncertainty                       -0.10      19.90
  sram00_inst/CLK (sram00)                 0.00      19.90 r
  library setup time                      -0.20      19.70
  data required time                                 19.70
  -----------------------------------------------------------
  data required time                                 19.70
  data arrival time                                  -0.88
  -----------------------------------------------------------
  slack (MET)                                        18.82


  Startpoint: wr_en (input port clocked by clk)
  Endpoint: sram00_inst
            (rising edge-triggered flip-flop clocked by clk)
  Path Group: clk
  Path Type: max

  Des/Clust/Port     Wire Load Model       Library
  ------------------------------------------------
  sram_wrapper       ZeroWireload          tcbn65gplustc_ccs

  Point                                    Incr       Path
  -----------------------------------------------------------
  clock clk (rise edge)                    0.00       0.00
  clock network delay (ideal)              0.00       0.00
  input external delay                     0.02       0.02 f
  wr_en (in)                               0.01       0.03 f
  U17/Z (DEL02)                            0.19       0.22 f
  U106/ZN (INVD1)                          0.04       0.27 r
  U100/ZN (ND2D1)                          0.03       0.30 f
  U101/ZN (INVD1)                          0.04       0.34 r
  U23/Z (AO22D4)                           0.04       0.39 r
  U22/Z (DEL0)                             0.49       0.88 r
  sram00_inst/A[6] (sram00)                0.00       0.88 r
  data arrival time                                   0.88

  clock clk (rise edge)                   20.00      20.00
  clock network delay (ideal)              0.00      20.00
  clock uncertainty                       -0.10      19.90
  sram00_inst/CLK (sram00)                 0.00      19.90 r
  library setup time                      -0.20      19.70
  data required time                                 19.70
  -----------------------------------------------------------
  data required time                                 19.70
  data arrival time                                  -0.88
  -----------------------------------------------------------
  slack (MET)                                        18.82


  Startpoint: wr_en (input port clocked by clk)
  Endpoint: sram00_inst
            (rising edge-triggered flip-flop clocked by clk)
  Path Group: clk
  Path Type: max

  Des/Clust/Port     Wire Load Model       Library
  ------------------------------------------------
  sram_wrapper       ZeroWireload          tcbn65gplustc_ccs

  Point                                    Incr       Path
  -----------------------------------------------------------
  clock clk (rise edge)                    0.00       0.00
  clock network delay (ideal)              0.00       0.00
  input external delay                     0.02       0.02 f
  wr_en (in)                               0.01       0.03 f
  U17/Z (DEL02)                            0.19       0.22 f
  U106/ZN (INVD1)                          0.04       0.27 r
  U100/ZN (ND2D1)                          0.03       0.30 f
  U101/ZN (INVD1)                          0.04       0.34 r
  U35/Z (AO22D4)                           0.04       0.39 r
  U34/Z (DEL0)                             0.49       0.87 r
  sram00_inst/A[0] (sram00)                0.00       0.87 r
  data arrival time                                   0.87

  clock clk (rise edge)                   20.00      20.00
  clock network delay (ideal)              0.00      20.00
  clock uncertainty                       -0.10      19.90
  sram00_inst/CLK (sram00)                 0.00      19.90 r
  library setup time                      -0.20      19.70
  data required time                                 19.70
  -----------------------------------------------------------
  data required time                                 19.70
  data arrival time                                  -0.87
  -----------------------------------------------------------
  slack (MET)                                        18.82


  Startpoint: wr_en (input port clocked by clk)
  Endpoint: sram00_inst
            (rising edge-triggered flip-flop clocked by clk)
  Path Group: clk
  Path Type: max

  Des/Clust/Port     Wire Load Model       Library
  ------------------------------------------------
  sram_wrapper       ZeroWireload          tcbn65gplustc_ccs

  Point                                    Incr       Path
  -----------------------------------------------------------
  clock clk (rise edge)                    0.00       0.00
  clock network delay (ideal)              0.00       0.00
  input external delay                     0.02       0.02 f
  wr_en (in)                               0.01       0.03 f
  U17/Z (DEL02)                            0.19       0.22 f
  U106/ZN (INVD1)                          0.04       0.27 r
  U100/ZN (ND2D1)                          0.03       0.30 f
  U102/ZN (INVD1)                          0.04       0.34 r
  U33/Z (AO22D4)                           0.04       0.39 r
  U32/Z (DEL0)                             0.49       0.87 r
  sram00_inst/A[1] (sram00)                0.00       0.87 r
  data arrival time                                   0.87

  clock clk (rise edge)                   20.00      20.00
  clock network delay (ideal)              0.00      20.00
  clock uncertainty                       -0.10      19.90
  sram00_inst/CLK (sram00)                 0.00      19.90 r
  library setup time                      -0.20      19.70
  data required time                                 19.70
  -----------------------------------------------------------
  data required time                                 19.70
  data arrival time                                  -0.87
  -----------------------------------------------------------
  slack (MET)                                        18.82


  Startpoint: wr_en (input port clocked by clk)
  Endpoint: sram00_inst
            (rising edge-triggered flip-flop clocked by clk)
  Path Group: clk
  Path Type: max

  Des/Clust/Port     Wire Load Model       Library
  ------------------------------------------------
  sram_wrapper       ZeroWireload          tcbn65gplustc_ccs

  Point                                    Incr       Path
  -----------------------------------------------------------
  clock clk (rise edge)                    0.00       0.00
  clock network delay (ideal)              0.00       0.00
  input external delay                     0.02       0.02 f
  wr_en (in)                               0.01       0.03 f
  U17/Z (DEL02)                            0.19       0.22 f
  U106/ZN (INVD1)                          0.04       0.27 r
  U100/ZN (ND2D1)                          0.03       0.30 f
  U102/ZN (INVD1)                          0.04       0.34 r
  U31/Z (AO22D4)                           0.04       0.39 r
  U30/Z (DEL0)                             0.49       0.87 r
  sram00_inst/A[2] (sram00)                0.00       0.87 r
  data arrival time                                   0.87

  clock clk (rise edge)                   20.00      20.00
  clock network delay (ideal)              0.00      20.00
  clock uncertainty                       -0.10      19.90
  sram00_inst/CLK (sram00)                 0.00      19.90 r
  library setup time                      -0.20      19.70
  data required time                                 19.70
  -----------------------------------------------------------
  data required time                                 19.70
  data arrival time                                  -0.87
  -----------------------------------------------------------
  slack (MET)                                        18.82


  Startpoint: wr_en (input port clocked by clk)
  Endpoint: sram00_inst
            (rising edge-triggered flip-flop clocked by clk)
  Path Group: clk
  Path Type: max

  Des/Clust/Port     Wire Load Model       Library
  ------------------------------------------------
  sram_wrapper       ZeroWireload          tcbn65gplustc_ccs

  Point                                    Incr       Path
  -----------------------------------------------------------
  clock clk (rise edge)                    0.00       0.00
  clock network delay (ideal)              0.00       0.00
  input external delay                     0.02       0.02 f
  wr_en (in)                               0.01       0.03 f
  U17/Z (DEL02)                            0.19       0.22 f
  U106/ZN (INVD1)                          0.04       0.27 r
  U100/ZN (ND2D1)                          0.03       0.30 f
  U101/ZN (INVD1)                          0.04       0.34 r
  U29/Z (AO22D4)                           0.04       0.39 r
  U28/Z (DEL0)                             0.49       0.87 r
  sram00_inst/A[3] (sram00)                0.00       0.87 r
  data arrival time                                   0.87

  clock clk (rise edge)                   20.00      20.00
  clock network delay (ideal)              0.00      20.00
  clock uncertainty                       -0.10      19.90
  sram00_inst/CLK (sram00)                 0.00      19.90 r
  library setup time                      -0.20      19.70
  data required time                                 19.70
  -----------------------------------------------------------
  data required time                                 19.70
  data arrival time                                  -0.87
  -----------------------------------------------------------
  slack (MET)                                        18.82


  Startpoint: wr_en (input port clocked by clk)
  Endpoint: sram00_inst
            (rising edge-triggered flip-flop clocked by clk)
  Path Group: clk
  Path Type: max

  Des/Clust/Port     Wire Load Model       Library
  ------------------------------------------------
  sram_wrapper       ZeroWireload          tcbn65gplustc_ccs

  Point                                    Incr       Path
  -----------------------------------------------------------
  clock clk (rise edge)                    0.00       0.00
  clock network delay (ideal)              0.00       0.00
  input external delay                     0.02       0.02 f
  wr_en (in)                               0.01       0.03 f
  U17/Z (DEL02)                            0.19       0.22 f
  U106/ZN (INVD1)                          0.04       0.27 r
  U100/ZN (ND2D1)                          0.03       0.30 f
  U102/ZN (INVD1)                          0.04       0.34 r
  U25/Z (AO22D4)                           0.04       0.39 r
  U24/Z (DEL0)                             0.49       0.87 r
  sram00_inst/A[5] (sram00)                0.00       0.87 r
  data arrival time                                   0.87

  clock clk (rise edge)                   20.00      20.00
  clock network delay (ideal)              0.00      20.00
  clock uncertainty                       -0.10      19.90
  sram00_inst/CLK (sram00)                 0.00      19.90 r
  library setup time                      -0.20      19.70
  data required time                                 19.70
  -----------------------------------------------------------
  data required time                                 19.70
  data arrival time                                  -0.87
  -----------------------------------------------------------
  slack (MET)                                        18.82


  Startpoint: wr_en (input port clocked by clk)
  Endpoint: sram00_inst
            (rising edge-triggered flip-flop clocked by clk)
  Path Group: clk
  Path Type: max

  Des/Clust/Port     Wire Load Model       Library
  ------------------------------------------------
  sram_wrapper       ZeroWireload          tcbn65gplustc_ccs

  Point                                    Incr       Path
  -----------------------------------------------------------
  clock clk (rise edge)                    0.00       0.00
  clock network delay (ideal)              0.00       0.00
  input external delay                     0.02       0.02 f
  wr_en (in)                               0.01       0.03 f
  U17/Z (DEL02)                            0.19       0.22 f
  U106/ZN (INVD1)                          0.04       0.27 r
  U100/ZN (ND2D1)                          0.03       0.30 f
  U101/ZN (INVD1)                          0.04       0.34 r
  U23/Z (AO22D4)                           0.04       0.39 r
  U22/Z (DEL0)                             0.49       0.87 r
  sram00_inst/A[6] (sram00)                0.00       0.87 r
  data arrival time                                   0.87

  clock clk (rise edge)                   20.00      20.00
  clock network delay (ideal)              0.00      20.00
  clock uncertainty                       -0.10      19.90
  sram00_inst/CLK (sram00)                 0.00      19.90 r
  library setup time                      -0.20      19.70
  data required time                                 19.70
  -----------------------------------------------------------
  data required time                                 19.70
  data arrival time                                  -0.87
  -----------------------------------------------------------
  slack (MET)                                        18.82


  Startpoint: wr_en (input port clocked by clk)
  Endpoint: sram00_inst
            (rising edge-triggered flip-flop clocked by clk)
  Path Group: clk
  Path Type: max

  Des/Clust/Port     Wire Load Model       Library
  ------------------------------------------------
  sram_wrapper       ZeroWireload          tcbn65gplustc_ccs

  Point                                    Incr       Path
  -----------------------------------------------------------
  clock clk (rise edge)                    0.00       0.00
  clock network delay (ideal)              0.00       0.00
  input external delay                     0.02       0.02 f
  wr_en (in)                               0.01       0.03 f
  U17/Z (DEL02)                            0.19       0.22 f
  U106/ZN (INVD1)                          0.04       0.27 r
  U100/ZN (ND2D1)                          0.03       0.30 f
  U103/ZN (INVD1)                          0.04       0.34 r
  U27/Z (AO22D4)                           0.04       0.38 r
  U26/Z (DEL0)                             0.49       0.87 r
  sram00_inst/A[4] (sram00)                0.00       0.87 r
  data arrival time                                   0.87

  clock clk (rise edge)                   20.00      20.00
  clock network delay (ideal)              0.00      20.00
  clock uncertainty                       -0.10      19.90
  sram00_inst/CLK (sram00)                 0.00      19.90 r
  library setup time                      -0.20      19.70
  data required time                                 19.70
  -----------------------------------------------------------
  data required time                                 19.70
  data arrival time                                  -0.87
  -----------------------------------------------------------
  slack (MET)                                        18.82


  Startpoint: wr_en (input port clocked by clk)
  Endpoint: sram00_inst
            (rising edge-triggered flip-flop clocked by clk)
  Path Group: clk
  Path Type: max

  Des/Clust/Port     Wire Load Model       Library
  ------------------------------------------------
  sram_wrapper       ZeroWireload          tcbn65gplustc_ccs

  Point                                    Incr       Path
  -----------------------------------------------------------
  clock clk (rise edge)                    0.00       0.00
  clock network delay (ideal)              0.00       0.00
  input external delay                     0.02       0.02 f
  wr_en (in)                               0.01       0.03 f
  U17/Z (DEL02)                            0.19       0.22 f
  U106/ZN (INVD1)                          0.04       0.27 r
  U100/ZN (ND2D1)                          0.03       0.30 f
  U103/ZN (INVD1)                          0.04       0.34 r
  U21/Z (AO22D4)                           0.04       0.38 r
  U20/Z (DEL0)                             0.49       0.87 r
  sram00_inst/A[7] (sram00)                0.00       0.87 r
  data arrival time                                   0.87

  clock clk (rise edge)                   20.00      20.00
  clock network delay (ideal)              0.00      20.00
  clock uncertainty                       -0.10      19.90
  sram00_inst/CLK (sram00)                 0.00      19.90 r
  library setup time                      -0.20      19.70
  data required time                                 19.70
  -----------------------------------------------------------
  data required time                                 19.70
  data arrival time                                  -0.87
  -----------------------------------------------------------
  slack (MET)                                        18.82


  Startpoint: wr_en (input port clocked by clk)
  Endpoint: sram00_inst
            (rising edge-triggered flip-flop clocked by clk)
  Path Group: clk
  Path Type: max

  Des/Clust/Port     Wire Load Model       Library
  ------------------------------------------------
  sram_wrapper       ZeroWireload          tcbn65gplustc_ccs

  Point                                    Incr       Path
  -----------------------------------------------------------
  clock clk (rise edge)                    0.00       0.00
  clock network delay (ideal)              0.00       0.00
  input external delay                     0.02       0.02 f
  wr_en (in)                               0.01       0.03 f
  U17/Z (DEL02)                            0.19       0.22 f
  U106/ZN (INVD1)                          0.04       0.27 r
  U100/ZN (ND2D1)                          0.03       0.30 f
  U102/ZN (INVD1)                          0.04       0.34 r
  U25/Z (AO22D4)                           0.04       0.38 r
  U24/Z (DEL0)                             0.49       0.87 r
  sram00_inst/A[5] (sram00)                0.00       0.87 r
  data arrival time                                   0.87

  clock clk (rise edge)                   20.00      20.00
  clock network delay (ideal)              0.00      20.00
  clock uncertainty                       -0.10      19.90
  sram00_inst/CLK (sram00)                 0.00      19.90 r
  library setup time                      -0.20      19.70
  data required time                                 19.70
  -----------------------------------------------------------
  data required time                                 19.70
  data arrival time                                  -0.87
  -----------------------------------------------------------
  slack (MET)                                        18.82


  Startpoint: wr_en (input port clocked by clk)
  Endpoint: sram00_inst
            (rising edge-triggered flip-flop clocked by clk)
  Path Group: clk
  Path Type: max

  Des/Clust/Port     Wire Load Model       Library
  ------------------------------------------------
  sram_wrapper       ZeroWireload          tcbn65gplustc_ccs

  Point                                    Incr       Path
  -----------------------------------------------------------
  clock clk (rise edge)                    0.00       0.00
  clock network delay (ideal)              0.00       0.00
  input external delay                     0.02       0.02 f
  wr_en (in)                               0.01       0.03 f
  U17/Z (DEL02)                            0.19       0.22 f
  U106/ZN (INVD1)                          0.04       0.27 r
  U100/ZN (ND2D1)                          0.03       0.30 f
  U101/ZN (INVD1)                          0.04       0.34 r
  U23/Z (AO22D4)                           0.04       0.38 r
  U22/Z (DEL0)                             0.49       0.87 r
  sram00_inst/A[6] (sram00)                0.00       0.87 r
  data arrival time                                   0.87

  clock clk (rise edge)                   20.00      20.00
  clock network delay (ideal)              0.00      20.00
  clock uncertainty                       -0.10      19.90
  sram00_inst/CLK (sram00)                 0.00      19.90 r
  library setup time                      -0.20      19.70
  data required time                                 19.70
  -----------------------------------------------------------
  data required time                                 19.70
  data arrival time                                  -0.87
  -----------------------------------------------------------
  slack (MET)                                        18.82


1
