000000000010011000110010111110111
000000000010011000110010100010111
000000000010011000110010110000100
000000000010011000110010111000001
000000000010011000110010111010100
000000000010011000110011000100010
000000000010011000110010110101110
000000000010011000110011000110011
111111111101101001111000000110011
111111111101101001110111111011101
111111111101101001110111100001111
111111111101101001111000010111001
111111111101101001111000000001000
111111111101101001110111110000101
111111111101101001110111111100000
111111111101101001110111111110101
111111111110010011111000101110000
111111111110010011111000011101000
111111111110010011111000001011110
111111111110010011111000110101110
111111111110010011111000010110111
111111111110010011110111111100110
111111111110010011111000010011010
111111111110010011111000011011100
000000000001000000001111110010101
000000000001000000001111111100000
000000000001000000001111101100100
000000000001000000010000001010111
000000000001000000001111101010010
000000000001000000001111011011101
000000000001000000010000000111111
000000000001000000001111110111000
111111111110100100010000010111100
111111111110100100001111110111111
111111111110100100001111110010100
111111111110100100010000000000110
111111111110100100010000000010110
111111111110100100010000010110100
111111111110100100001111100110100
111111111110100100010000011011001
111111111101000110011010101010001
111111111101000110011001110010000
111111111101000110011001110001000
111111111101000110011010101110000
111111111101000110011010010010111
111111111101000110011001111111110
111111111101000110011001111111111
111111111101000110011010011110010
000000000001011100100010101011100
000000000001011100100010000100111
000000000001011100100010010001011
000000000001011100100010011010011
000000000001011100100010010011111
000000000001011100100010000100000
000000000001011100100010000001110
000000000001011100100010010100011
111111111111001000100010000101010
111111111111001000100010000001001
111111111111001000100001101100101
111111111111001000100010001001110
111111111111001000100001111100101
111111111111001000100001101100001
111111111111001000100001110010101
111111111111001000100001111010011
000000000010011000110011001000010
000000000010011000110011011011001
000000000010011000110011011001100
000000000010011000110010110011011
000000000010011000110010110010000
000000000010011000110010111001101
000000000010011000110010111110100
000000000010011000110011000010111
111111111101101001110111010001011
111111111101101001110111010111000
111111111101101001110111101010101
111111111101101001110111001111111
111111111101101001110111100011111
111111111101101001110111010110001
111111111101101001110111100000100
111111111101101001110111011111111
111111111110010011111000100000110
111111111110010011111000100011101
111111111110010011111000101110011
111111111110010011111000001101000
111111111110010011111000010111111
111111111110010011111000000001010
111111111110010011111000000001010
111111111110010011111000011000000
000000000001000000010000010000000
000000000001000000010000010110001
000000000001000000010000001110101
000000000001000000001111110001000
000000000001000000010000001011110
000000000001000000001111111100010
000000000001000000001111110000111
000000000001000000001111111011110
111111111110100100010000010101110
111111111110100100010000011011000
111111111110100100010000100101001
111111111110100100010000001001111
111111111110100100010000001001110
111111111110100100010000000110000
111111111110100100010000001101000
111111111110100100010000010111010
111111111101000110011001101001111
111111111101000110011001111001010
111111111101000110011010010101011
111111111101000110011001101110110
111111111101000110011010000100100
111111111101000110011001011100011
111111111101000110011001100100011
111111111101000110011001111001100
000000000001011100100010100010000
000000000001011100100010110001100
000000000001011100100010111100101
000000000001011100100010001011010
000000000001011100100010010100001
000000000001011100100010001001101
000000000001011100100010001110011
000000000001011100100010011110100
111111111111001000100010100011000
111111111111001000100010101000000
111111111111001000100010011110010
111111111111001000100010000011000
111111111111001000100010001010000
111111111111001000100001110111110
111111111111001000100001101001111
111111111111001000100010000100000
000000000010011000110011000001001
000000000010011000110011101100111
000000000010011000110100011100101
000000000010011000110011010111011
000000000010011000110011101000111
000000000010011000110011111100000
000000000010011000110011000011000
000000000010011000110011011110001
111111111101101001110111010101000
111111111101101001110111010110110
111111111101101001110111110001010
111111111101101001110111011000100
111111111101101001110111110101000
111111111101101001110111010010001
111111111101101001110111001000110
111111111101101001110111010001001
111111111110010011111000001111110
111111111110010011111000100100110
111111111110010011111001000001000
111111111110010011111000011010110
111111111110010011111000100010100
111111111110010011111000110111110
111111111110010011111000000011111
111111111110010011111000000101101
000000000001000000001111101010100
000000000001000000001111110011010
000000000001000000001111110001000
000000000001000000001111101011000
000000000001000000001111101100111
000000000001000000001111111100011
000000000001000000001111001110110
000000000001000000001111011000110
111111111110100100010000000110011
111111111110100100010000001111011
111111111110100100010000010010101
111111111110100100010000001010011
111111111110100100010000001010110
111111111110100100010000010001101
111111111110100100010000001011110
111111111110100100001111111110001
111111111101000110011001111111010
111111111101000110011001110110010
111111111101000110011010010101101
111111111101000110011010010001000
111111111101000110011010010000110
111111111101000110011010000101011
111111111101000110011001100011101
111111111101000110011001101110100
000000000001011100100010010010110
000000000001011100100010001100010
000000000001011100100010111101010
000000000001011100100010011110110
000000000001011100100010100110111
000000000001011100100010100010001
000000000001011100100001111001011
000000000001011100100010011111011
111111111111001000100001110111110
111111111111001000100001101000010
111111111111001000100001110000110
111111111111001000100001110001100
111111111111001000100001101101110
111111111111001000100010000001100
111111111111001000100001011000011
111111111111001000100001100111011
000000000010011000110011001011000
000000000010011000110011001010110
000000000010011000110010111100111
000000000010011000110011010001100
000000000010011000110011000101110
000000000010011000110010111001111
000000000010011000110011010011100
000000000010011000110011001101101
111111111101101001110111111011101
111111111101101001110111010100110
111111111101101001110111010011100
111111111101101001111000000000000
111111111101101001110111101001000
111111111101101001110111010100101
111111111101101001110111010001001
111111111101101001110111011101011
111111111110010011110111111100101
111111111110010011110111110001110
111111111110010011110111110000011
111111111110010011110111101100101
111111111110010011111000000000101
111111111110010011110111101111110
111111111110010011111000000001111
111111111110010011111000001100000
000000000001000000010000001011110
000000000001000000001111101111100
000000000001000000001111100010110
000000000001000000010000000010110
000000000001000000010000010101000
000000000001000000010000000000110
000000000001000000010000001001110
000000000001000000010000001000111
111111111110100100010000110000110
111111111110100100010000011101100
111111111110100100010000011110100
111111111110100100010000100101111
111111111110100100010000101110011
111111111110100100010000100011010
111111111110100100010000100011010
111111111110100100010000101101001
111111111101000110011010110000111
111111111101000110011001111011101
111111111101000110011001101001011
111111111101000110011010110000001
111111111101000110011010011110000
111111111101000110011001111011000
111111111101000110011010011000100
111111111101000110011010101101101
000000000001011100100010001010001
000000000001011100100010011000001
000000000001011100100001111100000
000000000001011100100010101100010
000000000001011100100010000011011
000000000001011100100010000001011
000000000001011100100010001110001
000000000001011100100010001100010
111111111111001000100010001000101
111111111111001000100001110010001
111111111111001000100001110000101
111111111111001000100010000001011
111111111111001000100010000100101
111111111111001000100001111000111
111111111111001000100001111101011
111111111111001000100001110110010
000000000010011000110011111111000
000000000010011000110011110011000
000000000010011000110011110011111
000000000010011000110011101000101
000000000010011000110011101111011
000000000010011000110011111010000
000000000010011000110011111110100
000000000010011000110011000010011
111111111101101001111000010011001
111111111101101001111000010011011
111111111101101001111000011010111
111111111101101001111000100000101
111111111101101001111000011111010
111111111101101001111000100101001
111111111101101001111000010000011
111111111101101001110111101001110
111111111110010011110111111011111
111111111110010011111000000111011
111111111110010011110111110100001
111111111110010011111000001100111
111111111110010011111000000000101
111111111110010011111000011100001
111111111110010011110111111101100
111111111110010011111000000111110
000000000001000000001111010100011
000000000001000000001110110110101
000000000001000000001111010110011
000000000001000000001111001001110
000000000001000000001110111110110
000000000001000000001111010111010
000000000001000000001111010010001
000000000001000000001111000111111
111111111110100100010000110111000
111111111110100100010000100101000
111111111110100100010000100110010
111111111110100100010000011001000
111111111110100100010000011011000
111111111110100100010000111000101
111111111110100100010000110011101
111111111110100100010000000110000
111111111101000110011001101101100
111111111101000110011001110110111
111111111101000110011001111001000
111111111101000110011010010010010
111111111101000110011010001000110
111111111101000110011010000001111
111111111101000110011001101101111
111111111101000110011001101011111
000000000001011100100011010010011
000000000001011100100010101101011
000000000001011100100010101001100
000000000001011100100010100010101
000000000001011100100010011110111
000000000001011100100010110010000
000000000001011100100011000000111
000000000001011100100001110000100
111111111111001000100010010110011
111111111111001000100010000010100
111111111111001000100001111100110
111111111111001000100001111010101
111111111111001000100001101111111
111111111111001000100010010111111
111111111111001000100010000100111
111111111111001000100001100100110
000000000010011000110011010001001
000000000010011000110011001110001
000000000010011000110011010101010
000000000010011000110011000000111
000000000010011000110011010010011
000000000010011000110011010001000
000000000010011000110010111000000
000000000010011000110011001011011
111111111101101001110111011101101
111111111101101001110111110100100
111111111101101001110111110011010
111111111101101001110111100110101
111111111101101001110111111111101
111111111101101001110111111101101
111111111101101001110111011111100
111111111101101001110111101011001
111111111110010011110111111001011
111111111110010011111000000001011
111111111110010011110111111101110
111111111110010011111000011110110
111111111110010011111000001010101
111111111110010011111000100001100
111111111110010011110111101111010
111111111110010011111000000010101
000000000001000000001111010101000
000000000001000000001111100010010
000000000001000000001111100010010
000000000001000000001111010101100
000000000001000000001111110010111
000000000001000000001111101011011
000000000001000000001111011110110
000000000001000000001111100001101
111111111110100100010000100111011
111111111110100100010000110101010
111111111110100100010000101110111
111111111110100100010000111111101
111111111110100100010001001010011
111111111110100100010001010011000
111111111110100100010000011001010
111111111110100100010000110101011
111111111101000110011010000001100
111111111101000110011001101100010
111111111101000110011001110011110
111111111101000110011001110010001
111111111101000110011010010101100
111111111101000110011001110111000
111111111101000110011001001100001
111111111101000110011001101110101
000000000001011100100010010100100
000000000001011100100010011001110
000000000001011100100010010010111
000000000001011100100010001111000
000000000001011100100010110011100
000000000001011100100010100101111
000000000001011100100010000101001
000000000001011100100010011001110
111111111111001000100001100000001
111111111111001000100001110011001
111111111111001000100001101000111
111111111111001000100001110101000
111111111111001000100010000100111
111111111111001000100010000110110
111111111111001000100001101010011
111111111111001000100001101111101
000000000010011000110011101001010
000000000010011000110011100001101
000000000010011000110011010100111
000000000010011000110011001110110
000000000010011000110011101000010
000000000010011000110011100001001
000000000010011000110011100101001
000000000010011000110100000111011
111111111101101001110111000101000
111111111101101001110111011011111
111111111101101001110111010100111
111111111101101001110111010101001
111111111101101001110111000111110
111111111101101001110111001100110
111111111101101001110111001101001
111111111101101001110111100001010
111111111110010011111000010010010
111111111110010011111000010011011
111111111110010011111000000100101
111111111110010011110111101011100
111111111110010011111000001011001
111111111110010011110111101110010
111111111110010011111000011011010
111111111110010011111000010011000
000000000001000000001111101101001
000000000001000000001111111111111
000000000001000000010000000101111
000000000001000000001111101110101
000000000001000000001111100111010
000000000001000000001111100011101
000000000001000000001111111100001
000000000001000000010000000100110
111111111110100100010001000010010
111111111110100100010000101001111
111111111110100100010000110000101
111111111110100100010000000101100
111111111110100100010000111010100
111111111110100100010000100010011
111111111110100100010001001111111
111111111110100100010001000010010
111111111101000110011001111110010
111111111101000110011001111010010
111111111101000110011010001000011
111111111101000110011001101101101
111111111101000110011001110111001
111111111101000110011010001111100
111111111101000110011010010100010
111111111101000110011010011000101
000000000001011100100010101101000
000000000001011100100010100000100
000000000001011100100010010110010
000000000001011100100001111010001
000000000001011100100010100011110
000000000001011100100010001100100
000000000001011100100010110111101
000000000001011100100010101001110
111111111111001000100001110110001
111111111111001000100010010100000
111111111111001000100001111100111
111111111111001000100001110100000
111111111111001000100001111111011
111111111111001000100001100101111
111111111111001000100001111110011
111111111111001000100010011010010
000000000010011000110011000011001
000000000010011000110010110100110
000000000010011000110011010001101
000000000010011000110010110001101
000000000010011000110010111100110
000000000010011000110011110001001
000000000010011000110011001001011
000000000010011000110011010000000
111111111101101001110110111001010
111111111101101001110110111110100
111111111101101001110111001100101
111111111101101001110111001011110
111111111101101001110111010110011
111111111101101001110111100001110
111111111101101001110111000111000
111111111101101001110111011001100
111111111110010011111000000110010
111111111110010011111000011101100
111111111110010011111000010010101
111111111110010011111000011011110
111111111110010011110111110100100
111111111110010011111000010100101
111111111110010011111000000110010
111111111110010011111000011010010
000000000001000000010000000111110
000000000001000000001111100110111
000000000001000000001111111101010
000000000001000000010000000010000
000000000001000000010000001010000
000000000001000000010000100100000
000000000001000000001111110111100
000000000001000000010000100000010
111111111110100100010000100010100
111111111110100100010000001111000
111111111110100100010000110111111
111111111110100100010000010110011
111111111110100100010000011110011
111111111110100100010000101011100
111111111110100100010000110000110
111111111110100100010000110110111
111111111101000110011001101010100
111111111101000110011001100011011
111111111101000110011001101101110
111111111101000110011001100101011
111111111101000110011001101110110
111111111101000110011001111000001
111111111101000110011001101010101
111111111101000110011001111010010
000000000001011100100010010011111
000000000001011100100001111101011
000000000001011100100001111000111
000000000001011100100010000101010
000000000001011100100010010000110
000000000001011100100010010001000
000000000001011100100001111111010
000000000001011100100010010110011
111111111111001000100001101110100
111111111111001000100001011010110
111111111111001000100001110101011
111111111111001000100001101001001
111111111111001000100001101101011
111111111111001000100010011010011
111111111111001000100001101101110
111111111111001000100010000000000
000000000010011000110011000101010
000000000010011000110011000010110
000000000010011000110011000101010
000000000010011000110010110111110
000000000010011000110010111110101
000000000010011000110011000111011
000000000010011000110010110110010
000000000010011000110011010101011
111111111101101001110111010010011
111111111101101001110111100101001
111111111101101001110111000011010
111111111101101001110111010011100
111111111101101001110111000111100
111111111101101001110111010101111
111111111101101001110111000010111
111111111101101001110111010011011
111111111110010011111000010001111
111111111110010011111000010001110
111111111110010011111000000101101
111111111110010011111000010011111
111111111110010011111000010100100
111111111110010011110111110110100
111111111110010011110111101101110
111111111110010011111000010000111
000000000001000000001111110111100
000000000001000000001111111111110
000000000001000000001111101000001
000000000001000000001111011110111
000000000001000000001111101011111
000000000001000000001111100111010
000000000001000000001111100111101
000000000001000000010000001000101
111111111110100100010000100010111
111111111110100100010000100011101
111111111110100100010000010110010
111111111110100100010000011110111
111111111110100100010000011100110
111111111110100100010000001111100
111111111110100100001111101110011
111111111110100100010000011001100
111111111101000110011001101010011
111111111101000110011001100010111
111111111101000110011001100011110
111111111101000110011001011111101
111111111101000110011001101000000
111111111101000110011001010010100
111111111101000110011001011011000
111111111101000110011001110111111
000000000001011100100001111001000
000000000001011100100010000011111
000000000001011100100001110010111
000000000001011100100001111101010
000000000001011100100001110111110
000000000001011100100001111010100
000000000001011100100001110001110
000000000001011100100001110010001
111111111111001000100001110110101
111111111111001000100001110101110
111111111111001000100001111000010
111111111111001000100001110110010
111111111111001000100001111101011
111111111111001000100001111011100
111111111111001000100001110000011
111111111111001000100010001001101
000000000010011000110011010110111
000000000010011000110011011111110
000000000010011000110011010101000
000000000010011000110011111100001
000000000010011000110011100000111
000000000010011000110011011110101
000000000010011000110011101001011
000000000010011000110011101011101
111111111101101001110111011110100
111111111101101001110111011011100
111111111101101001110111011110011
111111111101101001110111101111101
111111111101101001110111101010101
111111111101101001110111100111100
111111111101101001110111011110110
111111111101101001110111101000010
111111111110010011110111101111110
111111111110010011111000000000101
111111111110010011110111110111100
111111111110010011111000011000111
111111111110010011110111110100101
111111111110010011110111110110110
111111111110010011111000001110001
111111111110010011110111111110001
000000000001000000010000000010010
000000000001000000001111101001111
000000000001000000001111111001101
000000000001000000001111111001000
000000000001000000010000000001110
000000000001000000010000010101000
000000000001000000001111111101011
000000000001000000010000001100110
111111111110100100010000101010000
111111111110100100010000110111000
111111111110100100010000010001000
111111111110100100010000111111010
111111111110100100010000110001111
111111111110100100010000011101100
111111111110100100010001000011011
111111111110100100010000100000110
111111111101000110011001101110111
111111111101000110011001110101001
111111111101000110011001101111010
111111111101000110011010000100100
111111111101000110011010001100111
111111111101000110011001110001000
111111111101000110011010000010010
111111111101000110011001110010001
000000000001011100100010110010010
000000000001011100100010101010011
000000000001011100100010010101101
000000000001011100100010110110011
000000000001011100100010110011110
000000000001011100100010111100101
000000000001011100100010101001111
000000000001011100100010101010111
111111111111001000100001111110001
111111111111001000100001111000110
111111111111001000100010001011000
111111111111001000100010011001011
111111111111001000100010010010000
111111111111001000100010100010010
111111111111001000100010010000110
111111111111001000100010001110111
000000000010011000110010111011010
000000000010011000110011011011100
000000000010011000110011001110100
000000000010011000110011001101110
000000000010011000110011010110110
000000000010011000110011101100110
000000000010011000110011000100100
000000000010011000110011000111101
111111111101101001110111101111011
111111111101101001110111111101011
111111111101101001110111111101101
111111111101101001110111110111101
111111111101101001110111101101111
111111111101101001111000000101100
111111111101101001110111100001010
111111111101101001110111110000111
111111111110010011111000011110001
111111111110010011111000110001001
111111111110010011111001000000100
111111111110010011111000011010100
111111111110010011111000101110000
111111111110010011111001001001101
111111111110010011111000001001101
111111111110010011111000011101111
000000000001000000001111110001011
000000000001000000001111111110001
000000000001000000010000000111010
000000000001000000001111100000111
000000000001000000010000010011000
000000000001000000010000000100111
000000000001000000001111101111011
000000000001000000001111100011101
111111111110100100010000001101011
111111111110100100010000101001001
111111111110100100010000101100000
111111111110100100010000000010011
111111111110100100010000110010100
111111111110100100010000111001000
111111111110100100010000010100111
111111111110100100010000000001000
111111111101000110011001110111101
111111111101000110011001111100100
111111111101000110011010011011100
111111111101000110011001110001100
111111111101000110011010000011110
111111111101000110011010010000011
111111111101000110011010000000110
111111111101000110011001110010001
000000000001011100100010001011000
000000000001011100100010101111010
000000000001011100100010101000100
000000000001011100100010011010110
000000000001011100100010101110011
000000000001011100100011000010111
000000000001011100100010101110100
000000000001011100100010010111110
111111111111001000100001110010100
111111111111001000100010010110111
111111111111001000100010011010110
111111111111001000100010000010001
111111111111001000100001111100011
111111111111001000100010111000001
111111111111001000100010000000111
111111111111001000100001111100010
000000000010011000110011011010001
000000000010011000110011110010110
000000000010011000110011100101100
000000000010011000110011111011111
000000000010011000110010111110011
000000000010011000110100001001011
000000000010011000110100010011000
000000000010011000110011101000101
111111111101101001110111000111101
111111111101101001110111010100110
111111111101101001110111010011000
111111111101101001110111011010010
111111111101101001110111000011101
111111111101101001110111011100001
111111111101101001110111101000101
111111111101101001110111011000011
111111111110010011111000000010011
111111111110010011110111101100001
111111111110010011110111110111110
111111111110010011110111110110011
111111111110010011111000001001101
111111111110010011110111110111000
111111111110010011111000000100000
111111111110010011110111111101101
000000000001000000001111110010010
000000000001000000010000010000101
000000000001000000010000000010001
000000000001000000010000001110001
000000000001000000001111010100110
000000000001000000010000100010011
000000000001000000010000100111111
000000000001000000010000000000111
111111111110100100010000111011001
111111111110100100010000101011110
111111111110100100010000101100110
111111111110100100010000111010011
111111111110100100010000011101100
111111111110100100010001001000100
111111111110100100010001001111011
111111111110100100010000110011101
111111111101000110011010001011101
111111111101000110011010000000101
111111111101000110011010010011010
111111111101000110011001111101010
111111111101000110011001111000001
111111111101000110011010011000100
111111111101000110011010101010001
111111111101000110011010001010100
000000000001011100100001110111110
000000000001011100100001111101110
000000000001011100100001111111010
000000000001011100100010000101000
000000000001011100100001111100110
000000000001011100100010000111010
000000000001011100100010001100001
000000000001011100100010000000011
111111111111001000100001110100010
111111111111001000100001111100100
111111111111001000100001110101011
111111111111001000100010000001011
111111111111001000100001110011110
111111111111001000100010001000110
111111111111001000100010010010000
111111111111001000100010000000011
000000000010011000110011011010001
000000000010011000110011000100100
000000000010011000110011100001010
000000000010011000110011000010000
000000000010011000110010111101001
000000000010011000110011100001001
000000000010011000110011011101000
000000000010011000110011000110100
111111111101101001110111101010011
111111111101101001110111001001001
111111111101101001110111001011101
111111111101101001110111011010101
111111111101101001110111000000010
111111111101101001110111000101000
111111111101101001110111010110100
111111111101101001110111100100110
111111111110010011110111111111011
111111111110010011110111100001001
111111111110010011110111011100101
111111111110010011110111110111101
111111111110010011110111100111011
111111111110010011110111100010110
111111111110010011110111110000001
111111111110010011110111111011001
000000000001000000010000000000110
000000000001000000001111100101000
000000000001000000010000000010010
000000000001000000001111100111100
000000000001000000001111110010110
000000000001000000010000000010000
000000000001000000001111101101011
000000000001000000001111100011001
111111111110100100010000110011000
111111111110100100010000001010111
111111111110100100010000101000010
111111111110100100010000011111000
111111111110100100010000001110001
111111111110100100010000011110010
111111111110100100010000001001001
111111111110100100010000101011101
111111111101000110011010000010111
111111111101000110011001100011100
111111111101000110011001111110111
111111111101000110011001101000110
111111111101000110011001011010001
111111111101000110011001111111010
111111111101000110011010000001011
111111111101000110011001101000001
000000000001011100100010010100101
000000000001011100100001101110101
000000000001011100100010010100011
000000000001011100100001111101000
000000000001011100100010010100010
000000000001011100100010100101111
000000000001011100100010000010110
000000000001011100100010100100101
111111111111001000100010000011101
111111111111001000100001110011110
111111111111001000100010001111100
111111111111001000100001110101111
111111111111001000100001110000010
111111111111001000100010010100010
111111111111001000100010000100110
111111111111001000100001100010100
000000000010011000110011011101010
000000000010011000110011011011111
000000000010011000110011100100101
000000000010011000110011010111101
000000000010011000110011011111010
000000000010011000110011101010011
000000000010011000110011001101110
000000000010011000110011011010000
111111111101101001110111110011001
111111111101101001110111100101001
111111111101101001110111110100101
111111111101101001110111111101110
111111111101101001110111111110110
111111111101101001111000010111011
111111111101101001111000000100011
111111111101101001110111101100101
111111111110010011110111101000000
111111111110010011110111110010101
111111111110010011111000010001000
111111111110010011111000001011101
111111111110010011110111111010000
111111111110010011111000000111111
111111111110010011111000001011001
111111111110010011110111110000101
000000000001000000001111011010001
000000000001000000001111010001011
000000000001000000001111011001110
000000000001000000001111010101010
000000000001000000001111010001110
000000000001000000001111010101010
000000000001000000001111010001100
000000000001000000001111011101101
111111111110100100010000000011101
111111111110100100001111111101111
111111111110100100010000000111001
111111111110100100010000011011001
111111111110100100010000001111101
111111111110100100010000011011110
111111111110100100010000011010000
111111111110100100010000000111100
111111111101000110011001100011001
111111111101000110011001011111110
111111111101000110011001111001001
111111111101000110011001101111001
111111111101000110011001101100101
111111111101000110011010000100111
111111111101000110011001111011000
111111111101000110011001100110101
000000000001011100100001111111100
000000000001011100100001111111001
000000000001011100100010000100000
000000000001011100100001111100000
000000000001011100100001111010001
000000000001011100100001110111011
000000000001011100100001110001000
000000000001011100100010000010100
111111111111001000100001011001101
111111111111001000100001010100110
111111111111001000100001001110101
111111111111001000100001011101000
111111111111001000100001100100001
111111111111001000100001100111111
111111111111001000100001011111111
111111111111001000100001100000110
000000000010011000110010111110111
000000000010011000110010110011010
000000000010011000110011001100001
000000000010011000110011000101111
000000000010011000110011001001010
000000000010011000110011011010011
000000000010011000110011010110010
000000000010011000110010111111111
111111111101101001110111011000111
111111111101101001110111010111001
111111111101101001111000101101110
111111111101101001111000011100111
111111111101101001111000001001010
111111111101101001111000001011110
111111111101101001111000011001011
111111111101101001110111110111010
111111111110010011111000010100110
111111111110010011111000000010010
111111111110010011111000100101010
111111111110010011111000010000101
111111111110010011111000011110100
111111111110010011111000000101001
111111111110010011111000011011111
111111111110010011111000011110110
000000000001000000001111101011000
000000000001000000001111100000000
000000000001000000010000101111000
000000000001000000010000001110111
000000000001000000001111111101001
000000000001000000010000000011110
000000000001000000010000010000001
000000000001000000001111111111011
111111111110100100001111110011001
111111111110100100010000001001110
111111111110100100010000101100110
111111111110100100010000010101110
111111111110100100010000010000110
111111111110100100010000011000111
111111111110100100010000001001010
111111111110100100001111111010110
111111111101000110011001101000100
111111111101000110011001100000001
111111111101000110011010001111100
111111111101000110011010000111111
111111111101000110011001101001111
111111111101000110011001101101010
111111111101000110011001110000110
111111111101000110011001111010001
000000000001011100100010000010011
000000000001011100100010001110000
000000000001011100100011001001010
000000000001011100100010101000101
000000000001011100100010110011101
000000000001011100100010100000111
000000000001011100100010110101101
000000000001011100100010010011111
111111111111001000100001100101111
111111111111001000100001110011111
111111111111001000100010011000101
111111111111001000100010001111100
111111111111001000100010010101010
111111111111001000100010001000100
111111111111001000100010010100100
111111111111001000100001110100010
000000000010011000110011101110011
000000000010011000110011010011110
000000000010011000110011010001010
000000000010011000110011101110110
000000000010011000110011111010000
000000000010011000110100000110111
000000000010011000110011100101101
000000000010011000110011111111110
111111111101101001111000001010110
111111111101101001111000001010101
111111111101101001110111100111110
111111111101101001111000011001111
111111111101101001111000000000011
111111111101101001110111110100001
111111111101101001110111011010110
111111111101101001111000000001000
111111111110010011111000100110001
111111111110010011111000100001001
111111111110010011111000000011010
111111111110010011111000101100111
111111111110010011111000101011100
111111111110010011111000011000011
111111111110010011111000000110100
111111111110010011111000100100111
000000000001000000010000011101110
000000000001000000010000000010100
000000000001000000001111101100011
000000000001000000010000011010111
000000000001000000010000010001111
000000000001000000010000010110110
000000000001000000001111111011000
000000000001000000010000011111011
111111111110100100010000101011000
111111111110100100010000011110101
111111111110100100010000011010100
111111111110100100010000101011011
111111111110100100010000110101010
111111111110100100010000101011011
111111111110100100010000100001010
111111111110100100010000101111100
111111111101000110011001111111110
111111111101000110011001011110001
111111111101000110011001001100101
111111111101000110011001110000110
111111111101000110011001110001001
111111111101000110011001111100110
111111111101000110011001100101000
111111111101000110011010000100101
000000000001011100100010100011100
000000000001011100100010011110000
000000000001011100100010011010110
000000000001011100100010111000011
000000000001011100100010111110101
000000000001011100100010111011100
000000000001011100100010100010110
000000000001011100100010110111001
111111111111001000100010100101111
111111111111001000100010100110010
111111111111001000100010001100110
111111111111001000100010110101010
111111111111001000100010100001100
111111111111001000100010100101000
111111111111001000100001111100101
111111111111001000100010100001010
000000000010011000110011100000010
000000000010011000110011000110110
000000000010011000110011010010010
000000000010011000110011010001010
000000000010011000110011011011110
000000000010011000110011010100011
000000000010011000110011100111001
000000000010011000110011100110100
111111111101101001110111100111111
111111111101101001110111010100110
111111111101101001110111101010000
111111111101101001110111011100111
111111111101101001110111011000010
111111111101101001110111000110100
111111111101101001110111000101111
111111111101101001110111000110011
111111111110010011111000001001011
111111111110010011111000000111110
111111111110010011110111111001011
111111111110010011111000000011011
111111111110010011111000011111000
111111111110010011110111111111111
111111111110010011111000011001001
111111111110010011110111111001111
000000000001000000001111110010111
000000000001000000001111010000111
000000000001000000001111110111010
000000000001000000001111100011110
000000000001000000001111101000110
000000000001000000001111100000110
000000000001000000001111111001000
000000000001000000001111110111010
111111111110100100010000111101010
111111111110100100010000101011110
111111111110100100010000100101011
111111111110100100010000101011000
111111111110100100010001000011000
111111111110100100010000011111101
111111111110100100010001001010011
111111111110100100010000011110100
111111111101000110011001111100110
111111111101000110011001101001111
111111111101000110011001111010000
111111111101000110011001101110110
111111111101000110011010010010000
111111111101000110011001010010001
111111111101000110011001101100010
111111111101000110011001101010101
000000000001011100100010001001101
000000000001011100100001110111011
000000000001011100100001110100111
000000000001011100100001111111100
000000000001011100100010001000100
000000000001011100100010001001010
000000000001011100100010011001110
000000000001011100100001111111001
111111111111001000100010001101111
111111111111001000100010000111001
111111111111001000100010000011001
111111111111001000100010000000100
111111111111001000100001110101000
111111111111001000100010000110110
111111111111001000100010000100011
111111111111001000100001100111110
000000000010011000110011010011010
000000000010011000110011011010011
000000000010011000110011011010010
000000000010011000110011110010111
000000000010011000110011001110001
000000000010011000110011100101011
000000000010011000110011101111001
000000000010011000110011011111100
111111111101101001110111001111110
111111111101101001110111011111010
111111111101101001111000000001110
111111111101101001111000011010100
111111111101101001110111100010001
111111111101101001111000001100110
111111111101101001110111111001100
111111111101101001111000000011000
111111111110010011110111111010000
111111111110010011110111011101100
111111111110010011111000101010111
111111111110010011111000001111100
111111111110010011111000001100010
111111111110010011111000011111000
111111111110010011111000001001011
111111111110010011111000100111100
000000000001000000001111101001010
000000000001000000001111100011011
000000000001000000001111111101110
000000000001000000010000011111101
000000000001000000001111110110110
000000000001000000010000011011110
000000000001000000001111110011011
000000000001000000010000001000001
111111111110100100001111111010101
111111111110100100010000001010100
111111111110100100010000100000011
111111111110100100010000001110101
111111111110100100010000001010110
111111111110100100010000010110111
111111111110100100010000101011101
111111111110100100010000010100011
111111111101000110011001010101010
111111111101000110011001011011110
111111111101000110011010001100011
111111111101000110011010000000011
111111111101000110011001101111110
111111111101000110011001110110101
111111111101000110011001110010110
111111111101000110011010001010111
000000000001011100100010010111010
000000000001011100100010000101111
000000000001011100100010011000101
000000000001011100100010110100100
000000000001011100100010011001100
000000000001011100100010110010000
000000000001011100100010001101001
000000000001011100100010011111111
111111111111001000100001101000001
111111111111001000100001101100101
111111111111001000100001011101000
111111111111001000100001110110110
111111111111001000100001101001110
111111111111001000100001101111101
111111111111001000100001100100100
111111111111001000100001100101101
000000000010011000110011001100001
000000000010011000110011000100101
000000000010011000110011100111001
000000000010011000110011011011010
000000000010011000110011101000000
000000000010011000110011101101110
000000000010011000110011010100010
000000000010011000110011010110001
111111111101101001110111011100110
111111111101101001110111100001101
111111111101101001111000010100111
111111111101101001110111110101001
111111111101101001111000001100100
111111111101101001111000001001110
111111111101101001110111100001000
111111111101101001110111101111000
111111111110010011110111111010111
111111111110010011111000000000111
111111111110010011111000010010000
111111111110010011111000001010101
111111111110010011111000010000100
111111111110010011111000000011101
111111111110010011110111111101101
111111111110010011110111111010000
000000000001000000001111101110011
000000000001000000001111111111001
000000000001000000010000000100000
000000000001000000001111111010001
000000000001000000010000011111111
000000000001000000010000001000101
000000000001000000001111101001000
000000000001000000010000000111111
111111111110100100010000011011001
111111111110100100010000010100111
111111111110100100010001000100001
111111111110100100010000101101001
111111111110100100010000110100001
111111111110100100010000110100111
111111111110100100010000011000111
111111111110100100010000100001010
111111111101000110011001011111001
111111111101000110011001100101101
111111111101000110011010001000010
111111111101000110011001110111111
111111111101000110011001110111011
111111111101000110011010000010010
111111111101000110011001100100011
111111111101000110011001011100011
000000000001011100100001111000101
000000000001011100100010000101101
000000000001011100100010000110111
000000000001011100100010001110000
000000000001011100100001111010110
000000000001011100100001110011111
000000000001011100100010000001101
000000000001011100100001110010010
111111111111001000100001100100100
111111111111001000100001100110011
111111111111001000100001101100000
111111111111001000100001101000111
111111111111001000100001101001011
111111111111001000100001101000100
111111111111001000100001011000111
111111111111001000100001111000011
000000000010011000110011010000010
000000000010011000110011011010110
000000000010011000110011100011100
000000000010011000110100001001010
000000000010011000110011000110001
000000000010011000110011100000100
000000000010011000110011100000110
000000000010011000110011010110101
111111111101101001110111000010110
111111111101101001110111001111100
111111111101101001110111001111010
111111111101101001110111111000110
111111111101101001110111000100101
111111111101101001110111100000100
111111111101101001110111010100000
111111111101101001110111010011010
111111111110010011111000000000101
111111111110010011110111111111011
111111111110010011111000010001100
111111111110010011111000100001011
111111111110010011110111111001010
111111111110010011110111101110001
111111111110010011111000010011010
111111111110010011111000001110110
000000000001000000001111110000110
000000000001000000001111100101001
000000000001000000001111110100110
000000000001000000010000001100111
000000000001000000001111110000101
000000000001000000001111011111000
000000000001000000001111101101110
000000000001000000001111110011000
111111111110100100010000010101111
111111111110100100010000100100111
111111111110100100010000100100010
111111111110100100010000111110101
111111111110100100010000100101100
111111111110100100010000101010011
111111111110100100010000101100001
111111111110100100010000011101010
111111111101000110011001101000010
111111111101000110011010001111001
111111111101000110011010000110010
111111111101000110011010110000100
111111111101000110011001101101100
111111111101000110011001101010101
111111111101000110011010011000101
111111111101000110011001110100111
000000000001011100100010000010000
000000000001011100100010100010110
000000000001011100100010011000011
000000000001011100100010110101100
000000000001011100100001111111101
000000000001011100100010011001000
000000000001011100100010101000000
000000000001011100100010000110101
111111111111001000100001101100101
111111111111001000100001110000100
111111111111001000100001111010001
111111111111001000100010100100101
111111111111001000100001111011000
111111111111001000100010000011010
111111111111001000100001111011001
111111111111001000100010000110010
000000000010011000110010101001000
000000000010011000110010100000111
000000000010011000110011001100000
000000000010011000110010111000001
000000000010011000110010111111010
000000000010011000110010110011011
000000000010011000110010111110011
000000000010011000110010101111001
111111111101101001110110111111001
111111111101101001110111010001011
111111111101101001110111110010110
111111111101101001110111010010010
111111111101101001110111101110010
111111111101101001110111000110010
111111111101101001110111110101101
111111111101101001110111010011101
111111111110010011110111110000110
111111111110010011110111100111011
111111111110010011111000001100101
111111111110010011110111101101001
111111111110010011111000001001001
111111111110010011110111101111101
111111111110010011110111111100001
111111111110010011110111111110111
000000000001000000001111111100110
000000000001000000010000000000011
000000000001000000010000010011101
000000000001000000010000000100111
000000000001000000010000100111010
000000000001000000010000001001100
000000000001000000010000000111000
000000000001000000010000010001010
111111111110100100010000011100000
111111111110100100010000010010011
111111111110100100010000101100010
111111111110100100010000011011101
111111111110100100010000111111001
111111111110100100010000100010001
111111111110100100010000100100011
111111111110100100010000100000100
111111111101000110011001111101011
111111111101000110011010000011110
111111111101000110011010010110100
111111111101000110011001110111101
111111111101000110011010001010101
111111111101000110011010000101000
111111111101000110011010000100000
111111111101000110011001111000001
000000000001011100100010011010010
000000000001011100100010001111011
000000000001011100100010100010101
000000000001011100100001111011011
000000000001011100100010010101100
000000000001011100100010010010110
000000000001011100100010001000000
000000000001011100100010011011100
111111111111001000100001111000111
111111111111001000100001111101101
111111111111001000100010010001110
111111111111001000100010000011000
111111111111001000100010010001111
111111111111001000100010001000100
111111111111001000100001111110111
111111111111001000100010001011011
000000000010011000110011011111100
000000000010011000110011000100101
000000000010011000110011110000100
000000000010011000110011101110101
000000000010011000110011111111010
000000000010011000110011011011101
000000000010011000110011101001001
000000000010011000110011101101010
111111111101101001110111100010111
111111111101101001110111100010010
111111111101101001111000000111010
111111111101101001111000000101010
111111111101101001110111111111011
111111111101101001110111011100110
111111111101101001111000000011001
111111111101101001110111101010100
111111111110010011111000001011000
111111111110010011110111111011010
111111111110010011111000000101001
111111111110010011110111111001001
111111111110010011111000011100001
111111111110010011111000000101010
111111111110010011110111111000110
111111111110010011111000010100111
000000000001000000001111011010101
000000000001000000001111101101110
000000000001000000001111110100111
000000000001000000001111100100000
000000000001000000001111110010001
000000000001000000001111101001001
000000000001000000001111011000100
000000000001000000001111100101110
111111111110100100010000101000110
111111111110100100010000000110110
111111111110100100010000010011100
111111111110100100010000011011101
111111111110100100010000101010111
111111111110100100010000000000000
111111111110100100010000100110110
111111111110100100010000100111001
111111111101000110011001011111111
111111111101000110011001011001111
111111111101000110011001001101000
111111111101000110011001011000101
111111111101000110011001100100111
111111111101000110011001001101101
111111111101000110011001011100001
111111111101000110011001011100100
000000000001011100100010001001010
000000000001011100100010101001001
000000000001011100100010110111110
000000000001011100100010100010000
000000000001011100100010111100101
000000000001011100100010011101100
000000000001011100100010100100011
000000000001011100100010010001110
111111111111001000100001111010100
111111111111001000100010000010010
111111111111001000100010001101101
111111111111001000100010001100001
111111111111001000100010011001110
111111111111001000100001101101001
111111111111001000100010010011100
111111111111001000100001111010100
000000000010011000110010111110011
000000000010011000110011001101111
000000000010011000110011101111001
000000000010011000110100000000010
000000000010011000110011010100101
000000000010011000110011010001111
000000000010011000110011011110111
000000000010011000110011011011101
111111111101101001110111100100000
111111111101101001110111101011010
111111111101101001111000001000111
111111111101101001110111101111000
111111111101101001110111011011100
111111111101101001110111011010101
111111111101101001110111011101101
111111111101101001110111101010000
111111111110010011110111111001111
111111111110010011110111111101010
111111111110010011111001001000011
111111111110010011111001001101010
111111111110010011111000011011011
111111111110010011111000010001110
111111111110010011111000001110111
111111111110010011111000100101011
000000000001000000001111011111010
000000000001000000001111100000001
000000000001000000001111011110111
000000000001000000001111100101100
000000000001000000001111001000001
000000000001000000001111001111100
000000000001000000001111100000111
000000000001000000001111100101101
111111111110100100010000010111001
111111111110100100010000101001100
111111111110100100010001001001000
111111111110100100010001000111000
111111111110100100010000101101011
111111111110100100010000100101011
111111111110100100010000101100011
111111111110100100010000101001111
111111111101000110011001110111011
111111111101000110011010010110100
111111111101000110011010110001010
111111111101000110011010010000100
111111111101000110011001111100100
111111111101000110011001111111011
111111111101000110011010000011000
111111111101000110011010000011000
000000000001011100100010011011101
000000000001011100100010101110101
000000000001011100100011010100100
000000000001011100100011001101001
000000000001011100100010100110001
000000000001011100100010011110110
000000000001011100100010101011001
000000000001011100100010101111011
111111111111001000100001111110000
111111111111001000100001111010001
111111111111001000100010100110000
111111111111001000100010110011001
111111111111001000100001111110010
111111111111001000100001110011011
111111111111001000100010001000001
111111111111001000100010001000100
000000000010011000110011100010111
000000000010011000110011110001111
000000000010011000110011000010010
000000000010011000110011100010101
000000000010011000110011101111001
000000000010011000110011111010101
000000000010011000110011101001101
000000000010011000110011010100101
111111111101101001110111101111111
111111111101101001111000001011101
111111111101101001110111010001100
111111111101101001110111110101000
111111111101101001110111111110110
111111111101101001111000000101001
111111111101101001111000001000100
111111111101101001110111011111000
111111111110010011111000001010010
111111111110010011111000100111100
111111111110010011111000000000011
111111111110010011111000100101000
111111111110010011111000100111001
111111111110010011111000001101110
111111111110010011111000110100010
111111111110010011110111111010111
000000000001000000001111011110100
000000000001000000001111011111100
000000000001000000001111100011010
000000000001000000001111100111111
000000000001000000001111100110000
000000000001000000001111100101111
000000000001000000001111100111010
000000000001000000001111011000100
111111111110100100001111110011110
111111111110100100010000001100001
111111111110100100001111111111000
111111111110100100010000010011000
111111111110100100010000100010100
111111111110100100010000101110101
111111111110100100010000100001100
111111111110100100001111111101010
111111111101000110011001011111010
111111111101000110011001101011110
111111111101000110011001100100110
111111111101000110011001101000111
111111111101000110011001111110100
111111111101000110011001111010110
111111111101000110011010000000110
111111111101000110011001010001110
000000000001011100100010001001000
000000000001011100100010100011011
000000000001011100100001110101100
000000000001011100100010101011001
000000000001011100100010100100100
000000000001011100100010101110110
000000000001011100100010100100000
000000000001011100100010001110100
111111111111001000100010001111111
111111111111001000100010000111100
111111111111001000100001110010000
111111111111001000100001101110001
111111111111001000100001110111010
111111111111001000100010001100100
111111111111001000100001011111100
111111111111001000100010000111010
000000000010011000110011001101110
000000000010011000110011011010111
000000000010011000110011001110100
000000000010011000110010101110011
000000000010011000110010100100100
000000000010011000110011010100001
000000000010011000110011011010010
000000000010011000110011101011000
111111111101101001110111011100010
111111111101101001110111101100000
111111111101101001110111101110100
111111111101101001110110111100001
111111111101101001110110101111000
111111111101101001110111111100100
111111111101101001110111110111100
111111111101101001110111110011011
111111111110010011111000000111010
111111111110010011111000001111101
111111111110010011111000011011100
111111111110010011110111011001100
111111111110010011110111101100000
111111111110010011111000101110010
111111111110010011111000100000001
111111111110010011111000100011010
000000000001000000001111110100100
000000000001000000010000000010010
000000000001000000010000000100000
000000000001000000001111001010100
000000000001000000001111010001010
000000000001000000010000001101011
000000000001000000010000001010000
000000000001000000010000010001101
111111111110100100010000010010100
111111111110100100010000100010010
111111111110100100010000101100111
111111111110100100010000000001110
111111111110100100001111111110010
111111111110100100010000011011111
111111111110100100010000100110111
111111111110100100010000101010000
111111111101000110011001011111011
111111111101000110011001010111101
111111111101000110011001110000110
111111111101000110011001010100111
111111111101000110011001001011000
111111111101000110011001100011101
111111111101000110011001111000001
111111111101000110011001100010111
000000000001011100100010000011101
000000000001011100100001111011110
000000000001011100100010100100000
000000000001011100100010001110101
000000000001011100100001111001000
000000000001011100100001110101010
000000000001011100100010010011110
000000000001011100100010001001111
111111111111001000100001101001100
111111111111001000100001110011000
111111111111001000100001101101110
111111111111001000100001011101100
111111111111001000100001010001001
111111111111001000100001101001001
111111111111001000100001101100000
111111111111001000100001111010100
000000000010011000110011100111100
000000000010011000110011010111000
000000000010011000110011011000110
000000000010011000110010110001001
000000000010011000110011010101101
000000000010011000110011000000111
000000000010011000110011011010100
000000000010011000110011011101010
111111111101101001111000000110001
111111111101101001110111001110010
111111111101101001110111100010101
111111111101101001110111010010011
111111111101101001110111100111110
111111111101101001110111011110110
111111111101101001110111101110111
111111111101101001110111011011100
111111111110010011110111111011001
111111111110010011110111111000011
111111111110010011110111110011011
111111111110010011110111011101111
111111111110010011111000000010110
111111111110010011110111101010101
111111111110010011111000000011001
111111111110010011110111111001100
000000000001000000001111111111110
000000000001000000001111110001111
000000000001000000001111110010000
000000000001000000001111110000100
000000000001000000001111111000000
000000000001000000001111100111011
000000000001000000010000000100010
000000000001000000001111110001010
111111111110100100010001100011110
111111111110100100010000101111010
111111111110100100010000101111011
111111111110100100010000100100100
111111111110100100010001000010010
111111111110100100010000100101101
111111111110100100010001010101101
111111111110100100010000111111110
111111111101000110011010000010100
111111111101000110011001100011010
111111111101000110011001101000100
111111111101000110011001111001011
111111111101000110011001100100011
111111111101000110011001101011101
111111111101000110011001110111111
111111111101000110011001100000100
000000000001011100100010100001011
000000000001011100100010001101111
000000000001011100100010011001010
000000000001011100100001110101011
000000000001011100100010010000001
000000000001011100100001111101011
000000000001011100100010011001100
000000000001011100100010011000001
111111111111001000100010010100111
111111111111001000100001110000011
111111111111001000100010000110000
111111111111001000100001101110110
111111111111001000100001101101010
111111111111001000100001111001001
111111111111001000100001111000011
111111111111001000100001101101110
000000000010011000110011000010000
000000000010011000110010111111110
000000000010011000110011000001100
000000000010011000110010110000001
000000000010011000110011000111111
000000000010011000110010111011011
000000000010011000110011010000011
000000000010011000110011000111110
111111111101101001110111010100101
111111111101101001110111100101100
111111111101101001110111011010001
111111111101101001110111000011110
111111111101101001110111100000001
111111111101101001110111011000111
111111111101101001110111110000101
111111111101101001110111010111000
111111111110010011110111011100100
111111111110010011110111110101110
111111111110010011110111010101001
111111111110010011110111100101100
111111111110010011110111100011001
111111111110010011110111101100100
111111111110010011110111100010010
111111111110010011110111011011110
000000000001000000001111110111101
000000000001000000010000000000011
000000000001000000001111111011011
000000000001000000001111011000110
000000000001000000001111111111101
000000000001000000001111101100110
000000000001000000010000001101111
000000000001000000001111101111011
111111111110100100010000100000110
111111111110100100010000101001011
111111111110100100010000100110100
111111111110100100010000000001011
111111111110100100010000110011010
111111111110100100010000011010100
111111111110100100010000111110100
111111111110100100010000100110101
111111111101000110011001101000001
111111111101000110011001100111001
111111111101000110011001010010001
111111111101000110011001010010100
111111111101000110011001101010011
111111111101000110011001101001101
111111111101000110011001101100011
111111111101000110011001100001100
000000000001011100100010011111100
000000000001011100100010110000000
000000000001011100100010011001110
000000000001011100100001110111100
000000000001011100100010100100001
000000000001011100100010011011001
000000000001011100100010100110000
000000000001011100100010010010000
111111111111001000100001111000001
111111111111001000100010001011100
111111111111001000100001111000110
111111111111001000100001100110101
111111111111001000100010001101100
111111111111001000100001111000010
111111111111001000100001111100011
111111111111001000100001111010110
000000000010011000110011011111001
000000000010011000110011001001001
000000000010011000110011010111101
000000000010011000110011010010110
000000000010011000110011110001100
000000000010011000110011011111101
000000000010011000110011110000001
000000000010011000110011000110000
111111111101101001110111011010111
111111111101101001110111111110111
111111111101101001110111101001010
111111111101101001110111110111011
111111111101101001110111110100001
111111111101101001110111111110000
111111111101101001110111100110011
111111111101101001110111100011000
111111111110010011111000000010000
111111111110010011110111110101101
111111111110010011110111101011000
111111111110010011111000000111010
111111111110010011111000001010110
111111111110010011111000011001110
111111111110010011111000100001100
111111111110010011111000010000010
000000000001000000001111011110101
000000000001000000001111110100101
000000000001000000001111110100010
000000000001000000001111110100000
000000000001000000010000001001111
000000000001000000010000000010101
000000000001000000001111110110001
000000000001000000001111100110111
111111111110100100010000100111110
111111111110100100010000101010101
111111111110100100010000100011000
111111111110100100010000100000001
111111111110100100010000111110010
111111111110100100010000111011110
111111111110100100010000101011111
111111111110100100010000011000001
111111111101000110011010010110001
111111111101000110011010001110010
111111111101000110011010001110110
111111111101000110011010010100000
111111111101000110011010111011011
111111111101000110011011000001111
111111111101000110011010011010011
111111111101000110011010001000110
000000000001011100100010010001110
000000000001011100100010010000011
000000000001011100100010010100111
000000000001011100100010001011100
000000000001011100100010100110101
000000000001011100100010100111010
000000000001011100100010101001100
000000000001011100100010100001011
111111111111001000100001110000000
111111111111001000100010000011101
111111111111001000100001111101001
111111111111001000100010000010011
111111111111001000100010000011100
111111111111001000100010000000100
111111111111001000100001110010101
111111111111001000100001100110100
000000000010011000110011000000001
000000000010011000110011100100110
000000000010011000110010110100010
000000000010011000110011000010001
000000000010011000110010111011101
000000000010011000110010111011101
000000000010011000110011011000010
000000000010011000110010111111010
111111111101101001110111011101100
111111111101101001110111110010001
111111111101101001110111110100000
111111111101101001111000000000010
111111111101101001110111111101101
111111111101101001110111100011110
111111111101101001110111101010110
111111111101101001110111010001000
111111111110010011110111100111100
111111111110010011110111110000011
111111111110010011110111011110000
111111111110010011110111100111111
111111111110010011110111100100110
111111111110010011110111101110111
111111111110010011110111110000100
111111111110010011110111100101010
000000000001000000001111100101011
000000000001000000001111110001101
000000000001000000001111100100100
000000000001000000001111100000001
000000000001000000001111110100001
000000000001000000001111100010110
000000000001000000001111110010111
000000000001000000001111010111111
111111111110100100010000010001001
111111111110100100010000110101001
111111111110100100010000010011111
111111111110100100010000010111101
111111111110100100010000011101110
111111111110100100010000000111001
111111111110100100010000100011010
111111111110100100010000010000100
111111111101000110011001101010011
111111111101000110011001111100100
111111111101000110011001110000000
111111111101000110011001110110010
111111111101000110011010000011110
111111111101000110011001100100110
111111111101000110011001111001111
111111111101000110011001011110100
000000000001011100100010001010011
000000000001011100100010101001100
000000000001011100100010111010011
000000000001011100100010111101000
000000000001011100100011000110011
000000000001011100100010001110001
000000000001011100100010010010101
000000000001011100100010010100011
111111111111001000100001100101010
111111111111001000100001110110010
111111111111001000100001001111000
111111111111001000100001011001101
111111111111001000100001010010011
111111111111001000100001110001011
111111111111001000100001101111011
111111111111001000100001010100100
000000000010011000110011000110001
000000000010011000110010110011100
000000000010011000110010111101100
000000000010011000110011010000100
000000000010011000110010111001000
000000000010011000110010101010110
000000000010011000110010110110111
000000000010011000110010111000000
111111111101101001110111100010100
111111111101101001110111110001111
111111111101101001110111110111100
111111111101101001111000001110111
111111111101101001110111011110101
111111111101101001110111010011100
111111111101101001111000000000010
111111111101101001110111110010010
111111111110010011111000000000101
111111111110010011111000010001111
111111111110010011111000001100011
111111111110010011111000100001001
111111111110010011111000000011111
111111111110010011111000000101000
111111111110010011111000100001101
111111111110010011111000011111101
000000000001000000001111011010101
000000000001000000001111111101010
000000000001000000001111110001111
000000000001000000001111101101001
000000000001000000001111100010110
000000000001000000001111101010100
000000000001000000010000000011111
000000000001000000001111110011110
111111111110100100010000000011100
111111111110100100010000010110000
111111111110100100010000000001101
111111111110100100001111111101100
111111111110100100010000001100101
111111111110100100010000010101111
111111111110100100010000011010010
111111111110100100010000010011100
111111111101000110011001010101110
111111111101000110011001011101001
111111111101000110011001010000100
111111111101000110011001001101011
111111111101000110011001011000000
111111111101000110011001011011111
111111111101000110011001010010001
111111111101000110011001101010111
000000000001011100100010100110011
000000000001011100100010010100011
000000000001011100100010001000001
000000000001011100100010100000110
000000000001011100100010001011010
000000000001011100100010101011111
000000000001011100100010101011000
000000000001011100100010111101010
111111111111001000100001101100010
111111111111001000100001110000100
111111111111001000100001101001100
111111111111001000100001111010010
111111111111001000100001100100001
111111111111001000100010001011001
111111111111001000100010001011100
111111111111001000100010010100110
000000000010011000110011000111110
000000000010011000110011010001011
000000000010011000110011100001010
000000000010011000110011001010111
000000000010011000110011101011000
000000000010011000110011101010111
000000000010011000110011101011011
000000000010011000110011011011000
111111111101101001110111101001011
111111111101101001110111100001101
111111111101101001110111100011100
111111111101101001110111111000001
111111111101101001110111100100001
111111111101101001111000001010110
111111111101101001110111100001000
111111111101101001110111100011011
111111111110010011110111111100110
111111111110010011110111101010010
111111111110010011110111101111110
111111111110010011111000000011101
111111111110010011110111110100101
111111111110010011111000010011011
111111111110010011111000001011100
111111111110010011111000001011011
000000000001000000001111101000111
000000000001000000001111100110111
000000000001000000001111100100101
000000000001000000001111111011001
000000000001000000001111101010110
000000000001000000001111111110010
000000000001000000001111011111011
000000000001000000001111110000110
111111111110100100010000000111101
111111111110100100001111110001110
111111111110100100010000010101100
111111111110100100010000011011100
111111111110100100010000001000111
111111111110100100010000101110010
111111111110100100010000010110001
111111111110100100010000011111001
111111111101000110011001011100111
111111111101000110011001010100001
111111111101000110011001011111000
111111111101000110011001011011100
111111111101000110011001011101011
111111111101000110011001110011111
111111111101000110011001100111111
111111111101000110011001101000011
000000000001011100100010010010101
000000000001011100100010010110111
000000000001011100100010011000111
000000000001011100100010100011101
000000000001011100100010001110000
000000000001011100100010100010011
000000000001011100100001111111101
000000000001011100100010000100000
111111111111001000100001101010100
111111111111001000100001100000110
111111111111001000100001111100011
111111111111001000100010001101101
111111111111001000100001101101100
111111111111001000100001111110100
111111111111001000100001100010111
111111111111001000100001011101111
000000000010011000110011011001001
000000000010011000110100000110000
000000000010011000110011011010100
000000000010011000110011110111011
000000000010011000110011001010111
000000000010011000110100001100101
000000000010011000110011001110101
000000000010011000110011111010011
111111111101101001110111010111111
111111111101101001110111011000111
111111111101101001110111000011001
111111111101101001110111010001101
111111111101101001110111001011000
111111111101101001110111010111101
111111111101101001110111010010011
111111111101101001110111010101111
111111111110010011111000001110000
111111111110010011111000001000110
111111111110010011111000000101111
111111111110010011110111111011101
111111111110010011110111110001000
111111111110010011111000011100101
111111111110010011110111101110111
111111111110010011111000001000100
000000000001000000001111111101101
000000000001000000010000100100111
000000000001000000001111110110010
000000000001000000010000011001011
000000000001000000001111101000101
000000000001000000010000101110101
000000000001000000001111111111010
000000000001000000010000100010100
111111111110100100010000011000001
111111111110100100010000101000010
111111111110100100010000011101010
111111111110100100010000011101011
111111111110100100010000001011001
111111111110100100010000100101110
111111111110100100010000001101110
111111111110100100010000011100100
111111111101000110011001000010010
111111111101000110011010000000110
111111111101000110011001011110110
111111111101000110011010000100110
111111111101000110011001001100110
111111111101000110011001011100001
111111111101000110011001100011110
111111111101000110011001111010111
000000000001011100100001101110001
000000000001011100100010000001101
000000000001011100100001100101101
000000000001011100100001111110001
000000000001011100100001101001010
000000000001011100100010000000011
000000000001011100100001110110001
000000000001011100100001111011011
111111111111001000100010000100110
111111111111001000100010010110110
111111111111001000100010001110100
111111111111001000100010000111110
111111111111001000100001110111110
111111111111001000100010011011000
111111111111001000100001110011111
111111111111001000100010000010100
000000000010011000110011001101101
000000000010011000110011000010000
000000000010011000110011000000000
000000000010011000110011011100011
000000000010011000110011000110000
000000000010011000110011001000011
000000000010011000110010110100101
000000000010011000110011010010111
111111111101101001110111011001111
111111111101101001110111101011001
111111111101101001110110110101010
111111111101101001110111011000010
111111111101101001110111100110001
111111111101101001110111101100011
111111111101101001110111010111000
111111111101101001111000000011001
111111111110010011110111101010000
111111111110010011110111100111001
111111111110010011110111101011110
111111111110010011110111100111100
111111111110010011111000000011100
111111111110010011110111111011010
111111111110010011110111110100101
111111111110010011111000000011110
000000000001000000001111111000001
000000000001000000001111100000100
000000000001000000010000000001010
000000000001000000001111101110000
000000000001000000001111110001110
000000000001000000001111101001011
000000000001000000010000010000001
000000000001000000001111111110011
111111111110100100010000100101101
111111111110100100010000001101111
111111111110100100010000010101110
111111111110100100010000011101110
111111111110100100010000001110001
111111111110100100010000010001001
111111111110100100010000001010100
111111111110100100010000001011011
111111111101000110011010001010001
111111111101000110011001110001111
111111111101000110011001110110000
111111111101000110011001110110010
111111111101000110011010100000111
111111111101000110011010001000000
111111111101000110011010000110100
111111111101000110011010100010101
000000000001011100100010010010011
000000000001011100100001111101011
000000000001011100100010010110001
000000000001011100100010001001111
000000000001011100100010010101110
000000000001011100100010011101110
000000000001011100100010101011110
000000000001011100100010011000101
111111111111001000100001110110101
111111111111001000100001101111000
111111111111001000100001101101101
111111111111001000100010000110010
111111111111001000100010001010010
111111111111001000100001111101001
111111111111001000100001110101000
111111111111001000100010011111100
000000000010011000110011101101111
000000000010011000110011111100001
000000000010011000110011010001110
000000000010011000110011101011110
000000000010011000110011000110111
000000000010011000110011101000010
000000000010011000110011100010010
000000000010011000110011100001001
111111111101101001110111010000001
111111111101101001110111100101110
111111111101101001110111010110000
111111111101101001110111011101001
111111111101101001110111010011011
111111111101101001110111001010000
111111111101101001110111100101011
111111111101101001110111101101000
111111111110010011111000010101010
111111111110010011111000011001001
111111111110010011110111101111111
111111111110010011111000011010011
111111111110010011110111110001011
111111111110010011111000100010010
111111111110010011111000001100001
111111111110010011111000000110000
000000000001000000001111111101001
000000000001000000001111100001010
000000000001000000001111100010000
000000000001000000001111100010000
000000000001000000001111010101110
000000000001000000001111110101011
000000000001000000001111101101001
000000000001000000001111001101111
111111111110100100010000111011011
111111111110100100010000010110001
111111111110100100010000011100011
111111111110100100010000100101110
111111111110100100010000010100101
111111111110100100010000101011001
111111111110100100010000011111010
111111111110100100010000001100011
111111111101000110011001111011110
111111111101000110011001100011100
111111111101000110011001100011110
111111111101000110011010000111101
111111111101000110011001101100101
111111111101000110011001110110011
111111111101000110011001111100011
111111111101000110011010000010100
000000000001011100100010010101010
000000000001011100100010011101110
000000000001011100100001110100011
000000000001011100100010000100110
000000000001011100100001110011000
000000000001011100100010011011010
000000000001011100100010010101111
000000000001011100100010001001111
111111111111001000100010001111000
111111111111001000100010001000001
111111111111001000100001100111101
111111111111001000100010000001101
111111111111001000100001101110000
111111111111001000100010000101100
111111111111001000100001110111011
111111111111001000100010000001001
000000000010011000110011000100100
000000000010011000110011110001000
000000000010011000110011110010110
000000000010011000110011011011110
000000000010011000110011101110111
000000000010011000110011100011100
000000000010011000110011011000010
000000000010011000110011010111101
111111111101101001110111011001000
111111111101101001110111011000110
111111111101101001110111011101101
111111111101101001110111010010101
111111111101101001110111100011111
111111111101101001110111101100001
111111111101101001110110110110011
111111111101101001110111001101000
111111111110010011110111101100011
111111111110010011110111110110000
111111111110010011110111101101011
111111111110010011110111101001111
111111111110010011111000100111000
111111111110010011111000001100101
111111111110010011110111111010100
111111111110010011110111111111111
000000000001000000001111110111110
000000000001000000010000000010011
000000000001000000001111110011010
000000000001000000001111111101110
000000000001000000010000110011010
000000000001000000010000101100010
000000000001000000001111101001010
000000000001000000001111101100011
111111111110100100010000100001011
111111111110100100010000011001111
111111111110100100010000010010100
111111111110100100010000010001111
111111111110100100010000101101111
111111111110100100010000100111101
111111111110100100010000101100000
111111111110100100010000011111110
111111111101000110011010000010101
111111111101000110011010100001100
111111111101000110011010100011011
111111111101000110011001110111110
111111111101000110011010100100110
111111111101000110011010011010001
111111111101000110011010000101001
111111111101000110011010010010011
000000000001011100100010001100100
000000000001011100100010101100001
000000000001011100100010110001101
000000000001011100100010101010111
000000000001011100100010110110010
000000000001011100100010110000001
000000000001011100100010011000111
000000000001011100100010010011001
111111111111001000100010001101100
111111111111001000100010101111000
111111111111001000100010100011011
111111111111001000100001111110011
111111111111001000100010111011101
111111111111001000100010100000101
111111111111001000100010010101000
111111111111001000100010011001000
000000000010011000110011101011100
000000000010011000110011100001110
000000000010011000110011000000011
000000000010011000110011011100110
000000000010011000110011001000011
000000000010011000110011000100110
000000000010011000110011001100100
000000000010011000110011000011100
111111111101101001110111101000100
111111111101101001110111010011111
111111111101101001110111011000000
111111111101101001110111010011111
111111111101101001110111011011110
111111111101101001110111101101001
111111111101101001110111100011100
111111111101101001110111011001100
111111111110010011111000001001110
111111111110010011111000001111001
111111111110010011110111101011001
111111111110010011110111111010100
111111111110010011111000000001100
111111111110010011111000011000001
111111111110010011111000000001001
111111111110010011110111110001110
000000000001000000010000010100011
000000000001000000010000010100000
000000000001000000001111100111000
000000000001000000001111111011101
000000000001000000001111111000111
000000000001000000010000011000100
000000000001000000001111111111111
000000000001000000001111101000000
111111111110100100010001001010110
111111111110100100010000101010110
111111111110100100010000100011100
111111111110100100010000101101011
111111111110100100010000101110001
111111111110100100010000101101111
111111111110100100010000111101011
111111111110100100010000100111110
111111111101000110011010011011000
111111111101000110011001111010110
111111111101000110011001110010011
111111111101000110011001111101111
111111111101000110011010000010100
111111111101000110011010001110011
111111111101000110011010000111000
111111111101000110011001110110110
000000000001011100100010010001100
000000000001011100100010001100111
000000000001011100100001111011111
000000000001011100100010000011101
000000000001011100100010001110101
000000000001011100100010011000010
000000000001011100100010010010111
000000000001011100100010000101111
111111111111001000100010000010100
111111111111001000100010000001111
111111111111001000100001011101100
111111111111001000100001110110101
111111111111001000100001110001011
111111111111001000100001111111001
111111111111001000100001111001011
111111111111001000100001101101110
000000000010011000110011101110100
000000000010011000110100000000110
000000000010011000110011100111111
000000000010011000110011011011111
000000000010011000110011110100001
000000000010011000110011101011111
000000000010011000110011000111011
000000000010011000110011010110000
111111111101101001110111011111100
111111111101101001110111100100111
111111111101101001110111011110111
111111111101101001110111010111010
111111111101101001110111100000001
111111111101101001110111011110010
111111111101101001110111010100110
111111111101101001110111010011001
111111111110010011111000000111000
111111111110010011111000001010010
111111111110010011111000001100001
111111111110010011111000001100001
111111111110010011111000011001100
111111111110010011111000011100000
111111111110010011111000000101111
111111111110010011110111110000111
000000000001000000001111101011010
000000000001000000001111111100010
000000000001000000001111111100101
000000000001000000001111100010100
000000000001000000001111101000000
000000000001000000001111101001110
000000000001000000001111101111111
000000000001000000001111101100001
111111111110100100010000011100011
111111111110100100010000110111100
111111111110100100010000101110001
111111111110100100010000100001010
111111111110100100010000101001001
111111111110100100010000110110101
111111111110100100010000100110111
111111111110100100010000000110010
111111111101000110011001001001100
111111111101000110011001100010011
111111111101000110011001011011100
111111111101000110011001001010000
111111111101000110011001010101110
111111111101000110011000111110111
111111111101000110011001010101100
111111111101000110011001011001111
000000000001011100100010111110011
000000000001011100100010110000110
000000000001011100100010100110100
000000000001011100100010100010011
000000000001011100100010101100000
000000000001011100100011001010110
000000000001011100100010001101000
000000000001011100100010001100000
111111111111001000100001111011010
111111111111001000100001101101010
111111111111001000100001011100100
111111111111001000100010000110110
111111111111001000100001111111101
111111111111001000100010000111110
111111111111001000100001010100011
111111111111001000100001011001101
000000000010011000110011001111111
000000000010011000110011010101111
000000000010011000110011000101110
000000000010011000110011010001011
000000000010011000110011010111110
000000000010011000110010101111110
000000000010011000110010110010110
000000000010011000110010110000101
111111111101101001110111001001111
111111111101101001110111001011001
111111111101101001110111001001010
111111111101101001110111101110000
111111111101101001110111001010011
111111111101101001110111001101110
111111111101101001110111000110001
111111111101101001110111001111110
111111111110010011111000001111000
111111111110010011111000010001101
111111111110010011111000001100000
111111111110010011111000100111101
111111111110010011111000011111111
111111111110010011110111101111101
111111111110010011110111110101111
111111111110010011110111111100011
000000000001000000001111011110000
000000000001000000001111011101110
000000000001000000001111101011110
000000000001000000010000000010110
000000000001000000001111101110000
000000000001000000001111011101001
000000000001000000001111010011010
000000000001000000001111010101100
111111111110100100010000010111010
111111111110100100010000001011100
111111111110100100010000100001100
111111111110100100010000110011001
111111111110100100010000010011010
111111111110100100010000100100111
111111111110100100010000011101111
111111111110100100010000011110101
111111111101000110011001011101100
111111111101000110011001100001000
111111111101000110011001101011000
111111111101000110011001110111100
111111111101000110011001110100010
111111111101000110011001011000110
111111111101000110011001001101100
111111111101000110011001010000000
000000000001011100100001111100100
000000000001011100100001111011111
000000000001011100100010001000101
000000000001011100100010001100011
000000000001011100100010000000100
000000000001011100100010001101100
000000000001011100100010000101101
000000000001011100100010000100011
111111111111001000100001101000111
111111111111001000100001110111010
111111111111001000100001110000011
111111111111001000100001111111001
111111111111001000100001111001110
111111111111001000100001100110010
111111111111001000100001110100001
111111111111001000100001101010000
000000000010011000110011000011010
000000000010011000110010111111001
000000000010011000110010111100001
000000000010011000110010111011010
000000000010011000110011000100011
000000000010011000110011001101001
000000000010011000110010101111110
000000000010011000110010111010111
111111111101101001110110111110001
111111111101101001110111011010010
111111111101101001110111010110100
111111111101101001110111100111010
111111111101101001110111000110011
111111111101101001110111000000000
111111111101101001110111001101111
111111111101101001110111100000101
111111111110010011111000010010100
111111111110010011111000000010000
111111111110010011110111110100010
111111111110010011110111110101000
111111111110010011111000011101000
111111111110010011111000011010110
111111111110010011111000000000010
111111111110010011110111111001100
000000000001000000001111010111000
000000000001000000001111100100111
000000000001000000001111100000011
000000000001000000001111101001010
000000000001000000001111100010001
000000000001000000001111011100101
000000000001000000001111011110011
000000000001000000001111110010000
111111111110100100010000000000010
111111111110100100010000101100001
111111111110100100010000001101110
111111111110100100010000011111010
111111111110100100010000011111010
111111111110100100010000011001011
111111111110100100010000010001100
111111111110100100010000110001001
111111111101000110011010000100100
111111111101000110011001111000011
111111111101000110011001011001000
111111111101000110011001110000110
111111111101000110011001101100100
111111111101000110011010000000011
111111111101000110011010000000010
111111111101000110011001110000101
000000000001011100100010000011111
000000000001011100100010010010100
000000000001011100100010001010101
000000000001011100100010001011000
000000000001011100100010001110110
000000000001011100100010010110000
000000000001011100100010000110000
000000000001011100100010011001101
111111111111001000100010001100100
111111111111001000100001101110010
111111111111001000100001111000010
111111111111001000100001101000111
111111111111001000100010001011111
111111111111001000100010011010100
111111111111001000100001101101010
111111111111001000100001110000100
000000000010011000110011101011101
000000000010011000110011110011010
000000000010011000110011111111010
000000000010011000110011110011011
000000000010011000110100000101100
000000000010011000110011010101001
000000000010011000110100000110010
000000000010011000110011001111010
111111111101101001110111101101000
111111111101101001110111101001111
111111111101101001110111110100000
111111111101101001110111100111000
111111111101101001111000001100011
111111111101101001110111101110100
111111111101101001111000001001100
111111111101101001110111101000010
111111111110010011111000001100010
111111111110010011111000010011100
111111111110010011111000100010111
111111111110010011110111111011000
111111111110010011111000100000010
111111111110010011110111110111101
111111111110010011111000101000110
111111111110010011110111110011100
000000000001000000001111101001111
000000000001000000001111101010011
000000000001000000001111101111111
000000000001000000001111111011000
000000000001000000010000100011010
000000000001000000001111110010000
000000000001000000001111111101111
000000000001000000001111101100010
111111111110100100010000101001111
111111111110100100010000111000011
111111111110100100010000100111100
111111111110100100010000110010010
111111111110100100010000110100110
111111111110100100010000100001010
111111111110100100010000101110110
111111111110100100010000001011011
111111111101000110011001111100101
111111111101000110011001110001101
111111111101000110011001110101111
111111111101000110011001101000100
111111111101000110011010000101001
111111111101000110011001101111111
111111111101000110011001111011011
111111111101000110011001101010111
000000000001011100100010000010101
000000000001011100100010011001001
000000000001011100100010010110111
000000000001011100100010100000010
000000000001011100100010011011011
000000000001011100100001111000111
000000000001011100100010010001111
000000000001011100100001111110011
111111111111001000100010010010110
111111111111001000100001111010110
111111111111001000100010010010001
111111111111001000100001111001111
111111111111001000100010110101001
111111111111001000100001111111100
111111111111001000100010010011010
111111111111001000100010001010000
000000000010011000110010111110001
000000000010011000110011001001000
000000000010011000110011001000101
000000000010011000110011101000000
000000000010011000110011000000000
000000000010011000110011001111101
000000000010011000110011100011001
000000000010011000110010111101000
111111111101101001110111011111110
111111111101101001110111101010001
111111111101101001110111100011110
111111111101101001111000000010111
111111111101101001110111011101101
111111111101101001110111001111010
111111111101101001111000000011000
111111111101101001110111011100010
111111111110010011111000000000111
111111111110010011111000100111101
111111111110010011110111111100111
111111111110010011111000001101010
111111111110010011110111110101011
111111111110010011110111111010010
111111111110010011111000011000111
111111111110010011111000001100001
000000000001000000001111101110011
000000000001000000001111101001011
000000000001000000010000000111111
000000000001000000001111110011100
000000000001000000001111011101110
000000000001000000001111110100110
000000000001000000010000001101000
000000000001000000001111111101000
111111111110100100010000001111001
111111111110100100010000110100000
111111111110100100010000010110011
111111111110100100010000010101001
111111111110100100001111111100011
111111111110100100010000100111010
111111111110100100010000110100011
111111111110100100010000011000010
111111111101000110011001101110101
111111111101000110011010001011000
111111111101000110011010000000101
111111111101000110011001110101111
111111111101000110011001011010000
111111111101000110011001110111111
111111111101000110011010001111001
111111111101000110011001111011111
000000000001011100100010011010101
000000000001011100100010110000011
000000000001011100100010110110011
000000000001011100100010101001101
000000000001011100100010000110111
000000000001011100100010100000011
000000000001011100100011000111101
000000000001011100100010101010110
111111111111001000100001011111101
111111111111001000100010000010101
111111111111001000100001100010101
111111111111001000100001101000000
111111111111001000100001100100111
111111111111001000100001101011110
111111111111001000100001111010110
111111111111001000100001110110011
000000000010011000110011010101101
000000000010011000110011010110010
000000000010011000110011010011110
000000000010011000110011100110010
000000000010011000110011011001110
000000000010011000110011100010100
000000000010011000110011100010010
000000000010011000110011011101100
111111111101101001110111110010000
111111111101101001110111010001111
111111111101101001110111000111110
111111111101101001110111110101100
111111111101101001110111110000101
111111111101101001110111110011100
111111111101101001110111110011101
111111111101101001110111010010000
111111111110010011111000011101100
111111111110010011110111011110110
111111111110010011110111101011100
111111111110010011111000000110101
111111111110010011110111111000011
111111111110010011111000010110001
111111111110010011111000100001010
111111111110010011110111110101111
000000000001000000010000001000101
000000000001000000001111001111001
000000000001000000001111011000111
000000000001000000001111110000110
000000000001000000001111110111100
000000000001000000001111111110010
000000000001000000010000000101011
000000000001000000001111101011101
111111111110100100010000010111101
111111111110100100010000001111001
111111111110100100001111110110111
111111111110100100010000100110000
111111111110100100010000101001011
111111111110100100010000010100011
111111111110100100010000100000010
111111111110100100010000001001010
111111111101000110011010010000101
111111111101000110011001010011100
111111111101000110011001101100100
111111111101000110011001101000100
111111111101000110011001101101101
111111111101000110011010000010010
111111111101000110011010001010001
111111111101000110011010000101010
000000000001011100100010110010101
000000000001011100100010000000001
000000000001011100100001111011100
000000000001011100100010011110010
000000000001011100100010011110101
000000000001011100100010100111001
000000000001011100100010111000001
000000000001011100100010010001000
111111111111001000100010001100010
111111111111001000100001110001001
111111111111001000100001101101111
111111111111001000100010010001010
111111111111001000100001110101111
111111111111001000100010001111010
111111111111001000100010011111100
111111111111001000100001110110000
000000000010011000110011111011111
000000000010011000110011100101100
000000000010011000110011101111110
000000000010011000110011110101000
000000000010011000110011101011111
000000000010011000110011010111100
000000000010011000110011110101110
000000000010011000110011110000111
111111111101101001110111000001101
111111111101101001110111001101101
111111111101101001110111001010011
111111111101101001110111000011111
111111111101101001110111000101110
111111111101101001110110111001011
111111111101101001110111001010010
111111111101101001110110111010000
111111111110010011111000010000101
111111111110010011111000100000111
111111111110010011111000011011011
111111111110010011111000001110101
111111111110010011111000000011010
111111111110010011111000000111100
111111111110010011111000011111011
111111111110010011111000001110001
000000000001000000010000000001000
000000000001000000001111110111000
000000000001000000010000000101001
000000000001000000010000001001110
000000000001000000001111101111010
000000000001000000001111101000110
000000000001000000001111110011000
000000000001000000010000010100001
111111111110100100010000000111001
111111111110100100010000100010010
111111111110100100010000100110111
111111111110100100010000011100001
111111111110100100010000010001110
111111111110100100010000010111110
111111111110100100010000011101001
111111111110100100010000000101011
111111111101000110011001010110101
111111111101000110011001010010111
111111111101000110011001010101010
111111111101000110011001011001001
111111111101000110011001011100101
111111111101000110011001010010100
111111111101000110011001011101011
111111111101000110011001010000101
000000000001011100100010100011110
000000000001011100100001110011101
000000000001011100100010001110100
000000000001011100100010011000010
000000000001011100100010001000000
000000000001011100100010000111111
000000000001011100100010001100000
000000000001011100100010010000110
111111111111001000100010011110000
111111111111001000100001111111000
111111111111001000100010001110110
111111111111001000100010001010101
111111111111001000100001111000011
111111111111001000100001101101111
111111111111001000100010011001101
111111111111001000100010001001010
000000000010011000110011100101000
000000000010011000110011011011011
000000000010011000110011011010010
000000000010011000110011101100001
000000000010011000110100000101101
000000000010011000110011101100001
000000000010011000110011100000100
000000000010011000110011101001110
111111111101101001110111001010111
111111111101101001110111011101011
111111111101101001110111100100101
111111111101101001110111100100010
111111111101101001110111011110011
111111111101101001110111100110001
111111111101101001110111011111011
111111111101101001110111010101011
111111111110010011111000010011110
111111111110010011111000000000001
111111111110010011110111100111110
111111111110010011110111111110100
111111111110010011111000011111111
111111111110010011111000010000001
111111111110010011111000001001010
111111111110010011111000001110101
000000000001000000001111111100010
000000000001000000010000000010101
000000000001000000001111110010000
000000000001000000010000000000100
000000000001000000010000000010101
000000000001000000001111110011011
000000000001000000010000010101101
000000000001000000001111110000001
111111111110100100010000100000110
111111111110100100010001001100111
111111111110100100010000100010010
111111111110100100010001000110011
111111111110100100010001000111001
111111111110100100010000110001110
111111111110100100010001100010010
111111111110100100010000100001110
111111111101000110011001110010010
111111111101000110011010000100010
111111111101000110011001110011110
111111111101000110011010001001110
111111111101000110011010010001111
111111111101000110011001110101010
111111111101000110011010010100111
111111111101000110011001101101111
000000000001011100100010100111010
000000000001011100100010101001001
000000000001011100100010011110001
000000000001011100100010110101110
000000000001011100100011001001111
000000000001011100100010110011010
000000000001011100100010110101000
000000000001011100100010110001000
111111111111001000100001011111110
111111111111001000100001110000101
111111111111001000100001100010101
111111111111001000100001101001111
111111111111001000100001111000101
111111111111001000100001101110001
111111111111001000100001110000001
111111111111001000100001101011111
000000000010011000110011100010011
000000000010011000110011101110101
000000000010011000110011001111011
000000000010011000110011001111101
000000000010011000110011010010000
000000000010011000110011110110001
000000000010011000110011100111111
000000000010011000110011000111100
111111111101101001110111100100000
111111111101101001110111011010111
111111111101101001110111001010000
111111111101101001110111010010100
111111111101101001110111001101101
111111111101101001110111011100000
111111111101101001110111001001100
111111111101101001110111001100100
111111111110010011111000010011011
111111111110010011111000001111011
111111111110010011110111111010100
111111111110010011111000011110101
111111111110010011110111011111000
111111111110010011111000011000101
111111111110010011111000000101001
111111111110010011111000001010100
000000000001000000001111100100101
000000000001000000001111110010011
000000000001000000001111011011010
000000000001000000001111110010010
000000000001000000001111011001101
000000000001000000001111110001101
000000000001000000001111111111110
000000000001000000001111110000100
111111111110100100010000110000010
111111111110100100010000101010010
111111111110100100010000010011110
111111111110100100010000110101100
111111111110100100010000000000011
111111111110100100010000101111100
111111111110100100010000100111100
111111111110100100010000100111101
111111111101000110011001101101010
111111111101000110011001111000001
111111111101000110011001111000111
111111111101000110011001101111101
111111111101000110011001011101001
111111111101000110011010011011100
111111111101000110011001110100110
111111111101000110011001100001110
000000000001011100100010100101100
000000000001011100100010010000100
000000000001011100100010001101100
000000000001011100100010010011111
000000000001011100100001111011001
000000000001011100100010011000001
000000000001011100100010001101001
000000000001011100100010000011001
111111111111001000100001110111100
111111111111001000100001110010001
111111111111001000100001011010000
111111111111001000100001011111110
111111111111001000100001100100100
111111111111001000100001101111011
111111111111001000100001100100011
111111111111001000100001100100101
000000000010011000110011101001101
000000000010011000110011011011011
000000000010011000110011010010000
000000000010011000110010111001101
000000000010011000110010110111010
000000000010011000110011001101101
000000000010011000110011010001001
000000000010011000110011010100101
111111111101101001110111110101000
111111111101101001111000001011011
111111111101101001110111111100111
111111111101101001110111011000010
111111111101101001110111110101101
111111111101101001110111110111011
111111111101101001110111101011011
111111111101101001110111100111111
111111111110010011110111111110110
111111111110010011111000001010000
111111111110010011110111110110111
111111111110010011110111101011000
111111111110010011110111111100100
111111111110010011110111111000110
111111111110010011110111101111100
111111111110010011110111111110110
000000000001000000010000001001101
000000000001000000010000100010011
000000000001000000001111110010011
000000000001000000001111101010010
000000000001000000001111100101101
000000000001000000010000000101011
000000000001000000001111101100010
000000000001000000001111110000010
111111111110100100010000101110111
111111111110100100010000100101100
111111111110100100010000110111110
111111111110100100010000000110111
111111111110100100010000101111001
111111111110100100010000100101011
111111111110100100010000100111011
111111111110100100010000101001100
111111111101000110011010000110111
111111111101000110011001101011000
111111111101000110011010001000101
111111111101000110011001010111111
111111111101000110011010000110000
111111111101000110011001110001101
111111111101000110011010001000010
111111111101000110011001111010010
000000000001011100100010001001000
000000000001011100100010011101100
000000000001011100100010000011101
000000000001011100100010000000110
000000000001011100100010000100010
000000000001011100100010011100101
000000000001011100100010000001001
000000000001011100100010000010000
111111111111001000100010011111101
111111111111001000100010011011001
111111111111001000100010010000001
111111111111001000100001101101010
111111111111001000100010000001000
111111111111001000100010010101110
111111111111001000100001111110100
111111111111001000100010000001100
000000000010011000110011100001001
000000000010011000110011010010011
000000000010011000110011101110011
000000000010011000110011001010110
000000000010011000110011011100101
000000000010011000110011011000111
000000000010011000110011100001110
000000000010011000110011001100110
111111111101101001110111000000110
111111111101101001110111000110010
111111111101101001110111011110111
111111111101101001110110111001110
111111111101101001110111001010010
111111111101101001110111001100000
111111111101101001110111001001001
111111111101101001110111001111111
111111111110010011110111100110100
111111111110010011110111101101011
111111111110010011110111110101110
111111111110010011110111011011011
111111111110010011110111110110101
111111111110010011110111110001000
111111111110010011110111100111000
111111111110010011110111100001010
000000000001000000001111110010100
000000000001000000001111101101011
000000000001000000010000101011110
000000000001000000001111101011111
000000000001000000001111111111000
000000000001000000001111111000001
000000000001000000001111101101011
000000000001000000010000010110001
111111111110100100010000100000111
111111111110100100010000011000100
111111111110100100010001000001000
111111111110100100010000011100011
111111111110100100010000010110000
111111111110100100010000011000011
111111111110100100010000010101101
111111111110100100010000011110000
111111111101000110011001110100110
111111111101000110011001111000001
111111111101000110011010001111011
111111111101000110011001011111010
111111111101000110011001111101001
111111111101000110011001111001010
111111111101000110011001110011011
111111111101000110011001011101011
000000000001011100100010101110010
000000000001011100100010010110010
000000000001011100100011000110100
000000000001011100100010011000011
000000000001011100100010101010000
000000000001011100100010011011011
000000000001011100100010011101001
000000000001011100100010101000110
111111111111001000100010000101001
111111111111001000100010001000010
111111111111001000100010110100111
111111111111001000100001101011010
111111111111001000100001111100010
111111111111001000100001111110110
111111111111001000100001111110110
111111111111001000100001111100101
000000000010011000110011110010100
000000000010011000110011010001111
000000000010011000110011011100010
000000000010011000110011100110001
000000000010011000110011100011111
000000000010011000110011001100100
000000000010011000110011001000101
000000000010011000110011011100100
111111111101101001111000000110111
111111111101101001111000000011001
111111111101101001111000001010100
111111111101101001110111110001100
111111111101101001111000001101010
111111111101101001110111110001001
111111111101101001110111110000101
111111111101101001110111101110100
111111111110010011111000011100010
111111111110010011110111111010100
111111111110010011111000000000110
111111111110010011111000010010101
111111111110010011110111111000110
111111111110010011110111101011101
111111111110010011110111101111111
111111111110010011111000000101110
000000000001000000001111101100110
000000000001000000001111011100101
000000000001000000001111100110000
000000000001000000001111101101110
000000000001000000001111101010101
000000000001000000001111100010101
000000000001000000001111010101101
000000000001000000001111100010111
111111111110100100010000110111011
111111111110100100010000100010000
111111111110100100010000100011101
111111111110100100010000100001000
111111111110100100010000001101101
111111111110100100010000000011010
111111111110100100001111111110100
111111111110100100010000010010000
111111111101000110011001100011001
111111111101000110011001100001001
111111111101000110011001100001110
111111111101000110011001110101010
111111111101000110011001100000100
111111111101000110011001010010011
111111111101000110011001011001001
111111111101000110011001110000011
000000000001011100100010110001100
000000000001011100100010100000110
000000000001011100100010100011011
000000000001011100100010111000010
000000000001011100100010101100010
000000000001011100100010001110110
000000000001011100100010000110111
000000000001011100100010110000000
111111111111001000100001111111111
111111111111001000100001010001110
111111111111001000100001011100010
111111111111001000100010000001100
111111111111001000100001100010111
111111111111001000100001011000000
111111111111001000100001011110001
111111111111001000100001110101111
000000000010011000110011011001010
000000000010011000110011010010101
000000000010011000110011101101101
000000000010011000110011000101011
000000000010011000110011011110100
000000000010011000110011000001110
000000000010011000110011011011011
000000000010011000110011110101101
111111111101101001110111100100100
111111111101101001110111100011010
111111111101101001110111110000101
111111111101101001110111011000000
111111111101101001110111011101000
111111111101101001110111011011001
111111111101101001110111110111101
111111111101101001111000000011111
111111111110010011111000011000100
111111111110010011111000100001111
111111111110010011111000100000111
111111111110010011111000010001100
111111111110010011111000000000001
111111111110010011111000101000100
111111111110010011111000100010101
111111111110010011111001010111000
000000000001000000001111101010111
000000000001000000001111100010000
000000000001000000001111011101100
000000000001000000001111100000001
000000000001000000001111011000010
000000000001000000001111100001101
000000000001000000001111011001100
000000000001000000001111111001100
111111111110100100010000110010011
111111111110100100010000111110110
111111111110100100010000110000011
111111111110100100010000010010110
111111111110100100010000100011100
111111111110100100010000101010101
111111111110100100010000110111110
111111111110100100010001001001111
111111111101000110011001000110100
111111111101000110011001000100111
111111111101000110011001010010110
111111111101000110011001001110000
111111111101000110011001001100111
111111111101000110011001001001001
111111111101000110011001000101101
111111111101000110011001001000001
000000000001011100100010000100001
000000000001011100100010011110011
000000000001011100100010011011100
000000000001011100100001111101011
000000000001011100100001111111111
000000000001011100100010000101100
000000000001011100100010010011111
000000000001011100100010100010111
111111111111001000100010010110101
111111111111001000100010001011010
111111111111001000100010010000110
111111111111001000100001111100001
111111111111001000100010000111100
111111111111001000100001110101000
111111111111001000100010000110001
111111111111001000100010010010100
000000000010011000110100000110011
000000000010011000110011010010111
000000000010011000110011011011100
000000000010011000110011110100010
000000000010011000110011010111110
000000000010011000110011100100011
000000000010011000110011011100111
000000000010011000110011001011111
111111111101101001111000000011110
111111111101101001110111010001111
111111111101101001110111111010000
111111111101101001110111011001110
111111111101101001110111000101110
111111111101101001110111001010110
111111111101101001110111010101000
111111111101101001110111100000000
111111111110010011111000010110000
111111111110010011111000000100000
111111111110010011111000000111111
111111111110010011111000000101010
111111111110010011110111111100010
111111111110010011111000000001000
111111111110010011110111110101111
111111111110010011110111111001010
000000000001000000010000000011101
000000000001000000001111110110100
000000000001000000001111110111001
000000000001000000001111110101101
000000000001000000001111100101011
000000000001000000001111101100000
000000000001000000001111110110001
000000000001000000001111101101000
111111111110100100010001110111111
111111111110100100010000110011111
111111111110100100010000101110111
111111111110100100010001100000101
111111111110100100010000100101001
111111111110100100010000101100101
111111111110100100010000111011000
111111111110100100010000011100010
111111111101000110011010010000111
111111111101000110011001010010001
111111111101000110011001010001011
111111111101000110011010001001111
111111111101000110011001100100001
111111111101000110011001101011010
111111111101000110011001100111100
111111111101000110011001001000100
000000000001011100100010111001000
000000000001011100100010001000010
000000000001011100100010010100111
000000000001011100100010011110111
000000000001011100100010001010011
000000000001011100100010001110010
000000000001011100100010011001101
000000000001011100100001111110110
111111111111001000100010110011100
111111111111001000100010010010110
111111111111001000100010000100110
111111111111001000100010011111100
111111111111001000100010000101011
111111111111001000100010000110010
111111111111001000100010011011011
111111111111001000100001101111110
000000000010011000110011101101100
000000000010011000110011011110011
000000000010011000110011001101010
000000000010011000110011001101001
000000000010011000110011011111010
000000000010011000110011110101010
000000000010011000110011100110111
000000000010011000110011110101000
111111111101101001110111101111100
111111111101101001110111010010010
111111111101101001110111010010001
111111111101101001110111010100100
111111111101101001110111110000010
111111111101101001110111111111011
111111111101101001110111010011101
111111111101101001110111101110111
111111111110010011111000110100011
111111111110010011111000011110111
111111111110010011111000000001001
111111111110010011111000001000001
111111111110010011111000011000110
111111111110010011111000110101010
111111111110010011111000111101101
111111111110010011111001001000101
000000000001000000001111111110100
000000000001000000001111100111110
000000000001000000001111010101000
000000000001000000001111010000000
000000000001000000001111011110100
000000000001000000001111100011010
000000000001000000010000000111111
000000000001000000001111111011011
111111111110100100010000110001110
111111111110100100010000100010010
111111111110100100010000010110010
111111111110100100010000100011001
111111111110100100010000100010000
111111111110100100010001000010000
111111111110100100010000101000110
111111111110100100010000110001111
111111111101000110011010010001011
111111111101000110011001101010101
111111111101000110011001011100110
111111111101000110011001011011111
111111111101000110011001111110110
111111111101000110011010001110010
111111111101000110011010000111111
111111111101000110011010011101110
000000000001011100100010011001100
000000000001011100100010000100111
000000000001011100100001111110110
000000000001011100100001111110010
000000000001011100100010001111111
000000000001011100100010100111000
000000000001011100100010001000011
000000000001011100100010010011111
111111111111001000100010001011110
111111111111001000100010001011001
111111111111001000100001111010011
111111111111001000100010000110111
111111111111001000100001111110101
111111111111001000100010010011010
111111111111001000100010001100110
111111111111001000100010011100000
000000000010011000110011000110001
000000000010011000110011001001001
000000000010011000110011000010001
000000000010011000110011001110110
000000000010011000110010111111010
000000000010011000110011000100000
000000000010011000110011001110001
000000000010011000110010111101011
111111111101101001110111011101011
111111111101101001110111111100100
111111111101101001110111011110011
111111111101101001111000010101100
111111111101101001110111000110000
111111111101101001110111110100111
111111111101101001111000000000000
111111111101101001110111101001010
111111111110010011110111110011101
111111111110010011111000100000101
111111111110010011111000100001001
111111111110010011111001000001111
111111111110010011111000000111000
111111111110010011111000011110001
111111111110010011111000101000001
111111111110010011111000100110110
000000000001000000010000000000111
000000000001000000001111111101110
000000000001000000001111111011101
000000000001000000010000001101001
000000000001000000001111110001110
000000000001000000001111110110110
000000000001000000010000001111010
000000000001000000001111111100101
111111111110100100010000010100000
111111111110100100010000111000011
111111111110100100010000101111110
111111111110100100010001010111111
111111111110100100010000001101011
111111111110100100010000110001000
111111111110100100010001001101111
111111111110100100010000101111011
111111111101000110011001100000001
111111111101000110011001111101010
111111111101000110011001101011101
111111111101000110011010100011100
111111111101000110011001010110110
111111111101000110011010000100001
111111111101000110011010001000100
111111111101000110011010001010010
000000000001011100100010010011010
000000000001011100100010100100110
000000000001011100100010001011110
000000000001011100100010110111111
000000000001011100100001111011011
000000000001011100100010100011100
000000000001011100100010011001111
000000000001011100100010011000110
111111111111001000100001101010001
111111111111001000100001111110111
111111111111001000100001100101001
111111111111001000100010001110011
111111111111001000100001100110000
111111111111001000100001110101001
111111111111001000100001111011001
111111111111001000100001101011011
000000000010011000110011100000101
000000000010011000110011111010101
000000000010011000110100011101110
000000000010011000110100000011100
000000000010011000110011100100111
000000000010011000110011101101110
000000000010011000110011010001101
000000000010011000110011001000111
111111111101101001110111110111101
111111111101101001111000000011100
111111111101101001111000100111011
111111111101101001110111101111100
111111111101101001111000000010110
111111111101101001110111111101110
111111111101101001110111111100110
111111111101101001110111011101000
111111111110010011111000001110000
111111111110010011111000000101001
111111111110010011111000100111010
111111111110010011111000001101001
111111111110010011111000001000011
111111111110010011111000010110100
111111111110010011111000000011101
111111111110010011111000000100111
000000000001000000001111100110111
000000000001000000001111110011101
000000000001000000010000000010001
000000000001000000001111101111000
000000000001000000001111110100111
000000000001000000001111111111011
000000000001000000001111010001000
000000000001000000001111010111000
111111111110100100010000001100110
111111111110100100010000010001110
111111111110100100010000101111100
111111111110100100010000100000101
111111111110100100010000100101111
111111111110100100010000100010000
111111111110100100010000001000111
111111111110100100010000001000000
111111111101000110011001011101011
111111111101000110011001011010010
111111111101000110011001101001000
111111111101000110011001011011000
111111111101000110011001011110111
111111111101000110011001001110101
111111111101000110011001101110111
111111111101000110011001010110000
000000000001011100100010000100010
000000000001011100100010010110010
000000000001011100100011000100001
000000000001011100100010100111100
000000000001011100100010100001111
000000000001011100100010010001000
000000000001011100100010100000100
000000000001011100100010001000011
111111111111001000100001111011001
111111111111001000100010000101000
111111111111001000100010101000111
111111111111001000100010001001100
111111111111001000100001111011000
111111111111001000100010000110000
111111111111001000100010000001010
111111111111001000100001111000100
000000000010011000110011010011001
000000000010011000110011011000101
000000000010011000110010110111001
000000000010011000110011010101010
000000000010011000110011011100110
000000000010011000110011010110101
000000000010011000110011100000110
000000000010011000110010111011011
111111111101101001110111111101111
111111111101101001110111110001111
111111111101101001110111101001111
111111111101101001110111111100000
111111111101101001111000000111100
111111111101101001110111111101011
111111111101101001111000000110100
111111111101101001110111100000001
111111111110010011111000001011000
111111111110010011111000010010101
111111111110010011111000010010001
111111111110010011111000011100001
111111111110010011111000011110101
111111111110010011111000001111011
111111111110010011111000010111010
111111111110010011111000000011010
000000000001000000001111110111111
000000000001000000001111101010010
000000000001000000001111100110100
000000000001000000001111011010000
000000000001000000001111101001111
000000000001000000001111101110000
000000000001000000001111100111001
000000000001000000001111101101100
111111111110100100010000010111100
111111111110100100010000011010101
111111111110100100010000011100100
111111111110100100010000001110101
111111111110100100010000101010011
111111111110100100010000000011110
111111111110100100010000001000011
111111111110100100010000010111110
111111111101000110011001111111111
111111111101000110011001111101000
111111111101000110011001111000000
111111111101000110011001101011011
111111111101000110011010001101111
111111111101000110011001101000111
111111111101000110011001100000000
111111111101000110011001111010000
000000000001011100100010111011111
000000000001011100100010100101111
000000000001011100100010000100000
000000000001011100100010111101101
000000000001011100100010110101010
000000000001011100100010101100110
000000000001011100100010011010001
000000000001011100100010000100001
111111111111001000100010000100000
111111111111001000100010100001000
111111111111001000100001110010110
111111111111001000100010001100110
111111111111001000100010110000100
111111111111001000100001111010110
111111111111001000100010010101000
111111111111001000100001110000011
000000000010011000110010111111011
000000000010011000110011001011011
000000000010011000110010110000110
000000000010011000110011010000100
000000000010011000110011011111011
000000000010011000110011001010101
000000000010011000110010101000000
000000000010011000110011010011010
111111111101101001110111101000000
111111111101101001111000001100011
111111111101101001110111011011111
111111111101101001110111101110000
111111111101101001110111101001010
111111111101101001111000000000101
111111111101101001110111011000100
111111111101101001110111011111010
111111111110010011111000000100110
111111111110010011111000011000000
111111111110010011110111110101010
111111111110010011111000001010001
111111111110010011111000001101011
111111111110010011111000011100011
111111111110010011110111101101111
111111111110010011111000000001101
000000000001000000010000001110001
000000000001000000010000100000101
000000000001000000001111100011011
000000000001000000001111101101001
000000000001000000010000001011011
000000000001000000010000001001011
000000000001000000001111011000001
000000000001000000001111101001010
111111111110100100010000111010100
111111111110100100010001010101110
111111111110100100010000010001101
111111111110100100010000001100110
111111111110100100010000111000011
111111111110100100010000100100110
111111111110100100001111111100010
111111111110100100010000011101101
111111111101000110011001101101000
111111111101000110011001111000000
111111111101000110011001010111100
111111111101000110011001100101000
111111111101000110011001111000100
111111111101000110011010001001100
111111111101000110011001011111000
111111111101000110011001010111001
000000000001011100100001111110000
000000000001011100100010001001100
000000000001011100100001111010100
000000000001011100100010010111100
000000000001011100100010001011100
000000000001011100100010011100101
000000000001011100100001111111100
000000000001011100100010001110010
111111111111001000100010011011101
111111111111001000100010110111001
111111111111001000100001111101011
111111111111001000100010001001111
111111111111001000100010010010011
111111111111001000100010011000111
111111111111001000100001110011000
111111111111001000100010001101111
000000000010011000110010101100110
000000000010011000110010100100001
000000000010011000110010111100010
000000000010011000110010111010110
000000000010011000110010110001100
000000000010011000110010110011100
000000000010011000110010110110000
000000000010011000110010111001110
111111111101101001110111011011010
111111111101101001110111010000010
111111111101101001110111011001111
111111111101101001110111111100010
111111111101101001110111011111110
111111111101101001110111001001001
111111111101101001110111010111100
111111111101101001110111101101111
111111111110010011110111110111001
111111111110010011110111101100110
111111111110010011110111111010010
111111111110010011111000011010101
111111111110010011111000000010101
111111111110010011110111110111100
111111111110010011111000000000100
111111111110010011111000000110111
000000000001000000001111111000001
000000000001000000001111101111111
000000000001000000001111100011110
000000000001000000010000011001011
000000000001000000001111110011100
000000000001000000001111111100110
000000000001000000001111100111011
000000000001000000001111100011101
111111111110100100010000010101001
111111111110100100001111111100011
111111111110100100010000011010001
111111111110100100010000110001010
111111111110100100010000010110111
111111111110100100010000010111001
111111111110100100010000011101101
111111111110100100010000100100111
111111111101000110011010000010101
111111111101000110011001111000011
111111111101000110011001110010101
111111111101000110011010010001101
111111111101000110011001110101101
111111111101000110011010010001101
111111111101000110011001101001000
111111111101000110011001101110001
000000000001011100100010010000011
000000000001011100100001111010100
000000000001011100100010000000110
000000000001011100100010010100100
000000000001011100100010001101101
000000000001011100100010100110110
000000000001011100100001111111110
000000000001011100100001111111100
111111111111001000100001110000100
111111111111001000100001111001111
111111111111001000100001101011100
111111111111001000100001101101101
111111111111001000100001101010100
111111111111001000100001110011001
111111111111001000100001101000100
111111111111001000100001100111000
000000000010011000110011010000111
000000000010011000110011011010000
000000000010011000110011000010110
000000000010011000110011100110101
000000000010011000110011011101101
000000000010011000110011101000111
000000000010011000110011000111110
000000000010011000110010111100011
111111111101101001110111000000001
111111111101101001110111010001100
111111111101101001110111010001110
111111111101101001110111100000000
111111111101101001110111001011010
111111111101101001110111010001010
111111111101101001110111011011001
111111111101101001111000000110000
111111111110010011111000000100000
111111111110010011111000000011010
111111111110010011110111111111110
111111111110010011111000100111000
111111111110010011111000000010111
111111111110010011111000010101011
111111111110010011111000010001000
111111111110010011111000101111000
000000000001000000001111100011100
000000000001000000001111110000001
000000000001000000001111101101101
000000000001000000010000000000011
000000000001000000001111110110001
000000000001000000001111101001111
000000000001000000001111010110111
000000000001000000001111110001011
111111111110100100001111111101100
111111111110100100010000100010011
111111111110100100010000001100000
111111111110100100010000010111011
111111111110100100010000010110100
111111111110100100001111111110110
111111111110100100001111111110101
111111111110100100010000010010011
111111111101000110011001101001110
111111111101000110011001101111000
111111111101000110011001101100101
111111111101000110011010000111011
111111111101000110011001101000000
111111111101000110011001101110111
111111111101000110011001101100100
111111111101000110011010000100110
000000000001011100100010001111111
000000000001011100100010110001100
000000000001011100100010010010010
000000000001011100100010110101010
000000000001011100100010011111000
000000000001011100100010010110010
000000000001011100100010001000001
000000000001011100100010101000000
111111111111001000100001010111101
111111111111001000100001011010010
111111111111001000100001101000000
111111111111001000100001101111000
111111111111001000100001101001101
111111111111001000100001101101101
111111111111001000100001101010000
111111111111001000100001111000000
000000000010011000110011010100111
000000000010011000110011000110011
000000000010011000110011110110110
000000000010011000110011011110000
000000000010011000110011000011001
000000000010011000110011100111010
000000000010011000110011100111110
000000000010011000110011000110100
111111111101101001110111010011110
111111111101101001110111000010110
111111111101101001110110111001000
111111111101101001110111000011100
111111111101101001110111000010101
111111111101101001110111011001101
111111111101101001110111000001111
111111111101101001110111001011011
111111111110010011110111101001001
111111111110010011110111101000111
111111111110010011111000010010000
111111111110010011111000000000010
111111111110010011110111101011010
111111111110010011110111100010000
111111111110010011111000000011100
111111111110010011110111100100001
000000000001000000001111111000111
000000000001000000001111100000101
000000000001000000001111101110110
000000000001000000001111100010101
000000000001000000001111011001010
000000000001000000010000001011000
000000000001000000001111100100100
000000000001000000001111101011111
111111111110100100010000100100100
111111111110100100010000011100001
111111111110100100010000100110111
111111111110100100010000011101111
111111111110100100010000110100001
111111111110100100010000110110000
111111111110100100010000101001000
111111111110100100010000011000011
111111111101000110011010001000011
111111111101000110011001101010111
111111111101000110011010001010100
111111111101000110011001111101000
111111111101000110011001011011001
111111111101000110011010001101001
111111111101000110011010000010100
111111111101000110011001101011000
000000000001011100100001111011100
000000000001011100100001110101100
000000000001011100100001110011100
000000000001011100100001111011000
000000000001011100100001111000100
000000000001011100100001110101001
000000000001011100100001111111111
000000000001011100100001111100100
111111111111001000100001110101111
111111111111001000100001100110101
111111111111001000100001110111100
111111111111001000100001101011011
111111111111001000100001110000110
111111111111001000100010000110111
111111111111001000100001101010101
111111111111001000100001101001011
000000000010011000110010101010011
000000000010011000110010111000111
000000000010011000110010101110010
000000000010011000110010101010011
000000000010011000110010101110111
000000000010011000110010110011011
000000000010011000110010101001001
000000000010011000110010110001101
111111111101101001110111101100101
111111111101101001110111111110100
111111111101101001110111100110000
111111111101101001110111110100101
111111111101101001110111110110100
111111111101101001110111111001100
111111111101101001110111101110110
111111111101101001110111101000011
111111111110010011111000100001011
111111111110010011111000010011000
111111111110010011111000000001000
111111111110010011111000110010101
111111111110010011111000001101000
111111111110010011111000110101100
111111111110010011110111111111100
111111111110010011110111110100011
000000000001000000001111101101110
000000000001000000001111100011001
000000000001000000001111100111110
000000000001000000001111101110000
000000000001000000001111101110111
000000000001000000001111101010010
000000000001000000001111100110101
000000000001000000001111100001011
111111111110100100010000101011100
111111111110100100010000001100001
111111111110100100010000100010001
111111111110100100010000001110000
111111111110100100010000011011011
111111111110100100010000010000001
111111111110100100010000011100001
111111111110100100010000010001101
111111111101000110011010000001111
111111111101000110011001100011101
111111111101000110011001101011001
111111111101000110011010001001010
111111111101000110011001101111010
111111111101000110011001111110110
111111111101000110011001101001101
111111111101000110011001011100110
000000000001011100100010001100001
000000000001011100100010101001111
000000000001011100100010000100011
000000000001011100100010010010000
000000000001011100100010011000101
000000000001011100100010100110011
000000000001011100100010001101101
000000000001011100100010010010011
111111111111001000100010010101110
111111111111001000100010010110101
111111111111001000100010000001100
111111111111001000100010010000111
111111111111001000100010001010100
111111111111001000100010010111100
111111111111001000100010000101100
111111111111001000100001111101110
000000000010011000110011110000001
000000000010011000110011111111100
000000000010011000110100000100111
000000000010011000110011101011001
000000000010011000110011001111110
000000000010011000110011010111010
000000000010011000110011001011010
000000000010011000110011100101100
111111111101101001110111101101000
111111111101101001110111110010100
111111111101101001110111110011010
111111111101101001110111100010011
111111111101101001110111011010100
111111111101101001110111010010100
111111111101101001110111100010000
111111111101101001110111000010110
111111111110010011111000011100101
111111111110010011111000100000100
111111111110010011111000101100111
111111111110010011111000001111000
111111111110010011111000000101000
111111111110010011111000010011101
111111111110010011110111110110011
111111111110010011111000101111110
000000000001000000010000010011101
000000000001000000010000011110101
000000000001000000010000101100110
000000000001000000010000011001011
000000000001000000001111110101000
000000000001000000001111111110110
000000000001000000001111110101100
000000000001000000010000001101110
111111111110100100010001000110110
111111111110100100010001001000001
111111111110100100010000111100000
111111111110100100010000010011011
111111111110100100010000100001000
111111111110100100010000101010000
111111111110100100010000011011101
111111111110100100010000110000100
111111111101000110011001110111100
111111111101000110011010001111110
111111111101000110011010000011101
111111111101000110011001110100100
111111111101000110011001011100110
111111111101000110011001101000111
111111111101000110011001010110001
111111111101000110011001111110000
000000000001011100100010010110110
000000000001011100100010011100101
000000000001011100100010110001111
000000000001011100100010011100001
000000000001011100100010000011001
000000000001011100100010001000010
000000000001011100100010001000001
000000000001011100100010001110010
111111111111001000100010010110101
111111111111001000100010110000001
111111111111001000100010101110011
111111111111001000100010010010110
111111111111001000100001101101101
111111111111001000100001110010011
111111111111001000100001101010010
111111111111001000100010011100111
000000000010011000110011011011101
000000000010011000110011110100001
000000000010011000110011100111000
000000000010011000110011001010101
000000000010011000110011001010100
000000000010011000110011011100010
000000000010011000110011011111101
000000000010011000110011001111101
111111111101101001110111010100001
111111111101101001111000001011010
111111111101101001110111110111101
111111111101101001111000000100000
111111111101101001111000000000111
111111111101101001110111101110100
111111111101101001111000000111000
111111111101101001110111100000000
111111111110010011110111011100111
111111111110010011110111111110011
111111111110010011110111100011010
111111111110010011110111111101011
111111111110010011110111111100000
111111111110010011110111111001010
111111111110010011110111111000100
111111111110010011110111010111110
000000000001000000001111110100010
000000000001000000001111111100001
000000000001000000001111110110011
000000000001000000010000000000100
000000000001000000010000000001011
000000000001000000001111011101110
000000000001000000001111110001100
000000000001000000001111010101101
111111111110100100010000000000110
111111111110100100010000001110111
111111111110100100010000000101110
111111111110100100010000010000010
111111111110100100010000010001000
111111111110100100001111111011011
111111111110100100010000010101101
111111111110100100001111111110111
111111111101000110011001011001000
111111111101000110011001111111100
111111111101000110011001101010001
111111111101000110011001001011000
111111111101000110011001011110011
111111111101000110011001101110011
111111111101000110011001110111000
111111111101000110011001100010110
000000000001011100100010100110001
000000000001011100100010111101100
000000000001011100100010100110010
000000000001011100100010100011000
000000000001011100100010010110001
000000000001011100100010011001011
000000000001011100100010110010101
000000000001011100100010011010011
111111111111001000100001110111101
111111111111001000100010000000111
111111111111001000100001111001100
111111111111001000100001011110100
111111111111001000100001111111000
111111111111001000100001110011100
111111111111001000100010001010000
111111111111001000100001100110100
000000000010011000110011010011000
000000000010011000110011001110010
000000000010011000110011010011111
000000000010011000110011011111001
000000000010011000110011000001010
000000000010011000110011110010110
000000000010011000110011010000001
000000000010011000110011100011010
111111111101101001110111111110010
111111111101101001110111010000010
111111111101101001111000010001111
111111111101101001111000001001100
111111111101101001110111010011101
111111111101101001111000010100001
111111111101101001110111100100010
111111111101101001111000000110111
111111111110010011110111110001100
111111111110010011110111110010011
111111111110010011110111110110011
111111111110010011110111101101111
111111111110010011110111110110101
111111111110010011110111110100111
111111111110010011110111011100000
111111111110010011110111101000110
000000000001000000010000011000111
000000000001000000001111110001001
000000000001000000010000101100010
000000000001000000010000100110010
000000000001000000001111111000101
000000000001000000010000100100111
000000000001000000001111101110001
000000000001000000010000010011010
111111111110100100010000111011001
111111111110100100010000001010010
111111111110100100010001001100011
111111111110100100010000100100001
111111111110100100010000100101100
111111111110100100010001000001101
111111111110100100010000010001001
111111111110100100010000100110001
111111111101000110011010000100001
111111111101000110011001101011100
111111111101000110011010001110000
111111111101000110011001110001100
111111111101000110011001110111010
111111111101000110011010011000010
111111111101000110011001011111000
111111111101000110011001110110101
000000000001011100100010100011011
000000000001011100100010000101011
000000000001011100100010110001000
000000000001011100100010011101100
000000000001011100100010011000101
000000000001011100100010011110001
000000000001011100100001111011011
000000000001011100100010001110110
111111111111001000100010010000000
111111111111001000100001100100111
111111111111001000100010100010101
111111111111001000100010001011100
111111111111001000100010000001101
111111111111001000100010110100010
111111111111001000100001110000000
111111111111001000100010010000000
000000000010011000110010111100101
000000000010011000110010111001011
000000000010011000110011001101101
000000000010011000110010110000000
000000000010011000110011011010010
000000000010011000110011001110111
000000000010011000110010111001011
000000000010011000110010110111010
111111111101101001110111100100010
111111111101101001110111010001011
111111111101101001110111011100100
111111111101101001110111001010000
111111111101101001110111100111111
111111111101101001110111110000100
111111111101101001110111101100001
111111111101101001110111010111100
111111111110010011111000001011100
111111111110010011111000001101100
111111111110010011110111100110001
111111111110010011111000000000111
111111111110010011110111110100010
111111111110010011110111110100010
111111111110010011111000011011000
111111111110010011110111100110100
000000000001000000010000010100001
000000000001000000010000010010111
000000000001000000010000000010001
000000000001000000001111110001110
000000000001000000010000001000011
000000000001000000010000010001101
000000000001000000010000001100111
000000000001000000001111010001100
111111111110100100010001001110100
111111111110100100010001001110111
111111111110100100010000100011000
111111111110100100010000101101110
111111111110100100010000111010101
111111111110100100010000110011100
111111111110100100010001011010110
111111111110100100010000000110000
111111111101000110011010011010111
111111111101000110011010101010000
111111111101000110011001101110001
111111111101000110011001101110100
111111111101000110011010101000111
111111111101000110011010010100111
111111111101000110011010110010111
111111111101000110011001110001010
000000000001011100100010100001110
000000000001011100100010110010000
000000000001011100100010000010011
000000000001011100100010010101110
000000000001011100100010111000111
000000000001011100100010011010001
000000000001011100100011000011010
000000000001011100100010010000000
111111111111001000100010001011001
111111111111001000100010000110111
111111111111001000100001110110111
111111111111001000100001111001001
111111111111001000100010000001100
111111111111001000100010000011000
111111111111001000100010001100001
111111111111001000100001011010001
000000000010011000110011111111011
000000000010011000110011100011111
000000000010011000110100000101111
000000000010011000110011010000100
000000000010011000110011011111010
000000000010011000110100001010110
000000000010011000110011101000100
000000000010011000110011100101100
111111111101101001110111011111011
111111111101101001110111010010110
111111111101101001110111011011000
111111111101101001110111000011100
111111111101101001110111000011100
111111111101101001110111110000101
111111111101101001110111011001101
111111111101101001110111000010011
111111111110010011111000010001010
111111111110010011111000000010010
111111111110010011111000010010011
111111111110010011110111110101111
111111111110010011111000000001011
111111111110010011111000100110001
111111111110010011111000001000010
111111111110010011111000001000100
000000000001000000001111110001000
000000000001000000001111100100000
000000000001000000001111011100111
000000000001000000001111011111110
000000000001000000001111101000100
000000000001000000001111110010001
000000000001000000001111100010101
000000000001000000001111011111010
111111111110100100010000000100110
111111111110100100001111110101111
111111111110100100001111111010110
111111111110100100001111111100010
111111111110100100001111110011001
111111111110100100001111111101001
111111111110100100001111110100011
111111111110100100001111111001111
111111111101000110011001100000010
111111111101000110011001100101101
111111111101000110011001101010111
111111111101000110011001001100000
111111111101000110011001010000100
111111111101000110011001110101010
111111111101000110011001101011001
111111111101000110011001100111010
000000000001011100100010111100110
000000000001011100100010000010111
000000000001011100100010011010100
000000000001011100100010011000010
000000000001011100100001111101101
000000000001011100100010101001010
000000000001011100100001101001001
000000000001011100100010010100001
111111111111001000100010001111001
111111111111001000100001100111110
111111111111001000100001111110010
111111111111001000100001101110011
111111111111001000100001111010110
111111111111001000100010000010101
111111111111001000100001111111101
111111111111001000100001110001010
All outputs match expected results. Test PASSED.
