000000000000100101010011000111011
000000000000100101010011001110100
000000000000100101010011010000000
000000000000100101010011001010100
000000000000100101010011010000101
000000000000100101010011010011000
000000000000100101010011001110000
000000000000100101010011010000010
000000000000100101010011010010001
000000000000100101010011010000000
000000000000100101010011010011001
000000000000100101010011001110010
000000000000100101010011001011010
000000000000100101010011011011010
000000000000100101010011001001001
000000000000100101010011001001011
000000000000100101010011010011101
000000000000100101010011010011001
000000000000100101010011010110011
000000000000100101010011010100110
000000000000100101010011001010111
000000000000100101010011010000001
000000000000100101010011001011111
000000000000100101010011001101000
000000000000100101010011010100100
000000000000100101010011001100100
000000000000100101010011000110011
000000000000100101010011010010100
000000000000100101010011010111100
000000000000100101010011001111010
000000000000100101010011010110100
000000000000100101010011001110001
000000000000100101010011001101000
000000000000100101010011010101101
000000000000100101010011010010111
000000000000100101010011000101010
000000000000100101010011001100110
000000000000100101010011001100100
000000000000100101010011001111101
000000000000100101010011001101011
000000000000100101010011001000100
000000000000100101010011001001001
000000000000100101010011001101001
000000000000100101010011010011011
000000000000100101010011001001110
000000000000100101010011001100010
000000000000100101010011001000110
000000000000100101010011001110001
000000000000100101010011001111011
000000000000100101010011001000000
000000000000100101010011001011000
000000000000100101010011010011011
000000000000100101010011001010000
000000000000100101010011001110001
000000000000100101010011001011111
000000000000100101010011001011100
000000000000100101010011010010000
000000000000100101010011010010111
000000000000100101010011001001010
000000000000100101010011001111000
000000000000100101010011001000001
000000000000100101010011010110010
000000000000100101010011001101110
000000000000100101010011001010100
111111111111100101011001010011101
111111111111100101011001011111111
111111111111100101011001011001001
111111111111100101011001010111110
111111111111100101011001011011001
111111111111100101011001100001010
111111111111100101011001011101100
111111111111100101011001011010101
111111111111100101011001011110100
111111111111100101011001100001110
111111111111100101011001011000001
111111111111100101011001010010100
111111111111100101011001010000110
111111111111100101011001100100011
111111111111100101011001010010110
111111111111100101011001010000001
111111111111100101011001011001110
111111111111100101011001011101000
111111111111100101011001100000101
111111111111100101011001101100100
111111111111100101011001011011110
111111111111100101011001011110011
111111111111100101011001011001011
111111111111100101011001011000011
111111111111100101011001011101110
111111111111100101011001011110000
111111111111100101011001001111000
111111111111100101011001100101101
111111111111100101011001101001111
111111111111100101011001010111100
111111111111100101011001100100101
111111111111100101011001011100011
111111111111100101011001010111110
111111111111100101011001100001110
111111111111100101011001011011110
111111111111100101011001010010000
111111111111100101011001010111000
111111111111100101011001010111100
111111111111100101011001100001001
111111111111100101011001010100111
111111111111100101011001011001001
111111111111100101011001001110100
111111111111100101011001011000110
111111111111100101011001011000100
111111111111100101011001011001111
111111111111100101011001100001010
111111111111100101011001010011101
111111111111100101011001010010110
111111111111100101011001011100000
111111111111100101011001011100000
111111111111100101011001010111010
111111111111100101011001100001010
111111111111100101011001011010000
111111111111100101011001011111100
111111111111100101011001010110111
111111111111100101011001011111001
111111111111100101011001100110101
111111111111100101011001100001110
111111111111100101011001010001110
111111111111100101011001100010000
111111111111100101011001001111011
111111111111100101011001101000110
111111111111100101011001011000100
111111111111100101011001011000000
111111111111110101110110001111111
111111111111110101110110011110101
111111111111110101110110100010101
111111111111110101110110010100000
111111111111110101110110011010011
111111111111110101110110100010110
111111111111110101110110010110010
111111111111110101110110011010001
111111111111110101110110100001101
111111111111110101110110011101111
111111111111110101110110011001010
111111111111110101110110010100001
111111111111110101110110010110001
111111111111110101110110100111010
111111111111110101110110010100000
111111111111110101110110010101100
111111111111110101110110011101010
111111111111110101110110011101000
111111111111110101110110011111100
111111111111110101110110100100101
111111111111110101110110011101000
111111111111110101110110011100111
111111111111110101110110010111110
111111111111110101110110011001001
111111111111110101110110011100100
111111111111110101110110011011111
111111111111110101110110001011010
111111111111110101110110011110100
111111111111110101110110100100011
111111111111110101110110010111011
111111111111110101110110100001011
111111111111110101110110011111010
111111111111110101110110010110000
111111111111110101110110011000101
111111111111110101110110011000010
111111111111110101110110001010111
111111111111110101110110010110101
111111111111110101110110010011010
111111111111110101110110011100101
111111111111110101110110010111100
111111111111110101110110010110010
111111111111110101110110001110101
111111111111110101110110010110111
111111111111110101110110100000101
111111111111110101110110010000001
111111111111110101110110011001101
111111111111110101110110010101011
111111111111110101110110010111000
111111111111110101110110011000100
111111111111110101110110010101100
111111111111110101110110010110110
111111111111110101110110011111100
111111111111110101110110010101001
111111111111110101110110011110100
111111111111110101110110010010001
111111111111110101110110010010011
111111111111110101110110100010101
111111111111110101110110100001111
111111111111110101110110010011010
111111111111110101110110011101000
111111111111110101110110001111101
111111111111110101110110011011110
111111111111110101110110011001110
111111111111110101110110010110000
000000000000011101010001011101000
000000000000011101010001101010111
000000000000011101010001101001011
000000000000011101010001100100100
000000000000011101010001101001101
000000000000011101010001110000011
000000000000011101010001101001000
000000000000011101010001100110001
000000000000011101010001101010110
000000000000011101010001101101100
000000000000011101010001101100100
000000000000011101010001100001101
000000000000011101010001100010111
000000000000011101010001101110010
000000000000011101010001011011011
000000000000011101010001100010010
000000000000011101010001100011101
000000000000011101010001100111101
000000000000011101010001101011000
000000000000011101010001110101011
000000000000011101010001100101011
000000000000011101010001110000111
000000000000011101010001100111011
000000000000011101010001100010011
000000000000011101010001100110110
000000000000011101010001101101011
000000000000011101010001100000111
000000000000011101010001110011001
000000000000011101010001110110011
000000000000011101010001101010101
000000000000011101010001101111100
000000000000011101010001101001001
000000000000011101010001011101101
000000000000011101010001101111011
000000000000011101010001101001010
000000000000011101010001011011011
000000000000011101010001100000010
000000000000011101010001100001011
000000000000011101010001101100000
000000000000011101010001011111100
000000000000011101010001100111100
000000000000011101010001011100001
000000000000011101010001100000010
000000000000011101010001101010111
000000000000011101010001100111000
000000000000011101010001101011000
000000000000011101010001100011111
000000000000011101010001101000100
000000000000011101010001100001001
000000000000011101010001101011001
000000000000011101010001100011100
000000000000011101010001101000100
000000000000011101010001100000000
000000000000011101010001100110101
000000000000011101010001011111110
000000000000011101010001100101001
000000000000011101010001110010001
000000000000011101010001110001011
000000000000011101010001100100000
000000000000011101010001101010010
000000000000011101010001011010101
000000000000011101010001101110000
000000000000011101010001100011011
000000000000011101010001100100000
000000000000001111000101110110101
000000000000001111000110000100100
000000000000001111000110000101101
000000000000001111000101111101010
000000000000001111000110000011010
000000000000001111000110001100110
000000000000001111000110000010011
000000000000001111000101111111010
000000000000001111000110000110100
000000000000001111000110000011111
000000000000001111000110000100111
000000000000001111000101111011111
000000000000001111000101111111011
000000000000001111000110001001101
000000000000001111000101111001100
000000000000001111000101111110100
000000000000001111000110000100101
000000000000001111000110000101110
000000000000001111000110001001000
000000000000001111000110001100010
000000000000001111000101111110110
000000000000001111000110001010100
000000000000001111000101111100010
000000000000001111000101111100100
000000000000001111000110000101010
000000000000001111000110000001101
000000000000001111000101111000110
000000000000001111000110001011100
000000000000001111000110010001111
000000000000001111000110000111110
000000000000001111000110000100010
000000000000001111000110000000110
000000000000001111000101111011101
000000000000001111000110000111001
000000000000001111000110000010011
000000000000001111000101110100001
000000000000001111000101111101111
000000000000001111000101111101010
000000000000001111000110000101000
000000000000001111000101111111011
000000000000001111000101111110100
000000000000001111000101110111010
000000000000001111000101111110101
000000000000001111000110001001011
000000000000001111000101111110011
000000000000001111000101111111111
000000000000001111000110000000111
000000000000001111000110000011010
000000000000001111000101111000011
000000000000001111000110000000111
000000000000001111000110000000011
000000000000001111000110001000001
000000000000001111000101111011011
000000000000001111000110000010101
000000000000001111000101111001001
000000000000001111000101111111111
000000000000001111000110000111110
000000000000001111000110001100011
000000000000001111000101111100100
000000000000001111000110000011011
000000000000001111000101110010010
000000000000001111000110000101111
000000000000001111000101111100001
000000000000001111000101111000011
000000000000011010001001000111101
000000000000011010001001100000001
000000000000011010001001011101010
000000000000011010001001010111100
000000000000011010001001011011110
000000000000011010001001100101001
000000000000011010001001011001111
000000000000011010001001010111010
000000000000011010001001011011001
000000000000011010001001011000110
000000000000011010001001010111111
000000000000011010001001010110100
000000000000011010001001010000100
000000000000011010001001011110111
000000000000011010001001001111101
000000000000011010001001010001100
000000000000011010001001011001100
000000000000011010001001011110000
000000000000011010001001010111111
000000000000011010001001100110110
000000000000011010001001011001110
000000000000011010001001011000100
000000000000011010001001010011010
000000000000011010001001010001001
000000000000011010001001011010101
000000000000011010001001011010011
000000000000011010001001010000001
000000000000011010001001011100101
000000000000011010001001100110001
000000000000011010001001011111100
000000000000011010001001010111101
000000000000011010001001011101101
000000000000011010001001010110001
000000000000011010001001011001001
000000000000011010001001010000011
000000000000011010001001001100001
000000000000011010001001001111101
000000000000011010001001010001001
000000000000011010001001010110010
000000000000011010001001011000001
000000000000011010001001010100111
000000000000011010001001001010100
000000000000011010001001011000101
000000000000011010001001011011100
000000000000011010001001010000000
000000000000011010001001010111011
000000000000011010001001010001100
000000000000011010001001010001001
000000000000011010001001010001110
000000000000011010001001010101010
000000000000011010001001010101011
000000000000011010001001010101101
000000000000011010001001010100001
000000000000011010001001010100101
000000000000011010001001010000001
000000000000011010001001010010110
000000000000011010001001010111001
000000000000011010001001011101110
000000000000011010001001000110111
000000000000011010001001011011010
000000000000011010001001000110000
000000000000011010001001011101011
000000000000011010001001010010110
000000000000011010001001010001001
000000000000011100000000000001001
000000000000011100000000001001011
000000000000011100000000000011111
000000000000011011111111111111110
000000000000011100000000000111001
000000000000011100000000001011011
000000000000011100000000000110010
000000000000011100000000000000101
000000000000011100000000001010100
000000000000011100000000001001010
000000000000011100000000000110111
000000000000011100000000000001000
000000000000011011111111111110010
000000000000011100000000010000101
000000000000011011111111111010100
000000000000011011111111111100110
000000000000011100000000000100001
000000000000011100000000000101101
000000000000011100000000000111110
000000000000011100000000010011000
000000000000011100000000000110011
000000000000011100000000001100100
000000000000011100000000000010001
000000000000011100000000000010100
000000000000011100000000000111011
000000000000011100000000000100010
000000000000011011111111111011000
000000000000011100000000001011000
000000000000011100000000010011010
000000000000011011111111111110100
000000000000011100000000001111010
000000000000011100000000000100110
000000000000011011111111111110011
000000000000011100000000000110011
000000000000011100000000000110011
000000000000011011111111110011100
000000000000011011111111111011111
000000000000011100000000000010011
000000000000011100000000001100000
000000000000011100000000000010000
000000000000011100000000000010100
000000000000011011111111110010001
000000000000011011111111111101000
000000000000011100000000000100111
000000000000011100000000000000011
000000000000011100000000000011010
000000000000011011111111111001101
000000000000011100000000000000100
000000000000011100000000001000100
000000000000011100000000000111000
000000000000011100000000000100110
000000000000011100000000001010001
000000000000011100000000000000010
000000000000011100000000000110100
000000000000011011111111111110101
000000000000011100000000001001010
000000000000011100000000001110101
000000000000011100000000001101001
000000000000011011111111111100110
000000000000011100000000001101001
000000000000011011111111111001100
000000000000011100000000001101010
000000000000011100000000000100001
000000000000011100000000000001111
111111111111011001011010100110000
111111111111011001011010100001011
111111111111011001011010100001001
111111111111011001011010011100111
111111111111011001011010100000010
111111111111011001011010100011100
111111111111011001011010011100111
111111111111011001011010100010110
111111111111011001011010100101111
111111111111011001011010011111110
111111111111011001011010100101111
111111111111011001011010011011110
111111111111011001011010100100010
111111111111011001011010101000111
111111111111011001011010011011011
111111111111011001011010100000101
111111111111011001011010100001110
111111111111011001011010100001111
111111111111011001011010100100100
111111111111011001011010101000100
111111111111011001011010011111011
111111111111011001011010101001011
111111111111011001011010011111101
111111111111011001011010011111010
111111111111011001011010100010101
111111111111011001011010100001000
111111111111011001011010011100000
111111111111011001011010100101110
111111111111011001011010100101111
111111111111011001011010011001011
111111111111011001011010101011010
111111111111011001011010100010101
111111111111011001011010100001100
111111111111011001011010100100001
111111111111011001011010101000001
111111111111011001011010010111001
111111111111011001011010011101001
111111111111011001011010011111111
111111111111011001011010100111110
111111111111011001011010011011111
111111111111011001011010100000001
111111111111011001011010011100001
111111111111011001011010010111101
111111111111011001011010101000001
111111111111011001011010011110001
111111111111011001011010011100111
111111111111011001011010011001011
111111111111011001011010101000001
111111111111011001011010100110011
111111111111011001011010100101000
111111111111011001011010100001110
111111111111011001011010101001101
111111111111011001011010011001001
111111111111011001011010100011001
111111111111011001011010011011010
111111111111011001011010100001110
111111111111011001011010101100000
111111111111011001011010100110000
111111111111011001011010100101010
111111111111011001011010100101000
111111111111011001011010100011100
111111111111011001011010100011100
111111111111011001011010100010010
111111111111011001011010100010100
111111111111101011001111110101110
111111111111101011010000000101001
111111111111101011001111111111100
111111111111101011001111111101111
111111111111101011010000000000000
111111111111101011010000001010011
111111111111101011010000000001011
111111111111101011001111111101110
111111111111101011010000000101100
111111111111101011010000000011111
111111111111101011010000000000110
111111111111101011001111111000010
111111111111101011001111111011001
111111111111101011010000000000110
111111111111101011001111110011001
111111111111101011001111111001010
111111111111101011001111110111110
111111111111101011010000000010010
111111111111101011010000000000111
111111111111101011010000001101110
111111111111101011010000000001110
111111111111101011010000001000001
111111111111101011001111111100001
111111111111101011001111111001001
111111111111101011001111111111101
111111111111101011010000000101010
111111111111101011001111111001100
111111111111101011010000001001110
111111111111101011010000001011001
111111111111101011001111111100111
111111111111101011010000000011101
111111111111101011010000000100001
111111111111101011001111110111000
111111111111101011010000000101111
111111111111101011001111111110100
111111111111101011001111110000000
111111111111101011001111110010111
111111111111101011001111111000010
111111111111101011010000000111001
111111111111101011001111110011101
111111111111101011001111111101110
111111111111101011001111110011001
111111111111101011001111111000101
111111111111101011010000000100111
111111111111101011001111111110100
111111111111101011001111111110111
111111111111101011001111110110100
111111111111101011010000000000010
111111111111101011001111111101111
111111111111101011010000000011010
111111111111101011001111111011100
111111111111101011010000000001100
111111111111101011001111111001001
111111111111101011001111111101100
111111111111101011001111111010000
111111111111101011001111111111100
111111111111101011010000001010000
111111111111101011010000000110101
111111111111101011001111111001110
111111111111101011010000001000000
111111111111101011001111110011101
111111111111101011010000000101011
111111111111101011001111111111010
111111111111101011001111111011101
000000000000011101101001101101011
000000000000011101101001111000100
000000000000011101101001111111011
000000000000011101101001111000101
000000000000011101101001111110111
000000000000011101101001111110111
000000000000011101101001111001000
000000000000011101101001111000001
000000000000011101101010000001011
000000000000011101101001111101101
000000000000011101101010000000011
000000000000011101101001110111010
000000000000011101101001110101010
000000000000011101101010000101000
000000000000011101101001101111010
000000000000011101101001110010000
000000000000011101101001111000011
000000000000011101101001111111001
000000000000011101101001111101100
000000000000011101101010000110101
000000000000011101101001110110101
000000000000011101101001111111101
000000000000011101101001111001001
000000000000011101101001110011010
000000000000011101101001111110001
000000000000011101101001111001110
000000000000011101101001110010000
000000000000011101101001111011110
000000000000011101101010000101101
000000000000011101101001111100101
000000000000011101101010000111100
000000000000011101101001111011101
000000000000011101101001101110101
000000000000011101101001111111000
000000000000011101101001111100111
000000000000011101101001100110111
000000000000011101101001101110011
000000000000011101101001110000010
000000000000011101101001111100010
000000000000011101101001101111101
000000000000011101101001110001100
000000000000011101101001101111001
000000000000011101101001110010101
000000000000011101101010000110101
000000000000011101101001110100100
000000000000011101101001110010110
000000000000011101101001110001011
000000000000011101101010000000001
000000000000011101101001111001110
000000000000011101101001110110110
000000000000011101101001110011110
000000000000011101101001111111010
000000000000011101101001101100010
000000000000011101101001110100110
000000000000011101101001110001010
000000000000011101101001110100011
000000000000011101101010000000111
000000000000011101101001111101011
000000000000011101101001110110101
000000000000011101101001111001011
000000000000011101101001101110110
000000000000011101101010000001101
000000000000011101101001110111000
000000000000011101101001111000001
111111111111011000100010000001100
111111111111011000100010001100100
111111111111011000100010010000110
111111111111011000100010000111110
111111111111011000100010001101110
111111111111011000100010001111000
111111111111011000100010001011000
111111111111011000100010010001110
111111111111011000100010001001001
111111111111011000100010010000001
111111111111011000100010001000000
111111111111011000100010000011101
111111111111011000100001111010111
111111111111011000100010001111001
111111111111011000100010000000001
111111111111011000100001111111100
111111111111011000100010010011101
111111111111011000100010010011100
111111111111011000100010001010111
111111111111011000100010011100111
111111111111011000100010001001010
111111111111011000100010001000010
111111111111011000100010000100011
111111111111011000100010001001011
111111111111011000100010001111000
111111111111011000100010001100011
111111111111011000100010000011111
111111111111011000100010010000110
111111111111011000100010010100100
111111111111011000100010001100101
111111111111011000100010001110100
111111111111011000100010001011101
111111111111011000100010001010010
111111111111011000100010001110011
111111111111011000100010001100110
111111111111011000100010000011010
111111111111011000100010001011000
111111111111011000100001111111110
111111111111011000100010001101111
111111111111011000100001111111101
111111111111011000100010001000110
111111111111011000100010000010001
111111111111011000100010001110010
111111111111011000100010001111111
111111111111011000100010000100011
111111111111011000100010001011101
111111111111011000100010000010001
111111111111011000100010001011001
111111111111011000100010001100001
111111111111011000100010000110111
111111111111011000100010000101010
111111111111011000100010000111111
111111111111011000100010001000100
111111111111011000100010000001111
111111111111011000100010000101000
111111111111011000100010000110011
111111111111011000100010010000101
111111111111011000100010001000101
111111111111011000100010000111010
111111111111011000100010001000110
111111111111011000100010000101100
111111111111011000100010001111100
111111111111011000100010001010101
111111111111011000100010001010000
000000000000000110011100011001101
000000000000000110011100100011001
000000000000000110011100101000101
000000000000000110011100011011111
000000000000000110011100011110000
000000000000000110011100100100111
000000000000000110011100011111110
000000000000000110011100100010010
000000000000000110011100100010010
000000000000000110011100101001110
000000000000000110011100011111000
000000000000000110011100011001010
000000000000000110011100011011000
000000000000000110011100101001011
000000000000000110011100011011001
000000000000000110011100011001110
000000000000000110011100101000111
000000000000000110011100101010111
000000000000000110011100101100010
000000000000000110011100101101111
000000000000000110011100011101100
000000000000000110011100100011100
000000000000000110011100011001001
000000000000000110011100011011101
000000000000000110011100100100110
000000000000000110011100011101110
000000000000000110011100011000001
000000000000000110011100100111101
000000000000000110011100100111000
000000000000000110011100100001010
000000000000000110011100100111111
000000000000000110011100011011111
000000000000000110011100011010100
000000000000000110011100101010010
000000000000000110011100101001111
000000000000000110011100010001111
000000000000000110011100011110111
000000000000000110011100011011111
000000000000000110011100100011001
000000000000000110011100011001011
000000000000000110011100011001011
000000000000000110011100011010001
000000000000000110011100011110111
000000000000000110011100101111000
000000000000000110011100011010101
000000000000000110011100011101111
000000000000000110011100011111101
000000000000000110011100100100100
000000000000000110011100100100001
000000000000000110011100011001000
000000000000000110011100011011001
000000000000000110011100100110000
000000000000000110011100011000110
000000000000000110011100011110010
000000000000000110011100011000001
000000000000000110011100011101001
000000000000000110011100101010000
000000000000000110011100101010001
000000000000000110011100100101010
000000000000000110011100011101001
000000000000000110011100011010101
000000000000000110011100101010000
000000000000000110011100100011001
000000000000000110011100011110101
000000000000010111000101000111101
000000000000010111000101010111111
000000000000010111000101011011000
000000000000010111000101001101101
000000000000010111000101010100110
000000000000010111000101011000011
000000000000010111000101010000101
000000000000010111000101010011010
000000000000010111000101010100010
000000000000010111000101010100110
000000000000010111000101001111101
000000000000010111000101001011111
000000000000010111000101000111101
000000000000010111000101011011111
000000000000010111000101001010010
000000000000010111000101001000001
000000000000010111000101011000000
000000000000010111000101010111001
000000000000010111000101010011101
000000000000010111000101100110011
000000000000010111000101010010110
000000000000010111000101001111111
000000000000010111000101010000101
000000000000010111000101001110011
000000000000010111000101010010101
000000000000010111000101010100011
000000000000010111000101000011001
000000000000010111000101010011011
000000000000010111000101011010001
000000000000010111000101010110011
000000000000010111000101011001111
000000000000010111000101010011110
000000000000010111000101001111001
000000000000010111000101001111100
000000000000010111000101010001000
000000000000010111000101000010100
000000000000010111000101001011001
000000000000010111000101001010000
000000000000010111000101010000011
000000000000010111000101001111001
000000000000010111000101001110011
000000000000010111000101000100001
000000000000010111000101001110111
000000000000010111000101010111011
000000000000010111000101001001001
000000000000010111000101010000110
000000000000010111000101001011011
000000000000010111000101010000010
000000000000010111000101010100000
000000000000010111000101010000001
000000000000010111000101010100000
000000000000010111000101010011001
000000000000010111000101001001110
000000000000010111000101001111101
000000000000010111000101000111100
000000000000010111000101001101101
000000000000010111000101010111010
000000000000010111000101011000111
000000000000010111000101001010000
000000000000010111000101010010111
000000000000010111000101000111110
000000000000010111000101011000001
000000000000010111000101001110001
000000000000010111000101010100001
111111111111111010000001001111110
111111111111111010000001011110011
111111111111111010000001011010110
111111111111111010000001010111000
111111111111111010000001011001010
111111111111111010000001100001011
111111111111111010000001011100000
111111111111111010000001010110101
111111111111111010000001011100111
111111111111111010000001100000111
111111111111111010000001011101101
111111111111111010000001010101101
111111111111111010000001010010001
111111111111111010000001100001001
111111111111111010000001001101000
111111111111111010000001010100000
111111111111111010000001010101100
111111111111111010000001011101011
111111111111111010000001011010011
111111111111111010000001100101011
111111111111111010000001011001101
111111111111111010000001100000011
111111111111111010000001010110011
111111111111111010000001010010110
111111111111111010000001011100001
111111111111111010000001011101000
111111111111111010000001010111010
111111111111111010000001100011001
111111111111111010000001100111111
111111111111111010000001010110000
111111111111111010000001100000101
111111111111111010000001011011100
111111111111111010000001001110101
111111111111111010000001100001001
111111111111111010000001011011011
111111111111111010000001001001111
111111111111111010000001001111110
111111111111111010000001010011011
111111111111111010000001011111110
111111111111111010000001010000010
111111111111111010000001010111010
111111111111111010000001001001111
111111111111111010000001010100100
111111111111111010000001011101111
111111111111111010000001010100101
111111111111111010000001011010110
111111111111111010000001010001101
111111111111111010000001011000011
111111111111111010000001011001100
111111111111111010000001011001111
111111111111111010000001010010000
111111111111111010000001010111110
111111111111111010000001010100100
111111111111111010000001010101000
111111111111111010000001010011000
111111111111111010000001011001011
111111111111111010000001100011110
111111111111111010000001100000010
111111111111111010000001010100000
111111111111111010000001011111010
111111111111111010000001001100101
111111111111111010000001100010001
111111111111111010000001011100010
111111111111111010000001010110000
111111111111100011000011111000110
111111111111100011000011111010011
111111111111100011000011111010000
111111111111100011000011111000010
111111111111100011000011111000000
111111111111100011000011111100001
111111111111100011000011110110100
111111111111100011000011110110111
111111111111100011000011111111110
111111111111100011000011111010110
111111111111100011000011111010001
111111111111100011000011110000011
111111111111100011000011110100100
111111111111100011000100000011011
111111111111100011000011110100111
111111111111100011000011110001100
111111111111100011000011111000111
111111111111100011000011111100011
111111111111100011000011111011001
111111111111100011000100001010010
111111111111100011000011110111110
111111111111100011000011111110101
111111111111100011000011110111110
111111111111100011000011110010111
111111111111100011000011111110111
111111111111100011000011110110010
111111111111100011000011101111010
111111111111100011000011111100111
111111111111100011000100000110111
111111111111100011000011110010111
111111111111100011000100000110111
111111111111100011000011111011100
111111111111100011000011110101010
111111111111100011000011111001100
111111111111100011000011111011001
111111111111100011000011101010011
111111111111100011000011110000111
111111111111100011000011110111001
111111111111100011000100000000010
111111111111100011000011110011010
111111111111100011000011110010110
111111111111100011000011101010010
111111111111100011000011110010110
111111111111100011000011111110100
111111111111100011000011110100001
111111111111100011000011110111001
111111111111100011000011101111010
111111111111100011000011111000011
111111111111100011000100000000010
111111111111100011000011111100110
111111111111100011000011111001111
111111111111100011000100000100010
111111111111100011000011110001100
111111111111100011000011111100011
111111111111100011000011110000110
111111111111100011000011111111010
111111111111100011000100000100110
111111111111100011000011111101001
111111111111100011000011110100011
111111111111100011000100000000100
111111111111100011000011110000011
111111111111100011000100000101000
111111111111100011000011111000010
111111111111100011000011111011000
111111111111111101011010001001000
111111111111111101011010010001111
111111111111111101011010010100010
111111111111111101011010001101011
111111111111111101011010001011011
111111111111111101011010010100101
111111111111111101011010000110101
111111111111111101011010010001001
111111111111111101011010001111000
111111111111111101011010010001100
111111111111111101011010001111010
111111111111111101011010000100110
111111111111111101011010001010100
111111111111111101011010010100010
111111111111111101011010001010011
111111111111111101011010000111101
111111111111111101011010010010000
111111111111111101011010010000100
111111111111111101011010010010110
111111111111111101011010100001111
111111111111111101011010001001101
111111111111111101011010010001111
111111111111111101011010001101010
111111111111111101011010000111011
111111111111111101011010001111111
111111111111111101011010001100111
111111111111111101011010000010101
111111111111111101011010010011101
111111111111111101011010011001111
111111111111111101011010001111010
111111111111111101011010010111101
111111111111111101011010010001100
111111111111111101011010001011010
111111111111111101011010010010000
111111111111111101011010001101001
111111111111111101011010000100010
111111111111111101011010001010000
111111111111111101011010001110000
111111111111111101011010001110111
111111111111111101011010001010100
111111111111111101011010000111001
111111111111111101011010000010101
111111111111111101011010001001110
111111111111111101011010010010011
111111111111111101011010000111111
111111111111111101011010010010111
111111111111111101011010001000111
111111111111111101011010001010010
111111111111111101011010010001011
111111111111111101011010010001000
111111111111111101011010001111000
111111111111111101011010001110101
111111111111111101011010000111100
111111111111111101011010001111100
111111111111111101011010000100110
111111111111111101011010001011010
111111111111111101011010010110110
111111111111111101011010010110010
111111111111111101011010001010010
111111111111111101011010001111001
111111111111111101011010000100110
111111111111111101011010010110101
111111111111111101011010001010011
111111111111111101011010010010100
111111111111100011110110110101001
111111111111100011110111001011011
111111111111100011110111001011111
111111111111100011110111000001011
111111111111100011110111000111010
111111111111100011110111001100111
111111111111100011110111000101100
111111111111100011110110111110100
111111111111100011110111001001101
111111111111100011110111001001000
111111111111100011110111000010011
111111111111100011110111000001111
111111111111100011110110111101101
111111111111100011110111001001010
111111111111100011110110111100101
111111111111100011110110111101101
111111111111100011110111000101111
111111111111100011110111001001110
111111111111100011110111001001011
111111111111100011110111010010110
111111111111100011110111000110111
111111111111100011110111000101100
111111111111100011110111000100001
111111111111100011110111000000000
111111111111100011110111000110011
111111111111100011110111000101000
111111111111100011110110111001011
111111111111100011110111000100001
111111111111100011110111001101110
111111111111100011110111001011001
111111111111100011110111001000100
111111111111100011110111000010111
111111111111100011110110111011001
111111111111100011110111000101100
111111111111100011110110111111101
111111111111100011110110110010001
111111111111100011110110111011001
111111111111100011110110111111111
111111111111100011110111000010011
111111111111100011110111000011100
111111111111100011110110111100111
111111111111100011110110110101110
111111111111100011110111000011111
111111111111100011110111001001100
111111111111100011110110111111010
111111111111100011110111000000111
111111111111100011110111000001110
111111111111100011110111000001011
111111111111100011110111000100011
111111111111100011110111000011010
111111111111100011110111000101110
111111111111100011110111000100110
111111111111100011110111000000101
111111111111100011110111000010101
111111111111100011110110111110110
111111111111100011110111000100001
111111111111100011110111000110111
111111111111100011110111001110111
111111111111100011110110111011101
111111111111100011110111000111111
111111111111100011110110110100110
111111111111100011110111001011011
111111111111100011110111000000100
111111111111100011110111000011000
111111111111111010011011010001010
111111111111111010011011011111001
111111111111111010011011011101110
111111111111111010011011010111110
111111111111111010011011011101110
111111111111111010011011100110010
111111111111111010011011011110011
111111111111111010011011011010001
111111111111111010011011100011000
111111111111111010011011011110111
111111111111111010011011011101100
111111111111111010011011010111110
111111111111111010011011011001100
111111111111111010011011011111111
111111111111111010011011010001111
111111111111111010011011010101110
111111111111111010011011011011111
111111111111111010011011100011101
111111111111111010011011100101001
111111111111111010011011100101111
111111111111111010011011011011110
111111111111111010011011100011000
111111111111111010011011010100011
111111111111111010011011010111001
111111111111111010011011100000000
111111111111111010011011011011100
111111111111111010011011010011100
111111111111111010011011100011000
111111111111111010011011100100011
111111111111111010011011011101010
111111111111111010011011011110010
111111111111111010011011011010011
111111111111111010011011010100111
111111111111111010011011100100101
111111111111111010011011011111100
111111111111111010011011001001011
111111111111111010011011010010000
111111111111111010011011010110010
111111111111111010011011100001001
111111111111111010011011010100001
111111111111111010011011010101001
111111111111111010011011010011100
111111111111111010011011010111110
111111111111111010011011100111110
111111111111111010011011011010001
111111111111111010011011010011100
111111111111111010011011010101001
111111111111111010011011100000111
111111111111111010011011011011001
111111111111111010011011010111111
111111111111111010011011011001101
111111111111111010011011100010111
111111111111111010011011010100011
111111111111111010011011011001000
111111111111111010011011011000000
111111111111111010011011011011011
111111111111111010011011100001101
111111111111111010011011100100101
111111111111111010011011011000110
111111111111111010011011100000100
111111111111111010011011010001011
111111111111111010011011100001110
111111111111111010011011011011101
111111111111111010011011010100010
000000000000000101110100100100100
000000000000000101110100110000111
000000000000000101110100110110000
000000000000000101110100110000100
000000000000000101110100101110100
000000000000000101110100110100101
000000000000000101110100101010010
000000000000000101110100101111111
000000000000000101110100110011100
000000000000000101110100110110010
000000000000000101110100101011001
000000000000000101110100100111001
000000000000000101110100101001010
000000000000000101110100110000101
000000000000000101110100101010010
000000000000000101110100100110111
000000000000000101110100101111001
000000000000000101110100110100111
000000000000000101110100110010111
000000000000000101110100111101011
000000000000000101110100101111100
000000000000000101110100110001100
000000000000000101110100101011000
000000000000000101110100101001101
000000000000000101110100110001101
000000000000000101110100101100111
000000000000000101110100100110111
000000000000000101110100110001011
000000000000000101110100110111101
000000000000000101110100101101101
000000000000000101110100110101001
000000000000000101110100110011001
000000000000000101110100101000110
000000000000000101110100110010100
000000000000000101110100101011010
000000000000000101110100100100001
000000000000000101110100101001111
000000000000000101110100101000100
000000000000000101110100110001011
000000000000000101110100100101001
000000000000000101110100100110001
000000000000000101110100100110111
000000000000000101110100101110100
000000000000000101110100110111110
000000000000000101110100101001010
000000000000000101110100101110110
000000000000000101110100101001010
000000000000000101110100101011111
000000000000000101110100110001000
000000000000000101110100101100100
000000000000000101110100100111100
000000000000000101110100110000001
000000000000000101110100101010110
000000000000000101110100101110000
000000000000000101110100101001000
000000000000000101110100101001000
000000000000000101110100110101100
000000000000000101110100110000101
000000000000000101110100101100000
000000000000000101110100101110000
000000000000000101110100100101110
000000000000000101110100110100100
000000000000000101110100101110000
000000000000000101110100101110011
000000000000100101100000100110001
000000000000100101100000110110000
000000000000100101100000110110001
000000000000100101100000101001010
000000000000100101100000110101101
000000000000100101100000110111000
000000000000100101100000110000010
000000000000100101100000101001100
000000000000100101100000111001101
000000000000100101100000110010010
000000000000100101100000110100011
000000000000100101100000110001100
000000000000100101100000101111100
000000000000100101100000111111000
000000000000100101100000100100110
000000000000100101100000101111011
000000000000100101100000110001011
000000000000100101100000110011010
000000000000100101100000110101101
000000000000100101100000110111111
000000000000100101100000110011111
000000000000100101100000110111011
000000000000100101100000110010011
000000000000100101100000101111001
000000000000100101100000110010100
000000000000100101100000110010010
000000000000100101100000100111111
000000000000100101100000110000001
000000000000100101100000111010011
000000000000100101100000110000001
000000000000100101100000111011111
000000000000100101100000101111111
000000000000100101100000101001111
000000000000100101100000110001111
000000000000100101100000110000110
000000000000100101100000011100111
000000000000100101100000101001010
000000000000100101100000101010101
000000000000100101100000110001100
000000000000100101100000110000101
000000000000100101100000101101001
000000000000100101100000100011111
000000000000100101100000101001111
000000000000100101100000110111100
000000000000100101100000101001001
000000000000100101100000101000110
000000000000100101100000101011001
000000000000100101100000110011001
000000000000100101100000110000100
000000000000100101100000110000111
000000000000100101100000101110000
000000000000100101100000110110100
000000000000100101100000101010010
000000000000100101100000110001101
000000000000100101100000101001010
000000000000100101100000101110010
000000000000100101100000110111011
000000000000100101100000111011010
000000000000100101100000101011100
000000000000100101100000110011111
000000000000100101100000100111010
000000000000100101100000110100000
000000000000100101100000101101111
000000000000100101100000101100111
000000000000001110010100000000011
000000000000001110010100001101000
000000000000001110010100001010000
000000000000001110010100000101001
000000000000001110010100001100100
000000000000001110010100010000010
000000000000001110010100000110100
000000000000001110010100000101001
000000000000001110010100001110001
000000000000001110010100000101111
000000000000001110010100001000000
000000000000001110010100000111111
000000000000001110010100000111100
000000000000001110010100001010111
000000000000001110010011111110110
000000000000001110010100000011011
000000000000001110010100000110000
000000000000001110010100001010011
000000000000001110010100001001000
000000000000001110010100010000101
000000000000001110010100001011101
000000000000001110010100001100100
000000000000001110010100000100001
000000000000001110010100000101000
000000000000001110010100000111000
000000000000001110010100000111010
000000000000001110010100000000000
000000000000001110010100000110001
000000000000001110010100001011100
000000000000001110010100000110101
000000000000001110010100001010010
000000000000001110010100001010110
000000000000001110010100000110001
000000000000001110010100000110100
000000000000001110010100000011101
000000000000001110010011111000001
000000000000001110010011111100011
000000000000001110010100000010110
000000000000001110010100001000100
000000000000001110010100000110000
000000000000001110010100000011110
000000000000001110010011111110000
000000000000001110010100000000111
000000000000001110010100001101101
000000000000001110010100000010101
000000000000001110010011111110001
000000000000001110010011111100111
000000000000001110010100000111111
000000000000001110010100001001001
000000000000001110010100001000001
000000000000001110010100001000011
000000000000001110010100001001101
000000000000001110010100000001010
000000000000001110010100000101110
000000000000001110010100000011000
000000000000001110010100000100000
000000000000001110010100001000001
000000000000001110010100001100110
000000000000001110010011111111101
000000000000001110010100001011110
000000000000001110010100000000111
000000000000001110010100000111000
000000000000001110010100000100011
000000000000001110010100000100010
000000000000001010011110001110011
000000000000001010011110010101111
000000000000001010011110010000101
000000000000001010011110010001111
000000000000001010011110010000111
000000000000001010011110010111100
000000000000001010011110010000110
000000000000001010011110001110110
000000000000001010011110010100101
000000000000001010011110010001110
000000000000001010011110010110010
000000000000001010011110001111011
000000000000001010011110001111011
000000000000001010011110010100111
000000000000001010011110001001101
000000000000001010011110010001010
000000000000001010011110001111100
000000000000001010011110010100110
000000000000001010011110001111011
000000000000001010011110011010100
000000000000001010011110010001010
000000000000001010011110011000001
000000000000001010011110010000100
000000000000001010011110001011010
000000000000001010011110010110100
000000000000001010011110010001111
000000000000001010011110010011110
000000000000001010011110010110010
000000000000001010011110011110111
000000000000001010011110001110000
000000000000001010011110010110011
000000000000001010011110010100101
000000000000001010011110001110100
000000000000001010011110010110001
000000000000001010011110001111110
000000000000001010011110001000100
000000000000001010011110001011010
000000000000001010011110010001001
000000000000001010011110010110111
000000000000001010011110001101110
000000000000001010011110001111000
000000000000001010011110000101010
000000000000001010011110001111100
000000000000001010011110010011001
000000000000001010011110001101100
000000000000001010011110010001010
000000000000001010011110001001101
000000000000001010011110010000101
000000000000001010011110010100100
000000000000001010011110010111111
000000000000001010011110001111010
000000000000001010011110010001000
000000000000001010011110010001001
000000000000001010011110001110101
000000000000001010011110001101110
000000000000001010011110010110100
000000000000001010011110010111111
000000000000001010011110010100110
000000000000001010011110001011110
000000000000001010011110011001001
000000000000001010011110001001011
000000000000001010011110011000010
000000000000001010011110010010101
000000000000001010011110010001000
000000000000100110100110100010110
000000000000100110100110101111011
000000000000100110100110110011001
000000000000100110100110101010110
000000000000100110100110101111110
000000000000100110100110110001111
000000000000100110100110100110111
000000000000100110100110101100111
000000000000100110100110101101101
000000000000100110100110110000001
000000000000100110100110101100101
000000000000100110100110101010101
000000000000100110100110101001111
000000000000100110100110110001010
000000000000100110100110100100101
000000000000100110100110100110000
000000000000100110100110110000000
000000000000100110100110101111100
000000000000100110100110110001000
000000000000100110100110111001000
000000000000100110100110101010100
000000000000100110100110101111111
000000000000100110100110101001011
000000000000100110100110101000001
000000000000100110100110101010110
000000000000100110100110101001001
000000000000100110100110100100010
000000000000100110100110101011010
000000000000100110100110110001100
000000000000100110100110101111011
000000000000100110100110110011010
000000000000100110100110101100101
000000000000100110100110101000110
000000000000100110100110101111110
000000000000100110100110101010001
000000000000100110100110100000110
000000000000100110100110100111000
000000000000100110100110101000000
000000000000100110100110101000111
000000000000100110100110101001111
000000000000100110100110100101011
000000000000100110100110100100110
000000000000100110100110100111000
000000000000100110100110110011011
000000000000100110100110100101100
000000000000100110100110101000100
000000000000100110100110100101110
000000000000100110100110101010100
000000000000100110100110101101000
000000000000100110100110101010010
000000000000100110100110101000001
000000000000100110100110101001011
000000000000100110100110100100101
000000000000100110100110101001000
000000000000100110100110100100010
000000000000100110100110100010101
000000000000100110100110101101100
000000000000100110100110110010001
000000000000100110100110101001000
000000000000100110100110100110101
000000000000100110100110100101100
000000000000100110100110101110100
000000000000100110100110100110101
000000000000100110100110101100000
111111111111100010110011100000011
111111111111100010110011110010101
111111111111100010110011101011101
111111111111100010110011100110001
111111111111100010110011100011011
111111111111100010110011110011001
111111111111100010110011100110011
111111111111100010110011100111011
111111111111100010110011101010101
111111111111100010110011101010000
111111111111100010110011100110000
111111111111100010110011011111000
111111111111100010110011100010101
111111111111100010110011101000100
111111111111100010110011100000001
111111111111100010110011100011000
111111111111100010110011100111111
111111111111100010110011101111000
111111111111100010110011101010010
111111111111100010110011111011110
111111111111100010110011101001101
111111111111100010110011101010110
111111111111100010110011100100010
111111111111100010110011011111001
111111111111100010110011101010110
111111111111100010110011101010111
111111111111100010110011100000010
111111111111100010110011101111010
111111111111100010110011110010010
111111111111100010110011100110110
111111111111100010110011101001111
111111111111100010110011101011100
111111111111100010110011100101010
111111111111100010110011101101010
111111111111100010110011100101011
111111111111100010110011011000011
111111111111100010110011011101101
111111111111100010110011100110011
111111111111100010110011101011100
111111111111100010110011100010100
111111111111100010110011100010110
111111111111100010110011011000101
111111111111100010110011100110000
111111111111100010110011101100111
111111111111100010110011100010000
111111111111100010110011101001000
111111111111100010110011100000010
111111111111100010110011100100111
111111111111100010110011101101110
111111111111100010110011101100011
111111111111100010110011101010001
111111111111100010110011100111011
111111111111100010110011100101000
111111111111100010110011100101111
111111111111100010110011100001010
111111111111100010110011101011110
111111111111100010110011110000110
111111111111100010110011110010011
111111111111100010110011100000000
111111111111100010110011110010001
111111111111100010110011011100010
111111111111100010110011110010000
111111111111100010110011101001100
111111111111100010110011101001111
000000000000010000110011110111101
000000000000010000110011111011111
000000000000010000110011111001110
000000000000010000110011110110101
000000000000010000110011111100110
000000000000010000110100000101001
000000000000010000110100000001010
000000000000010000110011111011000
000000000000010000110011111111110
000000000000010000110011111101111
000000000000010000110100000000100
000000000000010000110011110110001
000000000000010000110011110101100
000000000000010000110100000100000
000000000000010000110011110100101
000000000000010000110011110011001
000000000000010000110011111010110
000000000000010000110011111100101
000000000000010000110011111111000
000000000000010000110100000101111
000000000000010000110011111001000
000000000000010000110100000010110
000000000000010000110011110011101
000000000000010000110011111000100
000000000000010000110011111110110
000000000000010000110011111100011
000000000000010000110011110001000
000000000000010000110100001000011
000000000000010000110100001001000
000000000000010000110011111011100
000000000000010000110011111101010
000000000000010000110011111011011
000000000000010000110011110010110
000000000000010000110011111100110
000000000000010000110100000001001
000000000000010000110011101011011
000000000000010000110011110001010
000000000000010000110011110111101
000000000000010000110100000100100
000000000000010000110011110110110
000000000000010000110011111011010
000000000000010000110011101100101
000000000000010000110011110100010
000000000000010000110011111111000
000000000000010000110011111011000
000000000000010000110011111001111
000000000000010000110011110100101
000000000000010000110011111100111
000000000000010000110011110110111
000000000000010000110011111000011
000000000000010000110011111111101
000000000000010000110100000010100
000000000000010000110011110010101
000000000000010000110011111010111
000000000000010000110011110101111
000000000000010000110011111110101
000000000000010000110100000010100
000000000000010000110100000011000
000000000000010000110011110100110
000000000000010000110100000011111
000000000000010000110011101101101
000000000000010000110100000000001
000000000000010000110011111011111
000000000000010000110011110011011
000000000000000000111110001110001
000000000000000000111110011010011
000000000000000000111110011011110
000000000000000000111110010001101
000000000000000000111110011000001
000000000000000000111110011111000
000000000000000000111110010100000
000000000000000000111110010100110
000000000000000000111110011101011
000000000000000000111110011010010
000000000000000000111110011000101
000000000000000000111110010001111
000000000000000000111110010001111
000000000000000000111110011111100
000000000000000000111110001110001
000000000000000000111110010100000
000000000000000000111110011011110
000000000000000000111110011010111
000000000000000000111110011100011
000000000000000000111110100001010
000000000000000000111110010111101
000000000000000000111110011101011
000000000000000000111110010101000
000000000000000000111110010110011
000000000000000000111110011101011
000000000000000000111110010110000
000000000000000000111110001110001
000000000000000000111110011100000
000000000000000000111110100110111
000000000000000000111110010101010
000000000000000000111110011101000
000000000000000000111110010111110
000000000000000000111110010010001
000000000000000000111110011001110
000000000000000000111110010100110
000000000000000000111110001001100
000000000000000000111110010110010
000000000000000000111110010011110
000000000000000000111110011100010
000000000000000000111110010011111
000000000000000000111110010001111
000000000000000000111110001001100
000000000000000000111110010111100
000000000000000000111110011010010
000000000000000000111110010000101
000000000000000000111110010110011
000000000000000000111110010001111
000000000000000000111110010101001
000000000000000000111110010110011
000000000000000000111110011000001
000000000000000000111110010100111
000000000000000000111110011010111
000000000000000000111110011000001
000000000000000000111110011000100
000000000000000000111110010011000
000000000000000000111110010111100
000000000000000000111110011111100
000000000000000000111110011101111
000000000000000000111110010001111
000000000000000000111110011100001
000000000000000000111110001011111
000000000000000000111110011010100
000000000000000000111110010110000
000000000000000000111110010010110
111111111111111010010111010111011
111111111111111010010111011100100
111111111111111010010111011011101
111111111111111010010111011011011
111111111111111010010111010110110
111111111111111010010111011101011
111111111111111010010111010110101
111111111111111010010111011010110
111111111111111010010111011011111
111111111111111010010111011110100
111111111111111010010111011001000
111111111111111010010111010101011
111111111111111010010111010111110
111111111111111010010111011001010
111111111111111010010111010011111
111111111111111010010111010101101
111111111111111010010111010110111
111111111111111010010111011111111
111111111111111010010111011001101
111111111111111010010111100010011
111111111111111010010111011010101
111111111111111010010111011101111
111111111111111010010111010011010
111111111111111010010111010010110
111111111111111010010111011011011
111111111111111010010111010111101
111111111111111010010111011010111
111111111111111010010111011100100
111111111111111010010111011100110
111111111111111010010111010001100
111111111111111010010111011101110
111111111111111010010111011101011
111111111111111010010111010110000
111111111111111010010111011111010
111111111111111010010111011010111
111111111111111010010111001111011
111111111111111010010111010001100
111111111111111010010111010101101
111111111111111010010111011110100
111111111111111010010111001111010
111111111111111010010111010100001
111111111111111010010111010011000
111111111111111010010111010101100
111111111111111010010111100011000
111111111111111010010111010100010
111111111111111010010111010110001
111111111111111010010111010000000
111111111111111010010111011010011
111111111111111010010111100001000
111111111111111010010111011000101
111111111111111010010111010001101
111111111111111010010111011000010
111111111111111010010111010100101
111111111111111010010111010100100
111111111111111010010111010100111
111111111111111010010111010110110
111111111111111010010111011111111
111111111111111010010111011001110
111111111111111010010111011010001
111111111111111010010111011011011
111111111111111010010111010111100
111111111111111010010111011110001
111111111111111010010111011110111
111111111111111010010111011010010
111111111111110011110011010100010
111111111111110011110011011010100
111111111111110011110011011100000
111111111111110011110011011001000
111111111111110011110011010101110
111111111111110011110011011010111
111111111111110011110011010000010
111111111111110011110011011001001
111111111111110011110011011010011
111111111111110011110011011000101
111111111111110011110011010101100
111111111111110011110011010010000
111111111111110011110011010011111
111111111111110011110011011000110
111111111111110011110011010011110
111111111111110011110011010010101
111111111111110011110011011010000
111111111111110011110011011101010
111111111111110011110011010111010
111111111111110011110011100100101
111111111111110011110011010111110
111111111111110011110011011000011
111111111111110011110011010100100
111111111111110011110011010010010
111111111111110011110011011011101
111111111111110011110011010011011
111111111111110011110011010011000
111111111111110011110011010101101
111111111111110011110011011101101
111111111111110011110011010010010
111111111111110011110011011101100
111111111111110011110011011100000
111111111111110011110011010111111
111111111111110011110011011000011
111111111111110011110011010011100
111111111111110011110011001110011
111111111111110011110011010010101
111111111111110011110011010101010
111111111111110011110011011001011
111111111111110011110011010001101
111111111111110011110011001111001
111111111111110011110011001110100
111111111111110011110011010110111
111111111111110011110011011101011
111111111111110011110011001111100
111111111111110011110011010100111
111111111111110011110011001101011
111111111111110011110011010100111
111111111111110011110011100000011
111111111111110011110011011000111
111111111111110011110011010100100
111111111111110011110011010111001
111111111111110011110011010101011
111111111111110011110011010100111
111111111111110011110011010010101
111111111111110011110011010101111
111111111111110011110011011100000
111111111111110011110011010110110
111111111111110011110011010011101
111111111111110011110011011001101
111111111111110011110011010011111
111111111111110011110011011100011
111111111111110011110011011000011
111111111111110011110011011011010
000000000000000111001111001001000
000000000000000111001111010000011
000000000000000111001111010011101
000000000000000111001111001101000
000000000000000111001111001111110
000000000000000111001111010010001
000000000000000111001111001010010
000000000000000111001111001110111
000000000000000111001111001110001
000000000000000111001111010001110
000000000000000111001111010010000
000000000000000111001111001001011
000000000000000111001111001001101
000000000000000111001111010011111
000000000000000111001111000111001
000000000000000111001111001000111
000000000000000111001111010010001
000000000000000111001111010000010
000000000000000111001111010000101
000000000000000111001111011111000
000000000000000111001111001001100
000000000000000111001111010010111
000000000000000111001111001111010
000000000000000111001111001001001
000000000000000111001111001111001
000000000000000111001111001101110
000000000000000111001111000111110
000000000000000111001111010001010
000000000000000111001111011001000
000000000000000111001111010010100
000000000000000111001111011000010
000000000000000111001111001101110
000000000000000111001111001001000
000000000000000111001111010010001
000000000000000111001111001111010
000000000000000111001111000100010
000000000000000111001111001010000
000000000000000111001111001100011
000000000000000111001111001110001
000000000000000111001111001010101
000000000000000111001111001001101
000000000000000111001111000011010
000000000000000111001111001001100
000000000000000111001111010010001
000000000000000111001111001010001
000000000000000111001111001111110
000000000000000111001111001001111
000000000000000111001111001110111
000000000000000111001111010000001
000000000000000111001111010010100
000000000000000111001111001111000
000000000000000111001111001100101
000000000000000111001111000111011
000000000000000111001111001011010
000000000000000111001111000101111
000000000000000111001111001100110
000000000000000111001111010100110
000000000000000111001111010101001
000000000000000111001111001101001
000000000000000111001111001101000
000000000000000111001111000110101
000000000000000111001111010101000
000000000000000111001111001001101
000000000000000111001111010010101
111111111111110100100101010011001
111111111111110100100101011100110
111111111111110100100101010010100
111111111111110100100101010001110
111111111111110100100101010001000
111111111111110100100101011010001
111111111111110100100101011000011
111111111111110100100101001111100
111111111111110100100101011001101
111111111111110100100101011000111
111111111111110100100101010110010
111111111111110100100101010001001
111111111111110100100101010010100
111111111111110100100101011010001
111111111111110100100101001110110
111111111111110100100101010011001
111111111111110100100101010010101
111111111111110100100101011001110
111111111111110100100101011011000
111111111111110100100101011111011
111111111111110100100101010110111
111111111111110100100101011010001
111111111111110100100101010101100
111111111111110100100101010000001
111111111111110100100101011010001
111111111111110100100101010111001
111111111111110100100101010001111
111111111111110100100101011100000
111111111111110100100101011110010
111111111111110100100101001111110
111111111111110100100101011100000
111111111111110100100101010010100
111111111111110100100101001111101
111111111111110100100101011110001
111111111111110100100101011001001
111111111111110100100101000111100
111111111111110100100101001101011
111111111111110100100101011000100
111111111111110100100101011011100
111111111111110100100101010010011
111111111111110100100101010001010
111111111111110100100101001000100
111111111111110100100101010010111
111111111111110100100101010110010
111111111111110100100101010100110
111111111111110100100101010101101
111111111111110100100101010000101
111111111111110100100101010011111
111111111111110100100101011110000
111111111111110100100101011001110
111111111111110100100101010110111
111111111111110100100101011010010
111111111111110100100101010101101
111111111111110100100101010110110
111111111111110100100101010100011
111111111111110100100101100001101
111111111111110100100101100000000
111111111111110100100101100000100
111111111111110100100101010010000
111111111111110100100101100001111
111111111111110100100101001101100
111111111111110100100101100011101
111111111111110100100101011001111
111111111111110100100101010110100
111111111111110101011100011110101
111111111111110101011100101101010
111111111111110101011100101001011
111111111111110101011100011111011
111111111111110101011100011101101
111111111111110101011100101110001
111111111111110101011100100011100
111111111111110101011100100110010
111111111111110101011100100111011
111111111111110101011100100111100
111111111111110101011100101010011
111111111111110101011100100001000
111111111111110101011100100101010
111111111111110101011100101010000
111111111111110101011100011110010
111111111111110101011100100110100
111111111111110101011100100101111
111111111111110101011100101011111
111111111111110101011100101100100
111111111111110101011100101100111
111111111111110101011100100011111
111111111111110101011100100111001
111111111111110101011100100100000
111111111111110101011100011110111
111111111111110101011100101001001
111111111111110101011100101010101
111111111111110101011100100000100
111111111111110101011100101101110
111111111111110101011100101001001
111111111111110101011100100011000
111111111111110101011100100111110
111111111111110101011100100110100
111111111111110101011100011111001
111111111111110101011100110000101
111111111111110101011100101011000
111111111111110101011100010101100
111111111111110101011100011101100
111111111111110101011100100110010
111111111111110101011100100111111
111111111111110101011100100000011
111111111111110101011100011111101
111111111111110101011100011100100
111111111111110101011100100010111
111111111111110101011100101100110
111111111111110101011100011111011
111111111111110101011100100110010
111111111111110101011100100010011
111111111111110101011100101001000
111111111111110101011100101100000
111111111111110101011100100011101
111111111111110101011100100101111
111111111111110101011100100010110
111111111111110101011100100001011
111111111111110101011100100001110
111111111111110101011100100010110
111111111111110101011100100101101
111111111111110101011100101111000
111111111111110101011100110010101
111111111111110101011100100101000
111111111111110101011100101110010
111111111111110101011100011111011
111111111111110101011100101101100
111111111111110101011100101101111
111111111111110101011100100111111
000000000000000100011011110111111
000000000000000100011100000100000
000000000000000100011100000101100
000000000000000100011011111101100
000000000000000100011100000001110
000000000000000100011100000110000
000000000000000100011011111111000
000000000000000100011011111100011
000000000000000100011100000011111
000000000000000100011100000110001
000000000000000100011011111101101
000000000000000100011011111100110
000000000000000100011011111111111
000000000000000100011100000010100
000000000000000100011011111011011
000000000000000100011011111011001
000000000000000100011100000001111
000000000000000100011100000011100
000000000000000100011100001010000
000000000000000100011100001010101
000000000000000100011100000000011
000000000000000100011100000101101
000000000000000100011011111101100
000000000000000100011011111101001
000000000000000100011011111110110
000000000000000100011011111101100
000000000000000100011011110110110
000000000000000100011100000001100
000000000000000100011100000100010
000000000000000100011100000100011
000000000000000100011100000100101
000000000000000100011011111100000
000000000000000100011011111001011
000000000000000100011100000100111
000000000000000100011100000000011
000000000000000100011011110011001
000000000000000100011011111010111
000000000000000100011011111110110
000000000000000100011011111111000
000000000000000100011011111111000
000000000000000100011011111001110
000000000000000100011011111001110
000000000000000100011011111011110
000000000000000100011100000111111
000000000000000100011011111111000
000000000000000100011011111100001
000000000000000100011100000000001
000000000000000100011011111111111
000000000000000100011011111111111
000000000000000100011011111110111
000000000000000100011011111111111
000000000000000100011100000011111
000000000000000100011011111010011
000000000000000100011100000001110
000000000000000100011011111010101
000000000000000100011011111101110
000000000000000100011100000011101
000000000000000100011100001011100
000000000000000100011100000000011
000000000000000100011011111110001
000000000000000100011011110111111
000000000000000100011100000100101
000000000000000100011011111011011
000000000000000100011011111110000
000000000000100101010011001110110
000000000000100101010011010001000
000000000000100101010011001101111
000000000000100101010011001110100
000000000000100101010011000111000
000000000000100101010011001111001
000000000000100101010011001110011
000000000000100101010011010010011
000000000000100101010011010001011
000000000000100101010011010001001
000000000000100101010011001111000
000000000000100101010011010011110
000000000000100101010011010111111
000000000000100101010011010010001
000000000000100101010011010011101
000000000000100101010011001101011
000000000000100101010011001101001
000000000000100101010011001111110
000000000000100101010011001101101
000000000000100101010011001000111
000000000000100101010011001101001
000000000000100101010011001110000
000000000000100101010011011000000
000000000000100101010011001110010
000000000000100101010011001101100
000000000000100101010011010001101
000000000000100101010011001010110
000000000000100101010011010001111
000000000000100101010011010000000
000000000000100101010011001110101
000000000000100101010011010000111
000000000000100101010011000101110
000000000000100101010011010000100
000000000000100101010011010111111
000000000000100101010011000110001
000000000000100101010011001110001
000000000000100101010011010001111
000000000000100101010011010001011
000000000000100101010011001110010
000000000000100101010011001101110
000000000000100101010011010100010
000000000000100101010011001101100
000000000000100101010011001001010
000000000000100101010011010011110
000000000000100101010011010110111
000000000000100101010011011100011
000000000000100101010011001101111
000000000000100101010011001101000
000000000000100101010011000101111
000000000000100101010011000100000
000000000000100101010011010010010
000000000000100101010011010101000
000000000000100101010011001110001
000000000000100101010011001000111
000000000000100101010011011001001
000000000000100101010011001110000
000000000000100101010011001001000
000000000000100101010011001111010
000000000000100101010011001110111
000000000000100101010011001101011
000000000000100101010011000101011
000000000000100101010011010100001
000000000000100101010011010100000
000000000000100101010011010110110
111111111111100101011001011101011
111111111111100101011001011101000
111111111111100101011001010111110
111111111111100101011001011000111
111111111111100101011001010111110
111111111111100101011001100011001
111111111111100101011001011011010
111111111111100101011001100001111
111111111111100101011001100000011
111111111111100101011001011001111
111111111111100101011001011000011
111111111111100101011001011100101
111111111111100101011001100010111
111111111111100101011001100010100
111111111111100101011001100000111
111111111111100101011001011001100
111111111111100101011001011100101
111111111111100101011001011100000
111111111111100101011001011110011
111111111111100101011001010100000
111111111111100101011001011001001
111111111111100101011001011000011
111111111111100101011001011111111
111111111111100101011001011101001
111111111111100101011001010111111
111111111111100101011001011001001
111111111111100101011001011010110
111111111111100101011001100001110
111111111111100101011001100000010
111111111111100101011001100101001
111111111111100101011001011010001
111111111111100101011001010101000
111111111111100101011001010111111
111111111111100101011001100001010
111111111111100101011001001110110
111111111111100101011001011011100
111111111111100101011001011101100
111111111111100101011001100100011
111111111111100101011001011001010
111111111111100101011001011110101
111111111111100101011001011101100
111111111111100101011001011110110
111111111111100101011001011000010
111111111111100101011001011111101
111111111111100101011001011111111
111111111111100101011001101110010
111111111111100101011001100001111
111111111111100101011001010111111
111111111111100101011001001101111
111111111111100101011001010111100
111111111111100101011001011100100
111111111111100101011001100010011
111111111111100101011001010111100
111111111111100101011001010111001
111111111111100101011001101101101
111111111111100101011001011100101
111111111111100101011001010110011
111111111111100101011001011010101
111111111111100101011001010111001
111111111111100101011001011111010
111111111111100101011001011001101
111111111111100101011001100001010
111111111111100101011001100010010
111111111111100101011001100111011
111111111111110101110110100010001
111111111111110101110110100000110
111111111111110101110110011111010
111111111111110101110110010111110
111111111111110101110110011101010
111111111111110101110110010111011
111111111111110101110110011001000
111111111111110101110110011101110
111111111111110101110110100000111
111111111111110101110110100000000
111111111111110101110110011000101
111111111111110101110110011001110
111111111111110101110110100100001
111111111111110101110110011000100
111111111111110101110110011101111
111111111111110101110110011001101
111111111111110101110110011010011
111111111111110101110110100000100
111111111111110101110110011110000
111111111111110101110110010100110
111111111111110101110110011010011
111111111111110101110110010001111
111111111111110101110110011100110
111111111111110101110110011100010
111111111111110101110110010101000
111111111111110101110110010010110
111111111111110101110110011010111
111111111111110101110110011010101
111111111111110101110110100000011
111111111111110101110110100011100
111111111111110101110110011100100
111111111111110101110110010010100
111111111111110101110110011001111
111111111111110101110110011101110
111111111111110101110110010000110
111111111111110101110110010111110
111111111111110101110110011010110
111111111111110101110110011101111
111111111111110101110110011000011
111111111111110101110110100000000
111111111111110101110110011010101
111111111111110101110110011000011
111111111111110101110110010100001
111111111111110101110110100000000
111111111111110101110110011100100
111111111111110101110110100110011
111111111111110101110110011101111
111111111111110101110110010110001
111111111111110101110110010101101
111111111111110101110110010010001
111111111111110101110110010110011
111111111111110101110110011000000
111111111111110101110110011011100
111111111111110101110110010000010
111111111111110101110110100101000
111111111111110101110110010111011
111111111111110101110110010100111
111111111111110101110110011011110
111111111111110101110110011011101
111111111111110101110110100011100
111111111111110101110110010110100
111111111111110101110110011110111
111111111111110101110110011101010
111111111111110101110110011010001
000000000000011101010001101011011
000000000000011101010001110000101
000000000000011101010001101001111
000000000000011101010001100110011
000000000000011101010001100010110
000000000000011101010001100101101
000000000000011101010001101000011
000000000000011101010001101100111
000000000000011101010001101010100
000000000000011101010001101010111
000000000000011101010001100111011
000000000000011101010001101001101
000000000000011101010001110000101
000000000000011101010001101100111
000000000000011101010001101001001
000000000000011101010001100101100
000000000000011101010001100111111
000000000000011101010001101101101
000000000000011101010001101010110
000000000000011101010001100010011
000000000000011101010001101100100
000000000000011101010001100011111
000000000000011101010001110000100
000000000000011101010001101010001
000000000000011101010001100010011
000000000000011101010001100110111
000000000000011101010001101000010
000000000000011101010001101000100
000000000000011101010001101011111
000000000000011101010001101100010
000000000000011101010001100101110
000000000000011101010001100001111
000000000000011101010001110000011
000000000000011101010001101101101
000000000000011101010001100011110
000000000000011101010001100111001
000000000000011101010001101100111
000000000000011101010001101100011
000000000000011101010001101000011
000000000000011101010001100010111
000000000000011101010001101100000
000000000000011101010001100101100
000000000000011101010001100100101
000000000000011101010001101111010
000000000000011101010001101100001
000000000000011101010001110100001
000000000000011101010001101001011
000000000000011101010001100100001
000000000000011101010001100011000
000000000000011101010001100000101
000000000000011101010001101101001
000000000000011101010001101001010
000000000000011101010001100100000
000000000000011101010001100100110
000000000000011101010001110110110
000000000000011101010001100100101
000000000000011101010001101001111
000000000000011101010001101100000
000000000000011101010001101000101
000000000000011101010001101100100
000000000000011101010001011101001
000000000000011101010001101101010
000000000000011101010001101100011
000000000000011101010001101100010
000000000000001111000110001001000
000000000000001111000110000000111
000000000000001111000110000100000
000000000000001111000101111111100
000000000000001111000101110101010
000000000000001111000110000001011
000000000000001111000110000001011
000000000000001111000110000111000
000000000000001111000110000101011
000000000000001111000110000000011
000000000000001111000110000100111
000000000000001111000110000000111
000000000000001111000110001101111
000000000000001111000110001101101
000000000000001111000110000110110
000000000000001111000110000100011
000000000000001111000101111100111
000000000000001111000110000011110
000000000000001111000110000000100
000000000000001111000101111101111
000000000000001111000110000011001
000000000000001111000101111001111
000000000000001111000110000110100
000000000000001111000110000011000
000000000000001111000101111101001
000000000000001111000110000011111
000000000000001111000101111011000
000000000000001111000110000100111
000000000000001111000110000111000
000000000000001111000110000110011
000000000000001111000110000000001
000000000000001111000101111010110
000000000000001111000110000100001
000000000000001111000110001000101
000000000000001111000101110010000
000000000000001111000110000011001
000000000000001111000110000101000
000000000000001111000110000111101
000000000000001111000101111011110
000000000000001111000101111111110
000000000000001111000110000101110
000000000000001111000101111110110
000000000000001111000101111011010
000000000000001111000110000010110
000000000000001111000110001010101
000000000000001111000110010010011
000000000000001111000110000110011
000000000000001111000101111011010
000000000000001111000101110101100
000000000000001111000101111010100
000000000000001111000101111111110
000000000000001111000110000100000
000000000000001111000110000010100
000000000000001111000101110111001
000000000000001111000110001110011
000000000000001111000110000010000
000000000000001111000101111010110
000000000000001111000101111100000
000000000000001111000101110111110
000000000000001111000110000001000
000000000000001111000101110100101
000000000000001111000110000010100
000000000000001111000110001000010
000000000000001111000110001001010
000000000000011010001001011101001
000000000000011010001001100001111
000000000000011010001001010111000
000000000000011010001001011001101
000000000000011010001001010110111
000000000000011010001001010100111
000000000000011010001001010110110
000000000000011010001001011110001
000000000000011010001001010110100
000000000000011010001001011100011
000000000000011010001001010100100
000000000000011010001001010110000
000000000000011010001001011101110
000000000000011010001001011100111
000000000000011010001001011100011
000000000000011010001001010001110
000000000000011010001001011101010
000000000000011010001001011100100
000000000000011010001001011110000
000000000000011010001001001110100
000000000000011010001001010011010
000000000000011010001001010101011
000000000000011010001001100001100
000000000000011010001001011101111
000000000000011010001001001010011
000000000000011010001001010011101
000000000000011010001001011010111
000000000000011010001001011100011
000000000000011010001001011010001
000000000000011010001001100010110
000000000000011010001001100011111
000000000000011010001001010100001
000000000000011010001001010110000
000000000000011010001001011110100
000000000000011010001001001110000
000000000000011010001001010111111
000000000000011010001001010101011
000000000000011010001001011000111
000000000000011010001001011010011
000000000000011010001001010110000
000000000000011010001001010010001
000000000000011010001001010001000
000000000000011010001001010110000
000000000000011010001001011100001
000000000000011010001001011000111
000000000000011010001001100011100
000000000000011010001001011011100
000000000000011010001001001111001
000000000000011010001001010000100
000000000000011010001001001110010
000000000000011010001001010101000
000000000000011010001001010110110
000000000000011010001001010110011
000000000000011010001001001110111
000000000000011010001001100100101
000000000000011010001001010000111
000000000000011010001001001111001
000000000000011010001001010101001
000000000000011010001001010001011
000000000000011010001001011010110
000000000000011010001001001111111
000000000000011010001001011101101
000000000000011010001001011010111
000000000000011010001001010111010
000000000000011100000000001010100
000000000000011100000000000101100
000000000000011100000000000111110
000000000000011100000000000101001
000000000000011100000000000000101
000000000000011100000000001100101
000000000000011100000000001010110
000000000000011100000000000111110
000000000000011100000000001110101
000000000000011100000000000100111
000000000000011100000000000101111
000000000000011100000000001000000
000000000000011100000000001110101
000000000000011100000000001100111
000000000000011100000000001110110
000000000000011100000000000101111
000000000000011100000000000001101
000000000000011100000000000011101
000000000000011011111111111101111
000000000000011100000000001000000
000000000000011100000000001101000
000000000000011100000000000001111
000000000000011100000000000111000
000000000000011100000000000111100
000000000000011100000000000111100
000000000000011100000000001111100
000000000000011100000000000010011
000000000000011100000000001101001
000000000000011100000000000111100
000000000000011100000000000110110
000000000000011011111111111111001
000000000000011011111111111110000
000000000000011100000000001010000
000000000000011100000000001000110
000000000000011011111111111110001
000000000000011100000000000111010
000000000000011100000000001000000
000000000000011100000000001111101
000000000000011011111111111110010
000000000000011100000000000111000
000000000000011100000000001010001
000000000000011100000000001010011
000000000000011011111111111100010
000000000000011100000000000101111
000000000000011100000000001110010
000000000000011100000000010110100
000000000000011100000000001001100
000000000000011100000000000111101
000000000000011100000000000010001
000000000000011100000000000010100
000000000000011100000000000100011
000000000000011100000000001100000
000000000000011100000000000110101
000000000000011100000000000100101
000000000000011100000000010000101
000000000000011100000000000110110
000000000000011100000000000100111
000000000000011100000000000001110
000000000000011100000000000110110
000000000000011100000000000011110
000000000000011100000000000010000
000000000000011100000000001110111
000000000000011100000000001101111
000000000000011100000000001110101
111111111111011001011010100000010
111111111111011001011010100011111
111111111111011001011010011110101
111111111111011001011010011110001
111111111111011001011010010111111
111111111111011001011010100010100
111111111111011001011010100001100
111111111111011001011010100011110
111111111111011001011010100010000
111111111111011001011010100011010
111111111111011001011010011010100
111111111111011001011010100000001
111111111111011001011010101001000
111111111111011001011010101000010
111111111111011001011010100101001
111111111111011001011010011011101
111111111111011001011010100001001
111111111111011001011010100010001
111111111111011001011010100000100
111111111111011001011010010110011
111111111111011001011010100010101
111111111111011001011010011000111
111111111111011001011010101000001
111111111111011001011010100011110
111111111111011001011010010111010
111111111111011001011010100000110
111111111111011001011010011100000
111111111111011001011010100111001
111111111111011001011010100011111
111111111111011001011010100110101
111111111111011001011010011110001
111111111111011001011010010011101
111111111111011001011010011111011
111111111111011001011010100101010
111111111111011001011010010101101
111111111111011001011010100110011
111111111111011001011010011110110
111111111111011001011010100100001
111111111111011001011010011010000
111111111111011001011010011001101
111111111111011001011010100000011
111111111111011001011010100101011
111111111111011001011010011000100
111111111111011001011010100010100
111111111111011001011010101001011
111111111111011001011010110000001
111111111111011001011010100100110
111111111111011001011010011000111
111111111111011001011010010010111
111111111111011001011010011000100
111111111111011001011010011110101
111111111111011001011010100100110
111111111111011001011010011100001
111111111111011001011010011011010
111111111111011001011010110010100
111111111111011001011010011011100
111111111111011001011010011010011
111111111111011001011010011100110
111111111111011001011010011010010
111111111111011001011010011010111
111111111111011001011010010011011
111111111111011001011010101011111
111111111111011001011010100111110
111111111111011001011010100111101
111111111111101011010000000100101
111111111111101011010000000100101
111111111111101011001111111110010
111111111111101011010000000000010
111111111111101011001111110110110
111111111111101011010000000000010
111111111111101011001111111001100
111111111111101011010000000111101
111111111111101011010000000010011
111111111111101011010000000100110
111111111111101011010000000010100
111111111111101011001111110111101
111111111111101011010000000111011
111111111111101011010000000100000
111111111111101011001111111110001
111111111111101011010000000000000
111111111111101011001111111001011
111111111111101011010000001000111
111111111111101011001111111111100
111111111111101011001111111111001
111111111111101011001111111111011
111111111111101011001111111010101
111111111111101011010000000101111
111111111111101011010000000011010
111111111111101011001111110111100
111111111111101011001111110111000
111111111111101011001111110111111
111111111111101011010000000100101
111111111111101011010000000001000
111111111111101011010000000010100
111111111111101011001111111101110
111111111111101011001111111000110
111111111111101011001111111110011
111111111111101011010000000101110
111111111111101011001111110110000
111111111111101011001111111100001
111111111111101011010000000001010
111111111111101011010000000011101
111111111111101011001111111101100
111111111111101011010000000011011
111111111111101011010000001001001
111111111111101011001111111111110
111111111111101011001111110110111
111111111111101011010000001011111
111111111111101011010000000011001
111111111111101011010000010100110
111111111111101011001111111111011
111111111111101011001111111101000
111111111111101011001111110111001
111111111111101011001111101111010
111111111111101011001111111010010
111111111111101011001111111110100
111111111111101011010000000001001
111111111111101011001111111011101
111111111111101011010000001001111
111111111111101011001111111100111
111111111111101011001111111011001
111111111111101011001111111010001
111111111111101011010000000001011
111111111111101011010000000101001
111111111111101011001111111011111
111111111111101011001111111100000
111111111111101011010000000011010
111111111111101011010000000111001
000000000000011101101001111011100
000000000000011101101001111111001
000000000000011101101001111010001
000000000000011101101001111001111
000000000000011101101001110011110
000000000000011101101001110111001
000000000000011101101001111101100
000000000000011101101001111011110
000000000000011101101001111111011
000000000000011101101001111110110
000000000000011101101001111001100
000000000000011101101001111110000
000000000000011101101010000000000
000000000000011101101001111111111
000000000000011101101010000100100
000000000000011101101001111000000
000000000000011101101001111001110
000000000000011101101001111101101
000000000000011101101001111100001
000000000000011101101001110100110
000000000000011101101001110110111
000000000000011101101001110101011
000000000000011101101010000101100
000000000000011101101001111010101
000000000000011101101001110111100
000000000000011101101001110111000
000000000000011101101001110100010
000000000000011101101001111111101
000000000000011101101001111110110
000000000000011101101001111110001
000000000000011101101010000001010
000000000000011101101001110101010
000000000000011101101001110110101
000000000000011101101010000001010
000000000000011101101001101010110
000000000000011101101001111000000
000000000000011101101001111100000
000000000000011101101001111101001
000000000000011101101001111010011
000000000000011101101001111010001
000000000000011101101001111010101
000000000000011101101001111001110
000000000000011101101001110001101
000000000000011101101001111100100
000000000000011101101001111111011
000000000000011101101010001000111
000000000000011101101001111111111
000000000000011101101001110110011
000000000000011101101001101001111
000000000000011101101001110001011
000000000000011101101001110110111
000000000000011101101010000001000
000000000000011101101001111010111
000000000000011101101001110010000
000000000000011101101010000010000
000000000000011101101001111001110
000000000000011101101001110000110
000000000000011101101001110111010
000000000000011101101001111010001
000000000000011101101001111100110
000000000000011101101001110000110
000000000000011101101010000010001
000000000000011101101010000000101
000000000000011101101010000000110
111111111111011000100010010111011
111111111111011000100010001011001
111111111111011000100010010001111
111111111111011000100010001011001
111111111111011000100010000011010
111111111111011000100010000101000
111111111111011000100010001010001
111111111111011000100010001001101
111111111111011000100010001111010
111111111111011000100010001001100
111111111111011000100010000111100
111111111111011000100010001000100
111111111111011000100010001110100
111111111111011000100010001110100
111111111111011000100010001000011
111111111111011000100010001100000
111111111111011000100010000111011
111111111111011000100010010011110
111111111111011000100010001010101
111111111111011000100010001011001
111111111111011000100010001111101
111111111111011000100010000011100
111111111111011000100010010100001
111111111111011000100010000101100
111111111111011000100010000100111
111111111111011000100010001001001
111111111111011000100010001000000
111111111111011000100010001100100
111111111111011000100010001100101
111111111111011000100010001110100
111111111111011000100010001000101
111111111111011000100010000011010
111111111111011000100010001100111
111111111111011000100010010001111
111111111111011000100001111101001
111111111111011000100010001010110
111111111111011000100010010001100
111111111111011000100010001111110
111111111111011000100010001010001
111111111111011000100010000100000
111111111111011000100010010010001
111111111111011000100010001000111
111111111111011000100010000110011
111111111111011000100010001101001
111111111111011000100010001101001
111111111111011000100010010111000
111111111111011000100010001111101
111111111111011000100010001001001
111111111111011000100010000000101
111111111111011000100010000011010
111111111111011000100010001101000
111111111111011000100010001010000
111111111111011000100010000110110
111111111111011000100010000100101
111111111111011000100010010101010
111111111111011000100010000111100
111111111111011000100010001000110
111111111111011000100010001101011
111111111111011000100010000100110
111111111111011000100010001011101
111111111111011000100010000001100
111111111111011000100010001001111
111111111111011000100010001100111
111111111111011000100010010001010
000000000000000110011100100001110
000000000000000110011100101101101
000000000000000110011100011110110
000000000000000110011100100001010
000000000000000110011100011000111
000000000000000110011100100000011
000000000000000110011100100110111
000000000000000110011100100101000
000000000000000110011100100011100
000000000000000110011100101001010
000000000000000110011100100000011
000000000000000110011100011101101
000000000000000110011100100101010
000000000000000110011100100111101
000000000000000110011100100010010
000000000000000110011100011001101
000000000000000110011100011111110
000000000000000110011100100101000
000000000000000110011100100010100
000000000000000110011100011111000
000000000000000110011100100100110
000000000000000110011100011110101
000000000000000110011100100111111
000000000000000110011100100111000
000000000000000110011100010101100
000000000000000110011100011010101
000000000000000110011100011100100
000000000000000110011100100101110
000000000000000110011100100011001
000000000000000110011100101000001
000000000000000110011100011111100
000000000000000110011100011111010
000000000000000110011100100011111
000000000000000110011100100100000
000000000000000110011100011001101
000000000000000110011100011111111
000000000000000110011100011111100
000000000000000110011100101000001
000000000000000110011100011101000
000000000000000110011100011110001
000000000000000110011100100001011
000000000000000110011100011111111
000000000000000110011100011000110
000000000000000110011100101001001
000000000000000110011100100011101
000000000000000110011100110001110
000000000000000110011100100010000
000000000000000110011100011100001
000000000000000110011100011001100
000000000000000110011100010111001
000000000000000110011100011110001
000000000000000110011100100100111
000000000000000110011100011110000
000000000000000110011100100000110
000000000000000110011100101111000
000000000000000110011100011010101
000000000000000110011100100000101
000000000000000110011100011110100
000000000000000110011100100100010
000000000000000110011100100111000
000000000000000110011100011101011
000000000000000110011100101010101
000000000000000110011100101000010
000000000000000110011100100100100
000000000000010111000101010011110
000000000000010111000101011000001
000000000000010111000101010010011
000000000000010111000101010011010
000000000000010111000101001110111
000000000000010111000101010100100
000000000000010111000101010010100
000000000000010111000101011000010
000000000000010111000101010100110
000000000000010111000101010110101
000000000000010111000101010010100
000000000000010111000101010110111
000000000000010111000101011101101
000000000000010111000101010101010
000000000000010111000101011000101
000000000000010111000101001111100
000000000000010111000101010000111
000000000000010111000101010001000
000000000000010111000101001011111
000000000000010111000101001110101
000000000000010111000101010110111
000000000000010111000101010001000
000000000000010111000101010110010
000000000000010111000101010110111
000000000000010111000101001110010
000000000000010111000101011001010
000000000000010111000101001111001
000000000000010111000101010100111
000000000000010111000101010001001
000000000000010111000101010010100
000000000000010111000101010011100
000000000000010111000101000110010
000000000000010111000101010110111
000000000000010111000101010110010
000000000000010111000101001110010
000000000000010111000101010011011
000000000000010111000101010000110
000000000000010111000101010100111
000000000000010111000101001110101
000000000000010111000101010011011
000000000000010111000101010100001
000000000000010111000101010011101
000000000000010111000101001010111
000000000000010111000101010111011
000000000000010111000101011100011
000000000000010111000101011111111
000000000000010111000101010010010
000000000000010111000101010001111
000000000000010111000101010011010
000000000000010111000101000111101
000000000000010111000101010001011
000000000000010111000101010101010
000000000000010111000101010010111
000000000000010111000101001111000
000000000000010111000101011110011
000000000000010111000101010000101
000000000000010111000101010000110
000000000000010111000101001111101
000000000000010111000101010111000
000000000000010111000101010000101
000000000000010111000101001101010
000000000000010111000101011011011
000000000000010111000101010110001
000000000000010111000101010110010
111111111111111010000001011011101
111111111111111010000001011101011
111111111111111010000001011011000
111111111111111010000001011010011
111111111111111010000001010110000
111111111111111010000001011000011
111111111111111010000001010110110
111111111111111010000001011101101
111111111111111010000001011001110
111111111111111010000001100000011
111111111111111010000001010111010
111111111111111010000001011011000
111111111111111010000001100001000
111111111111111010000001011111000
111111111111111010000001011100011
111111111111111010000001011001011
111111111111111010000001011001101
111111111111111010000001100001011
111111111111111010000001011011011
111111111111111010000001010100100
111111111111111010000001011100111
111111111111111010000001010011010
111111111111111010000001100011001
111111111111111010000001011101010
111111111111111010000001010100010
111111111111111010000001010101111
111111111111111010000001010100001
111111111111111010000001011110000
111111111111111010000001011100111
111111111111111010000001100000001
111111111111111010000001011100111
111111111111111010000001001111111
111111111111111010000001010111011
111111111111111010000001011111001
111111111111111010000001010000100
111111111111111010000001011111000
111111111111111010000001010111110
111111111111111010000001011001100
111111111111111010000001011010001
111111111111111010000001010111111
111111111111111010000001011011101
111111111111111010000001100000010
111111111111111010000001010011000
111111111111111010000001011111000
111111111111111010000001100010111
111111111111111010000001100110100
111111111111111010000001011111000
111111111111111010000001010111110
111111111111111010000001001110111
111111111111111010000001010010001
111111111111111010000001010110010
111111111111111010000001011011001
111111111111111010000001010111101
111111111111111010000001010100111
111111111111111010000001100110110
111111111111111010000001011001001
111111111111111010000001010110100
111111111111111010000001011000001
111111111111111010000001011010010
111111111111111010000001011001011
111111111111111010000001010010011
111111111111111010000001100000011
111111111111111010000001011011111
111111111111111010000001011111110
111111111111100011000100000011110
111111111111100011000011111110110
111111111111100011000011111100111
111111111111100011000011111000001
111111111111100011000011110010010
111111111111100011000011111000110
111111111111100011000100000100000
111111111111100011000011111101011
111111111111100011000011111110110
111111111111100011000011111010110
111111111111100011000011111001001
111111111111100011000011111000111
111111111111100011000100000100110
111111111111100011000100000011111
111111111111100011000100000001001
111111111111100011000011111000100
111111111111100011000011111111010
111111111111100011000011110111000
111111111111100011000011111011011
111111111111100011000011110100010
111111111111100011000011111101010
111111111111100011000011110101011
111111111111100011000011111101111
111111111111100011000011111110101
111111111111100011000011101111011
111111111111100011000011111101011
111111111111100011000011110111011
111111111111100011000011111101111
111111111111100011000100000000110
111111111111100011000100000001110
111111111111100011000011111010000
111111111111100011000011110010111
111111111111100011000011111011010
111111111111100011000011111110011
111111111111100011000011101111001
111111111111100011000011111111011
111111111111100011000011111001010
111111111111100011000100000001000
111111111111100011000011110001100
111111111111100011000011110101110
111111111111100011000011111000101
111111111111100011000011110111011
111111111111100011000011110110111
111111111111100011000011111000010
111111111111100011000100000010011
111111111111100011000100000111100
111111111111100011000100000001001
111111111111100011000011101111110
111111111111100011000011101111111
111111111111100011000011110111010
111111111111100011000011110100001
111111111111100011000011111110100
111111111111100011000011111010000
111111111111100011000011110100000
111111111111100011000100001001010
111111111111100011000011110101001
111111111111100011000011110011001
111111111111100011000011110101110
111111111111100011000011101111100
111111111111100011000011111001010
111111111111100011000011110000111
111111111111100011000100000100010
111111111111100011000100000100111
111111111111100011000011111100110
111111111111111101011010010111010
111111111111111101011010001011010
111111111111111101011010010010010
111111111111111101011010001110111
111111111111111101011010001001011
111111111111111101011010001101101
111111111111111101011010001111101
111111111111111101011010001110110
111111111111111101011010010001000
111111111111111101011010010011110
111111111111111101011010001111000
111111111111111101011010001011101
111111111111111101011010011000110
111111111111111101011010010101010
111111111111111101011010010100011
111111111111111101011010010010000
111111111111111101011010001101101
111111111111111101011010010000100
111111111111111101011010001010001
111111111111111101011010001111100
111111111111111101011010010010011
111111111111111101011010001000000
111111111111111101011010010010100
111111111111111101011010010100111
111111111111111101011010001010100
111111111111111101011010010001001
111111111111111101011010000101110
111111111111111101011010010110100
111111111111111101011010010010000
111111111111111101011010010100101
111111111111111101011010010000010
111111111111111101011010000101011
111111111111111101011010001010101
111111111111111101011010010101010
111111111111111101011010000011011
111111111111111101011010010110110
111111111111111101011010000110011
111111111111111101011010010000110
111111111111111101011010001001011
111111111111111101011010010000011
111111111111111101011010001111100
111111111111111101011010010001010
111111111111111101011010000010000
111111111111111101011010001100110
111111111111111101011010011100010
111111111111111101011010011101000
111111111111111101011010010001101
111111111111111101011010001101011
111111111111111101011010000011111
111111111111111101011010001000100
111111111111111101011010000000000
111111111111111101011010001111011
111111111111111101011010010001110
111111111111111101011010000101110
111111111111111101011010010110011
111111111111111101011010001101010
111111111111111101011010000100111
111111111111111101011010000100111
111111111111111101011010001010000
111111111111111101011010001010011
111111111111111101011010001000001
111111111111111101011010010101010
111111111111111101011010010101011
111111111111111101011010010001001
111111111111100011110111000100001
111111111111100011110111001000111
111111111111100011110111000100110
111111111111100011110111000110011
111111111111100011110110111011000
111111111111100011110111000010111
111111111111100011110111000110111
111111111111100011110111000110011
111111111111100011110111000011101
111111111111100011110111001100010
111111111111100011110111000100111
111111111111100011110111000110011
111111111111100011110111000111001
111111111111100011110111001111001
111111111111100011110111000100000
111111111111100011110111000100101
111111111111100011110111000010010
111111111111100011110111001001111
111111111111100011110111000101001
111111111111100011110111000101000
111111111111100011110111001001011
111111111111100011110111000010011
111111111111100011110111001011011
111111111111100011110111001001010
111111111111100011110110111101100
111111111111100011110111000001010
111111111111100011110110111011101
111111111111100011110111001000011
111111111111100011110111000110011
111111111111100011110111001011110
111111111111100011110111000110110
111111111111100011110111000010101
111111111111100011110111000100000
111111111111100011110111001000101
111111111111100011110110111011110
111111111111100011110111001100001
111111111111100011110111000010000
111111111111100011110111000110111
111111111111100011110111000011010
111111111111100011110111000000010
111111111111100011110111000100101
111111111111100011110111001010100
111111111111100011110110111111101
111111111111100011110111000110101
111111111111100011110111001101001
111111111111100011110111001101001
111111111111100011110111001010001
111111111111100011110111000100010
111111111111100011110110111011010
111111111111100011110111000000001
111111111111100011110111000011011
111111111111100011110111001000111
111111111111100011110111000010111
111111111111100011110111000011010
111111111111100011110111001111010
111111111111100011110111000110000
111111111111100011110111000101000
111111111111100011110111000001101
111111111111100011110111000011110
111111111111100011110111000011100
111111111111100011110111000000100
111111111111100011110111001010010
111111111111100011110111001000111
111111111111100011110111001010111
111111111111111010011011100101000
111111111111111010011011100001101
111111111111111010011011011101101
111111111111111010011011010111110
111111111111111010011011010101011
111111111111111010011011010111111
111111111111111010011011011001101
111111111111111010011011100010001
111111111111111010011011100011101
111111111111111010011011011101011
111111111111111010011011011010011
111111111111111010011011010111011
111111111111111010011011100110010
111111111111111010011011100101001
111111111111111010011011100000110
111111111111111010011011100000000
111111111111111010011011011100010
111111111111111010011011100010000
111111111111111010011011011101111
111111111111111010011011010110011
111111111111111010011011011100010
111111111111111010011011010010111
111111111111111010011011100000000
111111111111111010011011100011101
111111111111111010011011010000101
111111111111111010011011010111010
111111111111111010011011010111010
111111111111111010011011100001010
111111111111111010011011100010001
111111111111111010011011100011111
111111111111111010011011011011101
111111111111111010011011010010100
111111111111111010011011011101011
111111111111111010011011100001010
111111111111111010011011010010011
111111111111111010011011011110001
111111111111111010011011011101100
111111111111111010011011100000000
111111111111111010011011011000111
111111111111111010011011011011101
111111111111111010011011011101101
111111111111111010011011011100011
111111111111111010011011010101011
111111111111111010011011011101000
111111111111111010011011100000111
111111111111111010011011101010010
111111111111111010011011100101001
111111111111111010011011010110011
111111111111111010011011010001110
111111111111111010011011010001011
111111111111111010011011010110000
111111111111111010011011011010001
111111111111111010011011011110010
111111111111111010011011010100010
111111111111111010011011101001011
111111111111111010011011011011010
111111111111111010011011010110110
111111111111111010011011010101111
111111111111111010011011010101101
111111111111111010011011011110111
111111111111111010011011001110011
111111111111111010011011011010111
111111111111111010011011100101111
111111111111111010011011100000010
000000000000000101110100111001100
000000000000000101110100101111101
000000000000000101110100110011010
000000000000000101110100101100001
000000000000000101110100101100110
000000000000000101110100101011010
000000000000000101110100101111001
000000000000000101110100101101111
000000000000000101110100111001001
000000000000000101110100101100001
000000000000000101110100101010101
000000000000000101110100101010101
000000000000000101110100110011000
000000000000000101110100101110110
000000000000000101110100110100111
000000000000000101110100101111101
000000000000000101110100101110100
000000000000000101110100110101010
000000000000000101110100110001100
000000000000000101110100101011100
000000000000000101110100101011110
000000000000000101110100100110001
000000000000000101110100110110010
000000000000000101110100101010110
000000000000000101110100101100011
000000000000000101110100101010100
000000000000000101110100101111001
000000000000000101110100110100001
000000000000000101110100110100010
000000000000000101110100110001100
000000000000000101110100101110000
000000000000000101110100101000010
000000000000000101110100101100101
000000000000000101110100110101000
000000000000000101110100100010001
000000000000000101110100101001010
000000000000000101110100110110010
000000000000000101110100110100010
000000000000000101110100101101110
000000000000000101110100101110101
000000000000000101110100110100011
000000000000000101110100101011111
000000000000000101110100101000011
000000000000000101110100110000000
000000000000000101110100101100011
000000000000000101110100111100100
000000000000000101110100110100010
000000000000000101110100101010110
000000000000000101110100100001101
000000000000000101110100100111001
000000000000000101110100101100010
000000000000000101110100101111000
000000000000000101110100101111100
000000000000000101110100100111000
000000000000000101110100110100001
000000000000000101110100101011010
000000000000000101110100100110000
000000000000000101110100101110111
000000000000000101110100101010010
000000000000000101110100110010111
000000000000000101110100100100110
000000000000000101110100101110101
000000000000000101110100110101000
000000000000000101110100110011110
000000000000100101100000111001000
000000000000100101100000110000010
000000000000100101100000110100100
000000000000100101100000110010001
000000000000100101100000101100011
000000000000100101100000110011011
000000000000100101100000101110001
000000000000100101100000110100101
000000000000100101100000110011000
000000000000100101100000110000000
000000000000100101100000110001010
000000000000100101100000101111000
000000000000100101100000111010011
000000000000100101100000111000100
000000000000100101100000111000110
000000000000100101100000101110110
000000000000100101100000101100111
000000000000100101100000111000001
000000000000100101100000110000111
000000000000100101100000101110001
000000000000100101100000110011000
000000000000100101100000100111101
000000000000100101100000111011101
000000000000100101100000101111110
000000000000100101100000110001011
000000000000100101100000110011111
000000000000100101100000110000110
000000000000100101100000111000001
000000000000100101100000110101001
000000000000100101100000110110001
000000000000100101100000110010010
000000000000100101100000101011110
000000000000100101100000110010000
000000000000100101100000111000101
000000000000100101100000100001010
000000000000100101100000101110111
000000000000100101100000110100011
000000000000100101100000110110101
000000000000100101100000110000001
000000000000100101100000101111000
000000000000100101100000110100111
000000000000100101100000101101111
000000000000100101100000100111100
000000000000100101100000110101101
000000000000100101100000110110010
000000000000100101100001000101011
000000000000100101100000110011010
000000000000100101100000101100101
000000000000100101100000100100101
000000000000100101100000101011011
000000000000100101100000101110100
000000000000100101100000110001011
000000000000100101100000101111000
000000000000100101100000100110110
000000000000100101100000111100001
000000000000100101100000101101101
000000000000100101100000101001000
000000000000100101100000101101100
000000000000100101100000101011010
000000000000100101100000110001100
000000000000100101100000100101110
000000000000100101100000110110010
000000000000100101100000110010010
000000000000100101100000110111110
000000000000001110010100000000001
000000000000001110010100000110011
000000000000001110010100000010101
000000000000001110010100000100111
000000000000001110010100000001000
000000000000001110010100001101011
000000000000001110010100000110110
000000000000001110010100000111011
000000000000001110010100001011100
000000000000001110010100001011000
000000000000001110010100000011001
000000000000001110010100001011101
000000000000001110010100001110001
000000000000001110010100001111000
000000000000001110010100010010011
000000000000001110010100000011000
000000000000001110010100000001110
000000000000001110010100000011010
000000000000001110010100000001111
000000000000001110010100000000100
000000000000001110010100000011001
000000000000001110010100000001111
000000000000001110010100001000001
000000000000001110010100001100100
000000000000001110010100000101000
000000000000001110010100001100010
000000000000001110010100000010010
000000000000001110010100010001100
000000000000001110010100000111100
000000000000001110010100001101101
000000000000001110010100001010001
000000000000001110010100000000000
000000000000001110010100000100000
000000000000001110010100001011101
000000000000001110010011111010010
000000000000001110010100001011011
000000000000001110010100000000111
000000000000001110010100001011110
000000000000001110010011111111111
000000000000001110010100001000100
000000000000001110010011111111110
000000000000001110010100001010100
000000000000001110010011111001101
000000000000001110010100000010000
000000000000001110010100001111101
000000000000001110010100010010101
000000000000001110010100001000100
000000000000001110010100000101010
000000000000001110010011111110010
000000000000001110010011111111101
000000000000001110010100000100110
000000000000001110010100001101010
000000000000001110010100001001010
000000000000001110010011111100100
000000000000001110010100010000011
000000000000001110010100000111010
000000000000001110010011111100000
000000000000001110010011111101101
000000000000001110010100000010100
000000000000001110010011111110110
000000000000001110010011111100100
000000000000001110010100010010111
000000000000001110010100001111100
000000000000001110010100001100010
000000000000001010011110011000100
000000000000001010011110010100101
000000000000001010011110010010001
000000000000001010011110010000111
000000000000001010011110001101110
000000000000001010011110010000101
000000000000001010011110010010000
000000000000001010011110010000110
000000000000001010011110010011011
000000000000001010011110010011101
000000000000001010011110001110110
000000000000001010011110000111101
000000000000001010011110010100000
000000000000001010011110010110001
000000000000001010011110010010110
000000000000001010011110001101010
000000000000001010011110010001110
000000000000001010011110011011001
000000000000001010011110010111011
000000000000001010011110010000011
000000000000001010011110010001010
000000000000001010011110001011100
000000000000001010011110011100111
000000000000001010011110010100011
000000000000001010011110001100101
000000000000001010011110001011010
000000000000001010011110010011010
000000000000001010011110011011101
000000000000001010011110010110101
000000000000001010011110011010001
000000000000001010011110001111011
000000000000001010011110010011010
000000000000001010011110010010001
000000000000001010011110011010001
000000000000001010011110001001010
000000000000001010011110001111110
000000000000001010011110010001100
000000000000001010011110011000001
000000000000001010011110010011001
000000000000001010011110001100111
000000000000001010011110010100100
000000000000001010011110001011101
000000000000001010011110000111110
000000000000001010011110010110100
000000000000001010011110010000101
000000000000001010011110100010101
000000000000001010011110001111110
000000000000001010011110001100110
000000000000001010011110000010111
000000000000001010011110001100101
000000000000001010011110001100000
000000000000001010011110010000110
000000000000001010011110001101011
000000000000001010011110001100010
000000000000001010011110011010001
000000000000001010011110001000111
000000000000001010011110001010110
000000000000001010011110001111100
000000000000001010011110001100011
000000000000001010011110010101110
000000000000001010011110000111100
000000000000001010011110010101110
000000000000001010011110010111111
000000000000001010011110010100000
000000000000100110100110101101001
000000000000100110100110101010110
000000000000100110100110101011101
000000000000100110100110101010110
000000000000100110100110100110000
000000000000100110100110110000010
000000000000100110100110101010111
000000000000100110100110101110000
000000000000100110100110110101100
000000000000100110100110101011101
000000000000100110100110101010010
000000000000100110100110101000111
000000000000100110100110110000001
000000000000100110100110110100101
000000000000100110100110110111111
000000000000100110100110101101111
000000000000100110100110100110000
000000000000100110100110110000111
000000000000100110100110101000111
000000000000100110100110101011011
000000000000100110100110101100000
000000000000100110100110100001100
000000000000100110100110110000011
000000000000100110100110101101101
000000000000100110100110101100110
000000000000100110100110101100000
000000000000100110100110100101001
000000000000100110100110110111011
000000000000100110100110101111111
000000000000100110100110101100100
000000000000100110100110101001101
000000000000100110100110100101100
000000000000100110100110100111101
000000000000100110100110101101011
000000000000100110100110011111101
000000000000100110100110101011110
000000000000100110100110101111100
000000000000100110100110110000110
000000000000100110100110100110101
000000000000100110100110101101010
000000000000100110100110101111010
000000000000100110100110110101010
000000000000100110100110100000011
000000000000100110100110101011010
000000000000100110100110101111010
000000000000100110100110111100001
000000000000100110100110110100111
000000000000100110100110101010111
000000000000100110100110011110110
000000000000100110100110100101111
000000000000100110100110100101101
000000000000100110100110101111010
000000000000100110100110110000010
000000000000100110100110101000101
000000000000100110100110110000100
000000000000100110100110101110010
000000000000100110100110100101000
000000000000100110100110100010010
000000000000100110100110101010100
000000000000100110100110101000111
000000000000100110100110100010011
000000000000100110100110101111001
000000000000100110100110110011001
000000000000100110100110110101110
111111111111100010110011110000010
111111111111100010110011101010011
111111111111100010110011101110010
111111111111100010110011100111101
111111111111100010110011101010101
111111111111100010110011101100000
111111111111100010110011101000011
111111111111100010110011101100101
111111111111100010110011101111101
111111111111100010110011101010101
111111111111100010110011101010010
111111111111100010110011101010100
111111111111100010110011110100101
111111111111100010110011101010100
111111111111100010110011101110101
111111111111100010110011101010011
111111111111100010110011101001100
111111111111100010110011101111011
111111111111100010110011101111010
111111111111100010110011100100101
111111111111100010110011101000011
111111111111100010110011100100000
111111111111100010110011101111111
111111111111100010110011101000100
111111111111100010110011101100111
111111111111100010110011101001010
111111111111100010110011101110100
111111111111100010110011101101010
111111111111100010110011110001010
111111111111100010110011110000100
111111111111100010110011101001011
111111111111100010110011100110001
111111111111100010110011101101000
111111111111100010110011110010011
111111111111100010110011100010000
111111111111100010110011100111011
111111111111100010110011101111011
111111111111100010110011110000001
111111111111100010110011101010001
111111111111100010110011101100111
111111111111100010110011101111001
111111111111100010110011100101011
111111111111100010110011100101111
111111111111100010110011101111011
111111111111100010110011101100111
111111111111100010110011110111011
111111111111100010110011101001010
111111111111100010110011100110010
111111111111100010110011100010111
111111111111100010110011100110100
111111111111100010110011101101000
111111111111100010110011101011000
111111111111100010110011101010010
111111111111100010110011100000010
111111111111100010110011110011101
111111111111100010110011100111111
111111111111100010110011100011100
111111111111100010110011101110001
111111111111100010110011100110100
111111111111100010110011101111011
111111111111100010110011100001101
111111111111100010110011101101110
111111111111100010110011101110011
111111111111100010110011101101111
000000000000010000110011111101001
000000000000010000110100000001111
000000000000010000110011111001011
000000000000010000110011111010111
000000000000010000110011111011011
000000000000010000110011111110010
000000000000010000110011111001011
000000000000010000110100000000101
000000000000010000110011111101101
000000000000010000110011111010100
000000000000010000110011110100101
000000000000010000110011111101001
000000000000010000110100000000101
000000000000010000110100000010100
000000000000010000110100000100100
000000000000010000110011110100101
000000000000010000110011111101001
000000000000010000110011111101011
000000000000010000110011111100001
000000000000010000110011110001111
000000000000010000110011111010001
000000000000010000110011110101011
000000000000010000110100000001110
000000000000010000110011111111001
000000000000010000110011110011011
000000000000010000110011111101011
000000000000010000110011111111011
000000000000010000110100000001111
000000000000010000110011111100100
000000000000010000110100000100100
000000000000010000110100000001010
000000000000010000110011110100100
000000000000010000110011111011010
000000000000010000110011111110010
000000000000010000110011110000010
000000000000010000110011111011000
000000000000010000110011111011011
000000000000010000110011111111011
000000000000010000110011111011001
000000000000010000110011111000100
000000000000010000110011110100100
000000000000010000110011111011001
000000000000010000110011110110110
000000000000010000110011111011101
000000000000010000110011111100011
000000000000010000110100001000000
000000000000010000110100000010110
000000000000010000110011110110000
000000000000010000110011110100011
000000000000010000110011110101110
000000000000010000110011111100011
000000000000010000110011111100010
000000000000010000110011110111011
000000000000010000110011110100011
000000000000010000110100001010100
000000000000010000110011111000001
000000000000010000110011110110010
000000000000010000110011111000001
000000000000010000110011110110000
000000000000010000110011111010101
000000000000010000110011110010000
000000000000010000110100000100000
000000000000010000110011111110001
000000000000010000110011111111100
000000000000000000111110100010100
000000000000000000111110011000100
000000000000000000111110011100101
000000000000000000111110010110000
000000000000000000111110010011100
000000000000000000111110010001111
000000000000000000111110010111001
000000000000000000111110011010110
000000000000000000111110011000101
000000000000000000111110010110101
000000000000000000111110011001001
000000000000000000111110011000010
000000000000000000111110100100101
000000000000000000111110011101010
000000000000000000111110011100110
000000000000000000111110011011100
000000000000000000111110011001010
000000000000000000111110011001110
000000000000000000111110010001101
000000000000000000111110010110111
000000000000000000111110100010000
000000000000000000111110010010010
000000000000000000111110011111001
000000000000000000111110011100101
000000000000000000111110010101110
000000000000000000111110100000010
000000000000000000111110010011010
000000000000000000111110011000110
000000000000000000111110011001111
000000000000000000111110010101101
000000000000000000111110010100011
000000000000000000111110001011001
000000000000000000111110100000011
000000000000000000111110011101101
000000000000000000111110010110010
000000000000000000111110011011000
000000000000000000111110010110101
000000000000000000111110010111100
000000000000000000111110011000010
000000000000000000111110010010100
000000000000000000111110011101000
000000000000000000111110010110000
000000000000000000111110001111011
000000000000000000111110011000110
000000000000000000111110100100011
000000000000000000111110100011010
000000000000000000111110011001111
000000000000000000111110010111110
000000000000000000111110010010111
000000000000000000111110010010001
000000000000000000111110010000001
000000000000000000111110010101101
000000000000000000111110010101101
000000000000000000111110010011111
000000000000000000111110100001011
000000000000000000111110010110010
000000000000000000111110011000100
000000000000000000111110010100110
000000000000000000111110011000010
000000000000000000111110010110010
000000000000000000111110001010001
000000000000000000111110011011010
000000000000000000111110011011110
000000000000000000111110011001010
111111111111111010010111011011000
111111111111111010010111011100110
111111111111111010010111010111110
111111111111111010010111010111000
111111111111111010010111001111100
111111111111111010010111011010000
111111111111111010010111011010110
111111111111111010010111011111100
111111111111111010010111011001111
111111111111111010010111011000101
111111111111111010010111011001001
111111111111111010010111010101101
111111111111111010010111100011000
111111111111111010010111100011010
111111111111111010010111100001100
111111111111111010010111010101011
111111111111111010010111010110100
111111111111111010010111010111011
111111111111111010010111010011011
111111111111111010010111010011001
111111111111111010010111011111000
111111111111111010010111001110111
111111111111111010010111011011001
111111111111111010010111011101110
111111111111111010010111010000111
111111111111111010010111011100101
111111111111111010010111010001010
111111111111111010010111011100001
111111111111111010010111011011011
111111111111111010010111011000100
111111111111111010010111010100101
111111111111111010010111001101100
111111111111111010010111011010010
111111111111111010010111010110100
111111111111111010010111001111011
111111111111111010010111011010011
111111111111111010010111010111001
111111111111111010010111011010111
111111111111111010010111001110110
111111111111111010010111010011111
111111111111111010010111011000001
111111111111111010010111011100000
111111111111111010010111001111110
111111111111111010010111011010011
111111111111111010010111100001000
111111111111111010010111101000100
111111111111111010010111011110101
111111111111111010010111001111110
111111111111111010010111010000110
111111111111111010010111010010010
111111111111111010010111001111101
111111111111111010010111011001010
111111111111111010010111011000001
111111111111111010010111010101101
111111111111111010010111100100101
111111111111111010010111010101001
111111111111111010010111010101010
111111111111111010010111001110010
111111111111111010010111010101001
111111111111111010010111010100111
111111111111111010010111001101100
111111111111111010010111100000110
111111111111111010010111011100110
111111111111111010010111011100011
111111111111110011110011011100001
111111111111110011110011011011110
111111111111110011110011010100101
111111111111110011110011001111110
111111111111110011110011001111101
111111111111110011110011010100000
111111111111110011110011011000111
111111111111110011110011011010100
111111111111110011110011011010110
111111111111110011110011010010100
111111111111110011110011010110101
111111111111110011110011010101000
111111111111110011110011100000001
111111111111110011110011011101000
111111111111110011110011011100101
111111111111110011110011010011011
111111111111110011110011010101000
111111111111110011110011010101010
111111111111110011110011010011100
111111111111110011110011010001110
111111111111110011110011011011010
111111111111110011110011001111010
111111111111110011110011011010011
111111111111110011110011011001100
111111111111110011110011010010011
111111111111110011110011010101011
111111111111110011110011010010100
111111111111110011110011010110100
111111111111110011110011011010110
111111111111110011110011011001001
111111111111110011110011001101110
111111111111110011110011001111101
111111111111110011110011011101010
111111111111110011110011011000110
111111111111110011110011001101010
111111111111110011110011001111010
111111111111110011110011010111101
111111111111110011110011011110000
111111111111110011110011010011110
111111111111110011110011010100001
111111111111110011110011011000001
111111111111110011110011010000000
111111111111110011110011001011111
111111111111110011110011011001110
111111111111110011110011011010001
111111111111110011110011101000101
111111111111110011110011011001001
111111111111110011110011010001111
111111111111110011110011001010011
111111111111110011110011010000100
111111111111110011110011010000101
111111111111110011110011011000001
111111111111110011110011001111100
111111111111110011110011010001100
111111111111110011110011100100100
111111111111110011110011010011111
111111111111110011110011010110100
111111111111110011110011010011100
111111111111110011110011010111011
111111111111110011110011011111010
111111111111110011110011001100011
111111111111110011110011011010111
111111111111110011110011011100101
111111111111110011110011011010101
000000000000000111001111010001001
000000000000000111001111001101010
000000000000000111001111010001010
000000000000000111001111010010000
000000000000000111001111001001111
000000000000000111001111001111110
000000000000000111001111001111011
000000000000000111001111001010011
000000000000000111001111001101111
000000000000000111001111010110111
000000000000000111001111001011000
000000000000000111001111010000110
000000000000000111001111010001010
000000000000000111001111010001110
000000000000000111001111001101101
000000000000000111001111001010101
000000000000000111001111000111111
000000000000000111001111010001111
000000000000000111001111000111000
000000000000000111001111010010110
000000000000000111001111010101101
000000000000000111001111001011011
000000000000000111001111010011010
000000000000000111001111001111101
000000000000000111001111001011000
000000000000000111001111010000100
000000000000000111001111000111011
000000000000000111001111010100110
000000000000000111001111001011001
000000000000000111001111010110100
000000000000000111001111001111110
000000000000000111001111001000001
000000000000000111001111001100001
000000000000000111001111010100000
000000000000000111001111000001100
000000000000000111001111010101001
000000000000000111001111000101110
000000000000000111001111010011001
000000000000000111001111001010111
000000000000000111001111001101100
000000000000000111001111001101001
000000000000000111001111010010101
000000000000000111001111000001000
000000000000000111001111001110111
000000000000000111001111011000111
000000000000000111001111011010110
000000000000000111001111001101100
000000000000000111001111010011100
000000000000000111001111001000110
000000000000000111001111001000000
000000000000000111001111001001111
000000000000000111001111010001011
000000000000000111001111001010111
000000000000000111001111001000100
000000000000000111001111011000101
000000000000000111001111001100010
000000000000000111001111001011010
000000000000000111001111001011001
000000000000000111001111010000010
000000000000000111001111001010011
000000000000000111001111001111100
000000000000000111001111011001101
000000000000000111001111001111010
000000000000000111001111010010110
111111111111110100100101011100110
111111111111110100100101010111001
111111111111110100100101010110110
111111111111110100100101010100110
111111111111110100100101001110101
111111111111110100100101010101001
111111111111110100100101010111011
111111111111110100100101011010111
111111111111110100100101010101110
111111111111110100100101011001010
111111111111110100100101011000110
111111111111110100100101010110011
111111111111110100100101100011010
111111111111110100100101011000100
111111111111110100100101010101110
111111111111110100100101010110001
111111111111110100100101010111011
111111111111110100100101010100011
111111111111110100100101010101011
111111111111110100100101010001001
111111111111110100100101010110111
111111111111110100100101010101111
111111111111110100100101011010101
111111111111110100100101011000100
111111111111110100100101010000010
111111111111110100100101010110110
111111111111110100100101010000111
111111111111110100100101010101110
111111111111110100100101011001001
111111111111110100100101011010000
111111111111110100100101010101101
111111111111110100100101001100010
111111111111110100100101010111001
111111111111110100100101011111001
111111111111110100100101001110000
111111111111110100100101011000001
111111111111110100100101010011011
111111111111110100100101011001101
111111111111110100100101010010011
111111111111110100100101010111110
111111111111110100100101011011110
111111111111110100100101010000101
111111111111110100100101010001100
111111111111110100100101011100000
111111111111110100100101100001101
111111111111110100100101100101001
111111111111110100100101010011000
111111111111110100100101010001010
111111111111110100100101001110010
111111111111110100100101001100110
111111111111110100100101010001111
111111111111110100100101011001100
111111111111110100100101010100110
111111111111110100100101001110011
111111111111110100100101100011101
111111111111110100100101010010111
111111111111110100100101001111101
111111111111110100100101010101011
111111111111110100100101010010111
111111111111110100100101011000000
111111111111110100100101010001111
111111111111110100100101011010010
111111111111110100100101011011101
111111111111110100100101011010000
111111111111110101011100101100010
111111111111110101011100101001001
111111111111110101011100100101101
111111111111110101011100100111010
111111111111110101011100011111010
111111111111110101011100100011000
111111111111110101011100101111010
111111111111110101011100100011010
111111111111110101011100100111000
111111111111110101011100100111111
111111111111110101011100100010010
111111111111110101011100100011100
111111111111110101011100101000011
111111111111110101011100100111001
111111111111110101011100101011100
111111111111110101011100011101010
111111111111110101011100100111001
111111111111110101011100100001110
111111111111110101011100011111111
111111111111110101011100100100111
111111111111110101011100101000010
111111111111110101011100100011110
111111111111110101011100101100101
111111111111110101011100100101001
111111111111110101011100011101010
111111111111110101011100100111100
111111111111110101011100011111100
111111111111110101011100101010001
111111111111110101011100100100011
111111111111110101011100100110101
111111111111110101011100100111000
111111111111110101011100011110001
111111111111110101011100100001010
111111111111110101011100101000101
111111111111110101011100011000001
111111111111110101011100100100000
111111111111110101011100100000000
111111111111110101011100101010001
111111111111110101011100011111011
111111111111110101011100100010000
111111111111110101011100100100011
111111111111110101011100100001101
111111111111110101011100011011000
111111111111110101011100100110000
111111111111110101011100101010101
111111111111110101011100110101010
111111111111110101011100100110011
111111111111110101011100100000110
111111111111110101011100011001111
111111111111110101011100011101101
111111111111110101011100011010000
111111111111110101011100101010110
111111111111110101011100100001111
111111111111110101011100100010001
111111111111110101011100101101010
111111111111110101011100011100111
111111111111110101011100011101001
111111111111110101011100011111101
111111111111110101011100100100111
111111111111110101011100100100100
111111111111110101011100100100010
111111111111110101011100110010000
111111111111110101011100101010001
111111111111110101011100100111010
000000000000000100011100000110110
000000000000000100011100000100100
000000000000000100011100000000011
000000000000000100011011111111010
000000000000000100011011111010111
000000000000000100011011111010011
000000000000000100011100000010110
000000000000000100011100000111000
000000000000000100011011111110001
000000000000000100011011111111110
000000000000000100011100000011011
000000000000000100011100000011111
000000000000000100011100001011001
000000000000000100011100000110111
000000000000000100011100000101101
000000000000000100011100000010001
000000000000000100011100000110001
000000000000000100011011111100100
000000000000000100011011111110000
000000000000000100011011111010111
000000000000000100011100000011111
000000000000000100011100000000000
000000000000000100011100000101011
000000000000000100011100000101110
000000000000000100011011111001100
000000000000000100011100000100011
000000000000000100011011111010010
000000000000000100011011111101000
000000000000000100011100000010011
000000000000000100011011111111111
000000000000000100011100000100011
000000000000000100011011110110110
000000000000000100011100000010111
000000000000000100011100000011101
000000000000000100011011111100011
000000000000000100011100000010101
000000000000000100011011111101110
000000000000000100011011111110001
000000000000000100011100000000100
000000000000000100011011111110001
000000000000000100011100000000100
000000000000000100011011111101010
000000000000000100011011111111101
000000000000000100011100000001010
000000000000000100011100001011001
000000000000000100011100001000000
000000000000000100011100000101101
000000000000000100011011111011101
000000000000000100011011111010010
000000000000000100011011111011011
000000000000000100011011111000111
000000000000000100011100000010000
000000000000000100011011111111000
000000000000000100011011111101000
000000000000000100011100001010000
000000000000000100011100000000110
000000000000000100011011111110110
000000000000000100011011111100100
000000000000000100011011111111000
000000000000000100011100000001010
000000000000000100011011111001101
000000000000000100011100000011010
000000000000000100011100000011100
000000000000000100011100000001101
All outputs match expected results. Test PASSED.
