Cadence Genus(TM) Synthesis Solution.
Copyright 2022 Cadence Design Systems, Inc. All rights reserved worldwide.
Cadence and the Cadence logo are registered trademarks and Genus is a trademark
of Cadence Design Systems, Inc. in the United States and other countries.

[09:02:44.022425] Configured Lic search path (21.01-s002): 5280@bioeelincad.ee.columbia.edu

Version: 21.16-s062_1, built Tue Dec 13 14:16:30 PST 2022
Options: -no_gui -batch -files ../scripts/run_all.tcl 
Date:    Sun Mar 22 09:02:44 2026
Host:    cadpc19 (x86_64 w/Linux 4.18.0-553.111.1.el8_10.x86_64) (8cores*16cpus*1physical cpu*11th Gen Intel(R) Core(TM) i9-11900 @ 2.50GHz 16384KB) (65401516KB)
PID:     1126435
OS:      Red Hat Enterprise Linux release 8.10 (Ootpa)


[09:02:44.292386] Periodic Lic check successful
[09:02:44.292394] Feature usage summary:
[09:02:44.292395] Genus_Synthesis
Checking out license: Genus_Synthesis


***********************************************************************************************************
***********************************************************************************************************



Loading tool scripts...
Finished loading tool scripts (7 seconds elapsed).

#@ Processing -files option
@genus 1> source ../scripts/run_all.tcl
#@ Begin verbose source ../scripts/run_all.tcl
@file(run_all.tcl) 7: source load_etc.tcl	
Sourcing '/tools/cadence/GENUS/21.16/tools.lnx86/lib/etc/load_etc.tcl' (Sun Mar 22 09:02:51 EDT 2026)...
#@ Begin verbose source /tools/cadence/GENUS/21.16/tools.lnx86/lib/etc/load_etc.tcl
@file(load_etc.tcl) 13: if {[info exists ::env(CDN_SYNTH_ETC_ROOT)]} {
   set base $::env(CDN_SYNTH_ETC_ROOT)
} else {
    set base "$::env(CDN_SYNTH_ROOT)/lib/etc"
}
@file(load_etc.tcl) 19: load_files_under "$base/all"
@file(load_etc.tcl) 20: load_files_under "$base/stat"
@file(load_etc.tcl) 21: load_files_under "$base/toolbox"
Sourcing '/tools/cadence/GENUS/21.16/tools.lnx86/lib/etc/toolbox/insert_io_buffers.tcl' (Sun Mar 22 09:02:51 EDT 2026)...
#@ Begin verbose source /tools/cadence/GENUS/21.16/tools.lnx86/lib/etc/toolbox/insert_io_buffers.tcl
@file(insert_io_buffers.tcl) 20: namespace eval iobuf {
  variable instance_prefix ""
}
@file(insert_io_buffers.tcl) 24: proc iobuf::add_buffer ...
@file(insert_io_buffers.tcl) 75: proc iobuf::ra_port_needs_buffering ...
@file(insert_io_buffers.tcl) 107: proc iobuf::insert_io_buffers_helper ...
@file(insert_io_buffers.tcl) 154: proc iobuf::rename_subports ...
@file(insert_io_buffers.tcl) 178: proc insert_io_buffers ...
@file(insert_io_buffers.tcl) 348: proc hier_instance_replace ...
@file(insert_io_buffers.tcl) 433: proc iobuf::get_buffer ...
#@ End verbose source /tools/cadence/GENUS/21.16/tools.lnx86/lib/etc/toolbox/insert_io_buffers.tcl
Sourcing '/tools/cadence/GENUS/21.16/tools.lnx86/lib/etc/toolbox/performance_statistics.tcl' (Sun Mar 22 09:02:51 EDT 2026)...
#@ Begin verbose source /tools/cadence/GENUS/21.16/tools.lnx86/lib/etc/toolbox/performance_statistics.tcl
@file(performance_statistics.tcl) 2: proc performance_template ...
@file(performance_statistics.tcl) 26: proc get_cpu_info ...
@file(performance_statistics.tcl) 53: proc get_ple_scale ...
@file(performance_statistics.tcl) 56: proc get_clk_cnt ...
@file(performance_statistics.tcl) 60: proc get_exception_cnt ...
@file(performance_statistics.tcl) 64: proc get_file_row_col ...
@file(performance_statistics.tcl) 68: proc get_dp_info ...
@file(performance_statistics.tcl) 91: proc get_lec_exec ...
@file(performance_statistics.tcl) 102: proc get_stats_version ...
@file(performance_statistics.tcl) 110: proc get_elap_time ...
@file(performance_statistics.tcl) 115: proc get_st_rt ...
@file(performance_statistics.tcl) 120: proc get_st_total_rt ...
@file(performance_statistics.tcl) 125: proc get_st_server ...
@file(performance_statistics.tcl) 133: proc etc_get_clock_info ...
@file(performance_statistics.tcl) 147: proc get_user_name ...
@file(performance_statistics.tcl) 152: proc get_date ...
@file(performance_statistics.tcl) 157: proc get_effort_level ...
@file(performance_statistics.tcl) 165: proc get_target_data ...
@file(performance_statistics.tcl) 177: proc create_power_metrics ...
@file(performance_statistics.tcl) 182: proc create_target_metrics ...
@file(performance_statistics.tcl) 193: create_power_metrics
#@ End verbose source /tools/cadence/GENUS/21.16/tools.lnx86/lib/etc/toolbox/performance_statistics.tcl
#@ End verbose source /tools/cadence/GENUS/21.16/tools.lnx86/lib/etc/load_etc.tcl
@file(run_all.tcl) 9: source ../../input/project_setup.tcl
Sourcing '../../input/project_setup.tcl' (Sun Mar 22 09:02:51 EDT 2026)...
#@ Begin verbose source ../../input/project_setup.tcl
@file(project_setup.tcl) 21: namespace eval gn {}	
@file(project_setup.tcl) 23: namespace eval iv {}	
@file(project_setup.tcl) 28: set gn::RTLDir		../../input/RTL/
@file(project_setup.tcl) 29: set gn::SDCDir		../../input/SDC/
@file(project_setup.tcl) 30: set gn::OutDir		../output
@file(project_setup.tcl) 31: set gn::reportDir	../report
@file(project_setup.tcl) 32: set iv::OutDir		../output
@file(project_setup.tcl) 33: set iv::reportDir	../report
@file(project_setup.tcl) 37: set gn::SYN_EFFORT	medium
@file(project_setup.tcl) 38: set gn::MAP_EFFORT	high
@file(project_setup.tcl) 39: set gn::INCR_EFFORT	high
@file(project_setup.tcl) 41: set gn::SUPPRESS_MSG	{LBR-30 LBR-31 VLOGPT-35}
@file(project_setup.tcl) 48: set TOPCELL	  systolic_array_wrapper	
@file(project_setup.tcl) 50: set gn::VERILOG_LIST	[glob ${gn::RTLDir}*.v]	
@file(project_setup.tcl) 51: set gn::SDC_LIST	[glob ${gn::SDCDir}*.sdc]
@file(project_setup.tcl) 53: set iv::node		65
@file(project_setup.tcl) 59: set iv::TEMPUS_ENGINE	1
@file(project_setup.tcl) 61: set iv::INCR_OPT	1
@file(project_setup.tcl) 63: set iv::PWR_name	DVDD
@file(project_setup.tcl) 64: set iv::GND_name	DVSS
@file(project_setup.tcl) 66: set iv::PWR_libname	VDD
@file(project_setup.tcl) 67: set iv::GND_libname	VSS
@file(project_setup.tcl) 69: set vars(fp,width)         450
@file(project_setup.tcl) 70: set vars(fp,height)         450
@file(project_setup.tcl) 71: set vars(fp,io_core_space)   27.5  
@file(project_setup.tcl) 74: set vars(ring,top_layer)        9  
@file(project_setup.tcl) 75: set vars(ring,bottom_layer)     9  
@file(project_setup.tcl) 76: set vars(ring,left_layer)       8  
@file(project_setup.tcl) 77: set vars(ring,right_layer)      8  
@file(project_setup.tcl) 79: set vars(ring,top_width)        9.06  
@file(project_setup.tcl) 80: set vars(ring,bottom_width)     9.06  
@file(project_setup.tcl) 81: set vars(ring,left_width)       9.06  
@file(project_setup.tcl) 82: set vars(ring,right_width)      9.06  
@file(project_setup.tcl) 84: set vars(ring,top_space)        4.44  
@file(project_setup.tcl) 85: set vars(ring,bottom_space)     4.44  
@file(project_setup.tcl) 86: set vars(ring,left_space)       4.44  
@file(project_setup.tcl) 87: set vars(ring,right_space)      4.44  
@file(project_setup.tcl) 89: set vars(ring,top_offset)       4.44  
@file(project_setup.tcl) 90: set vars(ring,bottom_offset)    4.44  
@file(project_setup.tcl) 91: set vars(ring,left_offset)      4.44  
@file(project_setup.tcl) 92: set vars(ring,right_offset)     4.44  
@file(project_setup.tcl) 95: set vars(stripe,dir)     vertical  
@file(project_setup.tcl) 97: set vars(stripe,space)          4.44  
@file(project_setup.tcl) 99: set vars(stripe,metal)          8  
@file(project_setup.tcl) 101: set vars(stripe,width)         9.06 
@file(project_setup.tcl) 106: set vars(stripe,setdist)	[expr { (($vars(fp,width))-$vars(stripe,width)-0.5*$vars(stripe,space)-0.5*$vars(fp,io_core_space))/5 }]
@file(project_setup.tcl) 108: set vars(cell,decaps) "DCAP64 DCAP32 DCAP16 DCAP8 DCAP4"
@file(project_setup.tcl) 109: set vars(cell,welltap) ""
@file(project_setup.tcl) 110: set vars(cell,welltap,gap) ""
@file(project_setup.tcl) 111: set vars(cell,tieHiLo) "TIEH TIEL"
@file(project_setup.tcl) 113: set vars(cell,filler) "DCAP64 DCAP32 DCAP16 DCAP8 DCAP4 FILL64 FILL32 FILL16 FILL8 FILL4 FILL2 FILL1"
@file(project_setup.tcl) 115: set vars(cell,filler_nosch) "FILL64 FILL32 FILL16 FILL8 FILL4 FILL2 FILL1"
@file(project_setup.tcl) 116: set vars(cell,antenna) "ANTENNA"
@file(project_setup.tcl) 118: set iv::TMRDIST		25
@file(project_setup.tcl) 120: set iv::data_bottom_routing_layer	1
@file(project_setup.tcl) 121: set iv::data_top_routing_layer		9
@file(project_setup.tcl) 125: set vars(cell,clk_bufs) {CKBD1 CKBD12 CKBD16 CKBD2 CKBD20 CKBD24 CKBD3 CKBD4 CKBD6 CKBD8}
@file(project_setup.tcl) 126: set vars(cell,clk_invs) {CKND1 CKND12 CKND16 CKND2 CKND20 CKND24 CKND3 CKND4 CKND6 CKND8}
@file(project_setup.tcl) 127: set iv::clk_bottom_routing_layer	2
@file(project_setup.tcl) 128: set iv::clk_top_routing_layer		7
@file(project_setup.tcl) 129: set iv::clk_maxfanout			20
@file(project_setup.tcl) 130: set iv::clk_maxcap			10pf
@file(project_setup.tcl) 132: set iv::setup_target_slack		0.15
@file(project_setup.tcl) 133: set iv::hold_target_slack		0.15
@file(project_setup.tcl) 145: set PDK_PATH		"/courses/ee6350/pdk2023/T-N65-CM-SP-018-K3_MOM/Base_PDK/PDK_CRN65GP_v1.0c_official_IC61_20101010"
@file(project_setup.tcl) 146: set PDK_DIGITAL		"/courses/ee6350/pdk2023/T-N65-CM-SP-018-K3_MOM/digital"
@file(project_setup.tcl) 149: set gn::NLDMLIB		[list "$PDK_DIGITAL/Front_End/timing_power_noise/NLDM/tcbn65gplus_200a/tcbn65gpluswc.lib"]
@file(project_setup.tcl) 157: set iv::OALIB		[list "tcbn65gplus_oalib" ]
@file(project_setup.tcl) 159: set iv::OATECH		"tcbn65gplus_oalib"
@file(project_setup.tcl) 161: set iv::OAPHYS		"tcbn65gplus"
@file(project_setup.tcl) 163: set iv::OAPHYSTECH		"tsmcN65"
@file(project_setup.tcl) 165: set iv::VERILOG_SUBCKT  "$PDK_DIGITAL/Front_End/verilog/tcbn65gplus_200a/tcbn65gplus_pwr.v"
@file(project_setup.tcl) 167: set iv::SPICE_SUBCKT    "$PDK_DIGITAL/Back_End/spice/tcbn65gplus_200a/tcbn65gplus_200a.spi"
#@ End verbose source ../../input/project_setup.tcl
@file(run_all.tcl) 14: source ../scripts/1_elaborate.tcl
Sourcing '../scripts/1_elaborate.tcl' (Sun Mar 22 09:02:51 EDT 2026)...
#@ Begin verbose source ../scripts/1_elaborate.tcl
@file(1_elaborate.tcl) 10: set_db max_cpus_per_server 8
  Setting attribute of root '/': 'max_cpus_per_server' = 8
@file(1_elaborate.tcl) 11: set_db super_thread_servers "localhost"
  Setting attribute of root '/': 'super_thread_servers' = localhost
@file(1_elaborate.tcl) 12: set_db map_fancy_names 1
  Setting attribute of root '/': 'map_fancy_names' = 1
@file(1_elaborate.tcl) 13: set_db information_level 9
  Setting attribute of root '/': 'information_level' = 9
@file(1_elaborate.tcl) 14: set_db hdl_max_loop_limit 1024
  Setting attribute of root '/': 'hdl_max_loop_limit' = 1024
@file(1_elaborate.tcl) 15: set_db hdl_unconnected_value none
  Setting attribute of root '/': 'hdl_unconnected_value' = none
@file(1_elaborate.tcl) 16: set_db hdl_reg_naming_style %s_reg%s
  Setting attribute of root '/': 'hdl_reg_naming_style' = %s_reg%s
@file(1_elaborate.tcl) 17: set_db iopt_force_constant_removal true
  Setting attribute of root '/': 'iopt_force_constant_removal' = true
@file(1_elaborate.tcl) 18: set_db use_scan_seqs_for_non_dft false
  Setting attribute of root '/': 'use_scan_seqs_for_non_dft' = false
@file(1_elaborate.tcl) 19: suppress_messages $gn::SUPPRESS_MSG
  Setting attribute of message 'LBR-30': 'max_print' = 0
  Setting attribute of message 'LBR-31': 'max_print' = 0
  Setting attribute of message 'VLOGPT-35': 'max_print' = 0
@file(1_elaborate.tcl) 20: set_db shrink_factor 1.0
  Setting attribute of root '/': 'shrink_factor' = 1.0
@file(1_elaborate.tcl) 27: set_db init_lib_search_path $PDK_PATH
  Setting attribute of root '/': 'init_lib_search_path' = /courses/ee6350/pdk2023/T-N65-CM-SP-018-K3_MOM/Base_PDK/PDK_CRN65GP_v1.0c_official_IC61_20101010
@file(1_elaborate.tcl) 28: set_db init_hdl_search_path $gn::RTLDir
  Setting attribute of root '/': 'init_hdl_search_path' = ../../input/RTL/
@file(1_elaborate.tcl) 34: set_db library $gn::NLDMLIB

Threads Configured:3
Info    : An unsupported construct was detected in this library. [LBR-40]
        : Unknown Liberty attribute 'library_features' encountered. Ignoring (File /courses/ee6350/pdk2023/T-N65-CM-SP-018-K3_MOM/digital/Front_End/timing_power_noise/NLDM/tcbn65gplus_200a/tcbn65gpluswc.lib, Line 69)
        : Check to see if this construct is really needed for synthesis. Many liberty constructs are not actually required.
Info    : Missing a function attribute in the output pin definition. [LBR-518]
        : Functionality is missing at pin 'Z' for the cell 'BHD'. (File /courses/ee6350/pdk2023/T-N65-CM-SP-018-K3_MOM/digital/Front_End/timing_power_noise/NLDM/tcbn65gplus_200a/tcbn65gpluswc.lib, Line 199625)

  Message Summary for Library tcbn65gpluswc.lib:
  **********************************************
  Missing a function attribute in the output pin definition. [LBR-518]: 1
  An unsupported construct was detected in this library. [LBR-40]: 1
  **********************************************
 
            Reading file '/courses/ee6350/pdk2023/T-N65-CM-SP-018-K3_MOM/digital/Front_End/timing_power_noise/NLDM/tcbn65gplus_200a/tcbn65gpluswc.lib'
Info    : Created nominal operating condition. [LBR-412]
        : Operating condition '_nominal_' was created for the PVT values (1.000000, 0.900000, 125.000000) in library 'tcbn65gpluswc.lib'.
        : The nominal operating condition is represented, either by the nominal PVT values specified in the library source (via nom_process,nom_voltage and nom_temperature respectively), or by the default PVT values (1.0,1.0,1.0).
Warning : Library cell has no output pins defined. [LBR-9]
        : Library cell 'ANTENNA' must have an output pin.
        : Add the missing output pin(s), then reload the library. Else the library cell will be marked as timing model i.e. unusable. Timing_model means that the cell does not have any defined function. If there is no output pin, Genus will mark library cell as unusable i.e. the attribute 'usable' will be marked to 'false' on the libcell. Therefore, the cell is not used for mapping and it will not be picked up from the library for synthesis. If you query the attribute 'unusable_reason' on the libcell; result will be: 'Library cell has no output pins.'Note: The message LBR-9 is only for the logical pins and not for the power_ground pins. Genus will depend upon the output function defined in the pin group (output pin) of the cell, to use it for mapping. The pg_pin will not have any function defined.
Warning : Library cell has no output pins defined. [LBR-9]
        : Library cell 'ANTENNA' must have an output pin.
Info    : An output library pin lacks a function attribute. [LBR-41]
        : Output pin 'BHD/Z' has no function.
        : If the remainder of this library cell's semantic checks are successful, it will be considered as a timing-model (because one of its outputs does not have a valid function.
Warning : Unusable clock gating integrated cell found at the time of loading libraries. This warning happens because a particular library cell is defined as 'clock_gating_integrated_cell', but 'dont_use' attribute is defined as true in the liberty library. To make Genus use this cell for clock gating insertion, 'dont_use' attribute should be set to false. [LBR-101]
        : Clock gating integrated cell name: 'CKLHQD20'
        : To make the cell usable, change the value of 'dont_use' attribute to false.
Warning : Unusable clock gating integrated cell found at the time of loading libraries. This warning happens because a particular library cell is defined as 'clock_gating_integrated_cell', but 'dont_use' attribute is defined as true in the liberty library. To make Genus use this cell for clock gating insertion, 'dont_use' attribute should be set to false. [LBR-101]
        : Clock gating integrated cell name: 'CKLHQD24'
Warning : Unusable clock gating integrated cell found at the time of loading libraries. This warning happens because a particular library cell is defined as 'clock_gating_integrated_cell', but 'dont_use' attribute is defined as true in the liberty library. To make Genus use this cell for clock gating insertion, 'dont_use' attribute should be set to false. [LBR-101]
        : Clock gating integrated cell name: 'CKLNQD20'
Warning : Unusable clock gating integrated cell found at the time of loading libraries. This warning happens because a particular library cell is defined as 'clock_gating_integrated_cell', but 'dont_use' attribute is defined as true in the liberty library. To make Genus use this cell for clock gating insertion, 'dont_use' attribute should be set to false. [LBR-101]
        : Clock gating integrated cell name: 'CKLNQD24'
Warning : Library cell has no output pins defined. [LBR-9]
        : Library cell 'DCAP' must have an output pin.
Warning : Library cell has no output pins defined. [LBR-9]
        : Library cell 'DCAP' must have an output pin.
Warning : Library cell has no output pins defined. [LBR-9]
        : Library cell 'DCAP16' must have an output pin.
Warning : Library cell has no output pins defined. [LBR-9]
        : Library cell 'DCAP16' must have an output pin.
Warning : Library cell has no output pins defined. [LBR-9]
        : Library cell 'DCAP32' must have an output pin.
Warning : Library cell has no output pins defined. [LBR-9]
        : Library cell 'DCAP32' must have an output pin.
Warning : Library cell has no output pins defined. [LBR-9]
        : Library cell 'DCAP4' must have an output pin.
Warning : Library cell has no output pins defined. [LBR-9]
        : Library cell 'DCAP4' must have an output pin.
Warning : Library cell has no output pins defined. [LBR-9]
        : Library cell 'DCAP64' must have an output pin.
Warning : Library cell has no output pins defined. [LBR-9]
        : Library cell 'DCAP64' must have an output pin.
Warning : Library cell has no output pins defined. [LBR-9]
        : Library cell 'DCAP8' must have an output pin.
Warning : Library cell has no output pins defined. [LBR-9]
        : Library cell 'DCAP8' must have an output pin.
Warning : Library cell has no output pins defined. [LBR-9]
        : Library cell 'GDCAP' must have an output pin.
Warning : Library cell has no output pins defined. [LBR-9]
        : Library cell 'GDCAP' must have an output pin.
Warning : Library cell has no output pins defined. [LBR-9]
        : Library cell 'GDCAP10' must have an output pin.
Warning : Library cell has no output pins defined. [LBR-9]
        : Library cell 'GDCAP10' must have an output pin.
Warning : Library cell has no output pins defined. [LBR-9]
        : Library cell 'GDCAP2' must have an output pin.
Warning : Library cell has no output pins defined. [LBR-9]
        : Library cell 'GDCAP2' must have an output pin.
Warning : Maximum message print count reached. [MESG-11]
        : Maximum print count of '20' reached for message 'LBR-9'.
  Setting attribute of root '/': 'library' = /courses/ee6350/pdk2023/T-N65-CM-SP-018-K3_MOM/digital/Front_End/timing_power_noise/NLDM/tcbn65gplus_200a/tcbn65gpluswc.lib
@file(1_elaborate.tcl) 36: set_db lp_insert_clock_gating false
  Setting attribute of root '/': 'lp_insert_clock_gating' = false
@file(1_elaborate.tcl) 37: set_db lp_clock_gating_prefix lpg
  Setting attribute of root '/': 'lp_clock_gating_prefix' = lpg
@file(1_elaborate.tcl) 38: set_db hdl_track_filename_row_col true
Info   : Enabled hdl_track_filename_row_col attribute.
       : Setting this attribute to 'true' can have an impact on the run time. Use this attribute only when filename, line number, and column information are needed in reports.
  Setting attribute of root '/': 'hdl_track_filename_row_col' = true
@file(1_elaborate.tcl) 39: set_db leakage_power_effort low
Warning : This attribute will be obsolete in a next major release. [TUI-32]
        : attribute: 'leakage_power_effort', object type: 'root'
        : This attribute is obsolete. Use design_power_effort attribute instead.
  Setting attribute of root '/': 'leakage_power_effort' = low
@file(1_elaborate.tcl) 44: set_db hdl_language v2001
  Setting attribute of root '/': 'hdl_language' = v2001
@file(1_elaborate.tcl) 45: read_hdl $gn::VERILOG_LIST
            Reading Verilog file '../../input/RTL/../../input/RTL/ReLU_clamp.v'
            Reading Verilog file '../../input/RTL/../../input/RTL/addr_converter.v'
            Reading Verilog file '../../input/RTL/../../input/RTL/bias_adder.v'
            Reading Verilog file '../../input/RTL/../../input/RTL/input_buffer.v'
            Reading Verilog file '../../input/RTL/../../input/RTL/in_ac_mode_controller.v'
            Reading Verilog file '../../input/RTL/../../input/RTL/input_idx_controller.v'
            Reading Verilog file '../../input/RTL/../../input/RTL/input_offset_substract.v'
            Reading Verilog file '../../input/RTL/../../input/RTL/output_buffer.v'
            Reading Verilog file '../../input/RTL/../../input/RTL/out_ac_mode_controller.v'
            Reading Verilog file '../../input/RTL/../../input/RTL/output_idx_controller.v'
            Reading Verilog file '../../input/RTL/../../input/RTL/output_offset_adder.v'
            Reading Verilog file '../../input/RTL/../../input/RTL/scale_multiplier_32x16.v'
            Reading Verilog file '../../input/RTL/../../input/RTL/scale_multiplier.v'
            Reading Verilog file '../../input/RTL/../../input/RTL/sram00.v'
  initial CREN_legal = 1'b1;
        |
Warning : Ignoring unsynthesizable construct. [VLOGPT-37]
        : Initial in file '../../input/RTL/../../input/RTL/sram00.v' on line 476, column 9.
        : For example, the following constructs will be ignored:
    - initial block
    - final block
    - program block
    - property block
    - sequence block
    - covergroup
    - checker block
    - gate drive strength
    - system task enable
    - reg declaration with initial value
    - specify block.
  initial globalNotifier0 = 1'b0;
        |
Warning : Ignoring unsynthesizable construct. [VLOGPT-37]
        : Initial in file '../../input/RTL/../../input/RTL/sram00.v' on line 794, column 9.
    if ($realtime == 0) begin
                   |
Warning : Unsupported system task or function: assuming value 1'b1. [VLOGPT-31]
        : System function '$realtime' in file '../../input/RTL/../../input/RTL/sram00.v' on line 797, column 20.
        : The $signed and $unsigned system functions are always supported, and synthesizable SystemVerilog system functions are supported when SystemVerilog parsing is enabled.  No other system functions are supported.
  specify
        |
Warning : Ignoring unsynthesizable declaration. [VLOGPT-33]
        : Specify block in file '../../input/RTL/../../input/RTL/sram00.v' on line 1162, column 9.
            Reading Verilog file '../../input/RTL/../../input/RTL/sram_wrapper.v'
            Reading Verilog file '../../input/RTL/../../input/RTL/systolic_array_8x8.v'
            Reading Verilog file '../../input/RTL/../../input/RTL/systolic_array_wrapper.v'
            Reading Verilog file '../../input/RTL/../../input/RTL/tpu_core.v'
@file(1_elaborate.tcl) 50: elaborate $TOPCELL
Info    : Both 'pos_unate' and 'neg_unate' timing_sense arcs have been processed. [LBR-162]
        : Non_unate 'timing_sense' inferred between pin 'M1' and 'X2' in libcell 'BENCD1'.
        : Setting the 'timing_sense' to non_unate.
Info    : Both 'pos_unate' and 'neg_unate' timing_sense arcs have been processed. [LBR-162]
        : Non_unate 'timing_sense' inferred between pin 'M0' and 'X2' in libcell 'BENCD1'.
Info    : Both 'pos_unate' and 'neg_unate' timing_sense arcs have been processed. [LBR-162]
        : Non_unate 'timing_sense' inferred between pin 'M1' and 'X2' in libcell 'BENCD2'.
Info    : Both 'pos_unate' and 'neg_unate' timing_sense arcs have been processed. [LBR-162]
        : Non_unate 'timing_sense' inferred between pin 'M0' and 'X2' in libcell 'BENCD2'.
Info    : Both 'pos_unate' and 'neg_unate' timing_sense arcs have been processed. [LBR-162]
        : Non_unate 'timing_sense' inferred between pin 'M1' and 'X2' in libcell 'BENCD4'.
Info    : Both 'pos_unate' and 'neg_unate' timing_sense arcs have been processed. [LBR-162]
        : Non_unate 'timing_sense' inferred between pin 'M0' and 'X2' in libcell 'BENCD4'.
Info    : Both 'pos_unate' and 'neg_unate' timing_sense arcs have been processed. [LBR-162]
        : Non_unate 'timing_sense' inferred between pin 'X2' and 'PP' in libcell 'BMLD1'.
Info    : Both 'pos_unate' and 'neg_unate' timing_sense arcs have been processed. [LBR-162]
        : Non_unate 'timing_sense' inferred between pin 'M1' and 'PP' in libcell 'BMLD1'.
Info    : Both 'pos_unate' and 'neg_unate' timing_sense arcs have been processed. [LBR-162]
        : Non_unate 'timing_sense' inferred between pin 'M0' and 'PP' in libcell 'BMLD1'.
Info    : Both 'pos_unate' and 'neg_unate' timing_sense arcs have been processed. [LBR-162]
        : Non_unate 'timing_sense' inferred between pin 'X2' and 'PP' in libcell 'BMLD2'.
Info    : Both 'pos_unate' and 'neg_unate' timing_sense arcs have been processed. [LBR-162]
        : Non_unate 'timing_sense' inferred between pin 'M1' and 'PP' in libcell 'BMLD2'.
Info    : Both 'pos_unate' and 'neg_unate' timing_sense arcs have been processed. [LBR-162]
        : Non_unate 'timing_sense' inferred between pin 'M0' and 'PP' in libcell 'BMLD2'.
Info    : Both 'pos_unate' and 'neg_unate' timing_sense arcs have been processed. [LBR-162]
        : Non_unate 'timing_sense' inferred between pin 'X2' and 'PP' in libcell 'BMLD4'.
Info    : Both 'pos_unate' and 'neg_unate' timing_sense arcs have been processed. [LBR-162]
        : Non_unate 'timing_sense' inferred between pin 'M1' and 'PP' in libcell 'BMLD4'.
Info    : Both 'pos_unate' and 'neg_unate' timing_sense arcs have been processed. [LBR-162]
        : Non_unate 'timing_sense' inferred between pin 'M0' and 'PP' in libcell 'BMLD4'.
Info    : Both 'pos_unate' and 'neg_unate' timing_sense arcs have been processed. [LBR-162]
        : Non_unate 'timing_sense' inferred between pin 'S' and 'Z' in libcell 'CKMUX2D0'.
Info    : Both 'pos_unate' and 'neg_unate' timing_sense arcs have been processed. [LBR-162]
        : Non_unate 'timing_sense' inferred between pin 'S' and 'Z' in libcell 'CKMUX2D1'.
Info    : Both 'pos_unate' and 'neg_unate' timing_sense arcs have been processed. [LBR-162]
        : Non_unate 'timing_sense' inferred between pin 'S' and 'Z' in libcell 'CKMUX2D2'.
Info    : Both 'pos_unate' and 'neg_unate' timing_sense arcs have been processed. [LBR-162]
        : Non_unate 'timing_sense' inferred between pin 'S' and 'Z' in libcell 'CKMUX2D4'.
Info    : Both 'pos_unate' and 'neg_unate' timing_sense arcs have been processed. [LBR-162]
        : Non_unate 'timing_sense' inferred between pin 'A2' and 'Z' in libcell 'CKXOR2D0'.
Warning : Maximum message print count reached. [MESG-11]
        : Maximum print count of '20' reached for message 'LBR-162'.
  Library has 441 usable logic and 280 usable sequential lib-cells.
Info    : Unusable library cells found at the time of loading a library.  [LBR-415]
        : Library: 'tcbn65gpluswc.lib', Total cells: 816, Unusable cells: 77.
	List of unusable cells: 'ANTENNA BHD BUFFD20 BUFFD24 BUFTD20 BUFTD24 CKBD20 CKBD24 CKLHQD20 CKLHQD24 CKLNQD20 CKLNQD24 CKND20 CKND24 DCAP DCAP16 DCAP32 DCAP4 DCAP64 DCAP8 GAN2D1 GAN2D2 GAOI21D1 GAOI21D2 GAOI22D1 GBUFFD1 GBUFFD2 GBUFFD3 GBUFFD4 GBUFFD8 GDCAP GDCAP10 GDCAP2 GDCAP3 GDCAP4 GDFCNQD1 GDFQD1 GFILL GFILL10 GFILL2 GFILL3 GFILL4 GINVD1 GINVD2 GINVD3 GINVD4 GINVD8 GMUX2D1 GMUX2D2 GMUX2ND1 GMUX2ND2 GND2D1 GND2D2 GND2D3 GND2D4 GND3D1 GND3D2 GNR2D1 GNR2D2 GNR3D1 GNR3D2 GOAI21D1 GOAI21D2 GOR2D1 GOR2D2 GSDFCNQD1 GTIEH GTIEL GXNR2D1 GXNR2D2 GXOR2D1 GXOR2D2 INVD20 INVD24 OD18DCAP16 OD18DCAP32 OD18DCAP64 .'
        : For  more  information, refer to 'Cells Identified as Unusable' in the 'User Guide'. To know the reason why a cell is considered as unusable, check 'unusable_reason' libcell attribute.
                  INLINE_INFO: Skipping marking small hierarchies inline as the variable 'hdl_dissolve_primitive_instance_hierarchy_threshold' has not been set to a positive value.
Info    : Elaborating Design. [ELAB-1]
        : Elaborating top-level block 'systolic_array_wrapper' from file '../../input/RTL/../../input/RTL/systolic_array_wrapper.v'.
Warning : Using default parameter value for module elaboration. [CDFG-818]
        : Elaborating block 'systolic_array_wrapper' with default parameters value.
Info    : Elaborating Subdesign. [ELAB-2]
        : Elaborating block 'systolic_array_8X8' from file '../../input/RTL/../../input/RTL/systolic_array_8x8.v'.
Info    : Processing multi-dimensional arrays. [CDFG-250]
        : Variable 'matrix_mul_2D' in module 'systolic_array_8X8' in file '../../input/RTL/../../input/RTL/systolic_array_8x8.v' on line 45.
Info    : Processing multi-dimensional arrays. [CDFG-250]
        : Variable 'matrix_mul_2D_nx' in module 'systolic_array_8X8' in file '../../input/RTL/../../input/RTL/systolic_array_8x8.v' on line 46.
Info    : Processing multi-dimensional arrays. [CDFG-250]
        : Variable 'a_queue' in module 'systolic_array_8X8' in file '../../input/RTL/../../input/RTL/systolic_array_8x8.v' on line 47.
Info    : Processing multi-dimensional arrays. [CDFG-250]
        : Variable 'b_queue' in module 'systolic_array_8X8' in file '../../input/RTL/../../input/RTL/systolic_array_8x8.v' on line 48.
Info    : Processing multi-dimensional arrays. [CDFG-250]
        : Variable 'pe_out_valid' in module 'systolic_array_8X8' in file '../../input/RTL/../../input/RTL/systolic_array_8x8.v' on line 52.
Info    : Constant relational expression. [CDFG-479]
        : The '<=' operation evaluates to 'true' in file '../../input/RTL/../../input/RTL/systolic_array_8x8.v' on line 128.
        : A relational expression can evaluate to a constant when a variable is compared to a value which is outside the bounds of the variable.
Warning : Unreachable statements for case item. [CDFG-472]
        : Case item 'default' in module 'systolic_array_8X8' in file '../../input/RTL/../../input/RTL/systolic_array_8x8.v' on line 183.
Info    : Common subexpression eliminated. [CDFG-738]
        : Eliminated '%bit-concat%' in file '../../input/RTL/../../input/RTL/systolic_array_8x8.v' on line 192.
Info    : Common subexpression kept. [CDFG-739]
        : Kept '%bit-concat%' in file '../../input/RTL/../../input/RTL/systolic_array_8x8.v' on line 184.
Info    : Common subexpression eliminated. [CDFG-738]
        : Eliminated '%bit-concat%' in file '../../input/RTL/../../input/RTL/systolic_array_8x8.v' on line 193.
Info    : Common subexpression kept. [CDFG-739]
        : Kept '%bit-concat%' in file '../../input/RTL/../../input/RTL/systolic_array_8x8.v' on line 185.
Info    : Common subexpression eliminated. [CDFG-738]
        : Eliminated '%bit-concat%' in file '../../input/RTL/../../input/RTL/systolic_array_8x8.v' on line 194.
Info    : Common subexpression kept. [CDFG-739]
        : Kept '%bit-concat%' in file '../../input/RTL/../../input/RTL/systolic_array_8x8.v' on line 186.
Info    : Common subexpression eliminated. [CDFG-738]
        : Eliminated '%bit-concat%' in file '../../input/RTL/../../input/RTL/systolic_array_8x8.v' on line 195.
Info    : Common subexpression kept. [CDFG-739]
        : Kept '%bit-concat%' in file '../../input/RTL/../../input/RTL/systolic_array_8x8.v' on line 187.
Info    : Common subexpression eliminated. [CDFG-738]
        : Eliminated '%bit-concat%' in file '../../input/RTL/../../input/RTL/systolic_array_8x8.v' on line 196.
Info    : Common subexpression kept. [CDFG-739]
        : Kept '%bit-concat%' in file '../../input/RTL/../../input/RTL/systolic_array_8x8.v' on line 188.
Info    : Common subexpression eliminated. [CDFG-738]
        : Eliminated '%bit-concat%' in file '../../input/RTL/../../input/RTL/systolic_array_8x8.v' on line 197.
Info    : Common subexpression kept. [CDFG-739]
        : Kept '%bit-concat%' in file '../../input/RTL/../../input/RTL/systolic_array_8x8.v' on line 189.
Info    : Common subexpression eliminated. [CDFG-738]
        : Eliminated '%bit-concat%' in file '../../input/RTL/../../input/RTL/systolic_array_8x8.v' on line 198.
Info    : Common subexpression kept. [CDFG-739]
        : Kept '%bit-concat%' in file '../../input/RTL/../../input/RTL/systolic_array_8x8.v' on line 190.
Info    : Common subexpression eliminated. [CDFG-738]
        : Eliminated '%bit-concat%' in file '../../input/RTL/../../input/RTL/systolic_array_8x8.v' on line 199.
Info    : Common subexpression kept. [CDFG-739]
        : Kept '%bit-concat%' in file '../../input/RTL/../../input/RTL/systolic_array_8x8.v' on line 191.
Info    : Common subexpression eliminated. [CDFG-738]
        : Eliminated '-' in file '../../input/RTL/../../input/RTL/systolic_array_8x8.v' on line 128.
Info    : Common subexpression kept. [CDFG-739]
        : Kept '-' in file '../../input/RTL/../../input/RTL/systolic_array_8x8.v' on line 128.
Info    : Common subexpression eliminated. [CDFG-738]
        : Eliminated '-' in file '../../input/RTL/../../input/RTL/systolic_array_8x8.v' on line 128.
Info    : Common subexpression kept. [CDFG-739]
        : Kept '-' in file '../../input/RTL/../../input/RTL/systolic_array_8x8.v' on line 128.
Info    : Common subexpression eliminated. [CDFG-738]
        : Eliminated '-' in file '../../input/RTL/../../input/RTL/systolic_array_8x8.v' on line 128.
Info    : Common subexpression kept. [CDFG-739]
        : Kept '-' in file '../../input/RTL/../../input/RTL/systolic_array_8x8.v' on line 128.
Info    : Common subexpression eliminated. [CDFG-738]
        : Eliminated '-' in file '../../input/RTL/../../input/RTL/systolic_array_8x8.v' on line 128.
Info    : Common subexpression kept. [CDFG-739]
        : Kept '-' in file '../../input/RTL/../../input/RTL/systolic_array_8x8.v' on line 128.
Info    : Common subexpression eliminated. [CDFG-738]
        : Eliminated '-' in file '../../input/RTL/../../input/RTL/systolic_array_8x8.v' on line 128.
Info    : Common subexpression kept. [CDFG-739]
        : Kept '-' in file '../../input/RTL/../../input/RTL/systolic_array_8x8.v' on line 128.
Info    : Common subexpression eliminated. [CDFG-738]
        : Eliminated '-' in file '../../input/RTL/../../input/RTL/systolic_array_8x8.v' on line 128.
Info    : Common subexpression kept. [CDFG-739]
        : Kept '-' in file '../../input/RTL/../../input/RTL/systolic_array_8x8.v' on line 128.
Info    : Common subexpression eliminated. [CDFG-738]
        : Eliminated '-' in file '../../input/RTL/../../input/RTL/systolic_array_8x8.v' on line 128.
Info    : Common subexpression kept. [CDFG-739]
        : Kept '-' in file '../../input/RTL/../../input/RTL/systolic_array_8x8.v' on line 128.
Info    : Common subexpression eliminated. [CDFG-738]
        : Eliminated '-' in file '../../input/RTL/../../input/RTL/systolic_array_8x8.v' on line 128.
Info    : Common subexpression kept. [CDFG-739]
        : Kept '-' in file '../../input/RTL/../../input/RTL/systolic_array_8x8.v' on line 128.
Info    : Common subexpression eliminated. [CDFG-738]
        : Eliminated '-' in file '../../input/RTL/../../input/RTL/systolic_array_8x8.v' on line 128.
Info    : Common subexpression kept. [CDFG-739]
        : Kept '-' in file '../../input/RTL/../../input/RTL/systolic_array_8x8.v' on line 128.
Info    : Common subexpression eliminated. [CDFG-738]
        : Eliminated '-' in file '../../input/RTL/../../input/RTL/systolic_array_8x8.v' on line 128.
Info    : Common subexpression kept. [CDFG-739]
        : Kept '-' in file '../../input/RTL/../../input/RTL/systolic_array_8x8.v' on line 128.
Info    : Common subexpression eliminated. [CDFG-738]
        : Eliminated '-' in file '../../input/RTL/../../input/RTL/systolic_array_8x8.v' on line 128.
Info    : Common subexpression kept. [CDFG-739]
        : Kept '-' in file '../../input/RTL/../../input/RTL/systolic_array_8x8.v' on line 128.
Info    : Common subexpression eliminated. [CDFG-738]
        : Eliminated '-' in file '../../input/RTL/../../input/RTL/systolic_array_8x8.v' on line 128.
Info    : Common subexpression kept. [CDFG-739]
        : Kept '-' in file '../../input/RTL/../../input/RTL/systolic_array_8x8.v' on line 128.
Warning : Maximum message print count reached. [MESG-11]
        : Maximum print count of '20' reached for message 'CDFG-738'.
Warning : Maximum message print count reached. [MESG-11]
        : Maximum print count of '20' reached for message 'CDFG-739'.
Info    : Skipping an invalid binding for a subprogram call. [CWD-21]
        : The binding 'hdl_bind:CW/CW_mod_const/rem_63_uns' is invalid for the call to synthetic operator 'REM_UNS_IEEE_OP' (pin widths: A=16 B=16 REMAINDER=16) at line 37 in the file '../../input/RTL/../../input/RTL/systolic_array_8x8.v' because the 'avoid' attribute on the binding is set to 'true'.
Info    : Skipping an invalid binding for a subprogram call. [CWD-21]
        : The binding 'hdl_bind:CW/CW_mod_const/rem_62_uns' is invalid for the call to synthetic operator 'REM_UNS_IEEE_OP' (pin widths: A=16 B=16 REMAINDER=16) at line 37 in the file '../../input/RTL/../../input/RTL/systolic_array_8x8.v' because the 'avoid' attribute on the binding is set to 'true'.
Info    : Skipping an invalid binding for a subprogram call. [CWD-21]
        : The binding 'hdl_bind:CW/CW_mod_const/rem_61_uns' is invalid for the call to synthetic operator 'REM_UNS_IEEE_OP' (pin widths: A=16 B=16 REMAINDER=16) at line 37 in the file '../../input/RTL/../../input/RTL/systolic_array_8x8.v' because the 'avoid' attribute on the binding is set to 'true'.
Info    : Skipping an invalid binding for a subprogram call. [CWD-21]
        : The binding 'hdl_bind:CW/CW_mod_const/rem_60_uns' is invalid for the call to synthetic operator 'REM_UNS_IEEE_OP' (pin widths: A=16 B=16 REMAINDER=16) at line 37 in the file '../../input/RTL/../../input/RTL/systolic_array_8x8.v' because the 'avoid' attribute on the binding is set to 'true'.
Info    : Skipping an invalid binding for a subprogram call. [CWD-21]
        : The binding 'hdl_bind:CW/CW_mod_const/rem_59_uns' is invalid for the call to synthetic operator 'REM_UNS_IEEE_OP' (pin widths: A=16 B=16 REMAINDER=16) at line 37 in the file '../../input/RTL/../../input/RTL/systolic_array_8x8.v' because the 'avoid' attribute on the binding is set to 'true'.
Info    : Skipping an invalid binding for a subprogram call. [CWD-21]
        : The binding 'hdl_bind:CW/CW_mod_const/rem_58_uns' is invalid for the call to synthetic operator 'REM_UNS_IEEE_OP' (pin widths: A=16 B=16 REMAINDER=16) at line 37 in the file '../../input/RTL/../../input/RTL/systolic_array_8x8.v' because the 'avoid' attribute on the binding is set to 'true'.
Info    : Skipping an invalid binding for a subprogram call. [CWD-21]
        : The binding 'hdl_bind:CW/CW_mod_const/rem_57_uns' is invalid for the call to synthetic operator 'REM_UNS_IEEE_OP' (pin widths: A=16 B=16 REMAINDER=16) at line 37 in the file '../../input/RTL/../../input/RTL/systolic_array_8x8.v' because the 'avoid' attribute on the binding is set to 'true'.
Info    : Skipping an invalid binding for a subprogram call. [CWD-21]
        : The binding 'hdl_bind:CW/CW_mod_const/rem_56_uns' is invalid for the call to synthetic operator 'REM_UNS_IEEE_OP' (pin widths: A=16 B=16 REMAINDER=16) at line 37 in the file '../../input/RTL/../../input/RTL/systolic_array_8x8.v' because the 'avoid' attribute on the binding is set to 'true'.
Info    : Skipping an invalid binding for a subprogram call. [CWD-21]
        : The binding 'hdl_bind:CW/CW_mod_const/rem_55_uns' is invalid for the call to synthetic operator 'REM_UNS_IEEE_OP' (pin widths: A=16 B=16 REMAINDER=16) at line 37 in the file '../../input/RTL/../../input/RTL/systolic_array_8x8.v' because the 'avoid' attribute on the binding is set to 'true'.
Info    : Skipping an invalid binding for a subprogram call. [CWD-21]
        : The binding 'hdl_bind:CW/CW_mod_const/rem_54_uns' is invalid for the call to synthetic operator 'REM_UNS_IEEE_OP' (pin widths: A=16 B=16 REMAINDER=16) at line 37 in the file '../../input/RTL/../../input/RTL/systolic_array_8x8.v' because the 'avoid' attribute on the binding is set to 'true'.
Info    : Skipping an invalid binding for a subprogram call. [CWD-21]
        : The binding 'hdl_bind:CW/CW_mod_const/rem_53_uns' is invalid for the call to synthetic operator 'REM_UNS_IEEE_OP' (pin widths: A=16 B=16 REMAINDER=16) at line 37 in the file '../../input/RTL/../../input/RTL/systolic_array_8x8.v' because the 'avoid' attribute on the binding is set to 'true'.
Info    : Skipping an invalid binding for a subprogram call. [CWD-21]
        : The binding 'hdl_bind:CW/CW_mod_const/rem_52_uns' is invalid for the call to synthetic operator 'REM_UNS_IEEE_OP' (pin widths: A=16 B=16 REMAINDER=16) at line 37 in the file '../../input/RTL/../../input/RTL/systolic_array_8x8.v' because the 'avoid' attribute on the binding is set to 'true'.
Info    : Skipping an invalid binding for a subprogram call. [CWD-21]
        : The binding 'hdl_bind:CW/CW_mod_const/rem_51_uns' is invalid for the call to synthetic operator 'REM_UNS_IEEE_OP' (pin widths: A=16 B=16 REMAINDER=16) at line 37 in the file '../../input/RTL/../../input/RTL/systolic_array_8x8.v' because the 'avoid' attribute on the binding is set to 'true'.
Info    : Skipping an invalid binding for a subprogram call. [CWD-21]
        : The binding 'hdl_bind:CW/CW_mod_const/rem_50_uns' is invalid for the call to synthetic operator 'REM_UNS_IEEE_OP' (pin widths: A=16 B=16 REMAINDER=16) at line 37 in the file '../../input/RTL/../../input/RTL/systolic_array_8x8.v' because the 'avoid' attribute on the binding is set to 'true'.
Info    : Skipping an invalid binding for a subprogram call. [CWD-21]
        : The binding 'hdl_bind:CW/CW_mod_const/rem_49_uns' is invalid for the call to synthetic operator 'REM_UNS_IEEE_OP' (pin widths: A=16 B=16 REMAINDER=16) at line 37 in the file '../../input/RTL/../../input/RTL/systolic_array_8x8.v' because the 'avoid' attribute on the binding is set to 'true'.
Info    : Skipping an invalid binding for a subprogram call. [CWD-21]
        : The binding 'hdl_bind:CW/CW_mod_const/rem_48_uns' is invalid for the call to synthetic operator 'REM_UNS_IEEE_OP' (pin widths: A=16 B=16 REMAINDER=16) at line 37 in the file '../../input/RTL/../../input/RTL/systolic_array_8x8.v' because the 'avoid' attribute on the binding is set to 'true'.
Info    : Skipping an invalid binding for a subprogram call. [CWD-21]
        : The binding 'hdl_bind:CW/CW_mod_const/rem_47_uns' is invalid for the call to synthetic operator 'REM_UNS_IEEE_OP' (pin widths: A=16 B=16 REMAINDER=16) at line 37 in the file '../../input/RTL/../../input/RTL/systolic_array_8x8.v' because the 'avoid' attribute on the binding is set to 'true'.
Info    : Skipping an invalid binding for a subprogram call. [CWD-21]
        : The binding 'hdl_bind:CW/CW_mod_const/rem_46_uns' is invalid for the call to synthetic operator 'REM_UNS_IEEE_OP' (pin widths: A=16 B=16 REMAINDER=16) at line 37 in the file '../../input/RTL/../../input/RTL/systolic_array_8x8.v' because the 'avoid' attribute on the binding is set to 'true'.
Info    : Skipping an invalid binding for a subprogram call. [CWD-21]
        : The binding 'hdl_bind:CW/CW_mod_const/rem_45_uns' is invalid for the call to synthetic operator 'REM_UNS_IEEE_OP' (pin widths: A=16 B=16 REMAINDER=16) at line 37 in the file '../../input/RTL/../../input/RTL/systolic_array_8x8.v' because the 'avoid' attribute on the binding is set to 'true'.
Info    : Skipping an invalid binding for a subprogram call. [CWD-21]
        : The binding 'hdl_bind:CW/CW_mod_const/rem_44_uns' is invalid for the call to synthetic operator 'REM_UNS_IEEE_OP' (pin widths: A=16 B=16 REMAINDER=16) at line 37 in the file '../../input/RTL/../../input/RTL/systolic_array_8x8.v' because the 'avoid' attribute on the binding is set to 'true'.
Info    : An implementation was inferred. [CWD-19]
        : The implementation 'hdl_implementation:GB/remainder_unsigned/very_fast' was inferred through the binding 'b1' for the call to synthetic operator 'REM_UNS_IEEE_OP' (pin widths: A=16 B=16 REMAINDER=16) at line 37 in the file '../../input/RTL/../../input/RTL/systolic_array_8x8.v'.
Info    : Sorted the set of valid implementations for synthetic operator. [CWD-36]
        : The implementations for the call to synthetic operator 'REM_UNS_IEEE_OP' (pin widths: A=16 B=16 REMAINDER=16) at line 37 in the file '../../input/RTL/../../input/RTL/systolic_array_8x8.v' will be considered in the following order: {'hdl_implementation:GB/remainder_unsigned/very_fast' (priority 1), 'hdl_implementation:GB/remainder_unsigned/medium' (priority 1), 'hdl_implementation:GB/remainder_unsigned/slow' (priority 1)}
Info    : A datapath component has been ungrouped. [GB-6]
        : The instance 'rad4_suber_one' of datapath component 'sub_unsigned'.
Info    : A datapath component has been ungrouped. [GB-6]
        : The instance 'rad4_suber_two' of datapath component 'sub_unsigned_1'.
Info    : A datapath component has been ungrouped. [GB-6]
        : The instance 'rad4_suber_three' of datapath component 'sub_unsigned_2'.
Info    : A datapath component has been ungrouped. [GB-6]
        : The instance 'rad4_suber_one9' of datapath component 'sub_unsigned_3'.
Info    : A datapath component has been ungrouped. [GB-6]
        : The instance 'rad4_suber_two10' of datapath component 'sub_unsigned_4'.
Info    : A datapath component has been ungrouped. [GB-6]
        : The instance 'rad4_suber_three11' of datapath component 'sub_unsigned_5'.
Info    : A datapath component has been ungrouped. [GB-6]
        : The instance 'rad4_suber_one21' of datapath component 'sub_unsigned_7'.
Info    : A datapath component has been ungrouped. [GB-6]
        : The instance 'rad4_suber_two22' of datapath component 'sub_unsigned_8'.
Info    : A datapath component has been ungrouped. [GB-6]
        : The instance 'rad4_suber_three23' of datapath component 'sub_unsigned_9'.
Info    : A datapath component has been ungrouped. [GB-6]
        : The instance 'rad4_suber_one33' of datapath component 'sub_unsigned_11'.
Info    : A datapath component has been ungrouped. [GB-6]
        : The instance 'rad4_suber_two34' of datapath component 'sub_unsigned_12'.
Info    : A datapath component has been ungrouped. [GB-6]
        : The instance 'rad4_suber_three35' of datapath component 'sub_unsigned_13'.
Info    : A datapath component has been ungrouped. [GB-6]
        : The instance 'rad4_suber_two46' of datapath component 'sub_unsigned_16'.
Info    : An implementation was inferred. [CWD-19]
        : The implementation 'hdl_implementation:GB/remainder_unsigned/very_fast' was inferred through the binding 'b1' for the call to synthetic operator 'REM_UNS_IEEE_OP' (pin widths: A=16 B=16 REMAINDER=16) at line 38 in the file '../../input/RTL/../../input/RTL/systolic_array_8x8.v'.
Info    : Sorted the set of valid implementations for synthetic operator. [CWD-36]
        : The implementations for the call to synthetic operator 'REM_UNS_IEEE_OP' (pin widths: A=16 B=16 REMAINDER=16) at line 38 in the file '../../input/RTL/../../input/RTL/systolic_array_8x8.v' will be considered in the following order: {'hdl_implementation:GB/remainder_unsigned/very_fast' (priority 1), 'hdl_implementation:GB/remainder_unsigned/medium' (priority 1), 'hdl_implementation:GB/remainder_unsigned/slow' (priority 1)}
Info    : A datapath component has been ungrouped. [GB-6]
        : The instance 'rad4_suber_one' of datapath component 'sub_unsigned'.
Info    : A datapath component has been ungrouped. [GB-6]
        : The instance 'rad4_suber_two' of datapath component 'sub_unsigned_32'.
Info    : A datapath component has been ungrouped. [GB-6]
        : The instance 'rad4_suber_three' of datapath component 'sub_unsigned_33'.
Info    : A datapath component has been ungrouped. [GB-6]
        : The instance 'rad4_suber_one9' of datapath component 'sub_unsigned_34'.
Info    : A datapath component has been ungrouped. [GB-6]
        : The instance 'rad4_suber_two10' of datapath component 'sub_unsigned_35'.
Info    : A datapath component has been ungrouped. [GB-6]
        : The instance 'rad4_suber_three11' of datapath component 'sub_unsigned_36'.
Info    : A datapath component has been ungrouped. [GB-6]
        : The instance 'rad4_suber_one21' of datapath component 'sub_unsigned_38'.
Warning : Maximum message print count reached. [MESG-11]
        : Maximum print count of '20' reached for message 'GB-6'.
Info    : An implementation was inferred. [CWD-19]
        : The implementation 'hdl_implementation:GB/geq_unsigned/very_fast' was inferred through the binding 'b1' for the call to synthetic operator 'GEQ_UNS_OP' (pin widths: A=16 B=11 Z=1) at line 41 in the file '../../input/RTL/../../input/RTL/systolic_array_8x8.v'.
Info    : Sorted the set of valid implementations for synthetic operator. [CWD-36]
        : The implementations for the call to synthetic operator 'GEQ_UNS_OP' (pin widths: A=16 B=11 Z=1) at line 41 in the file '../../input/RTL/../../input/RTL/systolic_array_8x8.v' will be considered in the following order: {'hdl_implementation:GB/geq_unsigned/very_fast' (priority 1), 'hdl_implementation:GB/geq_unsigned/medium' (priority 1), 'hdl_implementation:GB/geq_unsigned/slow' (priority 1)}
Info    : An implementation was inferred. [CWD-19]
        : The implementation 'hdl_implementation:GB/sub_unsigned/very_fast' was inferred through the binding 'b1' for the call to synthetic operator 'SUB_UNS_OP' (pin widths: A=16 B=11 Z=16) at line 35 in the file '../../input/RTL/../../input/RTL/systolic_array_8x8.v'.
Info    : Sorted the set of valid implementations for synthetic operator. [CWD-36]
        : The implementations for the call to synthetic operator 'SUB_UNS_OP' (pin widths: A=16 B=11 Z=16) at line 35 in the file '../../input/RTL/../../input/RTL/systolic_array_8x8.v' will be considered in the following order: {'hdl_implementation:GB/sub_unsigned/very_fast' (priority 1), 'hdl_implementation:GB/sub_unsigned/medium' (priority 1), 'hdl_implementation:GB/sub_unsigned/slow' (priority 1)}
Info    : An implementation was inferred. [CWD-19]
        : The implementation 'hdl_implementation:GB/add_unsigned/very_fast' was inferred through the binding 'b1' for the call to synthetic operator 'ADD_UNS_OP' (pin widths: A=1 B=11 Z=11) at line 33 in the file '../../input/RTL/../../input/RTL/systolic_array_8x8.v'.
Info    : Sorted the set of valid implementations for synthetic operator. [CWD-36]
        : The implementations for the call to synthetic operator 'ADD_UNS_OP' (pin widths: A=1 B=11 Z=11) at line 33 in the file '../../input/RTL/../../input/RTL/systolic_array_8x8.v' will be considered in the following order: {'hdl_implementation:GB/add_unsigned/very_fast' (priority 1), 'hdl_implementation:GB/add_unsigned/medium' (priority 1), 'hdl_implementation:GB/add_unsigned/slow' (priority 1)}
Info    : An implementation was inferred. [CWD-19]
        : The implementation 'hdl_implementation:GB/equal_unsigned/very_fast' was inferred through the binding 'b1' for the call to synthetic operator 'EQ_UNS_OP' (pin widths: A=4 B=10 Z=1) at line 114 in the file '../../input/RTL/../../input/RTL/systolic_array_8x8.v'.
Info    : Sorted the set of valid implementations for synthetic operator. [CWD-36]
        : The implementations for the call to synthetic operator 'EQ_UNS_OP' (pin widths: A=4 B=10 Z=1) at line 114 in the file '../../input/RTL/../../input/RTL/systolic_array_8x8.v' will be considered in the following order: {'hdl_implementation:GB/equal_unsigned/very_fast' (priority 1)}
Info    : An implementation was inferred. [CWD-19]
        : The implementation 'hdl_implementation:GB/geq_unsigned/very_fast' was inferred through the binding 'b1' for the call to synthetic operator 'GEQ_UNS_OP' (pin widths: A=16 B=11 Z=1) at line 42 in the file '../../input/RTL/../../input/RTL/systolic_array_8x8.v'.
Info    : Sorted the set of valid implementations for synthetic operator. [CWD-36]
        : The implementations for the call to synthetic operator 'GEQ_UNS_OP' (pin widths: A=16 B=11 Z=1) at line 42 in the file '../../input/RTL/../../input/RTL/systolic_array_8x8.v' will be considered in the following order: {'hdl_implementation:GB/geq_unsigned/very_fast' (priority 1), 'hdl_implementation:GB/geq_unsigned/medium' (priority 1), 'hdl_implementation:GB/geq_unsigned/slow' (priority 1)}
Info    : An implementation was inferred. [CWD-19]
        : The implementation 'hdl_implementation:GB/sub_unsigned/very_fast' was inferred through the binding 'b1' for the call to synthetic operator 'SUB_UNS_OP' (pin widths: A=16 B=11 Z=16) at line 36 in the file '../../input/RTL/../../input/RTL/systolic_array_8x8.v'.
Info    : Sorted the set of valid implementations for synthetic operator. [CWD-36]
        : The implementations for the call to synthetic operator 'SUB_UNS_OP' (pin widths: A=16 B=11 Z=16) at line 36 in the file '../../input/RTL/../../input/RTL/systolic_array_8x8.v' will be considered in the following order: {'hdl_implementation:GB/sub_unsigned/very_fast' (priority 1), 'hdl_implementation:GB/sub_unsigned/medium' (priority 1), 'hdl_implementation:GB/sub_unsigned/slow' (priority 1)}
Info    : An implementation was inferred. [CWD-19]
        : The implementation 'hdl_implementation:GB/add_unsigned/very_fast' was inferred through the binding 'b1' for the call to synthetic operator 'ADD_UNS_OP' (pin widths: A=1 B=11 Z=11) at line 34 in the file '../../input/RTL/../../input/RTL/systolic_array_8x8.v'.
Info    : Sorted the set of valid implementations for synthetic operator. [CWD-36]
        : The implementations for the call to synthetic operator 'ADD_UNS_OP' (pin widths: A=1 B=11 Z=11) at line 34 in the file '../../input/RTL/../../input/RTL/systolic_array_8x8.v' will be considered in the following order: {'hdl_implementation:GB/add_unsigned/very_fast' (priority 1), 'hdl_implementation:GB/add_unsigned/medium' (priority 1), 'hdl_implementation:GB/add_unsigned/slow' (priority 1)}
Info    : An implementation was inferred. [CWD-19]
        : The implementation 'hdl_implementation:GB/equal_unsigned/very_fast' was inferred through the binding 'b1' for the call to synthetic operator 'EQ_UNS_OP' (pin widths: A=4 B=10 Z=1) at line 114 in the file '../../input/RTL/../../input/RTL/systolic_array_8x8.v'.
Info    : Sorted the set of valid implementations for synthetic operator. [CWD-36]
        : The implementations for the call to synthetic operator 'EQ_UNS_OP' (pin widths: A=4 B=10 Z=1) at line 114 in the file '../../input/RTL/../../input/RTL/systolic_array_8x8.v' will be considered in the following order: {'hdl_implementation:GB/equal_unsigned/very_fast' (priority 1)}
Info    : An implementation was inferred. [CWD-19]
        : The implementation 'hdl_implementation:GB/mult_signed/very_fast' was inferred through the binding 'b1' for the call to synthetic operator 'MULT_TC_OP' (pin widths: A=9 B=9 Z=18) at line 117 in the file '../../input/RTL/../../input/RTL/systolic_array_8x8.v'.
Info    : Sorted the set of valid implementations for synthetic operator. [CWD-36]
        : The implementations for the call to synthetic operator 'MULT_TC_OP' (pin widths: A=9 B=9 Z=18) at line 117 in the file '../../input/RTL/../../input/RTL/systolic_array_8x8.v' will be considered in the following order: {'hdl_implementation:GB/mult_signed/very_fast' (priority 1), 'hdl_implementation:GB/mult_signed/medium' (priority 1), 'hdl_implementation:GB/mult_signed/slow' (priority 1)}
Info    : An implementation was inferred. [CWD-19]
        : The implementation 'hdl_implementation:GB/add_signed/very_fast' was inferred through the binding 'b1' for the call to synthetic operator 'ADD_TC_OP' (pin widths: A=32 B=18 Z=32) at line 124 in the file '../../input/RTL/../../input/RTL/systolic_array_8x8.v'.
Info    : Sorted the set of valid implementations for synthetic operator. [CWD-36]
        : The implementations for the call to synthetic operator 'ADD_TC_OP' (pin widths: A=32 B=18 Z=32) at line 124 in the file '../../input/RTL/../../input/RTL/systolic_array_8x8.v' will be considered in the following order: {'hdl_implementation:GB/add_signed/very_fast' (priority 1), 'hdl_implementation:GB/add_signed/medium' (priority 1), 'hdl_implementation:GB/add_signed/slow' (priority 1)}
Info    : An implementation was inferred. [CWD-19]
        : The implementation 'hdl_implementation:GB/geq_unsigned/very_fast' was inferred through the binding 'b1' for the call to synthetic operator 'GEQ_UNS_OP' (pin widths: A=16 B=1 Z=1) at line 128 in the file '../../input/RTL/../../input/RTL/systolic_array_8x8.v'.
Info    : Sorted the set of valid implementations for synthetic operator. [CWD-36]
        : The implementations for the call to synthetic operator 'GEQ_UNS_OP' (pin widths: A=16 B=1 Z=1) at line 128 in the file '../../input/RTL/../../input/RTL/systolic_array_8x8.v' will be considered in the following order: {'hdl_implementation:GB/geq_unsigned/very_fast' (priority 1), 'hdl_implementation:GB/geq_unsigned/medium' (priority 1), 'hdl_implementation:GB/geq_unsigned/slow' (priority 1)}
Info    : An implementation was inferred. [CWD-19]
        : The implementation 'hdl_implementation:GB/leq_unsigned/very_fast' was inferred through the binding 'b1' for the call to synthetic operator 'LEQ_UNS_OP' (pin widths: A=4 B=32 Z=1) at line 128 in the file '../../input/RTL/../../input/RTL/systolic_array_8x8.v'.
Info    : Sorted the set of valid implementations for synthetic operator. [CWD-36]
        : The implementations for the call to synthetic operator 'LEQ_UNS_OP' (pin widths: A=4 B=32 Z=1) at line 128 in the file '../../input/RTL/../../input/RTL/systolic_array_8x8.v' will be considered in the following order: {'hdl_implementation:GB/leq_unsigned/very_fast' (priority 1), 'hdl_implementation:GB/leq_unsigned/medium' (priority 1), 'hdl_implementation:GB/leq_unsigned/slow' (priority 1)}
Info    : An implementation was inferred. [CWD-19]
        : The implementation 'hdl_implementation:GB/add_signed/very_fast' was inferred through the binding 'b1' for the call to synthetic operator 'ADD_TC_OP' (pin widths: A=32 B=18 Z=32) at line 134 in the file '../../input/RTL/../../input/RTL/systolic_array_8x8.v'.
Info    : Sorted the set of valid implementations for synthetic operator. [CWD-36]
        : The implementations for the call to synthetic operator 'ADD_TC_OP' (pin widths: A=32 B=18 Z=32) at line 134 in the file '../../input/RTL/../../input/RTL/systolic_array_8x8.v' will be considered in the following order: {'hdl_implementation:GB/add_signed/very_fast' (priority 1), 'hdl_implementation:GB/add_signed/medium' (priority 1), 'hdl_implementation:GB/add_signed/slow' (priority 1)}
Info    : An implementation was inferred. [CWD-19]
        : The implementation 'hdl_implementation:GB/mult_signed/very_fast' was inferred through the binding 'b1' for the call to synthetic operator 'MULT_TC_OP' (pin widths: A=9 B=9 Z=18) at line 131 in the file '../../input/RTL/../../input/RTL/systolic_array_8x8.v'.
Info    : Sorted the set of valid implementations for synthetic operator. [CWD-36]
        : The implementations for the call to synthetic operator 'MULT_TC_OP' (pin widths: A=9 B=9 Z=18) at line 131 in the file '../../input/RTL/../../input/RTL/systolic_array_8x8.v' will be considered in the following order: {'hdl_implementation:GB/mult_signed/very_fast' (priority 1), 'hdl_implementation:GB/mult_signed/medium' (priority 1), 'hdl_implementation:GB/mult_signed/slow' (priority 1)}
Info    : An implementation was inferred. [CWD-19]
        : The implementation 'hdl_implementation:GB/equal_unsigned/very_fast' was inferred through the binding 'b1' for the call to synthetic operator 'EQ_UNS_OP' (pin widths: A=4 B=10 Z=1) at line 114 in the file '../../input/RTL/../../input/RTL/systolic_array_8x8.v'.
Info    : Sorted the set of valid implementations for synthetic operator. [CWD-36]
        : The implementations for the call to synthetic operator 'EQ_UNS_OP' (pin widths: A=4 B=10 Z=1) at line 114 in the file '../../input/RTL/../../input/RTL/systolic_array_8x8.v' will be considered in the following order: {'hdl_implementation:GB/equal_unsigned/very_fast' (priority 1)}
Info    : An implementation was inferred. [CWD-19]
        : The implementation 'hdl_implementation:GB/equal_unsigned/very_fast' was inferred through the binding 'b1' for the call to synthetic operator 'EQ_UNS_OP' (pin widths: A=4 B=10 Z=1) at line 114 in the file '../../input/RTL/../../input/RTL/systolic_array_8x8.v'.
Info    : Sorted the set of valid implementations for synthetic operator. [CWD-36]
        : The implementations for the call to synthetic operator 'EQ_UNS_OP' (pin widths: A=4 B=10 Z=1) at line 114 in the file '../../input/RTL/../../input/RTL/systolic_array_8x8.v' will be considered in the following order: {'hdl_implementation:GB/equal_unsigned/very_fast' (priority 1)}
Info    : An implementation was inferred. [CWD-19]
        : The implementation 'hdl_implementation:GB/mult_signed/very_fast' was inferred through the binding 'b1' for the call to synthetic operator 'MULT_TC_OP' (pin widths: A=9 B=9 Z=18) at line 117 in the file '../../input/RTL/../../input/RTL/systolic_array_8x8.v'.
Info    : Sorted the set of valid implementations for synthetic operator. [CWD-36]
        : The implementations for the call to synthetic operator 'MULT_TC_OP' (pin widths: A=9 B=9 Z=18) at line 117 in the file '../../input/RTL/../../input/RTL/systolic_array_8x8.v' will be considered in the following order: {'hdl_implementation:GB/mult_signed/very_fast' (priority 1), 'hdl_implementation:GB/mult_signed/medium' (priority 1), 'hdl_implementation:GB/mult_signed/slow' (priority 1)}
Info    : An implementation was inferred. [CWD-19]
        : The implementation 'hdl_implementation:GB/add_signed/very_fast' was inferred through the binding 'b1' for the call to synthetic operator 'ADD_TC_OP' (pin widths: A=32 B=18 Z=32) at line 124 in the file '../../input/RTL/../../input/RTL/systolic_array_8x8.v'.
Info    : Sorted the set of valid implementations for synthetic operator. [CWD-36]
        : The implementations for the call to synthetic operator 'ADD_TC_OP' (pin widths: A=32 B=18 Z=32) at line 124 in the file '../../input/RTL/../../input/RTL/systolic_array_8x8.v' will be considered in the following order: {'hdl_implementation:GB/add_signed/very_fast' (priority 1), 'hdl_implementation:GB/add_signed/medium' (priority 1), 'hdl_implementation:GB/add_signed/slow' (priority 1)}
Warning : Maximum message print count reached. [MESG-11]
        : Maximum print count of '20' reached for message 'CWD-19'.
Info    : Elaborating Subdesign. [ELAB-2]
        : Elaborating block 'input_offset_substract' from file '../../input/RTL/../../input/RTL/input_offset_substract.v'.
Info    : Elaborating Subdesign. [ELAB-2]
        : Elaborating block 'input_buffer' from file '../../input/RTL/../../input/RTL/input_buffer.v'.
Info    : Processing multi-dimensional arrays. [CDFG-250]
        : Variable 'pipe_2' in module 'input_buffer' in file '../../input/RTL/../../input/RTL/input_buffer.v' on line 17.
Info    : Processing multi-dimensional arrays. [CDFG-250]
        : Variable 'pipe_3' in module 'input_buffer' in file '../../input/RTL/../../input/RTL/input_buffer.v' on line 18.
Info    : Processing multi-dimensional arrays. [CDFG-250]
        : Variable 'pipe_4' in module 'input_buffer' in file '../../input/RTL/../../input/RTL/input_buffer.v' on line 19.
Info    : Processing multi-dimensional arrays. [CDFG-250]
        : Variable 'pipe_5' in module 'input_buffer' in file '../../input/RTL/../../input/RTL/input_buffer.v' on line 20.
Info    : Processing multi-dimensional arrays. [CDFG-250]
        : Variable 'pipe_6' in module 'input_buffer' in file '../../input/RTL/../../input/RTL/input_buffer.v' on line 21.
Info    : Processing multi-dimensional arrays. [CDFG-250]
        : Variable 'pipe_7' in module 'input_buffer' in file '../../input/RTL/../../input/RTL/input_buffer.v' on line 22.
Info    : Elaborating Subdesign. [ELAB-2]
        : Elaborating block 'output_buffer' from file '../../input/RTL/../../input/RTL/output_buffer.v'.
Info    : Processing multi-dimensional arrays. [CDFG-250]
        : Variable 'pipe_0' in module 'output_buffer' in file '../../input/RTL/../../input/RTL/output_buffer.v' on line 20.
Info    : Processing multi-dimensional arrays. [CDFG-250]
        : Variable 'pipe_1' in module 'output_buffer' in file '../../input/RTL/../../input/RTL/output_buffer.v' on line 21.
Info    : Processing multi-dimensional arrays. [CDFG-250]
        : Variable 'pipe_2' in module 'output_buffer' in file '../../input/RTL/../../input/RTL/output_buffer.v' on line 22.
Info    : Processing multi-dimensional arrays. [CDFG-250]
        : Variable 'pipe_3' in module 'output_buffer' in file '../../input/RTL/../../input/RTL/output_buffer.v' on line 23.
Info    : Processing multi-dimensional arrays. [CDFG-250]
        : Variable 'pipe_4' in module 'output_buffer' in file '../../input/RTL/../../input/RTL/output_buffer.v' on line 24.
Info    : Processing multi-dimensional arrays. [CDFG-250]
        : Variable 'pipe_5' in module 'output_buffer' in file '../../input/RTL/../../input/RTL/output_buffer.v' on line 25.
Info    : Processing multi-dimensional arrays. [CDFG-250]
        : Variable 'out_valid_pipe' in module 'output_buffer' in file '../../input/RTL/../../input/RTL/output_buffer.v' on line 28.
Info    : Done Elaborating Design. [ELAB-3]
        : Done elaborating 'systolic_array_wrapper'.
Checking for analog nets...
Check completed for analog nets.
Checking for source RTL...
Check completed for source RTL.
Running Unified Mux Engine Tricks...
Completed Unified Mux Engine Tricks

Stage: post_elab
--------------------------------------------------------
| Trick             | Accepts | Rejects | Runtime (ms) | 
--------------------------------------------------------
| ume_constant_bmux |       0 |       0 |         0.00 | 
--------------------------------------------------------
Starting clip mux common data inputs [v1.0] (stage: post_elab, startdef: systolic_array_wrapper, recur: true)
Completed clip mux common data inputs (accepts: 0, rejects: 0, runtime: 0.002s)
Starting clip the non-user hierarchies [v2.0] (stage: post_elab, startdef: systolic_array_wrapper, recur: true)
Completed clip the non-user hierarchies (accepts: 0, rejects: 0, runtime: 0.000s)

Stage: post_elab
---------------------------------------------------------
| Transform          | Accepts | Rejects | Runtime (ms) | 
---------------------------------------------------------
| hlo_clip_mux_input |       0 |       0 |         2.00 | 
| hlo_clip           |       0 |       0 |         0.00 | 
---------------------------------------------------------
        Applying wireload models.
        Computing net loads.
UM:   flow.cputime  flow.realtime  timing.setup.tns  timing.setup.wns  snapshot
UM:*                                                                   elaborate
@file(1_elaborate.tcl) 56: create_mode -default -name default_mode -design $TOPCELL
@file(1_elaborate.tcl) 59: foreach gn::SDC_FILE $gn::SDC_LIST {
    read_sdc [file join $gn::SDCDir $gn::SDC_FILE] -mode default_mode
}
Statistics for commands executed by read_sdc:
 "all_clocks"               - successful      2 , failed      0 (runtime  0.00)
 "all_inputs"               - successful      1 , failed      0 (runtime  0.00)
 "all_outputs"              - successful      2 , failed      0 (runtime  0.00)
 "create_clock"             - successful      1 , failed      0 (runtime  0.00)
 "current_design"           - successful      1 , failed      0 (runtime  0.00)
 "get_ports"                - successful      3 , failed      0 (runtime  0.00)
 "remove_from_collection"   - successful      1 , failed      0 (runtime  0.00)
 "set_clock_transition"     - successful      1 , failed      0 (runtime  0.00)
 "set_clock_uncertainty"    - successful      1 , failed      0 (runtime  0.00)
 "set_input_delay"          - successful      2 , failed      0 (runtime  0.00)
 "set_load"                 - successful      1 , failed      0 (runtime  0.00)
 "set_output_delay"         - successful      2 , failed      0 (runtime  0.00)
read_sdc completed in 00:00:01 (hh:mm:ss)
@file(1_elaborate.tcl) 63: report_timing -lint
        Applying wireload models.
        Computing net loads.
        Tracing clock networks.
Info    : Multimode clock gating check is disabled. [TIM-1000]
        Levelizing the circuit.
        Computing delays.
        Computing arrivals and requireds.
Info    : Timing analysis will be done for this view. [TUI-744]
        : View is 'analysis_view:systolic_array_wrapper/default_mode'.
        : Worst paths will be shown in this view.
============================================================
  Generated by:           Genus(TM) Synthesis Solution 21.16-s062_1
  Generated on:           Mar 22 2026  09:03:04 am
  Module:                 systolic_array_wrapper
  Technology library:     tcbn65gpluswc 200
  Operating conditions:   WCCOM (balanced_tree)
  Wireload mode:          segmented
  Area mode:              timing library
============================================================

-------------------------------------------------------------------------------
Inputs without external driver/transition

The following primary inputs have no external driver or input transition set.   
As a result the transition on the ports will be assumed as zero. The            
'external_driver' attribute is used to add and external driver or the           
'fixed_slew' attribute to add an external transition.                           

port:systolic_array_wrapper/all_input_are_fed
port:systolic_array_wrapper/alu_start
port:systolic_array_wrapper/keep_pe_value
  ... 151 other warnings in this category.
 Use the -verbose option for more details.
-------------------------------------------------------------------------------


Lint summary
 Unconnected/logic driven clocks                                  0
 Sequential data pins driven by a clock signal                    0
 Sequential clock pins without clock waveform                     0
 Sequential clock pins with multiple clock waveforms              0
 Generated clocks without clock waveform                          0
 Generated clocks with incompatible options                       0
 Generated clocks with multi-master clock                         0
 Paths constrained with different clocks                          0
 Loop-breaking cells for combinational feedback                   0
 Nets with multiple drivers                                       0
 Timing exceptions with no effect                                 0
 Suspicious multi_cycle exceptions                                0
 Pins/ports with conflicting case constants                       0
 Inputs without clocked external delays                           0
 Outputs without clocked external delays                          0
 Inputs without external driver/transition                      154
 Outputs without external load                                    0
 Exceptions with invalid timing start-/endpoints                  0

                                                  Total:        154

@file(1_elaborate.tcl) 68: define_cost_group -name I2C
@file(1_elaborate.tcl) 69: define_cost_group -name C2O
@file(1_elaborate.tcl) 70: define_cost_group -name I2O
@file(1_elaborate.tcl) 71: define_cost_group -name C2C
@file(1_elaborate.tcl) 72: path_group -from [all des seqs] -to [all_outputs] -group C2O -name C2O -mode default_mode
@file(1_elaborate.tcl) 73: path_group -from [all_inputs] -to [all des seqs] -group I2C -name I2C -mode default_mode
@file(1_elaborate.tcl) 74: path_group -from [all_inputs] -to [all_outputs] -group I2O -name I2O -mode default_mode
@file(1_elaborate.tcl) 75: path_group -from [all des seqs] -to [all des seqs] -group C2C -name C2C -mode default_mode
@file(1_elaborate.tcl) 82: set gn::XCEP [vfind /designs* -exception *]
@file(1_elaborate.tcl) 83: puts "\nGN INFO: Total numbers of exceptions: [llength $gn::XCEP]\n"

GN INFO: Total numbers of exceptions: 5

@file(1_elaborate.tcl) 84: catch {open $gn::reportDir/initial.all_exception.rpt "w"} gn::FXCEP
@file(1_elaborate.tcl) 85: puts $gn::FXCEP "Total numbers of exceptions: [llength $gn::XCEP]\n"
@file(1_elaborate.tcl) 86: foreach gn::X $gn::XCEP {
  puts $gn::FXCEP $gn::X
}
@file(1_elaborate.tcl) 89: close $gn::FXCEP
@file(1_elaborate.tcl) 92: report_design > $gn::reportDir/initial.design.rpt
@file(1_elaborate.tcl) 95: report_gates > $gn::reportDir/initial.gate.rpt
@file(1_elaborate.tcl) 98: report_area > $gn::reportDir/initial.area.rpt
Warning : The details given in report might be incorrect or incomplete. [RPT-80]
        : The design design:systolic_array_wrapper should be mapped to get accurate area details.
        : Map the design using syn_map before using the '-detail' option of the 'report_area' command.
@file(1_elaborate.tcl) 101: report_timing > $gn::reportDir/initial.timing.rpt
@file(1_elaborate.tcl) 104: report_timing -endpoints > $gn::reportDir/initial.timing_ep.rpt
@file(1_elaborate.tcl) 105: report_timing -max_slack 0.1 > $gn::reportDir/initial.timing_marginalviol.rpt
@file(1_elaborate.tcl) 106: report_timing -from [all_inputs] > $gn::reportDir/initial.timing_in.rpt
@file(1_elaborate.tcl) 107: report_timing -from [all_inputs] -unconstrained > $gn::reportDir/initial.timing_in_uc.rpt
@file(1_elaborate.tcl) 108: report_timing -to   [all_outputs] > $gn::reportDir/initial.timing_out.rpt
@file(1_elaborate.tcl) 109: report_timing -to   [all_outputs] -unconstrained > $gn::reportDir/initial.timing_out_uc.rpt
@file(1_elaborate.tcl) 110: report_timing_summary > $gn::reportDir/initial.timingsummary.rpt
@file(1_elaborate.tcl) 112: set gn::CNT 1
@file(1_elaborate.tcl) 113: foreach gn::CLK [vfind /designs* -clock *] {
  exec echo "####################" > $gn::reportDir/initial.timing.clk$gn::CNT
  exec echo "# from clock: $gn::CLK" >> $gn::reportDir/initial.timing.clk$gn::CNT
  exec echo "# to clock: $gn::CLK" >> $gn::reportDir/initial.timing.clk$gn::CNT
  exec echo "####################" >> $gn::reportDir/initial.timing.clk$gn::CNT
  report_timing -from $gn::CLK -to $gn::CLK >> $gn::reportDir/initial.timing_clk$gn::CNT.rpt
  incr gn::CNT
}
@file(1_elaborate.tcl) 123: puts "\nGN INFO: Reporting Initial QoR below...\n"

GN INFO: Reporting Initial QoR below...

@file(1_elaborate.tcl) 124: redirect -tee $gn::reportDir/initial.qor.rpt {report_qor}
============================================================
  Generated by:           Genus(TM) Synthesis Solution 21.16-s062_1
  Generated on:           Mar 22 2026  09:03:10 am
  Module:                 systolic_array_wrapper
  Operating conditions:   WCCOM (balanced_tree)
  Wireload mode:          segmented
  Area mode:              timing library
============================================================

Timing
--------

Analysis view Clock  Period 
----------------------------
default_mode  clk   20000.0 


  Analysis     Cost   Critical        Violating 
    View      Group  Path Slack  TNS    Paths   
------------------------------------------------
default_mode     C2C    16130.0  0.0          0 
                 C2O    11296.2  0.0          0 
                 clk   No paths  0.0          0 
             default   No paths  0.0          0 
                 I2C    15815.2  0.0          0 
                 I2O    10981.4  0.0          0 
------------------------------------------------
Total                           -0.0          0 
                                                

Instance Count
--------------
Leaf Instance Count             150389 
Physical Instance count              0 
Sequential Instance Count         4628 
Combinational Instance Count    145761 
Hierarchical Instance Count        732 
Warning : Performing RTL power analysis without power models. [PA-19]
        : Design design:systolic_array_wrapper has not been generic synthesized.
        : For more accurate results, perform RTL power analysis using detailed power models after 'syn_gen' step followed by the 'build_rtl_power_models' command.
For more accurate power reporting use build_rtl_power_models after generic synthesis.
Warning : Duplicate when conditions found. [LBR-96]
        : Overwriting the old leakage_power value for the when condition (((I) & (!(OE))) & (!(Z))) with the new value for the when condition (((!(I)) & (!(OE))) & (Z)) for cell BUFTD16.
        : Ignoring the earlier when conditions and using the latest condition.
Warning : Duplicate when conditions found. [LBR-96]
        : Overwriting the old leakage_power value for the when condition (((I) & (!(OE))) & (!(Z))) with the new value for the when condition (((!(I)) & (!(OE))) & (Z)) for cell BUFTD12.
Warning : Duplicate when conditions found. [LBR-96]
        : Overwriting the old leakage_power value for the when condition (((I) & (!(OE))) & (!(Z))) with the new value for the when condition (((!(I)) & (!(OE))) & (Z)) for cell BUFTD6.
Warning : Duplicate when conditions found. [LBR-96]
        : Overwriting the old leakage_power value for the when condition (((I) & (!(OE))) & (!(Z))) with the new value for the when condition (((!(I)) & (!(OE))) & (Z)) for cell BUFTD8.
Warning : Duplicate when conditions found. [LBR-96]
        : Overwriting the old leakage_power value for the when condition (((I) & (!(OE))) & (!(Z))) with the new value for the when condition (((!(I)) & (!(OE))) & (Z)) for cell BUFTD1.
Warning : Duplicate when conditions found. [LBR-96]
        : Overwriting the old leakage_power value for the when condition (((I) & (!(OE))) & (!(Z))) with the new value for the when condition (((!(I)) & (!(OE))) & (Z)) for cell BUFTD3.
Warning : Duplicate when conditions found. [LBR-96]
        : Overwriting the old leakage_power value for the when condition (((I) & (!(OE))) & (!(Z))) with the new value for the when condition (((!(I)) & (!(OE))) & (Z)) for cell BUFTD4.
Warning : Duplicate when conditions found. [LBR-96]
        : Overwriting the old leakage_power value for the when condition (((I) & (!(OE))) & (!(Z))) with the new value for the when condition (((!(I)) & (!(OE))) & (Z)) for cell BUFTD2.
Warning : Duplicate when conditions found. [LBR-96]
        : Overwriting the old leakage_power value for the when condition (((I) & (!(OE))) & (!(Z))) with the new value for the when condition (((!(I)) & (!(OE))) & (Z)) for cell BUFTD0.

Area
----
Cell Area                          537240.608
Physical Cell Area                 0.000
Total Cell Area (Cell+Physical)    537240.608
Net Area                           0.000
Total Area (Cell+Physical+Net)     537240.608

Power
-----
Leakage Power                      1549765.502 nW
Dynamic Power                      7853490.861 nW
Total Power                        9403256.362 nW

Max Fanout                         5461 (alu_start)
Min Fanout                         0 (n_599)
Average Fanout                     2.0
Terms to net ratio                 2.9116
Terms to instance ratio            3.1441
Runtime                            33.372218 seconds
Elapsed Runtime                    35 seconds
Genus peak memory usage            1591.15 
Innovus peak memory usage          no_value 
Hostname                           cadpc19.ee.columbia.edu
@file(1_elaborate.tcl) 125: puts "\nEC INFO: Reporting Initial Summary below...\n"

EC INFO: Reporting Initial Summary below...

@file(1_elaborate.tcl) 126: redirect -tee $gn::reportDir/initial.summary.rpt {report summary}
============================================================
  Generated by:           Genus(TM) Synthesis Solution 21.16-s062_1
  Generated on:           Mar 22 2026  09:03:19 am
  Module:                 systolic_array_wrapper
  Operating conditions:   WCCOM (balanced_tree)
  Wireload mode:          segmented
  Area mode:              timing library
============================================================

	Timing
	------
 Endpoint  Slack  Cost Group      Mode      
--------------------------------------------
out_ready   10981        I2O   default_mode 
	Area
	----

       Instance        Module  Cell Count  Cell Area  Net Area   Total Area      Wireload     
----------------------------------------------------------------------------------------------
systolic_array_wrapper             150389 537240.608     0.000   537240.608 ZeroWireload (S)  
  (S) = wireload was automatically selected

	Design Rule Check
	-----------------

Max_transition design rule: no violations.

Max_capacitance design rule: no violations.



@file(1_elaborate.tcl) 128: report_timing -lint
Info    : Timing analysis will be done for this view. [TUI-744]
        : View is 'analysis_view:systolic_array_wrapper/default_mode'.
============================================================
  Generated by:           Genus(TM) Synthesis Solution 21.16-s062_1
  Generated on:           Mar 22 2026  09:03:19 am
  Module:                 systolic_array_wrapper
  Operating conditions:   WCCOM (balanced_tree)
  Wireload mode:          segmented
  Area mode:              timing library
============================================================

-------------------------------------------------------------------------------
Timing exceptions with no effect

The following timing exceptions are not currently affecting timing in the       
design in mode 'default_mode'.  Either no paths in the design satisfy the       
exception's path specification, or all paths that satisfy the path              
specification also satisfy an exception with a higher priority.  You can        
improve runtime and memory usage by removing these exceptions if they are not   
truly needed.  To see if there is a path in the design that satisfies the path  
specification for an exception, or to see what other exception is overriding an 
exception because of priority, use the command:                                 
  report timing -paths [eval [::legacy::get_attribute paths <exception>]]

exception:systolic_array_wrapper/default_mode/clk
-------------------------------------------------------------------------------

-------------------------------------------------------------------------------
Inputs without external driver/transition

The following primary inputs have no external driver or input transition set.   
As a result the transition on the ports will be assumed as zero. The            
'external_driver' attribute is used to add and external driver or the           
'fixed_slew' attribute to add an external transition.                           

port:systolic_array_wrapper/all_input_are_fed
port:systolic_array_wrapper/alu_start
port:systolic_array_wrapper/keep_pe_value
  ... 151 other warnings in this category.
 Use the -verbose option for more details.
-------------------------------------------------------------------------------


Lint summary
 Unconnected/logic driven clocks                                  0
 Sequential data pins driven by a clock signal                    0
 Sequential clock pins without clock waveform                     0
 Sequential clock pins with multiple clock waveforms              0
 Generated clocks without clock waveform                          0
 Generated clocks with incompatible options                       0
 Generated clocks with multi-master clock                         0
 Paths constrained with different clocks                          0
 Loop-breaking cells for combinational feedback                   0
 Nets with multiple drivers                                       0
 Timing exceptions with no effect                                 1
 Suspicious multi_cycle exceptions                                0
 Pins/ports with conflicting case constants                       0
 Inputs without clocked external delays                           0
 Outputs without clocked external delays                          0
 Inputs without external driver/transition                      154
 Outputs without external load                                    0
 Exceptions with invalid timing start-/endpoints                  0

                                                  Total:        155

#@ End verbose source ../scripts/1_elaborate.tcl
@file(run_all.tcl) 15: source ../scripts/2_synthesis.tcl
Sourcing '../scripts/2_synthesis.tcl' (Sun Mar 22 09:03:19 EDT 2026)...
#@ Begin verbose source ../scripts/2_synthesis.tcl
@file(2_synthesis.tcl) 9: set_db syn_generic_effort $gn::SYN_EFFORT
  Setting attribute of root '/': 'syn_generic_effort' = medium
@file(2_synthesis.tcl) 10: syn_generic
      Running additional step before syn_gen...


Stage: pre_early_cg
------------------------------------------------
| Transform | Accepts | Rejects | Runtime (ms) | 
------------------------------------------------
------------------------------------------------
##Generic Timing Info for library domain: _default_ typical gate delay: 42.9 ps std_slew: 10.2 ps std_load: 2.3 fF
Starting mux data reorder optimization [v1.0] (stage: pre_to_gen_setup, startdef: systolic_array_wrapper, recur: true)
Completed mux data reorder optimization (accepts: 0, rejects: 0, runtime: 0.009s)

Stage: pre_to_gen_setup
------------------------------------------------------
| Transform       | Accepts | Rejects | Runtime (ms) | 
------------------------------------------------------
| hlo_mux_reorder |       0 |       0 |         9.00 | 
------------------------------------------------------
Info    : Deleting instances not driving any primary outputs. [GLO-34]
        : Deleting 49 hierarchical instances. 
Following instances are deleted as they do not drive any primary output:
'systolic_array_8X8/mux_pe_out_valid[1][0]_114_54', 
'systolic_array_8X8/mux_pe_out_valid[1][1]_114_54', 
'systolic_array_8X8/mux_pe_out_valid[1][2]_114_54', 
'systolic_array_8X8/mux_pe_out_valid[1][3]_114_54', 
'systolic_array_8X8/mux_pe_out_valid[1][4]_114_54', 
'systolic_array_8X8/mux_pe_out_valid[1][5]_114_54', 
'systolic_array_8X8/mux_pe_out_valid[1][6]_114_54', 
'systolic_array_8X8/mux_pe_out_valid[2][0]_114_54', 
'systolic_array_8X8/mux_pe_out_valid[2][1]_114_54', 
'systolic_array_8X8/mux_pe_out_valid[2][2]_114_54', 
'systolic_array_8X8/mux_pe_out_valid[2][3]_114_54', 
'systolic_array_8X8/mux_pe_out_valid[2][4]_114_54', 
'systolic_array_8X8/mux_pe_out_valid[2][5]_114_54', 
'systolic_array_8X8/mux_pe_out_valid[2][6]_114_54', 
'systolic_array_8X8/mux_pe_out_valid[3][0]_114_54', 
'systolic_array_8X8/mux_pe_out_valid[3][1]_114_54', 
'systolic_array_8X8/mux_pe_out_valid[3][2]_114_54', 
'systolic_array_8X8/mux_pe_out_valid[3][3]_114_54', 
'systolic_array_8X8/mux_pe_out_valid[3][4]_114_54', 
'systolic_array_8X8/mux_pe_out_valid[3][5]_114_54', 
'systolic_array_8X8/mux_pe_out_valid[3][6]_114_54', 
'systolic_array_8X8/mux_pe_out_valid[4][0]_114_54', 
'systolic_array_8X8/mux_pe_out_valid[4][1]_114_54', 
'systolic_array_8X8/mux_pe_out_valid[4][2]_114_54', 
'systolic_array_8X8/mux_pe_out_valid[4][3]_114_54', 
'systolic_array_8X8/mux_pe_out_valid[4][4]_114_54', 
'systolic_array_8X8/mux_pe_out_valid[4][5]_114_54', 
'systolic_array_8X8/mux_pe_out_valid[4][6]_114_54', 
'systolic_array_8X8/mux_pe_out_valid[5][0]_114_54', 
'systolic_array_8X8/mux_pe_out_valid[5][1]_114_54', 
'systolic_array_8X8/mux_pe_out_valid[5][2]_114_54', 
'systolic_array_8X8/mux_pe_out_valid[5][3]_114_54', 
'systolic_array_8X8/mux_pe_out_valid[5][4]_114_54', 
'systolic_array_8X8/mux_pe_out_valid[5][5]_114_54', 
'systolic_array_8X8/mux_pe_out_valid[5][6]_114_54', 
'systolic_array_8X8/mux_pe_out_valid[6][0]_114_54', 
'systolic_array_8X8/mux_pe_out_valid[6][1]_114_54', 
'systolic_array_8X8/mux_pe_out_valid[6][2]_114_54', 
'systolic_array_8X8/mux_pe_out_valid[6][3]_114_54', 
'systolic_array_8X8/mux_pe_out_valid[6][4]_114_54', 
'systolic_array_8X8/mux_pe_out_valid[6][5]_114_54', 
'systolic_array_8X8/mux_pe_out_valid[6][6]_114_54', 
'systolic_array_8X8/mux_pe_out_valid[7][0]_114_54', 
'systolic_array_8X8/mux_pe_out_valid[7][1]_114_54', 
'systolic_array_8X8/mux_pe_out_valid[7][2]_114_54', 
'systolic_array_8X8/mux_pe_out_valid[7][3]_114_54', 
'systolic_array_8X8/mux_pe_out_valid[7][4]_114_54', 
'systolic_array_8X8/mux_pe_out_valid[7][5]_114_54', 
'systolic_array_8X8/mux_pe_out_valid[7][6]_114_54'.
        : Optimizations such as constant propagation or redundancy removal could change the connections so a hierarchical instance does not drive any primary outputs anymore. To see the list of deleted hierarchical instances, set the 'information_level' attribute to 2 or above. If the message is truncated set the message attribute 'truncate' to false to see the complete list. To prevent this optimization, set the 'delete_unloaded_insts' root/subdesign attribute to 'false' or 'preserve' instance attribute to 'true'.
Info    : Synthesizing. [SYNTH-1]
        : Synthesizing 'systolic_array_wrapper' to generic gates using 'medium' effort.
PBS_Generic-Start - Elapsed_Time 0, CPU_Time 0.0
stamp 'PBS_Generic-Start' being created for table 'pbs_debug'

  Total Time (Wall) |  Stage Time (Wall)  |   % (Wall)   |    Date - Time     |  Memory   | Stage
--------------------+---------------------+--------------+--------------------+-----------+----------------------
 00:00:35(00:00:31) |  00:00:00(00:00:00) |   0.0(  0.0) |    9:03:20 (Mar22) |   1.02 GB | PBS_Generic-Start
--------------------+---------------------+--------------+--------------------+-----------+----------------------
Number of threads: 8 * 1   (id: pbs_debug, time_info v1.57)
Info: (*N*) indicates data that was populated from previously saved time_info database
Info: CPU time includes time of parent + longest thread
        Applying wireload models.
        Computing net loads.
TNS Restructuring config: no_value at stage: generic applied.
Info    : Partition Based Synthesis execution skipped. [PHYS-752]
        : Design size is less than the partition threshold '300000' for distributed generic optimization to kick in.
Starting mux data reorder optimization [v1.0] (stage: pre_to_gen_setup, startdef: systolic_array_wrapper, recur: true)
Completed mux data reorder optimization (accepts: 0, rejects: 0, runtime: 0.036s)

Stage: pre_to_gen_setup
------------------------------------------------------
| Transform       | Accepts | Rejects | Runtime (ms) | 
------------------------------------------------------
| hlo_mux_reorder |       0 |       0 |        36.00 | 
------------------------------------------------------
Info    : Deleting instances not driving any primary outputs. [GLO-34]
        : Deleting 49 hierarchical instances. 
Following instances are deleted as they do not drive any primary output:
'systolic_array_8X8/mux_pe_out_valid[1][0]_111_6', 
'systolic_array_8X8/mux_pe_out_valid[1][1]_111_6', 
'systolic_array_8X8/mux_pe_out_valid[1][2]_111_6', 
'systolic_array_8X8/mux_pe_out_valid[1][3]_111_6', 
'systolic_array_8X8/mux_pe_out_valid[1][4]_111_6', 
'systolic_array_8X8/mux_pe_out_valid[1][5]_111_6', 
'systolic_array_8X8/mux_pe_out_valid[1][6]_111_6', 
'systolic_array_8X8/mux_pe_out_valid[2][0]_111_6', 
'systolic_array_8X8/mux_pe_out_valid[2][1]_111_6', 
'systolic_array_8X8/mux_pe_out_valid[2][2]_111_6', 
'systolic_array_8X8/mux_pe_out_valid[2][3]_111_6', 
'systolic_array_8X8/mux_pe_out_valid[2][4]_111_6', 
'systolic_array_8X8/mux_pe_out_valid[2][5]_111_6', 
'systolic_array_8X8/mux_pe_out_valid[2][6]_111_6', 
'systolic_array_8X8/mux_pe_out_valid[3][0]_111_6', 
'systolic_array_8X8/mux_pe_out_valid[3][1]_111_6', 
'systolic_array_8X8/mux_pe_out_valid[3][2]_111_6', 
'systolic_array_8X8/mux_pe_out_valid[3][3]_111_6', 
'systolic_array_8X8/mux_pe_out_valid[3][4]_111_6', 
'systolic_array_8X8/mux_pe_out_valid[3][5]_111_6', 
'systolic_array_8X8/mux_pe_out_valid[3][6]_111_6', 
'systolic_array_8X8/mux_pe_out_valid[4][0]_111_6', 
'systolic_array_8X8/mux_pe_out_valid[4][1]_111_6', 
'systolic_array_8X8/mux_pe_out_valid[4][2]_111_6', 
'systolic_array_8X8/mux_pe_out_valid[4][3]_111_6', 
'systolic_array_8X8/mux_pe_out_valid[4][4]_111_6', 
'systolic_array_8X8/mux_pe_out_valid[4][5]_111_6', 
'systolic_array_8X8/mux_pe_out_valid[4][6]_111_6', 
'systolic_array_8X8/mux_pe_out_valid[5][0]_111_6', 
'systolic_array_8X8/mux_pe_out_valid[5][1]_111_6', 
'systolic_array_8X8/mux_pe_out_valid[5][2]_111_6', 
'systolic_array_8X8/mux_pe_out_valid[5][3]_111_6', 
'systolic_array_8X8/mux_pe_out_valid[5][4]_111_6', 
'systolic_array_8X8/mux_pe_out_valid[5][5]_111_6', 
'systolic_array_8X8/mux_pe_out_valid[5][6]_111_6', 
'systolic_array_8X8/mux_pe_out_valid[6][0]_111_6', 
'systolic_array_8X8/mux_pe_out_valid[6][1]_111_6', 
'systolic_array_8X8/mux_pe_out_valid[6][2]_111_6', 
'systolic_array_8X8/mux_pe_out_valid[6][3]_111_6', 
'systolic_array_8X8/mux_pe_out_valid[6][4]_111_6', 
'systolic_array_8X8/mux_pe_out_valid[6][5]_111_6', 
'systolic_array_8X8/mux_pe_out_valid[6][6]_111_6', 
'systolic_array_8X8/mux_pe_out_valid[7][0]_111_6', 
'systolic_array_8X8/mux_pe_out_valid[7][1]_111_6', 
'systolic_array_8X8/mux_pe_out_valid[7][2]_111_6', 
'systolic_array_8X8/mux_pe_out_valid[7][3]_111_6', 
'systolic_array_8X8/mux_pe_out_valid[7][4]_111_6', 
'systolic_array_8X8/mux_pe_out_valid[7][5]_111_6', 
'systolic_array_8X8/mux_pe_out_valid[7][6]_111_6'.
Starting mux data reorder optimization [v1.0] (stage: post_to_gen_setup, startdef: systolic_array_wrapper, recur: true)
Completed mux data reorder optimization (accepts: 0, rejects: 0, runtime: 0.008s)

Stage: post_to_gen_setup
------------------------------------------------------
| Transform       | Accepts | Rejects | Runtime (ms) | 
------------------------------------------------------
| hlo_mux_reorder |       0 |       0 |         8.00 | 
------------------------------------------------------
Info    : Combinational hierarchical blocks with identical inputs have been merged. [GLO-40]
        : Instances 'mul_117_79_I1_I1' and 'mul_131_79_I1_I1' in 'systolic_array_8X8' have been merged.
        : This optimization usually reduces design area. To prevent merging of combinational hierarchical blocks, set the 'merge_combinational_hier_instances' root attribute to 'false' or the 'merge_combinational_hier_instance' instance attribute to 'false'.
Info    : Combinational hierarchical blocks with identical inputs have been merged. [GLO-40]
        : Instances 'mul_117_79_I1_I2' and 'mul_131_79_I1_I2' in 'systolic_array_8X8' have been merged.
Info    : Combinational hierarchical blocks with identical inputs have been merged. [GLO-40]
        : Instances 'mul_117_79_I1_I3' and 'mul_131_79_I1_I3' in 'systolic_array_8X8' have been merged.
Info    : Combinational hierarchical blocks with identical inputs have been merged. [GLO-40]
        : Instances 'mul_117_79_I1_I4' and 'mul_131_79_I1_I4' in 'systolic_array_8X8' have been merged.
Info    : Combinational hierarchical blocks with identical inputs have been merged. [GLO-40]
        : Instances 'mul_117_79_I1_I5' and 'mul_131_79_I1_I5' in 'systolic_array_8X8' have been merged.
Info    : Combinational hierarchical blocks with identical inputs have been merged. [GLO-40]
        : Instances 'mul_117_79_I1_I6' and 'mul_131_79_I1_I6' in 'systolic_array_8X8' have been merged.
Info    : Combinational hierarchical blocks with identical inputs have been merged. [GLO-40]
        : Instances 'mul_117_79_I1_I7' and 'mul_131_79_I1_I7' in 'systolic_array_8X8' have been merged.
Info    : Combinational hierarchical blocks with identical inputs have been merged. [GLO-40]
        : Instances 'mul_117_79_I1_I8' and 'mul_131_79_I1_I8' in 'systolic_array_8X8' have been merged.
Info    : Combinational hierarchical blocks with identical inputs have been merged. [GLO-40]
        : Instances 'mul_117_79_I2_I1' and 'mul_131_79_I2_I1' in 'systolic_array_8X8' have been merged.
Info    : Combinational hierarchical blocks with identical inputs have been merged. [GLO-40]
        : Instances 'mul_117_79_I2_I2' and 'mul_131_79_I2_I2' in 'systolic_array_8X8' have been merged.
Info    : Combinational hierarchical blocks with identical inputs have been merged. [GLO-40]
        : Instances 'mul_117_79_I2_I3' and 'mul_131_79_I2_I3' in 'systolic_array_8X8' have been merged.
Info    : Combinational hierarchical blocks with identical inputs have been merged. [GLO-40]
        : Instances 'mul_117_79_I2_I4' and 'mul_131_79_I2_I4' in 'systolic_array_8X8' have been merged.
Info    : Combinational hierarchical blocks with identical inputs have been merged. [GLO-40]
        : Instances 'mul_117_79_I2_I5' and 'mul_131_79_I2_I5' in 'systolic_array_8X8' have been merged.
Info    : Combinational hierarchical blocks with identical inputs have been merged. [GLO-40]
        : Instances 'mul_117_79_I2_I6' and 'mul_131_79_I2_I6' in 'systolic_array_8X8' have been merged.
Info    : Combinational hierarchical blocks with identical inputs have been merged. [GLO-40]
        : Instances 'mul_117_79_I2_I7' and 'mul_131_79_I2_I7' in 'systolic_array_8X8' have been merged.
Info    : Combinational hierarchical blocks with identical inputs have been merged. [GLO-40]
        : Instances 'mul_117_79_I2_I8' and 'mul_131_79_I2_I8' in 'systolic_array_8X8' have been merged.
Info    : Combinational hierarchical blocks with identical inputs have been merged. [GLO-40]
        : Instances 'mul_117_79_I3_I1' and 'mul_131_79_I3_I1' in 'systolic_array_8X8' have been merged.
Info    : Combinational hierarchical blocks with identical inputs have been merged. [GLO-40]
        : Instances 'mul_117_79_I3_I2' and 'mul_131_79_I3_I2' in 'systolic_array_8X8' have been merged.
Info    : Combinational hierarchical blocks with identical inputs have been merged. [GLO-40]
        : Instances 'mul_117_79_I3_I3' and 'mul_131_79_I3_I3' in 'systolic_array_8X8' have been merged.
Info    : Combinational hierarchical blocks with identical inputs have been merged. [GLO-40]
        : Instances 'mul_117_79_I3_I4' and 'mul_131_79_I3_I4' in 'systolic_array_8X8' have been merged.
Warning : Maximum message print count reached. [MESG-11]
        : Maximum print count of '20' reached for message 'GLO-40'.
Running Unified Mux Engine Tricks...
Completed Unified Mux Engine Tricks

Stage: pre_hlo_rtlopt
--------------------------------------------
| Trick | Accepts | Rejects | Runtime (ms) | 
--------------------------------------------
--------------------------------------------
Starting infer macro optimization [v1.0] (stage: pre_rtlopt, startdef: systolic_array_wrapper, recur: true)
Completed infer macro optimization (accepts: 0, rejects: 30, runtime: 0.111s)
Starting decode mux sandwich optimization [v2.0] (stage: pre_rtlopt, startdef: systolic_array_wrapper, recur: true)
Completed decode mux sandwich optimization (accepts: 0, rejects: 0, runtime: 0.000s)
Starting decode mux optimization [v1.0] (stage: pre_rtlopt, startdef: systolic_array_wrapper, recur: true)
Completed decode mux optimization (accepts: 0, rejects: 0, runtime: 0.000s)
Starting chop wide muxes [v1.0] (stage: pre_rtlopt, startdef: systolic_array_wrapper, recur: true)
Completed chop wide muxes (accepts: 0, rejects: 0, runtime: 0.001s)
Starting common data mux cascade opt [v1.0] (stage: pre_rtlopt, startdef: systolic_array_wrapper, recur: true)
Completed common data mux cascade opt (accepts: 0, rejects: 0, runtime: 0.002s)
Starting mux input consolidation [v1.0] (stage: pre_rtlopt, startdef: systolic_array_wrapper, recur: true)
          Accepted mux input consolidation in module systolic_array_8X8 for instance(s): mux_mul_outcome_183_3626
Completed mux input consolidation (accepts: 1, rejects: 0, runtime: 0.040s)
Starting constant-data mux optimization [v1.0] (stage: pre_rtlopt, startdef: systolic_array_wrapper, recur: true)
Completed constant-data mux optimization (accepts: 0, rejects: 0, runtime: 0.002s)
Starting chain-to-tree inequality transform [v2.0] (stage: pre_rtlopt, startdef: systolic_array_wrapper, recur: true)
Completed chain-to-tree inequality transform (accepts: 0, rejects: 0, runtime: 0.102s)
Starting reconvergence optimization [v1.0] (stage: pre_rtlopt, startdef: systolic_array_wrapper, recur: true)
Completed reconvergence optimization (accepts: 0, rejects: 0, runtime: 0.001s)
Starting logic restructure optimization [v1.0] (stage: pre_rtlopt, startdef: systolic_array_wrapper, recur: true)
Completed logic restructure optimization (accepts: 0, rejects: 0, runtime: 0.005s)
Starting common select mux optimization [v1.0] (stage: pre_rtlopt, startdef: systolic_array_wrapper, recur: true)
Completed common select mux optimization (accepts: 0, rejects: 0, runtime: 0.006s)
Starting identity transform [v3.0] (stage: pre_rtlopt, startdef: systolic_array_wrapper, recur: true)
Completed identity transform (accepts: 0, rejects: 0, runtime: 0.018s)
Starting reduce operator chain [v1.0] (stage: pre_rtlopt, startdef: systolic_array_wrapper, recur: true)
Completed reduce operator chain (accepts: 0, rejects: 0, runtime: 0.000s)
Starting common data mux cascade opt [v1.0] (stage: pre_rtlopt, startdef: systolic_array_wrapper, recur: true)
Completed common data mux cascade opt (accepts: 0, rejects: 0, runtime: 0.002s)
Starting mux input consolidation [v1.0] (stage: pre_rtlopt, startdef: systolic_array_wrapper, recur: true)
Completed mux input consolidation (accepts: 0, rejects: 0, runtime: 0.005s)
Starting optimize datapath elements [v1.0] (stage: pre_rtlopt, startdef: systolic_array_wrapper, recur: true)
Completed optimize datapath elements (accepts: 0, rejects: 0, runtime: 0.000s)
Starting datapath recasting [v1.0] (stage: pre_rtlopt, startdef: systolic_array_wrapper, recur: true)
Info    : Deleting instances not driving any primary outputs. [GLO-34]
        : Deleting 1 hierarchical instance. 
Following instance is deleted as they do not drive any primary output:
'rem_38_3690'.
Info    : Deleting instances not driving any primary outputs. [GLO-34]
        : Deleting 1 hierarchical instance. 
Following instance is deleted as they do not drive any primary output:
'rem_37_3690'.
Completed datapath recasting (accepts: 0, rejects: 4, runtime: 4.722s)
Starting clip mux common data inputs [v1.0] (stage: pre_rtlopt, startdef: systolic_array_wrapper, recur: true)
Completed clip mux common data inputs (accepts: 0, rejects: 0, runtime: 0.002s)
Starting clip the non-user hierarchies [v2.0] (stage: pre_rtlopt, startdef: systolic_array_wrapper, recur: true)
Completed clip the non-user hierarchies (accepts: 0, rejects: 0, runtime: 0.000s)

Stage: pre_rtlopt
----------------------------------------------------------------
| Transform                 | Accepts | Rejects | Runtime (ms) | 
----------------------------------------------------------------
| hlo_infer_macro           |       0 |      30 |       111.00 | 
| hlo_decode_mux_sandwich   |       0 |       0 |         0.00 | 
| hlo_mux_decode            |       0 |       0 |         0.00 | 
| hlo_chop_mux              |       0 |       0 |         1.00 | 
| hlo_mux_cascade_opt       |       0 |       0 |         2.00 | 
| hlo_mux_consolidation     |       1 |       0 |        40.00 | 
| hlo_constant_mux_opt      |       0 |       0 |         2.00 | 
| hlo_inequality_transform  |       0 |       0 |       102.00 | 
| hlo_reconv_opt            |       0 |       0 |         1.00 | 
| hlo_restructure           |       0 |       0 |         5.00 | 
| hlo_common_select_muxopto |       0 |       0 |         6.00 | 
| hlo_identity_transform    |       0 |       0 |        18.00 | 
| hlo_reduce_operator_chain |       0 |       0 |         0.00 | 
| hlo_mux_cascade_opt       |       0 |       0 |         2.00 | 
| hlo_mux_consolidation     |       0 |       0 |         5.00 | 
| hlo_optimize_datapath     |       0 |       0 |         0.00 | 
| hlo_datapath_recast       |       0 |       4 |      4722.00 | 
| hlo_clip_mux_input        |       0 |       0 |         2.00 | 
| hlo_clip                  |       0 |       0 |         0.00 | 
----------------------------------------------------------------
Running Unified Mux Engine Tricks...
Completed Unified Mux Engine Tricks

Stage: post_hlo_rtlopt
--------------------------------------------------
| Trick       | Accepts | Rejects | Runtime (ms) | 
--------------------------------------------------
| ume_runtime |       1 |       0 |         0.00 | 
| ume_runtime |       1 |       0 |         0.00 | 
--------------------------------------------------
Number of big hc bmuxes before = 0
              Info: total 299 bmuxes found, 298 are converted to onehot form, and 1 are kept as binary form
Info    : Pre-processed datapath logic. [DPOPT-6]
        : Pre-processing optimizations applied to datapath logic in 'systolic_array_wrapper':
          live_trim(1) 
Info    : Hierarchical instance automatically ungrouped. [GLO-51]
        : Instance 'input_offset_substract' in module 'systolic_array_wrapper' is ungrouped to improve datapath connectivity.
        : Hierarchical instances can be automatically ungrouped to allow for better area or timing optimization. To prevent this ungroup, set the root-level attribute 'auto_ungroup' to 'none'. You can also prevent individual ungroup with setting the attribute 'ungroup_ok' of instances or modules to 'false'.
Info    : Optimizing datapath logic. [DPOPT-1]
        : Optimizing datapath logic in 'systolic_array_wrapper'.
Info    : Optimized a mux chain. [DPOPT-10]
        : Created Flattened Mux 'F_mux_matrix_mul_2D_nx[0][0]_111_6' in design 'CDN_DP_region_2_1'.
	The following set of instances are flattened ( mux_matrix_mul_2D_nx[0][0]_111_6 mux_matrix_mul_2D_nx[0][0]_114_54 mux_matrix_mul_2D_nx[0][0]_128_28 ).

Info    : Optimized a mux chain. [DPOPT-10]
        : Created Flattened Mux 'F_mux_matrix_mul_2D_nx[0][1]_111_6' in design 'CDN_DP_region_2_1'.
	The following set of instances are flattened ( mux_matrix_mul_2D_nx[0][1]_111_6 mux_matrix_mul_2D_nx[0][1]_114_54 mux_matrix_mul_2D_nx[0][1]_128_28 ).

Info    : Optimized a mux chain. [DPOPT-10]
        : Created Flattened Mux 'F_mux_matrix_mul_2D_nx[0][2]_111_6' in design 'CDN_DP_region_2_1'.
	The following set of instances are flattened ( mux_matrix_mul_2D_nx[0][2]_111_6 mux_matrix_mul_2D_nx[0][2]_114_54 mux_matrix_mul_2D_nx[0][2]_128_28 ).

Info    : Optimized a mux chain. [DPOPT-10]
        : Created Flattened Mux 'F_mux_matrix_mul_2D_nx[0][3]_111_6' in design 'CDN_DP_region_2_1'.
	The following set of instances are flattened ( mux_matrix_mul_2D_nx[0][3]_111_6 mux_matrix_mul_2D_nx[0][3]_114_54 mux_matrix_mul_2D_nx[0][3]_128_28 ).

Info    : Optimized a mux chain. [DPOPT-10]
        : Created Flattened Mux 'F_mux_matrix_mul_2D_nx[0][4]_111_6' in design 'CDN_DP_region_2_1'.
	The following set of instances are flattened ( mux_matrix_mul_2D_nx[0][4]_111_6 mux_matrix_mul_2D_nx[0][4]_114_54 mux_matrix_mul_2D_nx[0][4]_128_28 ).

Info    : Optimized a mux chain. [DPOPT-10]
        : Created Flattened Mux 'F_mux_matrix_mul_2D_nx[0][5]_111_6' in design 'CDN_DP_region_2_1'.
	The following set of instances are flattened ( mux_matrix_mul_2D_nx[0][5]_111_6 mux_matrix_mul_2D_nx[0][5]_114_54 mux_matrix_mul_2D_nx[0][5]_128_28 ).

Info    : Optimized a mux chain. [DPOPT-10]
        : Created Flattened Mux 'F_mux_matrix_mul_2D_nx[0][6]_111_6' in design 'CDN_DP_region_2_1'.
	The following set of instances are flattened ( mux_matrix_mul_2D_nx[0][6]_111_6 mux_matrix_mul_2D_nx[0][6]_114_54 mux_matrix_mul_2D_nx[0][6]_128_28 ).

Info    : Optimized a mux chain. [DPOPT-10]
        : Created Flattened Mux 'F_mux_matrix_mul_2D_nx[0][7]_111_6' in design 'CDN_DP_region_2_1'.
	The following set of instances are flattened ( mux_matrix_mul_2D_nx[0][7]_111_6 mux_matrix_mul_2D_nx[0][7]_114_54 mux_matrix_mul_2D_nx[0][7]_128_28 ).

Info    : Optimized a mux chain. [DPOPT-10]
        : Created Flattened Mux 'F_mux_matrix_mul_2D_nx[1][0]_111_6' in design 'CDN_DP_region_2_1'.
	The following set of instances are flattened ( mux_matrix_mul_2D_nx[1][0]_111_6 mux_matrix_mul_2D_nx[1][0]_114_54 mux_matrix_mul_2D_nx[1][0]_128_28 ).

Info    : Optimized a mux chain. [DPOPT-10]
        : Created Flattened Mux 'F_mux_matrix_mul_2D_nx[1][1]_111_6' in design 'CDN_DP_region_2_1'.
	The following set of instances are flattened ( mux_matrix_mul_2D_nx[1][1]_111_6 mux_matrix_mul_2D_nx[1][1]_114_54 mux_matrix_mul_2D_nx[1][1]_128_28 ).

Info    : Optimized a mux chain. [DPOPT-10]
        : Created Flattened Mux 'F_mux_matrix_mul_2D_nx[1][2]_111_6' in design 'CDN_DP_region_2_1'.
	The following set of instances are flattened ( mux_matrix_mul_2D_nx[1][2]_111_6 mux_matrix_mul_2D_nx[1][2]_114_54 mux_matrix_mul_2D_nx[1][2]_128_28 ).

Info    : Optimized a mux chain. [DPOPT-10]
        : Created Flattened Mux 'F_mux_matrix_mul_2D_nx[1][3]_111_6' in design 'CDN_DP_region_2_1'.
	The following set of instances are flattened ( mux_matrix_mul_2D_nx[1][3]_111_6 mux_matrix_mul_2D_nx[1][3]_114_54 mux_matrix_mul_2D_nx[1][3]_128_28 ).

Info    : Optimized a mux chain. [DPOPT-10]
        : Created Flattened Mux 'F_mux_matrix_mul_2D_nx[1][4]_111_6' in design 'CDN_DP_region_2_1'.
	The following set of instances are flattened ( mux_matrix_mul_2D_nx[1][4]_111_6 mux_matrix_mul_2D_nx[1][4]_114_54 mux_matrix_mul_2D_nx[1][4]_128_28 ).

Info    : Optimized a mux chain. [DPOPT-10]
        : Created Flattened Mux 'F_mux_matrix_mul_2D_nx[1][5]_111_6' in design 'CDN_DP_region_2_1'.
	The following set of instances are flattened ( mux_matrix_mul_2D_nx[1][5]_111_6 mux_matrix_mul_2D_nx[1][5]_114_54 mux_matrix_mul_2D_nx[1][5]_128_28 ).

Info    : Optimized a mux chain. [DPOPT-10]
        : Created Flattened Mux 'F_mux_matrix_mul_2D_nx[1][6]_111_6' in design 'CDN_DP_region_2_1'.
	The following set of instances are flattened ( mux_matrix_mul_2D_nx[1][6]_111_6 mux_matrix_mul_2D_nx[1][6]_114_54 mux_matrix_mul_2D_nx[1][6]_128_28 ).

Info    : Optimized a mux chain. [DPOPT-10]
        : Created Flattened Mux 'F_mux_matrix_mul_2D_nx[1][7]_111_6' in design 'CDN_DP_region_2_1'.
	The following set of instances are flattened ( mux_matrix_mul_2D_nx[1][7]_111_6 mux_matrix_mul_2D_nx[1][7]_114_54 mux_matrix_mul_2D_nx[1][7]_128_28 ).

Info    : Optimized a mux chain. [DPOPT-10]
        : Created Flattened Mux 'F_mux_matrix_mul_2D_nx[2][0]_111_6' in design 'CDN_DP_region_2_1'.
	The following set of instances are flattened ( mux_matrix_mul_2D_nx[2][0]_111_6 mux_matrix_mul_2D_nx[2][0]_114_54 mux_matrix_mul_2D_nx[2][0]_128_28 ).

Info    : Optimized a mux chain. [DPOPT-10]
        : Created Flattened Mux 'F_mux_matrix_mul_2D_nx[2][1]_111_6' in design 'CDN_DP_region_2_1'.
	The following set of instances are flattened ( mux_matrix_mul_2D_nx[2][1]_111_6 mux_matrix_mul_2D_nx[2][1]_114_54 mux_matrix_mul_2D_nx[2][1]_128_28 ).

Info    : Optimized a mux chain. [DPOPT-10]
        : Created Flattened Mux 'F_mux_matrix_mul_2D_nx[2][2]_111_6' in design 'CDN_DP_region_2_1'.
	The following set of instances are flattened ( mux_matrix_mul_2D_nx[2][2]_111_6 mux_matrix_mul_2D_nx[2][2]_114_54 mux_matrix_mul_2D_nx[2][2]_128_28 ).

Info    : Optimized a mux chain. [DPOPT-10]
        : Created Flattened Mux 'F_mux_matrix_mul_2D_nx[2][3]_111_6' in design 'CDN_DP_region_2_1'.
	The following set of instances are flattened ( mux_matrix_mul_2D_nx[2][3]_111_6 mux_matrix_mul_2D_nx[2][3]_114_54 mux_matrix_mul_2D_nx[2][3]_128_28 ).

Warning : Maximum message print count reached. [MESG-11]
        : Maximum print count of '20' reached for message 'DPOPT-10'.
    MaxCSA: Not creating MaxCSA config for CDN_DP_region_2_1, number of outputs (2064) exceeds limit (1000)
Info    : Implementing datapath configurations. [DPOPT-3]
        : Implementing datapath configurations for 'CDN_DP_region_2_1'
      Timing csa_tree...
        Done timing csa_tree.
      Timing add_signed...
        Done timing add_signed.
      Timing add_unsigned_carry...
        Done timing add_unsigned_carry.
      Timing decrement_unsigned...
        Done timing decrement_unsigned.
      Timing csa_tree_3817...
        Done timing csa_tree_3817.
      Timing add_signed_carry...
        Done timing add_signed_carry.
      Timing csa_tree_5894...
        Done timing csa_tree_5894.
      Timing add_unsigned...
        Done timing add_unsigned.
      Timing csa_tree_5907...
        Done timing csa_tree_5907.
      Timing add_unsigned_carry_5912...
        Done timing add_unsigned_carry_5912.
      Timing csa_tree_5947...
        Done timing csa_tree_5947.
      Timing carry_gen...
        Done timing carry_gen.
      Timing csa_tree_5960...
        Done timing csa_tree_5960.
      Timing add_unsigned_carry_5973...
        Done timing add_unsigned_carry_5973.
Info    : Transformed datapath macro. [RTLOPT-40]
        : Transformed 66 datapath macros in module 'CDN_DP_region_2_1_c1' to a form more suitable for further optimization.
Info    : Accepted resource sharing opportunity. [RTLOPT-30]
        : Merged the following sets of instances in 'CDN_DP_region_2_1_c1 in systolic_array_8X8':
	  (ADD_TC_OP, final_adder_add_124_53_I1_I1)

Info    : Accepted resource sharing opportunity. [RTLOPT-30]
        : Merged the following sets of instances in 'CDN_DP_region_2_1_c1 in systolic_array_8X8':
	  (final_adder_add_124_53_I1_I2, ADD_TC_OP2)

Info    : Accepted resource sharing opportunity. [RTLOPT-30]
        : Merged the following sets of instances in 'CDN_DP_region_2_1_c1 in systolic_array_8X8':
	  (ADD_TC_OP9, final_adder_add_124_53_I2_I1)

Info    : Accepted resource sharing opportunity. [RTLOPT-30]
        : Merged the following sets of instances in 'CDN_DP_region_2_1_c1 in systolic_array_8X8':
	  (final_adder_add_124_53_I1_I3, ADD_TC_OP3)

Info    : Accepted resource sharing opportunity. [RTLOPT-30]
        : Merged the following sets of instances in 'CDN_DP_region_2_1_c1 in systolic_array_8X8':
	  (final_adder_add_124_53_I2_I2, ADD_TC_OP10)

Info    : Accepted resource sharing opportunity. [RTLOPT-30]
        : Merged the following sets of instances in 'CDN_DP_region_2_1_c1 in systolic_array_8X8':
	  (ADD_TC_OP17, final_adder_add_124_53_I3_I1)

Info    : Accepted resource sharing opportunity. [RTLOPT-30]
        : Merged the following sets of instances in 'CDN_DP_region_2_1_c1 in systolic_array_8X8':
	  (final_adder_add_124_53_I1_I4, ADD_TC_OP4)

Info    : Accepted resource sharing opportunity. [RTLOPT-30]
        : Merged the following sets of instances in 'CDN_DP_region_2_1_c1 in systolic_array_8X8':
	  (final_adder_add_124_53_I2_I3, ADD_TC_OP11)

Info    : Accepted resource sharing opportunity. [RTLOPT-30]
        : Merged the following sets of instances in 'CDN_DP_region_2_1_c1 in systolic_array_8X8':
	  (final_adder_add_124_53_I3_I2, ADD_TC_OP18)

Info    : Accepted resource sharing opportunity. [RTLOPT-30]
        : Merged the following sets of instances in 'CDN_DP_region_2_1_c1 in systolic_array_8X8':
	  (ADD_TC_OP25, final_adder_add_124_53_I4_I1)

Info    : Accepted resource sharing opportunity. [RTLOPT-30]
        : Merged the following sets of instances in 'CDN_DP_region_2_1_c1 in systolic_array_8X8':
	  (final_adder_add_124_53_I1_I5, ADD_TC_OP5)

Info    : Accepted resource sharing opportunity. [RTLOPT-30]
        : Merged the following sets of instances in 'CDN_DP_region_2_1_c1 in systolic_array_8X8':
	  (final_adder_add_124_53_I2_I4, ADD_TC_OP12)

Info    : Accepted resource sharing opportunity. [RTLOPT-30]
        : Merged the following sets of instances in 'CDN_DP_region_2_1_c1 in systolic_array_8X8':
	  (final_adder_add_124_53_I3_I3, ADD_TC_OP19)

Info    : Accepted resource sharing opportunity. [RTLOPT-30]
        : Merged the following sets of instances in 'CDN_DP_region_2_1_c1 in systolic_array_8X8':
	  (final_adder_add_124_53_I4_I2, ADD_TC_OP26)

Info    : Accepted resource sharing opportunity. [RTLOPT-30]
        : Merged the following sets of instances in 'CDN_DP_region_2_1_c1 in systolic_array_8X8':
	  (ADD_TC_OP33, final_adder_add_124_53_I5_I1)

Info    : Accepted resource sharing opportunity. [RTLOPT-30]
        : Merged the following sets of instances in 'CDN_DP_region_2_1_c1 in systolic_array_8X8':
	  (final_adder_add_124_53_I1_I6, ADD_TC_OP6)

Info    : Accepted resource sharing opportunity. [RTLOPT-30]
        : Merged the following sets of instances in 'CDN_DP_region_2_1_c1 in systolic_array_8X8':
	  (final_adder_add_124_53_I2_I5, ADD_TC_OP13)

Info    : Accepted resource sharing opportunity. [RTLOPT-30]
        : Merged the following sets of instances in 'CDN_DP_region_2_1_c1 in systolic_array_8X8':
	  (final_adder_add_124_53_I3_I4, ADD_TC_OP20)

Info    : Accepted resource sharing opportunity. [RTLOPT-30]
        : Merged the following sets of instances in 'CDN_DP_region_2_1_c1 in systolic_array_8X8':
	  (final_adder_add_124_53_I4_I3, ADD_TC_OP27)

Info    : Accepted resource sharing opportunity. [RTLOPT-30]
        : Merged the following sets of instances in 'CDN_DP_region_2_1_c1 in systolic_array_8X8':
	  (final_adder_add_124_53_I5_I2, ADD_TC_OP34)

Warning : Maximum message print count reached. [MESG-11]
        : Maximum print count of '20' reached for message 'RTLOPT-30'.
      Timing decrement_unsigned_7097_7147...
        Done timing decrement_unsigned_7097_7147.
      Timing equal_unsigned_1548_rtlopto_model_7148...
        Done timing equal_unsigned_1548_rtlopto_model_7148.
      Timing equal_unsigned_1546_rtlopto_model_7149...
        Done timing equal_unsigned_1546_rtlopto_model_7149.
      Timing equal_unsigned_1544_rtlopto_model_7150...
        Done timing equal_unsigned_1544_rtlopto_model_7150.
      Timing equal_unsigned_1540_rtlopto_model_7152...
        Done timing equal_unsigned_1540_rtlopto_model_7152.
      Timing equal_unsigned_1538_rtlopto_model_7153...
        Done timing equal_unsigned_1538_rtlopto_model_7153.
      Timing equal_unsigned_1536_rtlopto_model_7154...
        Done timing equal_unsigned_1536_rtlopto_model_7154.
      Timing equal_unsigned_1534_rtlopto_model_7155...
        Done timing equal_unsigned_1534_rtlopto_model_7155.
      Timing equal_unsigned_1532_rtlopto_model_7156...
        Done timing equal_unsigned_1532_rtlopto_model_7156.
      Timing equal_unsigned_1530_rtlopto_model_7157...
        Done timing equal_unsigned_1530_rtlopto_model_7157.
      Timing equal_unsigned_1528_rtlopto_model_7158...
        Done timing equal_unsigned_1528_rtlopto_model_7158.
      Timing equal_unsigned_1526_rtlopto_model_7159...
        Done timing equal_unsigned_1526_rtlopto_model_7159.
      Timing equal_unsigned_1524_rtlopto_model_7160...
        Done timing equal_unsigned_1524_rtlopto_model_7160.
      Timing equal_unsigned_1522_rtlopto_model_7161...
        Done timing equal_unsigned_1522_rtlopto_model_7161.
      Timing equal_unsigned_1520_rtlopto_model_7162...
        Done timing equal_unsigned_1520_rtlopto_model_7162.
      Timing geq_unsigned_7163...
        Done timing geq_unsigned_7163.
      Timing geq_unsigned_rtlopto_model_7164...
        Done timing geq_unsigned_rtlopto_model_7164.
      Timing leq_unsigned_1489_rtlopto_model_7165...
        Done timing leq_unsigned_1489_rtlopto_model_7165.
      Timing leq_unsigned_1486_rtlopto_model_7166...
        Done timing leq_unsigned_1486_rtlopto_model_7166.
      Timing leq_unsigned_1483_rtlopto_model_7167...
        Done timing leq_unsigned_1483_rtlopto_model_7167.
      Timing leq_unsigned_1480_rtlopto_model_7168...
        Done timing leq_unsigned_1480_rtlopto_model_7168.
      Timing leq_unsigned_1477_rtlopto_model_7169...
        Done timing leq_unsigned_1477_rtlopto_model_7169.
      Timing leq_unsigned_1474_rtlopto_model_7170...
        Done timing leq_unsigned_1474_rtlopto_model_7170.
      Timing leq_unsigned_1471_rtlopto_model_7171...
        Done timing leq_unsigned_1471_rtlopto_model_7171.
      Timing leq_unsigned_1468_rtlopto_model_7172...
        Done timing leq_unsigned_1468_rtlopto_model_7172.
      Timing leq_unsigned_1465_rtlopto_model_7173...
        Done timing leq_unsigned_1465_rtlopto_model_7173.
      Timing leq_unsigned_1462_rtlopto_model_7174...
        Done timing leq_unsigned_1462_rtlopto_model_7174.
      Timing leq_unsigned_1459_rtlopto_model_7175...
        Done timing leq_unsigned_1459_rtlopto_model_7175.
      Timing leq_unsigned_1456_rtlopto_model_7176...
        Done timing leq_unsigned_1456_rtlopto_model_7176.
      Timing leq_unsigned_1453_rtlopto_model_7177...
        Done timing leq_unsigned_1453_rtlopto_model_7177.
      Timing leq_unsigned_rtlopto_model_7178...
        Done timing leq_unsigned_rtlopto_model_7178.
      Timing increment_unsigned...
        Done timing increment_unsigned.
      Timing increment_unsigned_7192...
        Done timing increment_unsigned_7192.
      Timing increment_unsigned_7194...
        Done timing increment_unsigned_7194.
      Timing decrement_unsigned_7097_7255...
        Done timing decrement_unsigned_7097_7255.
      Timing equal_unsigned_1548_rtlopto_model_7256...
        Done timing equal_unsigned_1548_rtlopto_model_7256.
      Timing equal_unsigned_1546_rtlopto_model_7257...
        Done timing equal_unsigned_1546_rtlopto_model_7257.
      Timing equal_unsigned_1544_rtlopto_model_7258...
        Done timing equal_unsigned_1544_rtlopto_model_7258.
      Timing equal_unsigned_1540_rtlopto_model_7260...
        Done timing equal_unsigned_1540_rtlopto_model_7260.
      Timing equal_unsigned_1538_rtlopto_model_7261...
        Done timing equal_unsigned_1538_rtlopto_model_7261.
      Timing equal_unsigned_1536_rtlopto_model_7262...
        Done timing equal_unsigned_1536_rtlopto_model_7262.
      Timing equal_unsigned_1534_rtlopto_model_7263...
        Done timing equal_unsigned_1534_rtlopto_model_7263.
      Timing equal_unsigned_1532_rtlopto_model_7264...
        Done timing equal_unsigned_1532_rtlopto_model_7264.
      Timing equal_unsigned_1530_rtlopto_model_7265...
        Done timing equal_unsigned_1530_rtlopto_model_7265.
      Timing equal_unsigned_1528_rtlopto_model_7266...
        Done timing equal_unsigned_1528_rtlopto_model_7266.
      Timing equal_unsigned_1526_rtlopto_model_7267...
        Done timing equal_unsigned_1526_rtlopto_model_7267.
      Timing equal_unsigned_1524_rtlopto_model_7268...
        Done timing equal_unsigned_1524_rtlopto_model_7268.
      Timing equal_unsigned_1522_rtlopto_model_7269...
        Done timing equal_unsigned_1522_rtlopto_model_7269.
      Timing equal_unsigned_1520_rtlopto_model_7270...
        Done timing equal_unsigned_1520_rtlopto_model_7270.
      Timing geq_unsigned_7205_7271...
        Done timing geq_unsigned_7205_7271.
      Timing geq_unsigned_7272...
        Done timing geq_unsigned_7272.
      Timing geq_unsigned_rtlopto_model_7273...
        Done timing geq_unsigned_rtlopto_model_7273.
      Timing increment_unsigned_7196_7274...
        Done timing increment_unsigned_7196_7274.
      Timing leq_unsigned_1489_rtlopto_model_7277...
        Done timing leq_unsigned_1489_rtlopto_model_7277.
      Timing leq_unsigned_1486_rtlopto_model_7278...
        Done timing leq_unsigned_1486_rtlopto_model_7278.
      Timing leq_unsigned_1483_rtlopto_model_7279...
        Done timing leq_unsigned_1483_rtlopto_model_7279.
      Timing leq_unsigned_1480_rtlopto_model_7280...
        Done timing leq_unsigned_1480_rtlopto_model_7280.
      Timing leq_unsigned_1477_rtlopto_model_7281...
        Done timing leq_unsigned_1477_rtlopto_model_7281.
      Timing leq_unsigned_1474_rtlopto_model_7282...
        Done timing leq_unsigned_1474_rtlopto_model_7282.
      Timing leq_unsigned_1471_rtlopto_model_7283...
        Done timing leq_unsigned_1471_rtlopto_model_7283.
      Timing leq_unsigned_1468_rtlopto_model_7284...
        Done timing leq_unsigned_1468_rtlopto_model_7284.
      Timing leq_unsigned_1465_rtlopto_model_7285...
        Done timing leq_unsigned_1465_rtlopto_model_7285.
      Timing leq_unsigned_1462_rtlopto_model_7286...
        Done timing leq_unsigned_1462_rtlopto_model_7286.
      Timing leq_unsigned_1459_rtlopto_model_7287...
        Done timing leq_unsigned_1459_rtlopto_model_7287.
      Timing leq_unsigned_1456_rtlopto_model_7288...
        Done timing leq_unsigned_1456_rtlopto_model_7288.
      Timing leq_unsigned_1453_rtlopto_model_7289...
        Done timing leq_unsigned_1453_rtlopto_model_7289.
      Timing leq_unsigned_rtlopto_model_7290...
        Done timing leq_unsigned_rtlopto_model_7290.
Info    : Transformed datapath macro. [RTLOPT-40]
        : Transformed 66 datapath macros in module 'CDN_DP_region_2_1_c3' to a form more suitable for further optimization.
      Timing decrement_unsigned_7097_14413...
        Done timing decrement_unsigned_7097_14413.
      Timing equal_unsigned_1548_rtlopto_model_14414...
        Done timing equal_unsigned_1548_rtlopto_model_14414.
      Timing equal_unsigned_1546_rtlopto_model_14415...
        Done timing equal_unsigned_1546_rtlopto_model_14415.
      Timing equal_unsigned_1544_rtlopto_model_14416...
        Done timing equal_unsigned_1544_rtlopto_model_14416.
      Timing equal_unsigned_1540_rtlopto_model_14418...
        Done timing equal_unsigned_1540_rtlopto_model_14418.
      Timing equal_unsigned_1538_rtlopto_model_14419...
        Done timing equal_unsigned_1538_rtlopto_model_14419.
      Timing equal_unsigned_1536_rtlopto_model_14420...
        Done timing equal_unsigned_1536_rtlopto_model_14420.
      Timing equal_unsigned_1534_rtlopto_model_14421...
        Done timing equal_unsigned_1534_rtlopto_model_14421.
      Timing equal_unsigned_1532_rtlopto_model_14422...
        Done timing equal_unsigned_1532_rtlopto_model_14422.
      Timing equal_unsigned_1530_rtlopto_model_14423...
        Done timing equal_unsigned_1530_rtlopto_model_14423.
      Timing equal_unsigned_1528_rtlopto_model_14424...
        Done timing equal_unsigned_1528_rtlopto_model_14424.
      Timing equal_unsigned_1526_rtlopto_model_14425...
        Done timing equal_unsigned_1526_rtlopto_model_14425.
      Timing equal_unsigned_1524_rtlopto_model_14426...
        Done timing equal_unsigned_1524_rtlopto_model_14426.
      Timing equal_unsigned_1522_rtlopto_model_14427...
        Done timing equal_unsigned_1522_rtlopto_model_14427.
      Timing equal_unsigned_1520_rtlopto_model_14428...
        Done timing equal_unsigned_1520_rtlopto_model_14428.
      Timing geq_unsigned_14429...
        Done timing geq_unsigned_14429.
      Timing geq_unsigned_rtlopto_model_14430...
        Done timing geq_unsigned_rtlopto_model_14430.
      Timing leq_unsigned_1489_rtlopto_model_14431...
        Done timing leq_unsigned_1489_rtlopto_model_14431.
      Timing leq_unsigned_1486_rtlopto_model_14432...
        Done timing leq_unsigned_1486_rtlopto_model_14432.
      Timing leq_unsigned_1483_rtlopto_model_14433...
        Done timing leq_unsigned_1483_rtlopto_model_14433.
      Timing leq_unsigned_1480_rtlopto_model_14434...
        Done timing leq_unsigned_1480_rtlopto_model_14434.
      Timing leq_unsigned_1477_rtlopto_model_14435...
        Done timing leq_unsigned_1477_rtlopto_model_14435.
      Timing leq_unsigned_1474_rtlopto_model_14436...
        Done timing leq_unsigned_1474_rtlopto_model_14436.
      Timing leq_unsigned_1471_rtlopto_model_14437...
        Done timing leq_unsigned_1471_rtlopto_model_14437.
      Timing leq_unsigned_1468_rtlopto_model_14438...
        Done timing leq_unsigned_1468_rtlopto_model_14438.
      Timing leq_unsigned_1465_rtlopto_model_14439...
        Done timing leq_unsigned_1465_rtlopto_model_14439.
      Timing leq_unsigned_1462_rtlopto_model_14440...
        Done timing leq_unsigned_1462_rtlopto_model_14440.
      Timing leq_unsigned_1459_rtlopto_model_14441...
        Done timing leq_unsigned_1459_rtlopto_model_14441.
      Timing leq_unsigned_1456_rtlopto_model_14442...
        Done timing leq_unsigned_1456_rtlopto_model_14442.
      Timing leq_unsigned_1453_rtlopto_model_14443...
        Done timing leq_unsigned_1453_rtlopto_model_14443.
      Timing leq_unsigned_rtlopto_model_14444...
        Done timing leq_unsigned_rtlopto_model_14444.
      Timing decrement_unsigned_7097_14526...
        Done timing decrement_unsigned_7097_14526.
      Timing equal_unsigned_1548_rtlopto_model_14527...
        Done timing equal_unsigned_1548_rtlopto_model_14527.
      Timing equal_unsigned_1546_rtlopto_model_14528...
        Done timing equal_unsigned_1546_rtlopto_model_14528.
      Timing equal_unsigned_1544_rtlopto_model_14529...
        Done timing equal_unsigned_1544_rtlopto_model_14529.
      Timing equal_unsigned_1540_rtlopto_model_14531...
        Done timing equal_unsigned_1540_rtlopto_model_14531.
      Timing equal_unsigned_1538_rtlopto_model_14532...
        Done timing equal_unsigned_1538_rtlopto_model_14532.
      Timing equal_unsigned_1536_rtlopto_model_14533...
        Done timing equal_unsigned_1536_rtlopto_model_14533.
      Timing equal_unsigned_1534_rtlopto_model_14534...
        Done timing equal_unsigned_1534_rtlopto_model_14534.
      Timing equal_unsigned_1532_rtlopto_model_14535...
        Done timing equal_unsigned_1532_rtlopto_model_14535.
      Timing equal_unsigned_1530_rtlopto_model_14536...
        Done timing equal_unsigned_1530_rtlopto_model_14536.
      Timing equal_unsigned_1528_rtlopto_model_14537...
        Done timing equal_unsigned_1528_rtlopto_model_14537.
      Timing equal_unsigned_1526_rtlopto_model_14538...
        Done timing equal_unsigned_1526_rtlopto_model_14538.
      Timing equal_unsigned_1524_rtlopto_model_14539...
        Done timing equal_unsigned_1524_rtlopto_model_14539.
      Timing equal_unsigned_1522_rtlopto_model_14540...
        Done timing equal_unsigned_1522_rtlopto_model_14540.
      Timing equal_unsigned_1520_rtlopto_model_14541...
        Done timing equal_unsigned_1520_rtlopto_model_14541.
      Timing geq_unsigned_7205_14542...
        Done timing geq_unsigned_7205_14542.
      Timing geq_unsigned_14543...
        Done timing geq_unsigned_14543.
      Timing geq_unsigned_rtlopto_model_14544...
        Done timing geq_unsigned_rtlopto_model_14544.
      Timing increment_unsigned_7196_14545...
        Done timing increment_unsigned_7196_14545.
      Timing leq_unsigned_1489_rtlopto_model_14548...
        Done timing leq_unsigned_1489_rtlopto_model_14548.
      Timing leq_unsigned_1486_rtlopto_model_14549...
        Done timing leq_unsigned_1486_rtlopto_model_14549.
      Timing leq_unsigned_1483_rtlopto_model_14550...
        Done timing leq_unsigned_1483_rtlopto_model_14550.
      Timing leq_unsigned_1480_rtlopto_model_14551...
        Done timing leq_unsigned_1480_rtlopto_model_14551.
      Timing leq_unsigned_1477_rtlopto_model_14552...
        Done timing leq_unsigned_1477_rtlopto_model_14552.
      Timing leq_unsigned_1474_rtlopto_model_14553...
        Done timing leq_unsigned_1474_rtlopto_model_14553.
      Timing leq_unsigned_1471_rtlopto_model_14554...
        Done timing leq_unsigned_1471_rtlopto_model_14554.
      Timing leq_unsigned_1468_rtlopto_model_14555...
        Done timing leq_unsigned_1468_rtlopto_model_14555.
      Timing leq_unsigned_1465_rtlopto_model_14556...
        Done timing leq_unsigned_1465_rtlopto_model_14556.
      Timing leq_unsigned_1462_rtlopto_model_14557...
        Done timing leq_unsigned_1462_rtlopto_model_14557.
      Timing leq_unsigned_1459_rtlopto_model_14558...
        Done timing leq_unsigned_1459_rtlopto_model_14558.
      Timing leq_unsigned_1456_rtlopto_model_14559...
        Done timing leq_unsigned_1456_rtlopto_model_14559.
      Timing leq_unsigned_1453_rtlopto_model_14560...
        Done timing leq_unsigned_1453_rtlopto_model_14560.
      Timing leq_unsigned_rtlopto_model_14561...
        Done timing leq_unsigned_rtlopto_model_14561.
      Timing decrement_unsigned_7097_14629...
        Done timing decrement_unsigned_7097_14629.
      Timing equal_unsigned_1548_rtlopto_model_14630...
        Done timing equal_unsigned_1548_rtlopto_model_14630.
      Timing equal_unsigned_1546_rtlopto_model_14631...
        Done timing equal_unsigned_1546_rtlopto_model_14631.
      Timing equal_unsigned_1544_rtlopto_model_14632...
        Done timing equal_unsigned_1544_rtlopto_model_14632.
      Timing equal_unsigned_1540_rtlopto_model_14634...
        Done timing equal_unsigned_1540_rtlopto_model_14634.
      Timing equal_unsigned_1538_rtlopto_model_14635...
        Done timing equal_unsigned_1538_rtlopto_model_14635.
      Timing equal_unsigned_1536_rtlopto_model_14636...
        Done timing equal_unsigned_1536_rtlopto_model_14636.
      Timing equal_unsigned_1534_rtlopto_model_14637...
        Done timing equal_unsigned_1534_rtlopto_model_14637.
      Timing equal_unsigned_1532_rtlopto_model_14638...
        Done timing equal_unsigned_1532_rtlopto_model_14638.
      Timing equal_unsigned_1530_rtlopto_model_14639...
        Done timing equal_unsigned_1530_rtlopto_model_14639.
      Timing equal_unsigned_1528_rtlopto_model_14640...
        Done timing equal_unsigned_1528_rtlopto_model_14640.
      Timing equal_unsigned_1526_rtlopto_model_14641...
        Done timing equal_unsigned_1526_rtlopto_model_14641.
      Timing equal_unsigned_1524_rtlopto_model_14642...
        Done timing equal_unsigned_1524_rtlopto_model_14642.
      Timing equal_unsigned_1522_rtlopto_model_14643...
        Done timing equal_unsigned_1522_rtlopto_model_14643.
      Timing equal_unsigned_1520_rtlopto_model_14644...
        Done timing equal_unsigned_1520_rtlopto_model_14644.
      Timing geq_unsigned_7205_14645...
        Done timing geq_unsigned_7205_14645.
      Timing geq_unsigned_14646...
        Done timing geq_unsigned_14646.
      Timing geq_unsigned_rtlopto_model_14647...
        Done timing geq_unsigned_rtlopto_model_14647.
      Timing increment_unsigned_7196_14648...
        Done timing increment_unsigned_7196_14648.
      Timing leq_unsigned_1489_rtlopto_model_14651...
        Done timing leq_unsigned_1489_rtlopto_model_14651.
      Timing leq_unsigned_1486_rtlopto_model_14652...
        Done timing leq_unsigned_1486_rtlopto_model_14652.
      Timing leq_unsigned_1483_rtlopto_model_14653...
        Done timing leq_unsigned_1483_rtlopto_model_14653.
      Timing leq_unsigned_1480_rtlopto_model_14654...
        Done timing leq_unsigned_1480_rtlopto_model_14654.
      Timing leq_unsigned_1477_rtlopto_model_14655...
        Done timing leq_unsigned_1477_rtlopto_model_14655.
      Timing leq_unsigned_1474_rtlopto_model_14656...
        Done timing leq_unsigned_1474_rtlopto_model_14656.
      Timing leq_unsigned_1471_rtlopto_model_14657...
        Done timing leq_unsigned_1471_rtlopto_model_14657.
      Timing leq_unsigned_1468_rtlopto_model_14658...
        Done timing leq_unsigned_1468_rtlopto_model_14658.
      Timing leq_unsigned_1465_rtlopto_model_14659...
        Done timing leq_unsigned_1465_rtlopto_model_14659.
      Timing leq_unsigned_1462_rtlopto_model_14660...
        Done timing leq_unsigned_1462_rtlopto_model_14660.
      Timing leq_unsigned_1459_rtlopto_model_14661...
        Done timing leq_unsigned_1459_rtlopto_model_14661.
      Timing leq_unsigned_1456_rtlopto_model_14662...
        Done timing leq_unsigned_1456_rtlopto_model_14662.
      Timing leq_unsigned_1453_rtlopto_model_14663...
        Done timing leq_unsigned_1453_rtlopto_model_14663.
      Timing leq_unsigned_rtlopto_model_14664...
        Done timing leq_unsigned_rtlopto_model_14664.
Info    : Transformed datapath macro. [RTLOPT-40]
        : Transformed 66 datapath macros in module 'CDN_DP_region_2_1_c6' to a form more suitable for further optimization.
      Timing decrement_unsigned_7097_21787...
        Done timing decrement_unsigned_7097_21787.
      Timing equal_unsigned_1548_rtlopto_model_21788...
        Done timing equal_unsigned_1548_rtlopto_model_21788.
      Timing equal_unsigned_1546_rtlopto_model_21789...
        Done timing equal_unsigned_1546_rtlopto_model_21789.
      Timing equal_unsigned_1544_rtlopto_model_21790...
        Done timing equal_unsigned_1544_rtlopto_model_21790.
      Timing equal_unsigned_1540_rtlopto_model_21792...
        Done timing equal_unsigned_1540_rtlopto_model_21792.
      Timing equal_unsigned_1538_rtlopto_model_21793...
        Done timing equal_unsigned_1538_rtlopto_model_21793.
      Timing equal_unsigned_1536_rtlopto_model_21794...
        Done timing equal_unsigned_1536_rtlopto_model_21794.
      Timing equal_unsigned_1534_rtlopto_model_21795...
        Done timing equal_unsigned_1534_rtlopto_model_21795.
      Timing equal_unsigned_1532_rtlopto_model_21796...
        Done timing equal_unsigned_1532_rtlopto_model_21796.
      Timing equal_unsigned_1530_rtlopto_model_21797...
        Done timing equal_unsigned_1530_rtlopto_model_21797.
      Timing equal_unsigned_1528_rtlopto_model_21798...
        Done timing equal_unsigned_1528_rtlopto_model_21798.
      Timing equal_unsigned_1526_rtlopto_model_21799...
        Done timing equal_unsigned_1526_rtlopto_model_21799.
      Timing equal_unsigned_1524_rtlopto_model_21800...
        Done timing equal_unsigned_1524_rtlopto_model_21800.
      Timing equal_unsigned_1522_rtlopto_model_21801...
        Done timing equal_unsigned_1522_rtlopto_model_21801.
      Timing equal_unsigned_1520_rtlopto_model_21802...
        Done timing equal_unsigned_1520_rtlopto_model_21802.
      Timing geq_unsigned_21803...
        Done timing geq_unsigned_21803.
      Timing geq_unsigned_rtlopto_model_21804...
        Done timing geq_unsigned_rtlopto_model_21804.
      Timing leq_unsigned_1489_rtlopto_model_21805...
        Done timing leq_unsigned_1489_rtlopto_model_21805.
      Timing leq_unsigned_1486_rtlopto_model_21806...
        Done timing leq_unsigned_1486_rtlopto_model_21806.
      Timing leq_unsigned_1483_rtlopto_model_21807...
        Done timing leq_unsigned_1483_rtlopto_model_21807.
      Timing leq_unsigned_1480_rtlopto_model_21808...
        Done timing leq_unsigned_1480_rtlopto_model_21808.
      Timing leq_unsigned_1477_rtlopto_model_21809...
        Done timing leq_unsigned_1477_rtlopto_model_21809.
      Timing leq_unsigned_1474_rtlopto_model_21810...
        Done timing leq_unsigned_1474_rtlopto_model_21810.
      Timing leq_unsigned_1471_rtlopto_model_21811...
        Done timing leq_unsigned_1471_rtlopto_model_21811.
      Timing leq_unsigned_1468_rtlopto_model_21812...
        Done timing leq_unsigned_1468_rtlopto_model_21812.
      Timing leq_unsigned_1465_rtlopto_model_21813...
        Done timing leq_unsigned_1465_rtlopto_model_21813.
      Timing leq_unsigned_1462_rtlopto_model_21814...
        Done timing leq_unsigned_1462_rtlopto_model_21814.
      Timing leq_unsigned_1459_rtlopto_model_21815...
        Done timing leq_unsigned_1459_rtlopto_model_21815.
      Timing leq_unsigned_1456_rtlopto_model_21816...
        Done timing leq_unsigned_1456_rtlopto_model_21816.
      Timing leq_unsigned_1453_rtlopto_model_21817...
        Done timing leq_unsigned_1453_rtlopto_model_21817.
      Timing leq_unsigned_rtlopto_model_21818...
        Done timing leq_unsigned_rtlopto_model_21818.
CDN_DP_region_2_1 level = 0 loads = 1 drivers = 0
CDN_DP_region_2_1_c0 in systolic_array_8X8: area: 243087779500 ,dp = 183 mux = 157 sg = slow         worst_clk_period: -1.0000 
    wns: 0  norm_wns:  -1.0000 
    fail_endp: -1 
    tns:  0  tns_per_endp:  -1.0000   norm_tns_per_endp:  -1.0000 
    tns_sense_max:  -1.0000  tns_sense_avg:  -1.0000   tns_sense_num: -1
    power:  -9223372036854775808  
 skipped
CDN_DP_region_2_1_c1 in systolic_array_8X8: area: 248719138000 ,dp = 249 mux = 286 sg = fast         worst_clk_period: -1.0000 
    wns: 0  norm_wns:  -1.0000 
    fail_endp: -1 
    tns:  0  tns_per_endp:  -1.0000   norm_tns_per_endp:  -1.0000 
    tns_sense_max:  -1.0000  tns_sense_avg:  -1.0000   tns_sense_num: -1
    power:  -9223372036854775808  
 is current best
CDN_DP_region_2_1_c2 in systolic_array_8X8: area: 228489033500 ,dp = 183 mux = 94 sg = very_slow    worst_clk_period: -1.0000 
    wns: 0  norm_wns:  -1.0000 
    fail_endp: -1 
    tns:  0  tns_per_endp:  -1.0000   norm_tns_per_endp:  -1.0000 
    tns_sense_max:  -1.0000  tns_sense_avg:  -1.0000   tns_sense_num: -1
    power:  -9223372036854775808  
 is current best
CDN_DP_region_2_1_c3 in systolic_array_8X8: area: 248719138000 ,dp = 249 mux = 286 sg = very_fast    worst_clk_period: -1.0000 
    wns: 0  norm_wns:  -1.0000 
    fail_endp: -1 
    tns:  0  tns_per_endp:  -1.0000   norm_tns_per_endp:  -1.0000 
    tns_sense_max:  -1.0000  tns_sense_avg:  -1.0000   tns_sense_num: -1
    power:  -9223372036854775808  

CDN_DP_region_2_1_c4 in systolic_array_8X8: area: 233591195500 ,dp = 183 mux = 120 sg = very_fast    worst_clk_period: -1.0000 
    wns: 0  norm_wns:  -1.0000 
    fail_endp: -1 
    tns:  0  tns_per_endp:  -1.0000   norm_tns_per_endp:  -1.0000 
    tns_sense_max:  -1.0000  tns_sense_avg:  -1.0000   tns_sense_num: -1
    power:  -9223372036854775808  

CDN_DP_region_2_1_c5 in systolic_array_8X8: area: 233591195500 ,dp = 183 mux = 120 sg = very_fast    worst_clk_period: -1.0000 
    wns: 0  norm_wns:  -1.0000 
    fail_endp: -1 
    tns:  0  tns_per_endp:  -1.0000   norm_tns_per_endp:  -1.0000 
    tns_sense_max:  -1.0000  tns_sense_avg:  -1.0000   tns_sense_num: -1
    power:  -9223372036854775808  

CDN_DP_region_2_1_c6 in systolic_array_8X8: area: 261082069000 ,dp = 249 mux = 349 sg = very_fast    worst_clk_period: -1.0000 
    wns: 0  norm_wns:  -1.0000 
    fail_endp: -1 
    tns:  0  tns_per_endp:  -1.0000   norm_tns_per_endp:  -1.0000 
    tns_sense_max:  -1.0000  tns_sense_avg:  -1.0000   tns_sense_num: -1
    power:  -9223372036854775808  

Best config: CDN_DP_region_2_1_c2 in systolic_array_8X8: area: 228489033500 ,dp = 183 mux = 94 sg = very_slow    worst_clk_period: -1.0000 
    wns: 0  norm_wns:  -1.0000 
    fail_endp: -1 
    tns:  0  tns_per_endp:  -1.0000   norm_tns_per_endp:  -1.0000 
    tns_sense_max:  -1.0000  tns_sense_avg:  -1.0000   tns_sense_num: -1
    power:  -9223372036854775808  
  Smallest config area : 228489033500.  Fastest config wns;  0
##>+----------------------------------------------------------------------------------------------------------------------------------------------------------------+
##>Summary table of configs (Best config is CDN_DP_region_2_1_c2)
##>+----------------------------------------------------------------------------------------------------------------------------------------------------------------+
##>                     0                  1                  2                  3                  4                  5                  6            
##>+----------------------------------------------------------------------------------------------------------------------------------------------------------------+
##>           Area     243087779500       248719138000       228489033500       248719138000       233591195500       233591195500       261082069000  
##>            WNS        +11618.10          +11640.30          +11695.30          +11640.30          +11695.30          +11695.30          +11640.30  
##>            TNS                0                  0                  0                  0                  0                  0                  0  
##>    Num Rewrite                0                 66                  0                 66                  0                  0                 66  
##>     Num Factor                0                  1                  0                  1                  0                  0                  1  
##>      Num Share                0                 64                  0                 64                  0                  0                 64  
##>   Num CmultCse                0                  0                  0                  0                  0                  0                  0  
##>   Num Downsize                0                  0                  0                  0                  0                  0                  0  
##>  Num Speculate                0                  0                  0                  0                  0                  0                  0  
##>     Runtime(s)                0                 19                  4                 19                  3                  3                 20  
+----------------------------------------------------------------------------------------------------------------------------------------------------------------+
##>
##>
##>+-----------------------------------------------------------------------------------------------------------------------------------------------------------------------------------------------------+
##>Optimization Step DEBUG Table for config CDN_DP_region_2_1_c2
##>
##>                          Step                        Area   (  % Chg)         WNS (Change)          TNS (Change)                Power   (  % Chg)        Runtime (s)        Comment                   
##>+-----------------------------------------------------------------------------------------------------------------------------------------------------------------------------------------------------+
##>createMaxCarrySave              START           243087779500 (       )    107385800.50 (        )          0 (        )                    0 (       )              
##> datapath_rewrite_one_def       START           243087779500 (  +0.00)    107385800.50 (   +0.00)          0 (       0)                    0 (  +0.00)              
##>  fast_cse_elim                 START           243087779500 (  +0.00)    107385800.50 (   +0.00)          0 (       0)                    0 (  +0.00)              
##>                                  END           241936093500 (  -0.47)    107385839.60 (  +39.10)          0 (       0)                    0 (  +0.00)           0  
##>  fast_cse_elim                 START           241936093500 (  +0.00)    107385839.60 (   +0.00)          0 (       0)                    0 (  +0.00)              
##>                                  END           241936093500 (  +0.00)    107385839.60 (   +0.00)          0 (       0)                    0 (  +0.00)           0  
##>                                  END           241936093500 (  -0.47)    107385839.60 (  +39.10)          0 (       0)                    0 (  +0.00)           0  
##> csa_opto                       START           241936093500 (  +0.00)    107385839.60 (   +0.00)          0 (       0)                    0 (  +0.00)              
##>                                  END           242177368500 (  +0.10)    107385697.90 ( -141.70)          0 (       0)                    0 (  +0.00)           0  
##>                                  END           242177368500 (  -0.37)    107385697.90 ( -102.60)          0 (       0)                    0 (  +0.00)           0  
##>canonicalize_by_names           START           242177368500 (  +0.00)    107385697.90 (   +0.00)          0 (       0)                    0 (  +0.00)              
##>                                  END           242177368500 (  +0.00)    107385697.90 (   +0.00)          0 (       0)                    0 (  +0.00)           0  
##>datapath_rewrite_post_csa_one_  START           242177368500 (  +0.00)    107385697.90 (   +0.00)          0 (       0)                    0 (  +0.00)              
##>                                  END           242177368500 (  +0.00)    107385697.90 (   +0.00)          0 (       0)                    0 (  +0.00)           0  
##>datapath_csa_factoring_one_gde  START           242177368500 (  +0.00)    107385697.90 (   +0.00)          0 (       0)                    0 (  +0.00)              
##>                                  END           242177368500 (  +0.00)    107385697.90 (   +0.00)          0 (       0)                    0 (  +0.00)           0  
##>dpopt_share_one_def             START           242177368500 (  +0.00)    107385697.90 (   +0.00)          0 (       0)                    0 (  +0.00)              
##>                                  END           242177368500 (  +0.00)    107385697.90 (   +0.00)          0 (       0)                    0 (  +0.00)           0  
##>datapath_rewrite_post_share     START           242177368500 (  +0.00)    107385697.90 (   +0.00)          0 (       0)                    0 (  +0.00)              
##>                                  END           242177368500 (  +0.00)    107385697.90 (   +0.00)          0 (       0)                    0 (  +0.00)           0  
##>dp_combine_const_mult_with_com  START           242177368500 (  +0.00)    107385697.90 (   +0.00)          0 (       0)                    0 (  +0.00)              
##>                                  END           242177368500 (  +0.00)    107385697.90 (   +0.00)          0 (       0)                    0 (  +0.00)           0  
##>dp_operator_level_decompositio  START           242177368500 (  +0.00)    107385697.90 (   +0.00)          0 (       0)                    0 (  +0.00)              
##>                                  END           242177368500 (  +0.00)    107385697.90 (   +0.00)          0 (       0)                    0 (  +0.00)           0  
##>selective_flatten_dp_config     START           242177368500 (  +0.00)    107385697.90 (   +0.00)          0 (       0)                    0 (  +0.00)              
##>                                  END           242177368500 (  +0.00)    107385697.90 (   +0.00)          0 (       0)                    0 (  +0.00)           0  
##>createMaxCarrySave              START           242177368500 (  +0.00)    107385697.90 (   +0.00)          0 (       0)                    0 (  +0.00)              
##> datapath_rewrite_one_def       START           242177368500 (  +0.00)    107385697.90 (   +0.00)          0 (       0)                    0 (  +0.00)              
##>  fast_cse_elim                 START           242177368500 (  +0.00)    107385697.90 (   +0.00)          0 (       0)                    0 (  +0.00)              
##>                                  END           242177368500 (  +0.00)    107385697.90 (   +0.00)          0 (       0)                    0 (  +0.00)           0  
##>  fast_cse_elim                 START           242177368500 (  +0.00)    107385697.90 (   +0.00)          0 (       0)                    0 (  +0.00)              
##>                                  END           242177368500 (  +0.00)    107385697.90 (   +0.00)          0 (       0)                    0 (  +0.00)           0  
##>                                  END           242177368500 (  +0.00)    107385697.90 (   +0.00)          0 (       0)                    0 (  +0.00)           0  
##> csa_opto                       START           242177368500 (  +0.00)    107385697.90 (   +0.00)          0 (       0)                    0 (  +0.00)              
##>                                  END           242177368500 (  +0.00)    107385697.90 (   +0.00)          0 (       0)                    0 (  +0.00)           0  
##>                                  END           242177368500 (  +0.00)    107385697.90 (   +0.00)          0 (       0)                    0 (  +0.00)           0  
##>context_based_simplify          START           241747899000 (  -0.18)    107385865.00 ( +167.10)          0 (       0)                    0 (  +0.00)              
##>                                  END           240851964500 (  -0.37)    107385877.70 (  +12.70)          0 (       0)                    0 (  +0.00)           0  
##>group_csa_final_adder_dp        START           240851964500 (  +0.00)    107385877.70 (   +0.00)          0 (       0)                    0 (  +0.00)              
##>                                  END           240851964500 (  +0.00)    107385877.70 (   +0.00)          0 (       0)                    0 (  +0.00)           0  
##>dpopt_flatten_critical_muxes_i  START           240851964500 (  +0.00)    107385877.70 (   +0.00)          0 (       0)                    0 (  +0.00)              
##>                                  END           228489033500 (  -5.13)    107385877.70 (   +0.00)          0 (       0)                    0 (  +0.00)           1  
##>create_score                    START           228489033500 (  +0.00)    11695.30 (-107374182.40)          0 (       0)                    0 (  +0.00)              
##>                                  END           228489033500 (  +0.00)    11695.30 (   +0.00)          0 (       0)                    0 (  +0.00)           0  
##>+-----------------------------------------------------------------------------------------------------------------------------------------------------------------------------------------------------+
Committed config: CDN_DP_region_2_1_c2
Info    : Done implementing datapath configurations. [DPOPT-4]
        : Selected 'very_slow' configuration 2 for module 'CDN_DP_region_2_1_c2'.
          Optimizations applied to 'very_slow' configuration:
            rewriting(0), factoring(0), sharing(0), cmultcse(0), downsizing(0), speculation(0)
Info    : Implementing datapath configurations. [DPOPT-3]
        : Implementing datapath configurations for 'CDN_DP_region_3_1'
CSAGen Prep Share:0 Re-Write:0 Speculation: 0
    MaxCSA: weighted_instance_count is 32 
MaxCSA: Successfully built Maximal CSA Expression Expr0
      Timing increment_unsigned_21835...
        Done timing increment_unsigned_21835.
      Timing increment_unsigned_21837_21839...
        Done timing increment_unsigned_21837_21839.
      Timing increment_unsigned_21837_21844...
        Done timing increment_unsigned_21837_21844.
      Timing increment_unsigned_21837_21849...
        Done timing increment_unsigned_21837_21849.
      Timing increment_unsigned_21837_21854...
        Done timing increment_unsigned_21837_21854.
      Timing increment_unsigned_21837_21859...
        Done timing increment_unsigned_21837_21859.
      Timing increment_unsigned_21837_21864...
        Done timing increment_unsigned_21837_21864.
      Timing increment_unsigned_21837_21869...
        Done timing increment_unsigned_21837_21869.
CDN_DP_region_3_1 level = 0 loads = 0 drivers = 0
CDN_DP_region_3_1_c0 in systolic_array_wrapper: area: 194628500 ,dp = 1 mux = 0 sg = slow         worst_clk_period: -1.0000 
    wns: 0  norm_wns:  -1.0000 
    fail_endp: -1 
    tns:  0  tns_per_endp:  -1.0000   norm_tns_per_endp:  -1.0000 
    tns_sense_max:  -1.0000  tns_sense_avg:  -1.0000   tns_sense_num: -1
    power:  -9223372036854775808  
 skipped
CDN_DP_region_3_1_c1 in systolic_array_wrapper: area: 139939500 ,dp = 1 mux = 0 sg = fast         worst_clk_period: -1.0000 
    wns: 0  norm_wns:  -1.0000 
    fail_endp: -1 
    tns:  0  tns_per_endp:  -1.0000   norm_tns_per_endp:  -1.0000 
    tns_sense_max:  -1.0000  tns_sense_avg:  -1.0000   tns_sense_num: -1
    power:  -9223372036854775808  
 is current best
CDN_DP_region_3_1_c2 in systolic_array_wrapper: area: 139939500 ,dp = 1 mux = 0 sg = very_slow    worst_clk_period: -1.0000 
    wns: 0  norm_wns:  -1.0000 
    fail_endp: -1 
    tns:  0  tns_per_endp:  -1.0000   norm_tns_per_endp:  -1.0000 
    tns_sense_max:  -1.0000  tns_sense_avg:  -1.0000   tns_sense_num: -1
    power:  -9223372036854775808  
 is current best
CDN_DP_region_3_1_c3 in systolic_array_wrapper: area: 139939500 ,dp = 1 mux = 0 sg = very_fast    worst_clk_period: -1.0000 
    wns: 0  norm_wns:  -1.0000 
    fail_endp: -1 
    tns:  0  tns_per_endp:  -1.0000   norm_tns_per_endp:  -1.0000 
    tns_sense_max:  -1.0000  tns_sense_avg:  -1.0000   tns_sense_num: -1
    power:  -9223372036854775808  
 is current best
CDN_DP_region_3_1_c4 in systolic_array_wrapper: area: 139939500 ,dp = 1 mux = 0 sg = very_fast    worst_clk_period: -1.0000 
    wns: 0  norm_wns:  -1.0000 
    fail_endp: -1 
    tns:  0  tns_per_endp:  -1.0000   norm_tns_per_endp:  -1.0000 
    tns_sense_max:  -1.0000  tns_sense_avg:  -1.0000   tns_sense_num: -1
    power:  -9223372036854775808  
 is current best
CDN_DP_region_3_1_c5 in systolic_array_wrapper: area: 139939500 ,dp = 1 mux = 0 sg = very_fast    worst_clk_period: -1.0000 
    wns: 0  norm_wns:  -1.0000 
    fail_endp: -1 
    tns:  0  tns_per_endp:  -1.0000   norm_tns_per_endp:  -1.0000 
    tns_sense_max:  -1.0000  tns_sense_avg:  -1.0000   tns_sense_num: -1
    power:  -9223372036854775808  
 is current best
CDN_DP_region_3_1_c6 in systolic_array_wrapper: area: 139939500 ,dp = 1 mux = 0 sg = very_fast    worst_clk_period: -1.0000 
    wns: 0  norm_wns:  -1.0000 
    fail_endp: -1 
    tns:  0  tns_per_endp:  -1.0000   norm_tns_per_endp:  -1.0000 
    tns_sense_max:  -1.0000  tns_sense_avg:  -1.0000   tns_sense_num: -1
    power:  -9223372036854775808  
 is current best
CDN_DP_region_3_1_c7 in systolic_array_wrapper: area: 139939500 ,dp = 1 mux = 0 sg = very_fast    worst_clk_period: -1.0000 
    wns: 0  norm_wns:  -1.0000 
    fail_endp: -1 
    tns:  0  tns_per_endp:  -1.0000   norm_tns_per_endp:  -1.0000 
    tns_sense_max:  -1.0000  tns_sense_avg:  -1.0000   tns_sense_num: -1
    power:  -9223372036854775808  
 is current best
Best config: CDN_DP_region_3_1_c7 in systolic_array_wrapper: area: 139939500 ,dp = 1 mux = 0 sg = very_fast    worst_clk_period: -1.0000 
    wns: 0  norm_wns:  -1.0000 
    fail_endp: -1 
    tns:  0  tns_per_endp:  -1.0000   norm_tns_per_endp:  -1.0000 
    tns_sense_max:  -1.0000  tns_sense_avg:  -1.0000   tns_sense_num: -1
    power:  -9223372036854775808  
  Smallest config area : 139939500.  Fastest config wns;  0
##>+----------------------------------------------------------------------------------------------------------------------------------------------------------------+
##>Summary table of configs (Best config is CDN_DP_region_3_1_c7)
##>+----------------------------------------------------------------------------------------------------------------------------------------------------------------+
##>                     0                  1                  2                  3                  4                  5                  6                  7            
##>+----------------------------------------------------------------------------------------------------------------------------------------------------------------+
##>           Area        194628500          139939500          139939500          139939500          139939500          139939500          139939500          139939500  
##>            WNS        +11911.90          +11911.90          +11911.90          +11911.90          +11911.90          +11911.90          +11911.90          +11911.90  
##>            TNS                0                  0                  0                  0                  0                  0                  0                  0  
##>    Num Rewrite                0                  0                  0                  0                  0                  0                  0                  0  
##>     Num Factor                0                  0                  0                  0                  0                  0                  0                  0  
##>      Num Share                0                  0                  0                  0                  0                  0                  0                  0  
##>   Num CmultCse                0                  0                  0                  0                  0                  0                  0                  0  
##>   Num Downsize                0                  0                  0                  0                  0                  0                  0                  0  
##>  Num Speculate                0                  0                  0                  0                  0                  0                  0                  0  
##>     Runtime(s)                0                  0                  0                  0                  0                  0                  0                  0  
+----------------------------------------------------------------------------------------------------------------------------------------------------------------+
##>
##>
##>+-----------------------------------------------------------------------------------------------------------------------------------------------------------------------------------------------------+
##>Optimization Step DEBUG Table for config CDN_DP_region_3_1_c7
##>
##>                          Step                        Area   (  % Chg)         WNS (Change)          TNS (Change)                Power   (  % Chg)        Runtime (s)        Comment                   
##>+-----------------------------------------------------------------------------------------------------------------------------------------------------------------------------------------------------+
##>EquationExtraction              START              194628500 (       )    11911.90 (        )          0 (        )                    0 (       )              
##> rewrite                        START              347436000 ( +78.51)    11902.80 (   -9.10)          0 (       0)                    0 (  +0.00)              (a,ar) Expr0_from --> Expr0_to
##>                                  END              682004000 ( +96.30)    11903.70 (   +0.90)          0 (       0)                    0 (  +0.00)           0  
##>                                  END              194628500 (  +0.00)    11911.90 (   +0.00)          0 (       0)                    0 (  +0.00)           0  
##>createMaxCarrySave              START              194628500 (  +0.00)    11911.90 (   +0.00)          0 (       0)                    0 (  +0.00)              
##> datapath_rewrite_one_def       START              194628500 (  +0.00)    11911.90 (   +0.00)          0 (       0)                    0 (  +0.00)              
##>                                  END              194628500 (  +0.00)    11911.90 (   +0.00)          0 (       0)                    0 (  +0.00)           0  
##> csa_opto                       START              194628500 (  +0.00)    11911.90 (   +0.00)          0 (       0)                    0 (  +0.00)              
##>                                  END              181760500 (  -6.61)    11911.90 (   +0.00)          0 (       0)                    0 (  +0.00)           0  
##>                                  END              181760500 (  -6.61)    11911.90 (   +0.00)          0 (       0)                    0 (  +0.00)           0  
##>canonicalize_by_names           START              181760500 (  +0.00)    11911.90 (   +0.00)          0 (       0)                    0 (  +0.00)              
##>                                  END              181760500 (  +0.00)    11911.90 (   +0.00)          0 (       0)                    0 (  +0.00)           0  
##>datapath_rewrite_post_csa_one_  START              181760500 (  +0.00)    11911.90 (   +0.00)          0 (       0)                    0 (  +0.00)              
##>                                  END              181760500 (  +0.00)    11911.90 (   +0.00)          0 (       0)                    0 (  +0.00)           0  
##>datapath_csa_factoring_one_gde  START              181760500 (  +0.00)    11911.90 (   +0.00)          0 (       0)                    0 (  +0.00)              
##>                                  END              181760500 (  +0.00)    11911.90 (   +0.00)          0 (       0)                    0 (  +0.00)           0  
##>dpopt_share_one_def             START              181760500 (  +0.00)    11911.90 (   +0.00)          0 (       0)                    0 (  +0.00)              
##>                                  END              181760500 (  +0.00)    11911.90 (   +0.00)          0 (       0)                    0 (  +0.00)           0  
##>datapath_rewrite_post_share     START              181760500 (  +0.00)    11911.90 (   +0.00)          0 (       0)                    0 (  +0.00)              
##>                                  END              181760500 (  +0.00)    11911.90 (   +0.00)          0 (       0)                    0 (  +0.00)           0  
##>dp_combine_const_mult_with_com  START              181760500 (  +0.00)    11911.90 (   +0.00)          0 (       0)                    0 (  +0.00)              
##>                                  END              181760500 (  +0.00)    11911.90 (   +0.00)          0 (       0)                    0 (  +0.00)           0  
##>dp_operator_level_decompositio  START              181760500 (  +0.00)    11911.90 (   +0.00)          0 (       0)                    0 (  +0.00)              
##>                                  END              181760500 (  +0.00)    11911.90 (   +0.00)          0 (       0)                    0 (  +0.00)           0  
##>selective_flatten_dp_config     START              181760500 (  +0.00)    11911.90 (   +0.00)          0 (       0)                    0 (  +0.00)              
##>                                  END              181760500 (  +0.00)    11911.90 (   +0.00)          0 (       0)                    0 (  +0.00)           0  
##>createMaxCarrySave              START              181760500 (  +0.00)    11911.90 (   +0.00)          0 (       0)                    0 (  +0.00)              
##> datapath_rewrite_one_def       START              181760500 (  +0.00)    11911.90 (   +0.00)          0 (       0)                    0 (  +0.00)              
##>  fast_cse_elim                 START              181760500 (  +0.00)    11911.90 (   +0.00)          0 (       0)                    0 (  +0.00)              
##>                                  END              181760500 (  +0.00)    11911.90 (   +0.00)          0 (       0)                    0 (  +0.00)           0  
##>  fast_cse_elim                 START              181760500 (  +0.00)    11911.90 (   +0.00)          0 (       0)                    0 (  +0.00)              
##>                                  END              181760500 (  +0.00)    11911.90 (   +0.00)          0 (       0)                    0 (  +0.00)           0  
##>                                  END              181760500 (  +0.00)    11911.90 (   +0.00)          0 (       0)                    0 (  +0.00)           0  
##> csa_opto                       START              181760500 (  +0.00)    11911.90 (   +0.00)          0 (       0)                    0 (  +0.00)              
##>                                  END              181760500 (  +0.00)    11911.90 (   +0.00)          0 (       0)                    0 (  +0.00)           0  
##>                                  END              181760500 (  +0.00)    11911.90 (   +0.00)          0 (       0)                    0 (  +0.00)           0  
##>context_based_simplify          START              175326500 (  -3.54)    11911.90 (   +0.00)          0 (       0)                    0 (  +0.00)              
##>                                  END              139939500 ( -20.18)    11911.90 (   +0.00)          0 (       0)                    0 (  +0.00)           0  
##>group_csa_final_adder_dp        START              139939500 (  +0.00)    11911.90 (   +0.00)          0 (       0)                    0 (  +0.00)              
##>                                  END              139939500 (  +0.00)    11911.90 (   +0.00)          0 (       0)                    0 (  +0.00)           0  
##>dpopt_flatten_critical_muxes_i  START              139939500 (  +0.00)    11911.90 (   +0.00)          0 (       0)                    0 (  +0.00)              
##>                                  END              139939500 (  +0.00)    11911.90 (   +0.00)          0 (       0)                    0 (  +0.00)           0  
##>create_score                    START              139939500 (  +0.00)    11911.90 (   +0.00)          0 (       0)                    0 (  +0.00)              
##>                                  END              139939500 (  +0.00)    11911.90 (   +0.00)          0 (       0)                    0 (  +0.00)           0  
##>+-----------------------------------------------------------------------------------------------------------------------------------------------------------------------------------------------------+
Committed config: CDN_DP_region_3_1_c7
Info    : Done implementing datapath configurations. [DPOPT-4]
        : Selected 'very_fast' configuration 7 for module 'CDN_DP_region_3_1_c7'.
          Optimizations applied to 'very_fast' configuration:
            rewriting(0), factoring(0), sharing(0), cmultcse(0), downsizing(0), speculation(0)
Info    : Implementing datapath configurations. [DPOPT-3]
        : Implementing datapath configurations for 'CDN_DP_region_3_0'
CSAGen Prep Share:0 Re-Write:0 Speculation: 0
    MaxCSA: weighted_instance_count is 288 
MaxCSA: Successfully built Maximal CSA Expression Expr1
    MaxCSA: weighted_instance_count is 288 
MaxCSA: Successfully built Maximal CSA Expression Expr2
      Timing csa_tree_21936...
        Done timing csa_tree_21936.
      Timing add_signed_carry_21941...
        Done timing add_signed_carry_21941.
CDN_DP_region_3_0 level = 0 loads = 0 drivers = 0
CDN_DP_region_3_0_c0 in systolic_array_wrapper: area: 4634088500 ,dp = 16 mux = 4 sg = slow         worst_clk_period: -1.0000 
    wns: 0  norm_wns:  -1.0000 
    fail_endp: -1 
    tns:  0  tns_per_endp:  -1.0000   norm_tns_per_endp:  -1.0000 
    tns_sense_max:  -1.0000  tns_sense_avg:  -1.0000   tns_sense_num: -1
    power:  -9223372036854775808  
 skipped
CDN_DP_region_3_0_c1 in systolic_array_wrapper: area: 4634088500 ,dp = 16 mux = 4 sg = fast         worst_clk_period: -1.0000 
    wns: 0  norm_wns:  -1.0000 
    fail_endp: -1 
    tns:  0  tns_per_endp:  -1.0000   norm_tns_per_endp:  -1.0000 
    tns_sense_max:  -1.0000  tns_sense_avg:  -1.0000   tns_sense_num: -1
    power:  -9223372036854775808  
 is current best
CDN_DP_region_3_0_c2 in systolic_array_wrapper: area: 4634088500 ,dp = 16 mux = 4 sg = very_slow    worst_clk_period: -1.0000 
    wns: 0  norm_wns:  -1.0000 
    fail_endp: -1 
    tns:  0  tns_per_endp:  -1.0000   norm_tns_per_endp:  -1.0000 
    tns_sense_max:  -1.0000  tns_sense_avg:  -1.0000   tns_sense_num: -1
    power:  -9223372036854775808  
 is current best
CDN_DP_region_3_0_c3 in systolic_array_wrapper: area: 4634088500 ,dp = 16 mux = 4 sg = very_fast    worst_clk_period: -1.0000 
    wns: 0  norm_wns:  -1.0000 
    fail_endp: -1 
    tns:  0  tns_per_endp:  -1.0000   norm_tns_per_endp:  -1.0000 
    tns_sense_max:  -1.0000  tns_sense_avg:  -1.0000   tns_sense_num: -1
    power:  -9223372036854775808  
 is current best
CDN_DP_region_3_0_c4 in systolic_array_wrapper: area: 4634088500 ,dp = 16 mux = 4 sg = very_fast    worst_clk_period: -1.0000 
    wns: 0  norm_wns:  -1.0000 
    fail_endp: -1 
    tns:  0  tns_per_endp:  -1.0000   norm_tns_per_endp:  -1.0000 
    tns_sense_max:  -1.0000  tns_sense_avg:  -1.0000   tns_sense_num: -1
    power:  -9223372036854775808  
 is current best
CDN_DP_region_3_0_c5 in systolic_array_wrapper: area: 4634088500 ,dp = 16 mux = 4 sg = very_fast    worst_clk_period: -1.0000 
    wns: 0  norm_wns:  -1.0000 
    fail_endp: -1 
    tns:  0  tns_per_endp:  -1.0000   norm_tns_per_endp:  -1.0000 
    tns_sense_max:  -1.0000  tns_sense_avg:  -1.0000   tns_sense_num: -1
    power:  -9223372036854775808  
 is current best
CDN_DP_region_3_0_c6 in systolic_array_wrapper: area: 4634088500 ,dp = 16 mux = 4 sg = very_fast    worst_clk_period: -1.0000 
    wns: 0  norm_wns:  -1.0000 
    fail_endp: -1 
    tns:  0  tns_per_endp:  -1.0000   norm_tns_per_endp:  -1.0000 
    tns_sense_max:  -1.0000  tns_sense_avg:  -1.0000   tns_sense_num: -1
    power:  -9223372036854775808  
 is current best
CDN_DP_region_3_0_c7 in systolic_array_wrapper: area: 4737032500 ,dp = 16 mux = 4 sg = very_fast    worst_clk_period: -1.0000 
    wns: 0  norm_wns:  -1.0000 
    fail_endp: -1 
    tns:  0  tns_per_endp:  -1.0000   norm_tns_per_endp:  -1.0000 
    tns_sense_max:  -1.0000  tns_sense_avg:  -1.0000   tns_sense_num: -1
    power:  -9223372036854775808  

Best config: CDN_DP_region_3_0_c6 in systolic_array_wrapper: area: 4634088500 ,dp = 16 mux = 4 sg = very_fast    worst_clk_period: -1.0000 
    wns: 0  norm_wns:  -1.0000 
    fail_endp: -1 
    tns:  0  tns_per_endp:  -1.0000   norm_tns_per_endp:  -1.0000 
    tns_sense_max:  -1.0000  tns_sense_avg:  -1.0000   tns_sense_num: -1
    power:  -9223372036854775808  
  Smallest config area : 4634088500.  Fastest config wns;  0
##>+----------------------------------------------------------------------------------------------------------------------------------------------------------------+
##>Summary table of configs (Best config is CDN_DP_region_3_0_c6)
##>+----------------------------------------------------------------------------------------------------------------------------------------------------------------+
##>                     0                  1                  2                  3                  4                  5                  6                  7            
##>+----------------------------------------------------------------------------------------------------------------------------------------------------------------+
##>           Area       4634088500         4634088500         4634088500         4634088500         4634088500         4634088500         4634088500         4737032500  
##>            WNS        +19211.40          +19211.40          +19211.40          +19211.40          +19211.40          +19211.40          +19211.40          +19185.30  
##>            TNS                0                  0                  0                  0                  0                  0                  0                  0  
##>    Num Rewrite                0                  0                  0                  0                  0                  0                  0                  0  
##>     Num Factor                0                  0                  0                  0                  0                  0                  0                  0  
##>      Num Share                0                  0                  0                  0                  0                  0                  0                  0  
##>   Num CmultCse                0                  0                  0                  0                  0                  0                  0                  0  
##>   Num Downsize                0                  0                  0                  0                  0                  0                  0                  0  
##>  Num Speculate                0                  0                  0                  0                  0                  0                  0                  0  
##>     Runtime(s)                0                  0                  0                  0                  0                  0                  0                  2  
+----------------------------------------------------------------------------------------------------------------------------------------------------------------+
##>
##>
##>+-----------------------------------------------------------------------------------------------------------------------------------------------------------------------------------------------------+
##>Optimization Step DEBUG Table for config CDN_DP_region_3_0_c6
##>
##>                          Step                        Area   (  % Chg)         WNS (Change)          TNS (Change)                Power   (  % Chg)        Runtime (s)        Comment                   
##>+-----------------------------------------------------------------------------------------------------------------------------------------------------------------------------------------------------+
##>createMaxCarrySave              START             4634088500 (       )    107393393.80 (        )          0 (        )                    0 (       )              
##> datapath_rewrite_one_def       START             4634088500 (  +0.00)    107393393.80 (   +0.00)          0 (       0)                    0 (  +0.00)              
##>  fast_cse_elim                 START             4634088500 (  +0.00)    107393393.80 (   +0.00)          0 (       0)                    0 (  +0.00)              
##>                                  END             4634088500 (  +0.00)    107393393.80 (   +0.00)          0 (       0)                    0 (  +0.00)           0  
##>  fast_cse_elim                 START             4634088500 (  +0.00)    107393393.80 (   +0.00)          0 (       0)                    0 (  +0.00)              
##>                                  END             4634088500 (  +0.00)    107393393.80 (   +0.00)          0 (       0)                    0 (  +0.00)           0  
##>                                  END             4634088500 (  +0.00)    107393393.80 (   +0.00)          0 (       0)                    0 (  +0.00)           0  
##> dpopt_share_one_def            START             4634088500 (  +0.00)    107393393.80 (   +0.00)          0 (       0)                    0 (  +0.00)              
##>                                  END             4634088500 (  +0.00)    107393393.80 (   +0.00)          0 (       0)                    0 (  +0.00)           0  
##> csa_opto                       START             4634088500 (  +0.00)    214748364.70 (+107354970.90)          0 (       0)                    0 (  +0.00)              
##>                                  END             4634088500 (  +0.00)    214748364.70 (   +0.00)          0 (       0)                    0 (  +0.00)           0  
##>                                  END             4634088500 (  +0.00)    214748364.70 (+107354970.90)          0 (       0)                    0 (  +0.00)           0  
##>canonicalize_by_names           START             4634088500 (  +0.00)    214748364.70 (   +0.00)          0 (       0)                    0 (  +0.00)              
##>                                  END             4634088500 (  +0.00)    214748364.70 (   +0.00)          0 (       0)                    0 (  +0.00)           0  
##>datapath_rewrite_post_csa_one_  START             4634088500 (  +0.00)    214748364.70 (   +0.00)          0 (       0)                    0 (  +0.00)              
##>                                  END             4634088500 (  +0.00)    214748364.70 (   +0.00)          0 (       0)                    0 (  +0.00)           0  
##>datapath_csa_factoring_one_gde  START             4634088500 (  +0.00)    214748364.70 (   +0.00)          0 (       0)                    0 (  +0.00)              
##>                                  END             4634088500 (  +0.00)    214748364.70 (   +0.00)          0 (       0)                    0 (  +0.00)           0  
##>dpopt_share_one_def             START             4634088500 (  +0.00)    214748364.70 (   +0.00)          0 (       0)                    0 (  +0.00)              
##>                                  END             4634088500 (  +0.00)    214748364.70 (   +0.00)          0 (       0)                    0 (  +0.00)           0  
##>datapath_rewrite_post_share     START             4634088500 (  +0.00)    214748364.70 (   +0.00)          0 (       0)                    0 (  +0.00)              
##>                                  END             4634088500 (  +0.00)    214748364.70 (   +0.00)          0 (       0)                    0 (  +0.00)           0  
##>dp_combine_const_mult_with_com  START             4634088500 (  +0.00)    214748364.70 (   +0.00)          0 (       0)                    0 (  +0.00)              
##>                                  END             4634088500 (  +0.00)    214748364.70 (   +0.00)          0 (       0)                    0 (  +0.00)           0  
##>dp_operator_level_decompositio  START             4634088500 (  +0.00)    214748364.70 (   +0.00)          0 (       0)                    0 (  +0.00)              
##>                                  END             4634088500 (  +0.00)    214748364.70 (   +0.00)          0 (       0)                    0 (  +0.00)           0  
##>selective_flatten_dp_config     START             4634088500 (  +0.00)    214748364.70 (   +0.00)          0 (       0)                    0 (  +0.00)              
##>                                  END             4634088500 (  +0.00)    214748364.70 (   +0.00)          0 (       0)                    0 (  +0.00)           0  
##>createMaxCarrySave              START             4634088500 (  +0.00)    214748364.70 (   +0.00)          0 (       0)                    0 (  +0.00)              
##> datapath_rewrite_one_def       START             4634088500 (  +0.00)    214748364.70 (   +0.00)          0 (       0)                    0 (  +0.00)              
##>  fast_cse_elim                 START             4634088500 (  +0.00)    214748364.70 (   +0.00)          0 (       0)                    0 (  +0.00)              
##>                                  END             4634088500 (  +0.00)    214748364.70 (   +0.00)          0 (       0)                    0 (  +0.00)           0  
##>  fast_cse_elim                 START             4634088500 (  +0.00)    214748364.70 (   +0.00)          0 (       0)                    0 (  +0.00)              
##>                                  END             4634088500 (  +0.00)    214748364.70 (   +0.00)          0 (       0)                    0 (  +0.00)           0  
##>                                  END             4634088500 (  +0.00)    214748364.70 (   +0.00)          0 (       0)                    0 (  +0.00)           0  
##> dpopt_share_one_def            START             4634088500 (  +0.00)    214748364.70 (   +0.00)          0 (       0)                    0 (  +0.00)              
##>                                  END             4634088500 (  +0.00)    214748364.70 (   +0.00)          0 (       0)                    0 (  +0.00)           0  
##> csa_opto                       START             4634088500 (  +0.00)    214748364.70 (   +0.00)          0 (       0)                    0 (  +0.00)              
##>                                  END             4634088500 (  +0.00)    214748364.70 (   +0.00)          0 (       0)                    0 (  +0.00)           0  
##>                                  END             4634088500 (  +0.00)    214748364.70 (   +0.00)          0 (       0)                    0 (  +0.00)           0  
##>context_based_simplify          START             4634088500 (  +0.00)    214748364.70 (   +0.00)          0 (       0)                    0 (  +0.00)              
##>                                  END             4634088500 (  +0.00)    214748364.70 (   +0.00)          0 (       0)                    0 (  +0.00)           0  
##>group_csa_final_adder_dp        START             4634088500 (  +0.00)    214748364.70 (   +0.00)          0 (       0)                    0 (  +0.00)              
##>                                  END             4634088500 (  +0.00)    214748364.70 (   +0.00)          0 (       0)                    0 (  +0.00)           0  
##>dpopt_flatten_critical_muxes_i  START             4634088500 (  +0.00)    214748364.70 (   +0.00)          0 (       0)                    0 (  +0.00)              
##>                                  END             4634088500 (  +0.00)    214748364.70 (   +0.00)          0 (       0)                    0 (  +0.00)           0  
##>create_score                    START             4634088500 (  +0.00)    19211.40 (-214729153.30)          0 (       0)                    0 (  +0.00)              
##>                                  END             4634088500 (  +0.00)    19211.40 (   +0.00)          0 (       0)                    0 (  +0.00)           0  
##>+-----------------------------------------------------------------------------------------------------------------------------------------------------------------------------------------------------+
Committed config: CDN_DP_region_3_0_c6
Info    : Done implementing datapath configurations. [DPOPT-4]
        : Selected 'very_fast' configuration 6 for module 'CDN_DP_region_3_0_c6'.
          Optimizations applied to 'very_fast' configuration:
            rewriting(0), factoring(0), sharing(0), cmultcse(0), downsizing(0), speculation(0)
Info    : Implementing datapath configurations. [DPOPT-3]
        : Implementing datapath configurations for 'CDN_DP_region_1_0'
CSAGen Prep Share:0 Re-Write:0 Speculation: 0
    MaxCSA: weighted_instance_count is 6 
MaxCSA: Successfully built Maximal CSA Expression Expr3
      Timing increment_unsigned_22177...
        Done timing increment_unsigned_22177.
      Timing increment_unsigned_22179_22181...
        Done timing increment_unsigned_22179_22181.
      Timing increment_unsigned_22179_22186...
        Done timing increment_unsigned_22179_22186.
      Timing increment_unsigned_22179_22191...
        Done timing increment_unsigned_22179_22191.
      Timing increment_unsigned_22179_22196...
        Done timing increment_unsigned_22179_22196.
      Timing increment_unsigned_22179_22201...
        Done timing increment_unsigned_22179_22201.
      Timing increment_unsigned_22179_22206...
        Done timing increment_unsigned_22179_22206.
      Timing increment_unsigned_22179_22211...
        Done timing increment_unsigned_22179_22211.
CDN_DP_region_1_0 level = 0 loads = 0 drivers = 0
CDN_DP_region_1_0_c0 in output_buffer: area: 16085000 ,dp = 1 mux = 0 sg = slow         worst_clk_period: -1.0000 
    wns: 0  norm_wns:  -1.0000 
    fail_endp: -1 
    tns:  0  tns_per_endp:  -1.0000   norm_tns_per_endp:  -1.0000 
    tns_sense_max:  -1.0000  tns_sense_avg:  -1.0000   tns_sense_num: -1
    power:  -9223372036854775808  
 skipped
CDN_DP_region_1_0_c1 in output_buffer: area: 11259500 ,dp = 1 mux = 0 sg = fast         worst_clk_period: -1.0000 
    wns: 0  norm_wns:  -1.0000 
    fail_endp: -1 
    tns:  0  tns_per_endp:  -1.0000   norm_tns_per_endp:  -1.0000 
    tns_sense_max:  -1.0000  tns_sense_avg:  -1.0000   tns_sense_num: -1
    power:  -9223372036854775808  
 is current best
CDN_DP_region_1_0_c2 in output_buffer: area: 11259500 ,dp = 1 mux = 0 sg = very_slow    worst_clk_period: -1.0000 
    wns: 0  norm_wns:  -1.0000 
    fail_endp: -1 
    tns:  0  tns_per_endp:  -1.0000   norm_tns_per_endp:  -1.0000 
    tns_sense_max:  -1.0000  tns_sense_avg:  -1.0000   tns_sense_num: -1
    power:  -9223372036854775808  
 is current best
CDN_DP_region_1_0_c3 in output_buffer: area: 11259500 ,dp = 1 mux = 0 sg = very_fast    worst_clk_period: -1.0000 
    wns: 0  norm_wns:  -1.0000 
    fail_endp: -1 
    tns:  0  tns_per_endp:  -1.0000   norm_tns_per_endp:  -1.0000 
    tns_sense_max:  -1.0000  tns_sense_avg:  -1.0000   tns_sense_num: -1
    power:  -9223372036854775808  
 is current best
CDN_DP_region_1_0_c4 in output_buffer: area: 11259500 ,dp = 1 mux = 0 sg = very_fast    worst_clk_period: -1.0000 
    wns: 0  norm_wns:  -1.0000 
    fail_endp: -1 
    tns:  0  tns_per_endp:  -1.0000   norm_tns_per_endp:  -1.0000 
    tns_sense_max:  -1.0000  tns_sense_avg:  -1.0000   tns_sense_num: -1
    power:  -9223372036854775808  
 is current best
CDN_DP_region_1_0_c5 in output_buffer: area: 11259500 ,dp = 1 mux = 0 sg = very_fast    worst_clk_period: -1.0000 
    wns: 0  norm_wns:  -1.0000 
    fail_endp: -1 
    tns:  0  tns_per_endp:  -1.0000   norm_tns_per_endp:  -1.0000 
    tns_sense_max:  -1.0000  tns_sense_avg:  -1.0000   tns_sense_num: -1
    power:  -9223372036854775808  
 is current best
CDN_DP_region_1_0_c6 in output_buffer: area: 11259500 ,dp = 1 mux = 0 sg = very_fast    worst_clk_period: -1.0000 
    wns: 0  norm_wns:  -1.0000 
    fail_endp: -1 
    tns:  0  tns_per_endp:  -1.0000   norm_tns_per_endp:  -1.0000 
    tns_sense_max:  -1.0000  tns_sense_avg:  -1.0000   tns_sense_num: -1
    power:  -9223372036854775808  
 is current best
CDN_DP_region_1_0_c7 in output_buffer: area: 11259500 ,dp = 1 mux = 0 sg = very_fast    worst_clk_period: -1.0000 
    wns: 0  norm_wns:  -1.0000 
    fail_endp: -1 
    tns:  0  tns_per_endp:  -1.0000   norm_tns_per_endp:  -1.0000 
    tns_sense_max:  -1.0000  tns_sense_avg:  -1.0000   tns_sense_num: -1
    power:  -9223372036854775808  
 is current best
Best config: CDN_DP_region_1_0_c7 in output_buffer: area: 11259500 ,dp = 1 mux = 0 sg = very_fast    worst_clk_period: -1.0000 
    wns: 0  norm_wns:  -1.0000 
    fail_endp: -1 
    tns:  0  tns_per_endp:  -1.0000   norm_tns_per_endp:  -1.0000 
    tns_sense_max:  -1.0000  tns_sense_avg:  -1.0000   tns_sense_num: -1
    power:  -9223372036854775808  
  Smallest config area : 11259500.  Fastest config wns;  0
##>+----------------------------------------------------------------------------------------------------------------------------------------------------------------+
##>Summary table of configs (Best config is CDN_DP_region_1_0_c7)
##>+----------------------------------------------------------------------------------------------------------------------------------------------------------------+
##>                     0                  1                  2                  3                  4                  5                  6                  7            
##>+----------------------------------------------------------------------------------------------------------------------------------------------------------------+
##>           Area         16085000           11259500           11259500           11259500           11259500           11259500           11259500           11259500  
##>            WNS        +14448.10          +14448.10          +14448.10          +14448.10          +14448.10          +14448.10          +14448.10          +14448.10  
##>            TNS                0                  0                  0                  0                  0                  0                  0                  0  
##>    Num Rewrite                0                  0                  0                  0                  0                  0                  0                  0  
##>     Num Factor                0                  0                  0                  0                  0                  0                  0                  0  
##>      Num Share                0                  0                  0                  0                  0                  0                  0                  0  
##>   Num CmultCse                0                  0                  0                  0                  0                  0                  0                  0  
##>   Num Downsize                0                  0                  0                  0                  0                  0                  0                  0  
##>  Num Speculate                0                  0                  0                  0                  0                  0                  0                  0  
##>     Runtime(s)                0                  0                  0                  0                  0                  0                  0                  0  
+----------------------------------------------------------------------------------------------------------------------------------------------------------------+
##>
##>
##>+-----------------------------------------------------------------------------------------------------------------------------------------------------------------------------------------------------+
##>Optimization Step DEBUG Table for config CDN_DP_region_1_0_c7
##>
##>                          Step                        Area   (  % Chg)         WNS (Change)          TNS (Change)                Power   (  % Chg)        Runtime (s)        Comment                   
##>+-----------------------------------------------------------------------------------------------------------------------------------------------------------------------------------------------------+
##>EquationExtraction              START               16085000 (       )    14448.10 (        )          0 (        )                    0 (       )              
##> rewrite                        START               30561500 ( +90.00)    14448.10 (   +0.00)          0 (       0)                    0 (  +0.00)              (a,ar) Expr3_from --> Expr3_to
##>                                  END               62731500 (+105.26)    14448.10 (   +0.00)          0 (       0)                    0 (  +0.00)           0  
##>                                  END               16085000 (  +0.00)    14448.10 (   +0.00)          0 (       0)                    0 (  +0.00)           0  
##>createMaxCarrySave              START               16085000 (  +0.00)    14448.10 (   +0.00)          0 (       0)                    0 (  +0.00)              
##> datapath_rewrite_one_def       START               16085000 (  +0.00)    14448.10 (   +0.00)          0 (       0)                    0 (  +0.00)              
##>                                  END               16085000 (  +0.00)    14448.10 (   +0.00)          0 (       0)                    0 (  +0.00)           0  
##> csa_opto                       START               16085000 (  +0.00)    14448.10 (   +0.00)          0 (       0)                    0 (  +0.00)              
##>                                  END               19302000 ( +20.00)    14448.10 (   +0.00)          0 (       0)                    0 (  +0.00)           0  
##>                                  END               19302000 ( +20.00)    14448.10 (   +0.00)          0 (       0)                    0 (  +0.00)           0  
##>canonicalize_by_names           START               19302000 (  +0.00)    14448.10 (   +0.00)          0 (       0)                    0 (  +0.00)              
##>                                  END               19302000 (  +0.00)    14448.10 (   +0.00)          0 (       0)                    0 (  +0.00)           0  
##>datapath_rewrite_post_csa_one_  START               19302000 (  +0.00)    14448.10 (   +0.00)          0 (       0)                    0 (  +0.00)              
##>                                  END               19302000 (  +0.00)    14448.10 (   +0.00)          0 (       0)                    0 (  +0.00)           0  
##>datapath_csa_factoring_one_gde  START               19302000 (  +0.00)    14448.10 (   +0.00)          0 (       0)                    0 (  +0.00)              
##>                                  END               19302000 (  +0.00)    14448.10 (   +0.00)          0 (       0)                    0 (  +0.00)           0  
##>dpopt_share_one_def             START               19302000 (  +0.00)    14448.10 (   +0.00)          0 (       0)                    0 (  +0.00)              
##>                                  END               19302000 (  +0.00)    14448.10 (   +0.00)          0 (       0)                    0 (  +0.00)           0  
##>datapath_rewrite_post_share     START               19302000 (  +0.00)    14448.10 (   +0.00)          0 (       0)                    0 (  +0.00)              
##>                                  END               19302000 (  +0.00)    14448.10 (   +0.00)          0 (       0)                    0 (  +0.00)           0  
##>dp_combine_const_mult_with_com  START               19302000 (  +0.00)    14448.10 (   +0.00)          0 (       0)                    0 (  +0.00)              
##>                                  END               19302000 (  +0.00)    14448.10 (   +0.00)          0 (       0)                    0 (  +0.00)           0  
##>dp_operator_level_decompositio  START               19302000 (  +0.00)    14448.10 (   +0.00)          0 (       0)                    0 (  +0.00)              
##>                                  END               19302000 (  +0.00)    14448.10 (   +0.00)          0 (       0)                    0 (  +0.00)           0  
##>selective_flatten_dp_config     START               19302000 (  +0.00)    14448.10 (   +0.00)          0 (       0)                    0 (  +0.00)              
##>                                  END               19302000 (  +0.00)    14448.10 (   +0.00)          0 (       0)                    0 (  +0.00)           0  
##>createMaxCarrySave              START               19302000 (  +0.00)    14448.10 (   +0.00)          0 (       0)                    0 (  +0.00)              
##> datapath_rewrite_one_def       START               19302000 (  +0.00)    14448.10 (   +0.00)          0 (       0)                    0 (  +0.00)              
##>  fast_cse_elim                 START               19302000 (  +0.00)    14448.10 (   +0.00)          0 (       0)                    0 (  +0.00)              
##>                                  END               19302000 (  +0.00)    14448.10 (   +0.00)          0 (       0)                    0 (  +0.00)           0  
##>  fast_cse_elim                 START               19302000 (  +0.00)    14448.10 (   +0.00)          0 (       0)                    0 (  +0.00)              
##>                                  END               19302000 (  +0.00)    14448.10 (   +0.00)          0 (       0)                    0 (  +0.00)           0  
##>                                  END               19302000 (  +0.00)    14448.10 (   +0.00)          0 (       0)                    0 (  +0.00)           0  
##> csa_opto                       START               19302000 (  +0.00)    14448.10 (   +0.00)          0 (       0)                    0 (  +0.00)              
##>                                  END               19302000 (  +0.00)    14448.10 (   +0.00)          0 (       0)                    0 (  +0.00)           0  
##>                                  END               19302000 (  +0.00)    14448.10 (   +0.00)          0 (       0)                    0 (  +0.00)           0  
##>context_based_simplify          START               12868000 ( -33.33)    14448.10 (   +0.00)          0 (       0)                    0 (  +0.00)              
##>                                  END               11259500 ( -12.50)    14448.10 (   +0.00)          0 (       0)                    0 (  +0.00)           0  
##>group_csa_final_adder_dp        START               11259500 (  +0.00)    14448.10 (   +0.00)          0 (       0)                    0 (  +0.00)              
##>                                  END               11259500 (  +0.00)    14448.10 (   +0.00)          0 (       0)                    0 (  +0.00)           0  
##>dpopt_flatten_critical_muxes_i  START               11259500 (  +0.00)    14448.10 (   +0.00)          0 (       0)                    0 (  +0.00)              
##>                                  END               11259500 (  +0.00)    14448.10 (   +0.00)          0 (       0)                    0 (  +0.00)           0  
##>create_score                    START               11259500 (  +0.00)    14448.10 (   +0.00)          0 (       0)                    0 (  +0.00)              
##>                                  END               11259500 (  +0.00)    14448.10 (   +0.00)          0 (       0)                    0 (  +0.00)           0  
##>+-----------------------------------------------------------------------------------------------------------------------------------------------------------------------------------------------------+
Committed config: CDN_DP_region_1_0_c7
Info    : Done implementing datapath configurations. [DPOPT-4]
        : Selected 'very_fast' configuration 7 for module 'CDN_DP_region_1_0_c7'.
          Optimizations applied to 'very_fast' configuration:
            rewriting(0), factoring(0), sharing(0), cmultcse(0), downsizing(0), speculation(0)
Info    : Implementing datapath configurations. [DPOPT-3]
        : Implementing datapath configurations for 'CDN_DP_region_2_0'
CSAGen Prep Share:0 Re-Write:0 Speculation: 0
    MaxCSA: weighted_instance_count is 8 
MaxCSA: Successfully built Maximal CSA Expression Expr4
      Timing increment_unsigned_22216...
        Done timing increment_unsigned_22216.
      Timing increment_unsigned_22218_22221...
        Done timing increment_unsigned_22218_22221.
      Timing increment_unsigned_22218_22227...
        Done timing increment_unsigned_22218_22227.
      Timing increment_unsigned_22218_22233...
        Done timing increment_unsigned_22218_22233.
      Timing increment_unsigned_22218_22239...
        Done timing increment_unsigned_22218_22239.
      Timing increment_unsigned_22218_22245...
        Done timing increment_unsigned_22218_22245.
      Timing increment_unsigned_22218_22251...
        Done timing increment_unsigned_22218_22251.
      Timing increment_unsigned_22218_22257...
        Done timing increment_unsigned_22218_22257.
CDN_DP_region_2_0 level = 1 loads = 0 drivers = 1 is driven by : CDN_DP_region_2_1 
CDN_DP_region_2_0_c0 in systolic_array_8X8: area: 56297500 ,dp = 1 mux = 1 sg = slow         worst_clk_period: -1.0000 
    wns: 0  norm_wns:  -1.0000 
    fail_endp: -1 
    tns:  0  tns_per_endp:  -1.0000   norm_tns_per_endp:  -1.0000 
    tns_sense_max:  -1.0000  tns_sense_avg:  -1.0000   tns_sense_num: -1
    power:  -9223372036854775808  
 skipped
CDN_DP_region_2_0_c1 in systolic_array_8X8: area: 48255000 ,dp = 1 mux = 1 sg = fast         worst_clk_period: -1.0000 
    wns: 0  norm_wns:  -1.0000 
    fail_endp: -1 
    tns:  0  tns_per_endp:  -1.0000   norm_tns_per_endp:  -1.0000 
    tns_sense_max:  -1.0000  tns_sense_avg:  -1.0000   tns_sense_num: -1
    power:  -9223372036854775808  
 is current best
CDN_DP_region_2_0_c2 in systolic_array_8X8: area: 48255000 ,dp = 1 mux = 1 sg = very_slow    worst_clk_period: -1.0000 
    wns: 0  norm_wns:  -1.0000 
    fail_endp: -1 
    tns:  0  tns_per_endp:  -1.0000   norm_tns_per_endp:  -1.0000 
    tns_sense_max:  -1.0000  tns_sense_avg:  -1.0000   tns_sense_num: -1
    power:  -9223372036854775808  
 is current best
CDN_DP_region_2_0_c3 in systolic_array_8X8: area: 48255000 ,dp = 1 mux = 1 sg = very_fast    worst_clk_period: -1.0000 
    wns: 0  norm_wns:  -1.0000 
    fail_endp: -1 
    tns:  0  tns_per_endp:  -1.0000   norm_tns_per_endp:  -1.0000 
    tns_sense_max:  -1.0000  tns_sense_avg:  -1.0000   tns_sense_num: -1
    power:  -9223372036854775808  
 is current best
CDN_DP_region_2_0_c4 in systolic_array_8X8: area: 48255000 ,dp = 1 mux = 1 sg = very_fast    worst_clk_period: -1.0000 
    wns: 0  norm_wns:  -1.0000 
    fail_endp: -1 
    tns:  0  tns_per_endp:  -1.0000   norm_tns_per_endp:  -1.0000 
    tns_sense_max:  -1.0000  tns_sense_avg:  -1.0000   tns_sense_num: -1
    power:  -9223372036854775808  
 is current best
CDN_DP_region_2_0_c5 in systolic_array_8X8: area: 48255000 ,dp = 1 mux = 1 sg = very_fast    worst_clk_period: -1.0000 
    wns: 0  norm_wns:  -1.0000 
    fail_endp: -1 
    tns:  0  tns_per_endp:  -1.0000   norm_tns_per_endp:  -1.0000 
    tns_sense_max:  -1.0000  tns_sense_avg:  -1.0000   tns_sense_num: -1
    power:  -9223372036854775808  
 is current best
CDN_DP_region_2_0_c6 in systolic_array_8X8: area: 48255000 ,dp = 1 mux = 1 sg = very_fast    worst_clk_period: -1.0000 
    wns: 0  norm_wns:  -1.0000 
    fail_endp: -1 
    tns:  0  tns_per_endp:  -1.0000   norm_tns_per_endp:  -1.0000 
    tns_sense_max:  -1.0000  tns_sense_avg:  -1.0000   tns_sense_num: -1
    power:  -9223372036854775808  
 is current best
CDN_DP_region_2_0_c7 in systolic_array_8X8: area: 48255000 ,dp = 1 mux = 1 sg = very_fast    worst_clk_period: -1.0000 
    wns: 0  norm_wns:  -1.0000 
    fail_endp: -1 
    tns:  0  tns_per_endp:  -1.0000   norm_tns_per_endp:  -1.0000 
    tns_sense_max:  -1.0000  tns_sense_avg:  -1.0000   tns_sense_num: -1
    power:  -9223372036854775808  
 is current best
Best config: CDN_DP_region_2_0_c7 in systolic_array_8X8: area: 48255000 ,dp = 1 mux = 1 sg = very_fast    worst_clk_period: -1.0000 
    wns: 0  norm_wns:  -1.0000 
    fail_endp: -1 
    tns:  0  tns_per_endp:  -1.0000   norm_tns_per_endp:  -1.0000 
    tns_sense_max:  -1.0000  tns_sense_avg:  -1.0000   tns_sense_num: -1
    power:  -9223372036854775808  
  Smallest config area : 48255000.  Fastest config wns;  0
##>+----------------------------------------------------------------------------------------------------------------------------------------------------------------+
##>Summary table of configs (Best config is CDN_DP_region_2_0_c7)
##>+----------------------------------------------------------------------------------------------------------------------------------------------------------------+
##>                     0                  1                  2                  3                  4                  5                  6                  7            
##>+----------------------------------------------------------------------------------------------------------------------------------------------------------------+
##>           Area         56297500           48255000           48255000           48255000           48255000           48255000           48255000           48255000  
##>            WNS        +14216.80          +14216.80          +14216.80          +14216.80          +14216.80          +14216.80          +14216.80          +14216.80  
##>            TNS                0                  0                  0                  0                  0                  0                  0                  0  
##>    Num Rewrite                0                  0                  0                  0                  0                  0                  0                  0  
##>     Num Factor                0                  0                  0                  0                  0                  0                  0                  0  
##>      Num Share                0                  0                  0                  0                  0                  0                  0                  0  
##>   Num CmultCse                0                  0                  0                  0                  0                  0                  0                  0  
##>   Num Downsize                0                  0                  0                  0                  0                  0                  0                  0  
##>  Num Speculate                0                  0                  0                  0                  0                  0                  0                  0  
##>     Runtime(s)                0                  0                  0                  0                  0                  0                  0                  0  
+----------------------------------------------------------------------------------------------------------------------------------------------------------------+
##>
##>
##>+-----------------------------------------------------------------------------------------------------------------------------------------------------------------------------------------------------+
##>Optimization Step DEBUG Table for config CDN_DP_region_2_0_c7
##>
##>                          Step                        Area   (  % Chg)         WNS (Change)          TNS (Change)                Power   (  % Chg)        Runtime (s)        Comment                   
##>+-----------------------------------------------------------------------------------------------------------------------------------------------------------------------------------------------------+
##>EquationExtraction              START               56297500 (       )    14216.80 (        )          0 (        )                    0 (       )              
##> rewrite                        START               80425000 ( +42.86)    14216.80 (   +0.00)          0 (       0)                    0 (  +0.00)              (a,ar) Expr4_from --> Expr4_to
##>                                  END              123854500 ( +54.00)    14216.80 (   +0.00)          0 (       0)                    0 (  +0.00)           0  
##>                                  END               56297500 (  +0.00)    14216.80 (   +0.00)          0 (       0)                    0 (  +0.00)           0  
##>createMaxCarrySave              START               56297500 (  +0.00)    14216.80 (   +0.00)          0 (       0)                    0 (  +0.00)              
##> datapath_rewrite_one_def       START               56297500 (  +0.00)    14216.80 (   +0.00)          0 (       0)                    0 (  +0.00)              
##>                                  END               56297500 (  +0.00)    14216.80 (   +0.00)          0 (       0)                    0 (  +0.00)           0  
##> csa_opto                       START               56297500 (  +0.00)    14216.80 (   +0.00)          0 (       0)                    0 (  +0.00)              
##>                                  END               57906000 (  +2.86)    14216.80 (   +0.00)          0 (       0)                    0 (  +0.00)           0  
##>                                  END               57906000 (  +2.86)    14216.80 (   +0.00)          0 (       0)                    0 (  +0.00)           0  
##>canonicalize_by_names           START               57906000 (  +0.00)    14216.80 (   +0.00)          0 (       0)                    0 (  +0.00)              
##>                                  END               57906000 (  +0.00)    14216.80 (   +0.00)          0 (       0)                    0 (  +0.00)           0  
##>datapath_rewrite_post_csa_one_  START               57906000 (  +0.00)    14216.80 (   +0.00)          0 (       0)                    0 (  +0.00)              
##>                                  END               57906000 (  +0.00)    14216.80 (   +0.00)          0 (       0)                    0 (  +0.00)           0  
##>datapath_csa_factoring_one_gde  START               57906000 (  +0.00)    14216.80 (   +0.00)          0 (       0)                    0 (  +0.00)              
##>                                  END               57906000 (  +0.00)    14216.80 (   +0.00)          0 (       0)                    0 (  +0.00)           0  
##>dpopt_share_one_def             START               57906000 (  +0.00)    14216.80 (   +0.00)          0 (       0)                    0 (  +0.00)              
##>                                  END               57906000 (  +0.00)    14216.80 (   +0.00)          0 (       0)                    0 (  +0.00)           0  
##>datapath_rewrite_post_share     START               57906000 (  +0.00)    14216.80 (   +0.00)          0 (       0)                    0 (  +0.00)              
##>                                  END               57906000 (  +0.00)    14216.80 (   +0.00)          0 (       0)                    0 (  +0.00)           0  
##>dp_combine_const_mult_with_com  START               57906000 (  +0.00)    14216.80 (   +0.00)          0 (       0)                    0 (  +0.00)              
##>                                  END               57906000 (  +0.00)    14216.80 (   +0.00)          0 (       0)                    0 (  +0.00)           0  
##>dp_operator_level_decompositio  START               57906000 (  +0.00)    14216.80 (   +0.00)          0 (       0)                    0 (  +0.00)              
##>                                  END               57906000 (  +0.00)    14216.80 (   +0.00)          0 (       0)                    0 (  +0.00)           0  
##>selective_flatten_dp_config     START               57906000 (  +0.00)    14216.80 (   +0.00)          0 (       0)                    0 (  +0.00)              
##>                                  END               57906000 (  +0.00)    14216.80 (   +0.00)          0 (       0)                    0 (  +0.00)           0  
##>createMaxCarrySave              START               57906000 (  +0.00)    14216.80 (   +0.00)          0 (       0)                    0 (  +0.00)              
##> datapath_rewrite_one_def       START               57906000 (  +0.00)    14216.80 (   +0.00)          0 (       0)                    0 (  +0.00)              
##>  fast_cse_elim                 START               57906000 (  +0.00)    14216.80 (   +0.00)          0 (       0)                    0 (  +0.00)              
##>                                  END               57906000 (  +0.00)    14216.80 (   +0.00)          0 (       0)                    0 (  +0.00)           0  
##>  fast_cse_elim                 START               57906000 (  +0.00)    14216.80 (   +0.00)          0 (       0)                    0 (  +0.00)              
##>                                  END               57906000 (  +0.00)    14216.80 (   +0.00)          0 (       0)                    0 (  +0.00)           0  
##>                                  END               57906000 (  +0.00)    14216.80 (   +0.00)          0 (       0)                    0 (  +0.00)           0  
##> csa_opto                       START               57906000 (  +0.00)    14216.80 (   +0.00)          0 (       0)                    0 (  +0.00)              
##>                                  END               57906000 (  +0.00)    14216.80 (   +0.00)          0 (       0)                    0 (  +0.00)           0  
##>                                  END               57906000 (  +0.00)    14216.80 (   +0.00)          0 (       0)                    0 (  +0.00)           0  
##>context_based_simplify          START               51472000 ( -11.11)    14216.80 (   +0.00)          0 (       0)                    0 (  +0.00)              
##>                                  END               48255000 (  -6.25)    14216.80 (   +0.00)          0 (       0)                    0 (  +0.00)           0  
##>group_csa_final_adder_dp        START               48255000 (  +0.00)    14216.80 (   +0.00)          0 (       0)                    0 (  +0.00)              
##>                                  END               48255000 (  +0.00)    14216.80 (   +0.00)          0 (       0)                    0 (  +0.00)           0  
##>dpopt_flatten_critical_muxes_i  START               48255000 (  +0.00)    14216.80 (   +0.00)          0 (       0)                    0 (  +0.00)              
##>                                  END               48255000 (  +0.00)    14216.80 (   +0.00)          0 (       0)                    0 (  +0.00)           0  
##>create_score                    START               48255000 (  +0.00)    14216.80 (   +0.00)          0 (       0)                    0 (  +0.00)              
##>                                  END               48255000 (  +0.00)    14216.80 (   +0.00)          0 (       0)                    0 (  +0.00)           0  
##>+-----------------------------------------------------------------------------------------------------------------------------------------------------------------------------------------------------+
Committed config: CDN_DP_region_2_0_c7
Info    : Done implementing datapath configurations. [DPOPT-4]
        : Selected 'very_fast' configuration 7 for module 'CDN_DP_region_2_0_c7'.
          Optimizations applied to 'very_fast' configuration:
            rewriting(0), factoring(0), sharing(0), cmultcse(0), downsizing(0), speculation(0)
Info:  Ungrouped 0 dp-cluster instances.  0 cluster instances were left intact, to aid verification.
              Preparing netlist for verification ...
              Done preparing netlist for verification.
Info    : Done optimizing datapath logic. [DPOPT-2]
        : Done optimizing datapath logic in 'systolic_array_wrapper'.
      Removing temporary intermediate hierarchies under systolic_array_wrapper
Number of big hc bmuxes after = 0
Starting logic reduction [v1.0] (stage: post_rtlopt, startdef: systolic_array_wrapper, recur: true)
Completed logic reduction (accepts: 0, rejects: 0, runtime: 0.001s)
Starting mux data reorder optimization [v1.0] (stage: post_rtlopt, startdef: systolic_array_wrapper, recur: true)
Completed mux data reorder optimization (accepts: 0, rejects: 0, runtime: 0.009s)

Stage: post_rtlopt
----------------------------------------------------------
| Transform           | Accepts | Rejects | Runtime (ms) | 
----------------------------------------------------------
| hlo_logic_reduction |       0 |       0 |         1.00 | 
| hlo_mux_reorder     |       0 |       0 |         9.00 | 
----------------------------------------------------------
              Optimizing muxes in design 'systolic_array_wrapper'.
              Optimizing muxes in design 'output_buffer'.
              Optimizing muxes in design 'systolic_array_8X8'.
              Post blast muxes in design 'systolic_array_wrapper'.
              Post blast muxes in design 'output_buffer'.
              Post blast muxes in design 'systolic_array_8X8'.
Starting mux speculation [v1.0] (stage: post_muxopt, startdef: systolic_array_wrapper, recur: true)
Starting speculation optimization
Completed speculation optimization (accepts:0)
Completed mux speculation (accepts: 0, rejects: 0, runtime: 1.314s)

Stage: post_muxopt
------------------------------------------------------
| Transform       | Accepts | Rejects | Runtime (ms) | 
------------------------------------------------------
| hlo_speculation |       0 |       0 |      1314.00 | 
------------------------------------------------------
==================================
Stage : to_generic 
==================================
  =================
   Message Summary
  =================
------------------------------------------------------------------------------------------------------------------------------------------------------------------------------------------------------------------------------------------
|    Id     |  Sev   |Count |                                                                                               Message Text                                                                                                 |
------------------------------------------------------------------------------------------------------------------------------------------------------------------------------------------------------------------------------------------
| CDFG-250  |Info    |   18 |Processing multi-dimensional arrays.                                                                                                                                                                        |
| CDFG-472  |Warning |    1 |Unreachable statements for case item.                                                                                                                                                                       |
| CDFG-479  |Info    |    1 |Constant relational expression.                                                                                                                                                                             |
|           |        |      |A relational expression can evaluate to a constant when a variable is compared to a value which is outside the bounds of the variable.                                                                      |
| CDFG-738  |Info    |  280 |Common subexpression eliminated.                                                                                                                                                                            |
| CDFG-739  |Info    |  280 |Common subexpression kept.                                                                                                                                                                                  |
| CDFG-818  |Warning |    1 |Using default parameter value for module elaboration.                                                                                                                                                       |
| CWD-19    |Info    | 1464 |An implementation was inferred.                                                                                                                                                                             |
| CWD-21    |Info    |   20 |Skipping an invalid binding for a subprogram call.                                                                                                                                                          |
| CWD-36    |Info    |   20 |Sorted the set of valid implementations for synthetic operator.                                                                                                                                             |
| DPOPT-1   |Info    |    1 |Optimizing datapath logic.                                                                                                                                                                                  |
| DPOPT-2   |Info    |    1 |Done optimizing datapath logic.                                                                                                                                                                             |
| DPOPT-3   |Info    |    5 |Implementing datapath configurations.                                                                                                                                                                       |
| DPOPT-4   |Info    |    5 |Done implementing datapath configurations.                                                                                                                                                                  |
| DPOPT-6   |Info    |    1 |Pre-processed datapath logic.                                                                                                                                                                               |
| DPOPT-10  |Info    |  328 |Optimized a mux chain.                                                                                                                                                                                      |
| ELAB-1    |Info    |    1 |Elaborating Design.                                                                                                                                                                                         |
| ELAB-2    |Info    |    4 |Elaborating Subdesign.                                                                                                                                                                                      |
| ELAB-3    |Info    |    1 |Done Elaborating Design.                                                                                                                                                                                    |
| GB-6      |Info    |   89 |A datapath component has been ungrouped.                                                                                                                                                                    |
| GLO-34    |Info    |    4 |Deleting instances not driving any primary outputs.                                                                                                                                                         |
|           |        |      |Optimizations such as constant propagation or redundancy removal could change the connections so a hierarchical instance does not drive any primary outputs anymore. To see the list of deleted             |
|           |        |      | hierarchical instances, set the 'information_level' attribute to 2 or above. If the message is truncated set the message attribute 'truncate' to false to see the complete list. To prevent this           |
|           |        |      | optimization, set the 'delete_unloaded_insts' root/subdesign attribute to 'false' or 'preserve' instance attribute to 'true'.                                                                              |
| GLO-40    |Info    |  128 |Combinational hierarchical blocks with identical inputs have been merged.                                                                                                                                   |
|           |        |      |This optimization usually reduces design area. To prevent merging of combinational hierarchical blocks, set the 'merge_combinational_hier_instances' root attribute to 'false' or the                       |
|           |        |      | 'merge_combinational_hier_instance' instance attribute to 'false'.                                                                                                                                         |
| GLO-51    |Info    |    1 |Hierarchical instance automatically ungrouped.                                                                                                                                                              |
|           |        |      |Hierarchical instances can be automatically ungrouped to allow for better area or timing optimization. To prevent this ungroup, set the root-level attribute 'auto_ungroup' to 'none'. You can also prevent |
|           |        |      | individual ungroup with setting the attribute 'ungroup_ok' of instances or modules to 'false'.                                                                                                             |
| LBR-9     |Warning |   40 |Library cell has no output pins defined.                                                                                                                                                                    |
|           |        |      |Add the missing output pin(s)                                                                                                                                                                               |
|           |        |      | , then reload the library. Else the library cell will be marked as timing model i.e. unusable. Timing_model means that the cell does not have any defined function. If there is no output pin, Genus will  |
|           |        |      | mark library cell as unusable i.e. the attribute 'usable' will be marked to 'false' on the libcell. Therefore, the cell is not used for mapping and it will not be picked up from the library for          |
|           |        |      | synthesis. If you query the attribute 'unusable_reason' on the libcell; result will be: 'Library cell has no output pins.'Note: The message LBR-9 is only for the logical pins and not for the             |
|           |        |      | power_ground pins. Genus will depend upon the output function defined in the pin group (output pin) of the cell, to use it for mapping. The pg_pin will not have any function defined.                     |
| LBR-40    |Info    |    1 |An unsupported construct was detected in this library.                                                                                                                                                      |
|           |        |      |Check to see if this construct is really needed for synthesis. Many liberty constructs are not actually required.                                                                                           |
| LBR-41    |Info    |    1 |An output library pin lacks a function attribute.                                                                                                                                                           |
|           |        |      |If the remainder of this library cell's semantic checks are successful, it will be considered as a timing-model (because one of its outputs does not have a valid function.                                 |
| LBR-96    |Warning |    9 |Duplicate when conditions found.                                                                                                                                                                            |
|           |        |      |Ignoring the earlier when conditions and using the latest condition.                                                                                                                                        |
| LBR-101   |Warning |    4 |Unusable clock gating integrated cell found at the time of loading libraries. This warning happens because a particular library cell is defined as 'clock_gating_integrated_cell', but 'dont_use' attribute |
|           |        |      | is defined as true in the liberty library. To make Genus use this cell for clock gating insertion, 'dont_use' attribute should be set to false.                                                            |
|           |        |      |To make the cell usable, change the value of 'dont_use' attribute to false.                                                                                                                                 |
| LBR-162   |Info    |  245 |Both 'pos_unate' and 'neg_unate' timing_sense arcs have been processed.                                                                                                                                     |
|           |        |      |Setting the 'timing_sense' to non_unate.                                                                                                                                                                    |
| LBR-412   |Info    |    1 |Created nominal operating condition.                                                                                                                                                                        |
|           |        |      |The nominal operating condition is represented, either by the nominal PVT values specified in the library source (via nom_process,nom_voltage and nom_temperature respectively)                             |
|           |        |      | , or by the default PVT values (1.0,1.0,1.0).                                                                                                                                                              |
| LBR-415   |Info    |    1 |Unusable library cells found at the time of loading a library.                                                                                                                                              |
|           |        |      |For  more  information, refer to 'Cells Identified as Unusable' in the 'User Guide'. To know the reason why a cell is considered as unusable, check 'unusable_reason' libcell attribute.                    |
| LBR-518   |Info    |    1 |Missing a function attribute in the output pin definition.                                                                                                                                                  |
| MESG-10   |Warning |    8 |Unknown message ID.                                                                                                                                                                                         |
| PA-19     |Warning |    1 |Performing RTL power analysis without power models.                                                                                                                                                         |
|           |        |      |For more accurate results, perform RTL power analysis using detailed power models after 'syn_gen' step followed by the 'build_rtl_power_models' command.                                                    |
| PHYS-752  |Info    |    1 |Partition Based Synthesis execution skipped.                                                                                                                                                                |
| RPT-80    |Warning |    2 |The details given in report might be incorrect or incomplete.                                                                                                                                               |
|           |        |      |Map the design using syn_map before using the '-detail' option of the 'report_area' command.                                                                                                                |
| RTLOPT-30 |Info    |  192 |Accepted resource sharing opportunity.                                                                                                                                                                      |
| RTLOPT-40 |Info    |    3 |Transformed datapath macro.                                                                                                                                                                                 |
| SYNTH-1   |Info    |    1 |Synthesizing.                                                                                                                                                                                               |
| TIM-11    |Warning |    8 |Timing problems have been detected in this design.                                                                                                                                                          |
|           |        |      |Use 'check_timing_intent' or 'report timing -lint' to report more information.                                                                                                                              |
| TIM-1000  |Info    |    1 |Multimode clock gating check is disabled.                                                                                                                                                                   |
| TUI-32    |Warning |    1 |This attribute will be obsolete in a next major release.                                                                                                                                                    |
| TUI-744   |Info    |    2 |Timing analysis will be done for this view.                                                                                                                                                                 |
|           |        |      |Worst paths will be shown in this view.                                                                                                                                                                     |
| VLOGPT-31 |Warning |    1 |Unsupported system task or function: assuming value 1'b1.                                                                                                                                                   |
|           |        |      |The $signed and $unsigned system functions are always supported, and synthesizable SystemVerilog system functions are supported when SystemVerilog parsing is enabled.  No other system functions are       |
|           |        |      | supported.                                                                                                                                                                                                 |
| VLOGPT-33 |Warning |    1 |Ignoring unsynthesizable declaration.                                                                                                                                                                       |
| VLOGPT-37 |Warning |    2 |Ignoring unsynthesizable construct.                                                                                                                                                                         |
|           |        |      |For example, the following constructs will be ignored:
    - initial block
    - final block
    - program block
    - property block
    - sequence block
    - covergroup
    - checker block
    - gate  |
|           |        |      | drive strength
    - system task enable
    - reg declaration with initial value
    - specify block.                                                                                                      |
------------------------------------------------------------------------------------------------------------------------------------------------------------------------------------------------------------------------------------------
Mapper: Libraries have:
	domain _default_: 441 combo usable cells and 280 sequential usable cells
      Mapping 'systolic_array_wrapper'...
        Preparing the circuit
          Pruning unused logic
Info    : Attempting to launch a super-threading server. [ST-120]
        : Attempting to Launch server 1 of 8.
        : The tool is entering super-threading mode and is launching a CPU server process.  This is enabled by the root attribute 'super_thread_servers' or 'auto_super_thread'.
            : The server is process '1130151' on this host.
Info    : Connection established with super-threading server. [ST-110]
        : The server 'localhost_1_0' is process '1130151' on this host.
        : The tool is entering super-threading mode and has established a connection with a CPU server process.  This is enabled by the root attributes 'super_thread_servers' or 'auto_super_thread'.
Info    : Super thread servers are launched successfully. [ST-128]
        : 8 out of 8 super thread servers are launched. Minimum 1 active super thread server is required.
                  Distributing load-lib jobs for hosts : localhost_1_0
                  Sent load lib to server 'localhost_1_0'.
                  Library loading done successfully on server 'localhost_1_0'.
                  Forking 'localhost_1_0' 7 times to obtain other background servers.
Info    : Connection established with super-threading server. [ST-110]
        : The server 'localhost_1_1' is forked process '1130517' on this host.
Info    : Connection established with super-threading server. [ST-110]
        : The server 'localhost_1_2' is forked process '1130519' on this host.
Info    : Connection established with super-threading server. [ST-110]
        : The server 'localhost_1_3' is forked process '1130522' on this host.
Info    : Connection established with super-threading server. [ST-110]
        : The server 'localhost_1_4' is forked process '1130531' on this host.
Info    : Connection established with super-threading server. [ST-110]
        : The server 'localhost_1_5' is forked process '1130534' on this host.
Info    : Connection established with super-threading server. [ST-110]
        : The server 'localhost_1_6' is forked process '1130536' on this host.
Info    : Connection established with super-threading server. [ST-110]
        : The server 'localhost_1_7' is forked process '1130538' on this host.
Info    : Super thread servers are launched successfully. [ST-128]
        : 8 out of 8 super thread servers are launched. Minimum 1 active super thread server is required.
Multi-threaded constant propagation [1|0] ...
Info    : A datapath component has been ungrouped. [GB-6]
        : The instance 'inc_add_63_39' of datapath component 'increment_unsigned_21837_21839'.
Info    : A datapath component has been ungrouped. [GB-6]
        : The instance 'inc_add_30_59' of datapath component 'increment_unsigned_22179_22181'.
Info    : A datapath component has been ungrouped. [GB-6]
        : The instance 'inc_add_175_32' of datapath component 'increment_unsigned_22218_22221'.
Info    : A datapath component has been ungrouped. [GB-6]
        : The instance 'dec_sub_128_46_I1_I2' of datapath component 'decrement_unsigned_7097_7255'.
Info    : A datapath component has been ungrouped. [GB-6]
        : The instance 'gte_41_46' of datapath component 'geq_unsigned_7205_7271'.
Info    : A datapath component has been ungrouped. [GB-6]
        : The instance 'gte_42_46' of datapath component 'geq_unsigned_7272'.
Info    : A datapath component has been ungrouped. [GB-6]
        : The instance 'gte_128_24_I1_I2' of datapath component 'geq_unsigned_rtlopto_model_7273'.
Info    : A datapath component has been ungrouped. [GB-6]
        : The instance 'inc_add_32_49' of datapath component 'increment_unsigned_7196_7274'.
Info    : A datapath component has been ungrouped. [GB-6]
        : The instance 'lte_128_34_I1_I2' of datapath component 'leq_unsigned_1489_rtlopto_model_7277'.
Info    : A datapath component has been ungrouped. [GB-6]
        : The instance 'lte_128_34_I1_I3' of datapath component 'leq_unsigned_1486_rtlopto_model_7278'.
Info    : A datapath component has been ungrouped. [GB-6]
        : The instance 'lte_128_34_I1_I4' of datapath component 'leq_unsigned_1483_rtlopto_model_7279'.
Info    : A datapath component has been ungrouped. [GB-6]
        : The instance 'lte_128_34_I1_I5' of datapath component 'leq_unsigned_1480_rtlopto_model_7280'.
Info    : A datapath component has been ungrouped. [GB-6]
        : The instance 'lte_128_34_I1_I6' of datapath component 'leq_unsigned_1477_rtlopto_model_7281'.
Info    : A datapath component has been ungrouped. [GB-6]
        : The instance 'lte_128_34_I1_I7' of datapath component 'leq_unsigned_1474_rtlopto_model_7282'.
Info    : A datapath component has been ungrouped. [GB-6]
        : The instance 'lte_128_34_I1_I8' of datapath component 'leq_unsigned_1471_rtlopto_model_7283'.
Info    : A datapath component has been ungrouped. [GB-6]
        : The instance 'lte_128_34_I2_I8' of datapath component 'leq_unsigned_1468_rtlopto_model_7284'.
Info    : A datapath component has been ungrouped. [GB-6]
        : The instance 'lte_128_34_I3_I8' of datapath component 'leq_unsigned_1465_rtlopto_model_7285'.
Info    : A datapath component has been ungrouped. [GB-6]
        : The instance 'lte_128_34_I4_I8' of datapath component 'leq_unsigned_1462_rtlopto_model_7286'.
Info    : A datapath component has been ungrouped. [GB-6]
        : The instance 'lte_128_34_I5_I8' of datapath component 'leq_unsigned_1459_rtlopto_model_7287'.
Info    : A datapath component has been ungrouped. [GB-6]
        : The instance 'lte_128_34_I6_I8' of datapath component 'leq_unsigned_1456_rtlopto_model_7288'.
Info    : Hierarchical instance automatically ungrouped. [GLO-51]
        : Instance 'b_buffer' in module 'systolic_array_wrapper' would be automatically ungrouped.
Info    : Hierarchical instance automatically ungrouped. [GLO-51]
        : Instance 'a_buffer' in module 'systolic_array_wrapper' would be automatically ungrouped.
Info    : Hierarchical instance automatically ungrouped. [GLO-51]
        : Instance 'output_buffer' in module 'systolic_array_wrapper' would be automatically ungrouped.
          Analyzing hierarchical boundaries
          Aggressive hierarchical optimization: disabled
          Propagating constants
        Done preparing the circuit
          Structuring (delay-based) systolic_array_wrapper...
          Done structuring (delay-based) systolic_array_wrapper
Multi-threaded Virtual Mapping    (8 threads per ST process, 8 of 16 CPUs usable)
          Structuring (delay-based) logic partition in systolic_array_8X8...
            Starting partial collapsing (xors only) cb_part
            Finished partial collapsing.
            Starting partial collapsing  cb_part
            Finished partial collapsing.
            Starting redundancy-removal...
            Finished redundancy-removal...
            Starting redundancy-removal...
            Finished redundancy-removal...
          Done structuring (delay-based) logic partition in systolic_array_8X8
        Mapping logic partition in systolic_array_8X8...
          Structuring (delay-based) logic partition in systolic_array_8X8...
            Starting partial collapsing  cb_part_4213
            Finished partial collapsing.
            Starting redundancy-removal...
            Finished redundancy-removal...
            Starting redundancy-removal...
            Finished redundancy-removal...
          Done structuring (delay-based) logic partition in systolic_array_8X8
        Mapping logic partition in systolic_array_8X8...
        Distributing super-thread jobs: remainder_unsigned_1449 remainder_unsigned_1449_3 mult_signed_126
          Sending 'remainder_unsigned_1449' to server 'localhost_1_5'...
            Sent 'remainder_unsigned_1449' to server 'localhost_1_5'.
          Sending 'remainder_unsigned_1449_3' to server 'localhost_1_2'...
            Sent 'remainder_unsigned_1449_3' to server 'localhost_1_2'.
          Sending 'mult_signed_126' to server 'localhost_1_1'...
            Sent 'mult_signed_126' to server 'localhost_1_1'.
          Received 'mult_signed_126' from server 'localhost_1_1'. (652 ms elapsed)
          Received 'remainder_unsigned_1449' from server 'localhost_1_5'. (1691 ms elapsed)
          Structuring (delay-based) remainder_unsigned_1449...
            Starting partial collapsing (xors only) remainder_unsigned_1449
            Finished partial collapsing.
            Starting partial collapsing  remainder_unsigned_1449
            Finished partial collapsing.
            Starting redundancy-removal...
            Finished redundancy-removal...
            Starting redundancy-removal...
            Finished redundancy-removal...
          Done structuring (delay-based) remainder_unsigned_1449
        Mapping component remainder_unsigned_1449...
          Received 'remainder_unsigned_1449_3' from server 'localhost_1_2'. (1661 ms elapsed)
          Structuring (delay-based) remainder_unsigned_1449_3...
            Starting partial collapsing (xors only) remainder_unsigned_1449_3
            Finished partial collapsing.
            Starting partial collapsing  remainder_unsigned_1449_3
            Finished partial collapsing.
            Starting redundancy-removal...
            Finished redundancy-removal...
            Starting redundancy-removal...
            Finished redundancy-removal...
          Done structuring (delay-based) remainder_unsigned_1449_3
        Mapping component remainder_unsigned_1449_3...
          Structuring (delay-based) mult_signed_126...
            Starting partial collapsing (xors only) mult_signed_126
            Finished partial collapsing.
            Starting xor partial collapsing mult_signed_126
            Finished xor partial collapsing.
            Starting partial collapsing  mult_signed_126
            Finished partial collapsing.
          Done structuring (delay-based) mult_signed_126
        Mapping component mult_signed_126...
        Distributing super-thread jobs: add_signed_126
          Sending 'add_signed_126' to server 'localhost_1_5'...
            Sent 'add_signed_126' to server 'localhost_1_5'.
          Received 'add_signed_126' from server 'localhost_1_5'. (255 ms elapsed)
          Structuring (delay-based) add_signed_126...
            Starting partial collapsing (xors only) add_signed_126
            Finished partial collapsing.
            Starting partial collapsing  add_signed_126
            Finished partial collapsing.
          Done structuring (delay-based) add_signed_126
        Mapping component add_signed_126...
        Distributing super-thread jobs: cb_part_4214
          Sending 'cb_part_4214' to server 'localhost_1_5'...
            Sent 'cb_part_4214' to server 'localhost_1_5'.
          Received 'cb_part_4214' from server 'localhost_1_5'. (13011 ms elapsed)
          Structuring (delay-based) cb_part_4214...
            Starting partial collapsing (xors only) cb_part_4214
            Finished partial collapsing.
            Starting partial collapsing  cb_part_4214
            Finished partial collapsing.
            Starting redundancy-removal...
            Finished redundancy-removal...
            Starting redundancy-removal...
            Finished redundancy-removal...
          Done structuring (delay-based) cb_part_4214
        Mapping component cb_part_4214...
        Distributing super-thread jobs: cb_oseq_4211
          Sending 'cb_oseq_4211' to server 'localhost_1_5'...
            Sent 'cb_oseq_4211' to server 'localhost_1_5'.
          Received 'cb_oseq_4211' from server 'localhost_1_5'. (1013 ms elapsed)
          Structuring (delay-based) cb_oseq_4211...
            Starting partial collapsing (xors only) cb_oseq_4211
            Finished partial collapsing.
            Starting partial collapsing  cb_oseq_4211
            Finished partial collapsing.
            Starting redundancy-removal...
            Finished redundancy-removal...
            Starting redundancy-removal...
            Finished redundancy-removal...
          Done structuring (delay-based) cb_oseq_4211
        Mapping component cb_oseq_4211...
        Distributing super-thread jobs: cb_seq cb_seq_4210
          Sending 'cb_seq' to server 'localhost_1_5'...
            Sent 'cb_seq' to server 'localhost_1_5'.
          Sending 'cb_seq_4210' to server 'localhost_1_2'...
            Sent 'cb_seq_4210' to server 'localhost_1_2'.
          Received 'cb_seq_4210' from server 'localhost_1_2'. (1530 ms elapsed)
          Received 'cb_seq' from server 'localhost_1_5'. (2666 ms elapsed)
          Structuring (delay-based) cb_seq...
          Done structuring (delay-based) cb_seq
        Mapping component cb_seq...
          Structuring (delay-based) cb_seq_4210...
          Done structuring (delay-based) cb_seq_4210
        Mapping component cb_seq_4210...
==================================
Stage : first_condense 
==================================
  =================
   Message Summary
  =================
------------------------------------------------------------------------------------------------------------------------------------------------------------------------------------------------------------------------------------------
|   Id   |Sev  |Count |                                                                                                  Message Text                                                                                                    |
------------------------------------------------------------------------------------------------------------------------------------------------------------------------------------------------------------------------------------------
| GB-6   |Info |   40 |A datapath component has been ungrouped.                                                                                                                                                                          |
| GLO-51 |Info |    3 |Hierarchical instance automatically ungrouped.                                                                                                                                                                    |
|        |     |      |Hierarchical instances can be automatically ungrouped to allow for better area or timing optimization. To prevent this ungroup, set the root-level attribute 'auto_ungroup' to 'none'. You can also prevent       |
|        |     |      | individual ungroup with setting the attribute 'ungroup_ok' of instances or modules to 'false'.                                                                                                                   |
| ST-110 |Info |    8 |Connection established with super-threading server.                                                                                                                                                               |
|        |     |      |The tool is entering super-threading mode and has established a connection with a CPU server process.  This is enabled by the root attributes 'super_thread_servers' or 'auto_super_thread'.                      |
| ST-120 |Info |    1 |Attempting to launch a super-threading server.                                                                                                                                                                    |
|        |     |      |The tool is entering super-threading mode and is launching a CPU server process.  This is enabled by the root attribute 'super_thread_servers' or 'auto_super_thread'.                                            |
| ST-128 |Info |    2 |Super thread servers are launched successfully.                                                                                                                                                                   |
------------------------------------------------------------------------------------------------------------------------------------------------------------------------------------------------------------------------------------------
 
Global mapping target info
==========================
Cost Group 'C2O' target slack:   433 ps
Target path end-point (Port: systolic_array_wrapper/out_ready)

                Pin                            Type          Fanout  Load Arrival   
                                                                     (fF)   (ps)    
------------------------------------------------------------------------------------
(clock clk)                          <<<  launch                                0 R 
cb_seqi
  cycle_num_reg[0]/clk                                                              
  cycle_num_reg[0]/q                 (u)  unmapped_d_flop         9  20.7           
cb_seqi/systolic_array_8X8_cycle_num[0] 
systolic_array_8X8/cycle_num[0] 
  cb_parti/cycle_num[0] 
    g22761/in_1                                                                     
    g22761/z                         (u)  unmapped_or2            7  16.1           
  cb_parti/g151_in_0 
  cb_parti22409/cb_parti_g151_in_0 
    g22778/in_1                                                                     
    g22778/z                         (u)  unmapped_or2            1   2.3           
    g22876/in_0                                                                     
    g22876/z                         (u)  unmapped_nand2          1   2.3           
    g22874/in_1                                                                     
    g22874/z                         (u)  unmapped_nand2          3   6.9           
    g22873/in_1                                                                     
    g22873/z                         (u)  unmapped_nand2          1   2.3           
    g22867/in_0                                                                     
    g22867/z                         (u)  unmapped_nand2          3   6.9           
    g22866/in_1                                                                     
    g22866/z                         (u)  unmapped_nand2          1   2.3           
    g22862/in_0                                                                     
    g22862/z                         (u)  unmapped_nand2          3   6.9           
    g22858/in_1                                                                     
    g22858/z                         (u)  unmapped_nand2          1   2.3           
    g22857/in_0                                                                     
    g22857/z                         (u)  unmapped_nand2          3   6.9           
    g22856/in_0                                                                     
    g22856/z                         (u)  unmapped_nand2          1   2.3           
    g22852/in_1                                                                     
    g22852/z                         (u)  unmapped_nand2          3   6.9           
    g22848/in_1                                                                     
    g22848/z                         (u)  unmapped_nand2          2   4.6           
    g22847/in_0                                                                     
    g22847/z                         (u)  unmapped_complex2       3   6.9           
    g22842/in_1                                                                     
    g22842/z                         (u)  unmapped_complex2       5  11.5           
    g22769/in_0                                                                     
    g22769/z                         (u)  unmapped_or2            2   4.6           
    g22827/in_0                                                                     
    g22827/z                         (u)  unmapped_or2            1   2.3           
    g22828/in_1                                                                     
    g22828/z                         (u)  unmapped_nand2          2   4.6           
  cb_parti22409/rem_37_53_A[10] 
  rem_37_53/A[14] 
    g6627/in_0                                                                      
    g6627/z                          (u)  unmapped_complex2       1   2.3           
    g6581/in_0                                                                      
    g6581/z                          (u)  unmapped_nand2          1   2.3           
    g6562/in_0                                                                      
    g6562/z                          (u)  unmapped_nand2          1   2.3           
    g6690/in_0                                                                      
    g6690/z                          (u)  unmapped_complex2       1   2.3           
    g6496/in_0                                                                      
    g6496/z                          (u)  unmapped_or2            1   2.3           
    g6495/in_0                                                                      
    g6495/z                          (u)  unmapped_or2            2   4.6           
    g6493/in_0                                                                      
    g6493/z                          (u)  unmapped_nand2          7  16.1           
    g6483/in_0                                                                      
    g6483/z                          (u)  unmapped_nand2          1   2.3           
    g6473/in_1                                                                      
    g6473/z                          (u)  unmapped_nand2          1   2.3           
    g6464/in_1                                                                      
    g6464/z                          (u)  unmapped_nand2          2   4.6           
    g6451/in_0                                                                      
    g6451/z                          (u)  unmapped_complex2       1   2.3           
    g6450/in_0                                                                      
    g6450/z                          (u)  unmapped_complex2       1   2.3           
    g6448/in_1                                                                      
    g6448/z                          (u)  unmapped_nand2          1   2.3           
    g6706/in_0                                                                      
    g6706/z                          (u)  unmapped_complex2       2   4.6           
    g6710/in_1                                                                      
    g6710/z                          (u)  unmapped_complex2       3   6.9           
    g6422/in_1                                                                      
    g6422/z                          (u)  unmapped_nand2          1   2.3           
    g6418/in_1                                                                      
    g6418/z                          (u)  unmapped_or2            1   2.3           
    g6398/in_0                                                                      
    g6398/z                          (u)  unmapped_nand2          1   2.3           
    g6394/in_0                                                                      
    g6394/z                          (u)  unmapped_nand2         10  23.0           
    g6380/in_1                                                                      
    g6380/z                          (u)  unmapped_nand2          1   2.3           
    g6366/in_0                                                                      
    g6366/z                          (u)  unmapped_nand2          3   6.9           
    g6362/in_1                                                                      
    g6362/z                          (u)  unmapped_nand2          1   2.3           
    g6351/in_0                                                                      
    g6351/z                          (u)  unmapped_nand2          1   2.3           
    g6346/in_1                                                                      
    g6346/z                          (u)  unmapped_nand2          1   2.3           
    g6339/in_1                                                                      
    g6339/z                          (u)  unmapped_nand2          2   4.6           
    g6338/in_0                                                                      
    g6338/z                          (u)  unmapped_complex2       1   2.3           
    g6332/in_0                                                                      
    g6332/z                          (u)  unmapped_complex2       1   2.3           
    g6329/in_1                                                                      
    g6329/z                          (u)  unmapped_nand2          1   2.3           
    g6322/in_1                                                                      
    g6322/z                          (u)  unmapped_complex2       5  11.5           
    g6317/in_1                                                                      
    g6317/z                          (u)  unmapped_nand2          5  11.5           
    g6301/in_1                                                                      
    g6301/z                          (u)  unmapped_nand2          1   2.3           
    g6296/in_0                                                                      
    g6296/z                          (u)  unmapped_complex2       1   2.3           
    g6272/in_0                                                                      
    g6272/z                          (u)  unmapped_nand2          1   2.3           
    g6261/in_0                                                                      
    g6261/z                          (u)  unmapped_nand2         10  23.0           
    g6251/in_1                                                                      
    g6251/z                          (u)  unmapped_nand2          1   2.3           
    g6236/in_0                                                                      
    g6236/z                          (u)  unmapped_nand2          3   6.9           
    g6223/in_1                                                                      
    g6223/z                          (u)  unmapped_nand2          1   2.3           
    g6219/in_0                                                                      
    g6219/z                          (u)  unmapped_nand2          3   6.9           
    g6212/in_1                                                                      
    g6212/z                          (u)  unmapped_nand2          1   2.3           
    g6204/in_0                                                                      
    g6204/z                          (u)  unmapped_nand2          3   6.9           
    g6192/in_1                                                                      
    g6192/z                          (u)  unmapped_nand2          1   2.3           
    g6187/in_0                                                                      
    g6187/z                          (u)  unmapped_nand2          2   4.6           
    g6180/in_1                                                                      
    g6180/z                          (u)  unmapped_nand2          1   2.3           
    g6176/in_1                                                                      
    g6176/z                          (u)  unmapped_nand2          2   4.6           
    g6173/in_0                                                                      
    g6173/z                          (u)  unmapped_complex2       1   2.3           
    g6162/in_0                                                                      
    g6162/z                          (u)  unmapped_complex2       1   2.3           
    g6161/in_1                                                                      
    g6161/z                          (u)  unmapped_nand2          2   4.6           
    g6155/in_0                                                                      
    g6155/z                          (u)  unmapped_nand2          7  16.1           
    g6127/in_1                                                                      
    g6127/z                          (u)  unmapped_nand2          1   2.3           
    g6112/in_0                                                                      
    g6112/z                          (u)  unmapped_complex2       1   2.3           
    g6087/in_0                                                                      
    g6087/z                          (u)  unmapped_nand2          1   2.3           
    g6083/in_0                                                                      
    g6083/z                          (u)  unmapped_nand2         10  23.0           
    g6077/in_1                                                                      
    g6077/z                          (u)  unmapped_nand2          1   2.3           
    g6067/in_0                                                                      
    g6067/z                          (u)  unmapped_nand2          3   6.9           
    g6052/in_1                                                                      
    g6052/z                          (u)  unmapped_nand2          1   2.3           
    g6038/in_0                                                                      
    g6038/z                          (u)  unmapped_nand2          3   6.9           
    g6034/in_1                                                                      
    g6034/z                          (u)  unmapped_nand2          2   4.6           
    g6775/in_0                                                                      
    g6775/z                          (u)  unmapped_complex2       2   4.6           
    g6004/in_1                                                                      
    g6004/z                          (u)  unmapped_complex2       1   2.3           
    g6777/in_0                                                                      
    g6777/z                          (u)  unmapped_complex2       1   2.3           
    g5989/in_1                                                                      
    g5989/z                          (u)  unmapped_nand2          2   4.6           
    g5987/in_0                                                                      
    g5987/z                          (u)  unmapped_complex2       1   2.3           
    g5984/in_0                                                                      
    g5984/z                          (u)  unmapped_nand2          1   2.3           
    g5981/in_1                                                                      
    g5981/z                          (u)  unmapped_nand2          8  18.4           
    g5973/in_0                                                                      
    g5973/z                          (u)  unmapped_complex2       7  16.1           
    g5936/in_1                                                                      
    g5936/z                          (u)  unmapped_nand2          1   2.3           
    g5928/in_0                                                                      
    g5928/z                          (u)  unmapped_complex2       1   2.3           
    g5904/in_0                                                                      
    g5904/z                          (u)  unmapped_nand2          1   2.3           
    g5888/in_0                                                                      
    g5888/z                          (u)  unmapped_nand2         10  23.0           
    g5887/in_1                                                                      
    g5887/z                          (u)  unmapped_nand2          1   2.3           
    g5870/in_0                                                                      
    g5870/z                          (u)  unmapped_nand2          3   6.9           
    g5857/in_1                                                                      
    g5857/z                          (u)  unmapped_nand2          1   2.3           
    g5848/in_0                                                                      
    g5848/z                          (u)  unmapped_nand2          3   6.9           
    g5834/in_1                                                                      
    g5834/z                          (u)  unmapped_nand2          1   2.3           
    g5830/in_1                                                                      
    g5830/z                          (u)  unmapped_nand2          3   6.9           
    g5821/in_1                                                                      
    g5821/z                          (u)  unmapped_nand2          1   2.3           
    g5814/in_1                                                                      
    g5814/z                          (u)  unmapped_nand2          1   2.3           
    g5812/in_0                                                                      
    g5812/z                          (u)  unmapped_nand2          1   2.3           
    g5810/in_0                                                                      
    g5810/z                          (u)  unmapped_nand2          1   2.3           
    g5807/in_1                                                                      
    g5807/z                          (u)  unmapped_or2            1   2.3           
    g5799/in_1                                                                      
    g5799/z                          (u)  unmapped_or2            7  16.1           
    g5797/in_0                                                                      
    g5797/z                          (u)  unmapped_complex2       6  13.8           
    g6813/in_0                                                                      
    g6813/z                          (u)  unmapped_complex2       1   2.3           
    g5774/in_1                                                                      
    g5774/z                          (u)  unmapped_nand2          1   2.3           
    g5763/in_0                                                                      
    g5763/z                          (u)  unmapped_or2            1   2.3           
  rem_37_53/REMAINDER[5] 
  cb_parti22410/rem_37_53_REMAINDER[1] 
    g63448/in_1                                                                     
    g63448/z                         (u)  unmapped_or2            1   2.3           
    g63434/in_1                                                                     
    g63434/z                         (u)  unmapped_or2            1   2.3           
    g59629/in_1                                                                     
    g59629/z                         (u)  unmapped_or2            2   4.6           
    g59554/in_1                                                                     
    g59554/z                         (u)  unmapped_or2            1   2.3           
    g59533/in_0                                                                     
    g59533/z                         (u)  unmapped_nand2          2   4.6           
    g59270/in_0                                                                     
    g59270/z                         (u)  unmapped_nand2          8  18.4           
    g58140/in_1                                                                     
    g58140/z                         (u)  unmapped_or2            3   6.9           
    g57365/in_1                                                                     
    g57365/z                         (u)  unmapped_nand2          1   2.3           
    g56591/in_1                                                                     
    g56591/z                         (u)  unmapped_complex2       1   2.3           
    g55737/in_1                                                                     
    g55737/z                         (u)  unmapped_complex2       1   2.3           
    g53964/in_1                                                                     
    g53964/z                         (u)  unmapped_complex2       1   2.3           
    g51740/in_1                                                                     
    g51740/z                         (u)  unmapped_complex2       1   2.3           
    g50076/in_1                                                                     
    g50076/z                         (u)  unmapped_complex2       1   2.3           
    g50047/in_1                                                                     
    g50047/z                         (u)  unmapped_complex2       1   2.3           
    g50046/in_1                                                                     
    g50046/z                         (u)  unmapped_complex2       1   2.3           
    g50045/in_1                                                                     
    g50045/z                         (u)  unmapped_complex2       1   2.3           
    g50044/in_1                                                                     
    g50044/z                         (u)  unmapped_complex2       1   2.3           
    g50043/in_1                                                                     
    g50043/z                         (u)  unmapped_complex2       1   2.3           
    g50042/in_1                                                                     
    g50042/z                         (u)  unmapped_complex2       1   2.3           
    g50041/in_1                                                                     
    g50041/z                         (u)  unmapped_complex2       1   2.3           
    g50040/in_1                                                                     
    g50040/z                         (u)  unmapped_complex2       4   9.2           
  cb_parti22410/out_valid 
systolic_array_8X8/out_valid 
cb_oseqi/systolic_array_8X8_out_valid 
  g9292/in_0                                                                        
  g9292/z                            (u)  unmapped_and2           1 500.0           
cb_oseqi/out_ready 
out_ready                            <<<  interconnect                              
                                          out port                                  
(systolic_array_wrapp_line_31_560_1)      ext delay                                 
- - - - - - - - - - - - - - - - - - - - - - - - - - - - - - - - - - - - - - - - - - 
(clock clk)                               capture                           20000 R 
                                          uncertainty                               
------------------------------------------------------------------------------------
Cost Group   : 'C2O' (path_group 'C2O')
Start-point  : cb_seqi/cycle_num_reg[0]/clk
End-point    : out_ready
Mode         : default_mode

(u) : Net has unmapped pin(s).

The global mapper estimates a slack for this path of 11304ps.
 
Cost Group 'I2O' target slack:   433 ps
Target path end-point (Port: systolic_array_wrapper/out_ready)

                Pin                            Type          Fanout  Load Arrival   
                                                                     (fF)   (ps)    
------------------------------------------------------------------------------------
(clock clk)                          <<<  launch                                0 R 
(systolic_array_wrapp_line_28_9_1)        ext delay                                 
tile_num[0]                          (u)  in port                 8 518.4           
systolic_array_8X8/tile_num[0] 
  cb_parti/tile_num[0] 
    g23009/in_1                                                                     
    g23009/z                         (u)  unmapped_complex2       1   2.3           
    g23010/in_1                                                                     
    g23010/z                         (u)  unmapped_nand2         78  20.7           
  cb_parti/rem_37_53_B[1] 
  cb_parti22409/cb_parti_rem_37_53_B[0] 
    g22776/in_1                                                                     
    g22776/z                         (u)  unmapped_complex2       2   4.6           
    g22873/in_0                                                                     
    g22873/z                         (u)  unmapped_nand2          1   2.3           
    g22867/in_0                                                                     
    g22867/z                         (u)  unmapped_nand2          3   6.9           
    g22866/in_1                                                                     
    g22866/z                         (u)  unmapped_nand2          1   2.3           
    g22862/in_0                                                                     
    g22862/z                         (u)  unmapped_nand2          3   6.9           
    g22858/in_1                                                                     
    g22858/z                         (u)  unmapped_nand2          1   2.3           
    g22857/in_0                                                                     
    g22857/z                         (u)  unmapped_nand2          3   6.9           
    g22856/in_0                                                                     
    g22856/z                         (u)  unmapped_nand2          1   2.3           
    g22852/in_1                                                                     
    g22852/z                         (u)  unmapped_nand2          3   6.9           
    g22848/in_1                                                                     
    g22848/z                         (u)  unmapped_nand2          2   4.6           
    g22847/in_0                                                                     
    g22847/z                         (u)  unmapped_complex2       3   6.9           
    g22842/in_1                                                                     
    g22842/z                         (u)  unmapped_complex2       5  11.5           
    g22769/in_0                                                                     
    g22769/z                         (u)  unmapped_or2            2   4.6           
    g22827/in_0                                                                     
    g22827/z                         (u)  unmapped_or2            1   2.3           
    g22828/in_1                                                                     
    g22828/z                         (u)  unmapped_nand2          2   4.6           
  cb_parti22409/rem_37_53_A[10] 
  rem_37_53/A[14] 
    g6627/in_0                                                                      
    g6627/z                          (u)  unmapped_complex2       1   2.3           
    g6581/in_0                                                                      
    g6581/z                          (u)  unmapped_nand2          1   2.3           
    g6562/in_0                                                                      
    g6562/z                          (u)  unmapped_nand2          1   2.3           
    g6690/in_0                                                                      
    g6690/z                          (u)  unmapped_complex2       1   2.3           
    g6496/in_0                                                                      
    g6496/z                          (u)  unmapped_or2            1   2.3           
    g6495/in_0                                                                      
    g6495/z                          (u)  unmapped_or2            2   4.6           
    g6493/in_0                                                                      
    g6493/z                          (u)  unmapped_nand2          7  16.1           
    g6483/in_0                                                                      
    g6483/z                          (u)  unmapped_nand2          1   2.3           
    g6473/in_1                                                                      
    g6473/z                          (u)  unmapped_nand2          1   2.3           
    g6464/in_1                                                                      
    g6464/z                          (u)  unmapped_nand2          2   4.6           
    g6451/in_0                                                                      
    g6451/z                          (u)  unmapped_complex2       1   2.3           
    g6450/in_0                                                                      
    g6450/z                          (u)  unmapped_complex2       1   2.3           
    g6448/in_1                                                                      
    g6448/z                          (u)  unmapped_nand2          1   2.3           
    g6706/in_0                                                                      
    g6706/z                          (u)  unmapped_complex2       2   4.6           
    g6710/in_1                                                                      
    g6710/z                          (u)  unmapped_complex2       3   6.9           
    g6422/in_1                                                                      
    g6422/z                          (u)  unmapped_nand2          1   2.3           
    g6418/in_1                                                                      
    g6418/z                          (u)  unmapped_or2            1   2.3           
    g6398/in_0                                                                      
    g6398/z                          (u)  unmapped_nand2          1   2.3           
    g6394/in_0                                                                      
    g6394/z                          (u)  unmapped_nand2         10  23.0           
    g6380/in_1                                                                      
    g6380/z                          (u)  unmapped_nand2          1   2.3           
    g6366/in_0                                                                      
    g6366/z                          (u)  unmapped_nand2          3   6.9           
    g6362/in_1                                                                      
    g6362/z                          (u)  unmapped_nand2          1   2.3           
    g6351/in_0                                                                      
    g6351/z                          (u)  unmapped_nand2          1   2.3           
    g6346/in_1                                                                      
    g6346/z                          (u)  unmapped_nand2          1   2.3           
    g6339/in_1                                                                      
    g6339/z                          (u)  unmapped_nand2          2   4.6           
    g6338/in_0                                                                      
    g6338/z                          (u)  unmapped_complex2       1   2.3           
    g6332/in_0                                                                      
    g6332/z                          (u)  unmapped_complex2       1   2.3           
    g6329/in_1                                                                      
    g6329/z                          (u)  unmapped_nand2          1   2.3           
    g6322/in_1                                                                      
    g6322/z                          (u)  unmapped_complex2       5  11.5           
    g6317/in_1                                                                      
    g6317/z                          (u)  unmapped_nand2          5  11.5           
    g6301/in_1                                                                      
    g6301/z                          (u)  unmapped_nand2          1   2.3           
    g6296/in_0                                                                      
    g6296/z                          (u)  unmapped_complex2       1   2.3           
    g6272/in_0                                                                      
    g6272/z                          (u)  unmapped_nand2          1   2.3           
    g6261/in_0                                                                      
    g6261/z                          (u)  unmapped_nand2         10  23.0           
    g6251/in_1                                                                      
    g6251/z                          (u)  unmapped_nand2          1   2.3           
    g6236/in_0                                                                      
    g6236/z                          (u)  unmapped_nand2          3   6.9           
    g6223/in_1                                                                      
    g6223/z                          (u)  unmapped_nand2          1   2.3           
    g6219/in_0                                                                      
    g6219/z                          (u)  unmapped_nand2          3   6.9           
    g6212/in_1                                                                      
    g6212/z                          (u)  unmapped_nand2          1   2.3           
    g6204/in_0                                                                      
    g6204/z                          (u)  unmapped_nand2          3   6.9           
    g6192/in_1                                                                      
    g6192/z                          (u)  unmapped_nand2          1   2.3           
    g6187/in_0                                                                      
    g6187/z                          (u)  unmapped_nand2          2   4.6           
    g6180/in_1                                                                      
    g6180/z                          (u)  unmapped_nand2          1   2.3           
    g6176/in_1                                                                      
    g6176/z                          (u)  unmapped_nand2          2   4.6           
    g6173/in_0                                                                      
    g6173/z                          (u)  unmapped_complex2       1   2.3           
    g6162/in_0                                                                      
    g6162/z                          (u)  unmapped_complex2       1   2.3           
    g6161/in_1                                                                      
    g6161/z                          (u)  unmapped_nand2          2   4.6           
    g6155/in_0                                                                      
    g6155/z                          (u)  unmapped_nand2          7  16.1           
    g6127/in_1                                                                      
    g6127/z                          (u)  unmapped_nand2          1   2.3           
    g6112/in_0                                                                      
    g6112/z                          (u)  unmapped_complex2       1   2.3           
    g6087/in_0                                                                      
    g6087/z                          (u)  unmapped_nand2          1   2.3           
    g6083/in_0                                                                      
    g6083/z                          (u)  unmapped_nand2         10  23.0           
    g6077/in_1                                                                      
    g6077/z                          (u)  unmapped_nand2          1   2.3           
    g6067/in_0                                                                      
    g6067/z                          (u)  unmapped_nand2          3   6.9           
    g6052/in_1                                                                      
    g6052/z                          (u)  unmapped_nand2          1   2.3           
    g6038/in_0                                                                      
    g6038/z                          (u)  unmapped_nand2          3   6.9           
    g6034/in_1                                                                      
    g6034/z                          (u)  unmapped_nand2          2   4.6           
    g6775/in_0                                                                      
    g6775/z                          (u)  unmapped_complex2       2   4.6           
    g6004/in_1                                                                      
    g6004/z                          (u)  unmapped_complex2       1   2.3           
    g6777/in_0                                                                      
    g6777/z                          (u)  unmapped_complex2       1   2.3           
    g5989/in_1                                                                      
    g5989/z                          (u)  unmapped_nand2          2   4.6           
    g5987/in_0                                                                      
    g5987/z                          (u)  unmapped_complex2       1   2.3           
    g5984/in_0                                                                      
    g5984/z                          (u)  unmapped_nand2          1   2.3           
    g5981/in_1                                                                      
    g5981/z                          (u)  unmapped_nand2          8  18.4           
    g5973/in_0                                                                      
    g5973/z                          (u)  unmapped_complex2       7  16.1           
    g5936/in_1                                                                      
    g5936/z                          (u)  unmapped_nand2          1   2.3           
    g5928/in_0                                                                      
    g5928/z                          (u)  unmapped_complex2       1   2.3           
    g5904/in_0                                                                      
    g5904/z                          (u)  unmapped_nand2          1   2.3           
    g5888/in_0                                                                      
    g5888/z                          (u)  unmapped_nand2         10  23.0           
    g5887/in_1                                                                      
    g5887/z                          (u)  unmapped_nand2          1   2.3           
    g5870/in_0                                                                      
    g5870/z                          (u)  unmapped_nand2          3   6.9           
    g5857/in_1                                                                      
    g5857/z                          (u)  unmapped_nand2          1   2.3           
    g5848/in_0                                                                      
    g5848/z                          (u)  unmapped_nand2          3   6.9           
    g5834/in_1                                                                      
    g5834/z                          (u)  unmapped_nand2          1   2.3           
    g5830/in_1                                                                      
    g5830/z                          (u)  unmapped_nand2          3   6.9           
    g5821/in_1                                                                      
    g5821/z                          (u)  unmapped_nand2          1   2.3           
    g5814/in_1                                                                      
    g5814/z                          (u)  unmapped_nand2          1   2.3           
    g5812/in_0                                                                      
    g5812/z                          (u)  unmapped_nand2          1   2.3           
    g5810/in_0                                                                      
    g5810/z                          (u)  unmapped_nand2          1   2.3           
    g5807/in_1                                                                      
    g5807/z                          (u)  unmapped_or2            1   2.3           
    g5799/in_1                                                                      
    g5799/z                          (u)  unmapped_or2            7  16.1           
    g5797/in_0                                                                      
    g5797/z                          (u)  unmapped_complex2       6  13.8           
    g6813/in_0                                                                      
    g6813/z                          (u)  unmapped_complex2       1   2.3           
    g5774/in_1                                                                      
    g5774/z                          (u)  unmapped_nand2          1   2.3           
    g5763/in_0                                                                      
    g5763/z                          (u)  unmapped_or2            1   2.3           
  rem_37_53/REMAINDER[5] 
  cb_parti22410/rem_37_53_REMAINDER[1] 
    g63448/in_1                                                                     
    g63448/z                         (u)  unmapped_or2            1   2.3           
    g63434/in_1                                                                     
    g63434/z                         (u)  unmapped_or2            1   2.3           
    g59629/in_1                                                                     
    g59629/z                         (u)  unmapped_or2            2   4.6           
    g59554/in_1                                                                     
    g59554/z                         (u)  unmapped_or2            1   2.3           
    g59533/in_0                                                                     
    g59533/z                         (u)  unmapped_nand2          2   4.6           
    g59270/in_0                                                                     
    g59270/z                         (u)  unmapped_nand2          8  18.4           
    g58140/in_1                                                                     
    g58140/z                         (u)  unmapped_or2            3   6.9           
    g57365/in_1                                                                     
    g57365/z                         (u)  unmapped_nand2          1   2.3           
    g56591/in_1                                                                     
    g56591/z                         (u)  unmapped_complex2       1   2.3           
    g55737/in_1                                                                     
    g55737/z                         (u)  unmapped_complex2       1   2.3           
    g53964/in_1                                                                     
    g53964/z                         (u)  unmapped_complex2       1   2.3           
    g51740/in_1                                                                     
    g51740/z                         (u)  unmapped_complex2       1   2.3           
    g50076/in_1                                                                     
    g50076/z                         (u)  unmapped_complex2       1   2.3           
    g50047/in_1                                                                     
    g50047/z                         (u)  unmapped_complex2       1   2.3           
    g50046/in_1                                                                     
    g50046/z                         (u)  unmapped_complex2       1   2.3           
    g50045/in_1                                                                     
    g50045/z                         (u)  unmapped_complex2       1   2.3           
    g50044/in_1                                                                     
    g50044/z                         (u)  unmapped_complex2       1   2.3           
    g50043/in_1                                                                     
    g50043/z                         (u)  unmapped_complex2       1   2.3           
    g50042/in_1                                                                     
    g50042/z                         (u)  unmapped_complex2       1   2.3           
    g50041/in_1                                                                     
    g50041/z                         (u)  unmapped_complex2       1   2.3           
    g50040/in_1                                                                     
    g50040/z                         (u)  unmapped_complex2       4   9.2           
  cb_parti22410/out_valid 
systolic_array_8X8/out_valid 
cb_oseqi/systolic_array_8X8_out_valid 
  g9292/in_0                                                                        
  g9292/z                            (u)  unmapped_and2           1 500.0           
cb_oseqi/out_ready 
out_ready                            <<<  interconnect                              
                                          out port                                  
(systolic_array_wrapp_line_31_560_1)      ext delay                                 
- - - - - - - - - - - - - - - - - - - - - - - - - - - - - - - - - - - - - - - - - - 
(clock clk)                               capture                           20000 R 
                                          uncertainty                               
------------------------------------------------------------------------------------
Cost Group   : 'I2O' (path_group 'I2O')
Start-point  : tile_num[0]
End-point    : out_ready
Mode         : default_mode

(u) : Net has unmapped pin(s).

The global mapper estimates a slack for this path of 11640ps.
 
Cost Group 'I2C' target slack:   588 ps
Target path end-point (Pin: output_buffer_pipe_6_reg[31]/d)

               Pin                           Type          Fanout  Load Arrival   
                                                                   (fF)   (ps)    
----------------------------------------------------------------------------------
(clock clk)                        <<<  launch                                0 R 
(systolic_array_wrapp_line_28_9_1)      ext delay                                 
tile_num[0]                        (u)  in port                 8 518.4           
systolic_array_8X8/tile_num[0] 
  cb_parti/tile_num[0] 
    g23009/in_1                                                                   
    g23009/z                       (u)  unmapped_complex2       1   2.3           
    g23010/in_1                                                                   
    g23010/z                       (u)  unmapped_nand2         78  20.7           
  cb_parti/rem_37_53_B[1] 
  cb_parti22409/cb_parti_rem_37_53_B[0] 
    g22776/in_1                                                                   
    g22776/z                       (u)  unmapped_complex2       2   4.6           
    g22873/in_0                                                                   
    g22873/z                       (u)  unmapped_nand2          1   2.3           
    g22867/in_0                                                                   
    g22867/z                       (u)  unmapped_nand2          3   6.9           
    g22866/in_1                                                                   
    g22866/z                       (u)  unmapped_nand2          1   2.3           
    g22862/in_0                                                                   
    g22862/z                       (u)  unmapped_nand2          3   6.9           
    g22858/in_1                                                                   
    g22858/z                       (u)  unmapped_nand2          1   2.3           
    g22857/in_0                                                                   
    g22857/z                       (u)  unmapped_nand2          3   6.9           
    g22856/in_0                                                                   
    g22856/z                       (u)  unmapped_nand2          1   2.3           
    g22852/in_1                                                                   
    g22852/z                       (u)  unmapped_nand2          3   6.9           
    g22848/in_1                                                                   
    g22848/z                       (u)  unmapped_nand2          2   4.6           
    g22847/in_0                                                                   
    g22847/z                       (u)  unmapped_complex2       3   6.9           
    g22842/in_1                                                                   
    g22842/z                       (u)  unmapped_complex2       5  11.5           
    g22769/in_0                                                                   
    g22769/z                       (u)  unmapped_or2            2   4.6           
    g22827/in_0                                                                   
    g22827/z                       (u)  unmapped_or2            1   2.3           
    g22828/in_1                                                                   
    g22828/z                       (u)  unmapped_nand2          2   4.6           
  cb_parti22409/rem_37_53_A[10] 
  rem_37_53/A[14] 
    g6627/in_0                                                                    
    g6627/z                        (u)  unmapped_complex2       1   2.3           
    g6581/in_0                                                                    
    g6581/z                        (u)  unmapped_nand2          1   2.3           
    g6562/in_0                                                                    
    g6562/z                        (u)  unmapped_nand2          1   2.3           
    g6690/in_0                                                                    
    g6690/z                        (u)  unmapped_complex2       1   2.3           
    g6496/in_0                                                                    
    g6496/z                        (u)  unmapped_or2            1   2.3           
    g6495/in_0                                                                    
    g6495/z                        (u)  unmapped_or2            2   4.6           
    g6493/in_0                                                                    
    g6493/z                        (u)  unmapped_nand2          7  16.1           
    g6483/in_0                                                                    
    g6483/z                        (u)  unmapped_nand2          1   2.3           
    g6473/in_1                                                                    
    g6473/z                        (u)  unmapped_nand2          1   2.3           
    g6464/in_1                                                                    
    g6464/z                        (u)  unmapped_nand2          2   4.6           
    g6451/in_0                                                                    
    g6451/z                        (u)  unmapped_complex2       1   2.3           
    g6450/in_0                                                                    
    g6450/z                        (u)  unmapped_complex2       1   2.3           
    g6448/in_1                                                                    
    g6448/z                        (u)  unmapped_nand2          1   2.3           
    g6706/in_0                                                                    
    g6706/z                        (u)  unmapped_complex2       2   4.6           
    g6710/in_1                                                                    
    g6710/z                        (u)  unmapped_complex2       3   6.9           
    g6422/in_1                                                                    
    g6422/z                        (u)  unmapped_nand2          1   2.3           
    g6418/in_1                                                                    
    g6418/z                        (u)  unmapped_or2            1   2.3           
    g6398/in_0                                                                    
    g6398/z                        (u)  unmapped_nand2          1   2.3           
    g6394/in_0                                                                    
    g6394/z                        (u)  unmapped_nand2         10  23.0           
    g6380/in_1                                                                    
    g6380/z                        (u)  unmapped_nand2          1   2.3           
    g6366/in_0                                                                    
    g6366/z                        (u)  unmapped_nand2          3   6.9           
    g6362/in_1                                                                    
    g6362/z                        (u)  unmapped_nand2          1   2.3           
    g6351/in_0                                                                    
    g6351/z                        (u)  unmapped_nand2          1   2.3           
    g6346/in_1                                                                    
    g6346/z                        (u)  unmapped_nand2          1   2.3           
    g6339/in_1                                                                    
    g6339/z                        (u)  unmapped_nand2          2   4.6           
    g6338/in_0                                                                    
    g6338/z                        (u)  unmapped_complex2       1   2.3           
    g6332/in_0                                                                    
    g6332/z                        (u)  unmapped_complex2       1   2.3           
    g6329/in_1                                                                    
    g6329/z                        (u)  unmapped_nand2          1   2.3           
    g6322/in_1                                                                    
    g6322/z                        (u)  unmapped_complex2       5  11.5           
    g6317/in_1                                                                    
    g6317/z                        (u)  unmapped_nand2          5  11.5           
    g6301/in_1                                                                    
    g6301/z                        (u)  unmapped_nand2          1   2.3           
    g6296/in_0                                                                    
    g6296/z                        (u)  unmapped_complex2       1   2.3           
    g6272/in_0                                                                    
    g6272/z                        (u)  unmapped_nand2          1   2.3           
    g6261/in_0                                                                    
    g6261/z                        (u)  unmapped_nand2         10  23.0           
    g6251/in_1                                                                    
    g6251/z                        (u)  unmapped_nand2          1   2.3           
    g6236/in_0                                                                    
    g6236/z                        (u)  unmapped_nand2          3   6.9           
    g6223/in_1                                                                    
    g6223/z                        (u)  unmapped_nand2          1   2.3           
    g6219/in_0                                                                    
    g6219/z                        (u)  unmapped_nand2          3   6.9           
    g6212/in_1                                                                    
    g6212/z                        (u)  unmapped_nand2          1   2.3           
    g6204/in_0                                                                    
    g6204/z                        (u)  unmapped_nand2          3   6.9           
    g6192/in_1                                                                    
    g6192/z                        (u)  unmapped_nand2          1   2.3           
    g6187/in_0                                                                    
    g6187/z                        (u)  unmapped_nand2          2   4.6           
    g6180/in_1                                                                    
    g6180/z                        (u)  unmapped_nand2          1   2.3           
    g6176/in_1                                                                    
    g6176/z                        (u)  unmapped_nand2          2   4.6           
    g6173/in_0                                                                    
    g6173/z                        (u)  unmapped_complex2       1   2.3           
    g6162/in_0                                                                    
    g6162/z                        (u)  unmapped_complex2       1   2.3           
    g6161/in_1                                                                    
    g6161/z                        (u)  unmapped_nand2          2   4.6           
    g6155/in_0                                                                    
    g6155/z                        (u)  unmapped_nand2          7  16.1           
    g6127/in_1                                                                    
    g6127/z                        (u)  unmapped_nand2          1   2.3           
    g6112/in_0                                                                    
    g6112/z                        (u)  unmapped_complex2       1   2.3           
    g6087/in_0                                                                    
    g6087/z                        (u)  unmapped_nand2          1   2.3           
    g6083/in_0                                                                    
    g6083/z                        (u)  unmapped_nand2         10  23.0           
    g6077/in_1                                                                    
    g6077/z                        (u)  unmapped_nand2          1   2.3           
    g6067/in_0                                                                    
    g6067/z                        (u)  unmapped_nand2          3   6.9           
    g6052/in_1                                                                    
    g6052/z                        (u)  unmapped_nand2          1   2.3           
    g6038/in_0                                                                    
    g6038/z                        (u)  unmapped_nand2          3   6.9           
    g6034/in_1                                                                    
    g6034/z                        (u)  unmapped_nand2          2   4.6           
    g6775/in_0                                                                    
    g6775/z                        (u)  unmapped_complex2       2   4.6           
    g6004/in_1                                                                    
    g6004/z                        (u)  unmapped_complex2       1   2.3           
    g6777/in_0                                                                    
    g6777/z                        (u)  unmapped_complex2       1   2.3           
    g5989/in_1                                                                    
    g5989/z                        (u)  unmapped_nand2          2   4.6           
    g5987/in_0                                                                    
    g5987/z                        (u)  unmapped_complex2       1   2.3           
    g5984/in_0                                                                    
    g5984/z                        (u)  unmapped_nand2          1   2.3           
    g5981/in_1                                                                    
    g5981/z                        (u)  unmapped_nand2          8  18.4           
    g5973/in_0                                                                    
    g5973/z                        (u)  unmapped_complex2       7  16.1           
    g5936/in_1                                                                    
    g5936/z                        (u)  unmapped_nand2          1   2.3           
    g5928/in_0                                                                    
    g5928/z                        (u)  unmapped_complex2       1   2.3           
    g5904/in_0                                                                    
    g5904/z                        (u)  unmapped_nand2          1   2.3           
    g5888/in_0                                                                    
    g5888/z                        (u)  unmapped_nand2         10  23.0           
    g5887/in_1                                                                    
    g5887/z                        (u)  unmapped_nand2          1   2.3           
    g5870/in_0                                                                    
    g5870/z                        (u)  unmapped_nand2          3   6.9           
    g5857/in_1                                                                    
    g5857/z                        (u)  unmapped_nand2          1   2.3           
    g5848/in_0                                                                    
    g5848/z                        (u)  unmapped_nand2          3   6.9           
    g5834/in_1                                                                    
    g5834/z                        (u)  unmapped_nand2          1   2.3           
    g5830/in_1                                                                    
    g5830/z                        (u)  unmapped_nand2          3   6.9           
    g5821/in_1                                                                    
    g5821/z                        (u)  unmapped_nand2          1   2.3           
    g5814/in_1                                                                    
    g5814/z                        (u)  unmapped_nand2          1   2.3           
    g5812/in_0                                                                    
    g5812/z                        (u)  unmapped_nand2          1   2.3           
    g5810/in_0                                                                    
    g5810/z                        (u)  unmapped_nand2          1   2.3           
    g5807/in_1                                                                    
    g5807/z                        (u)  unmapped_or2            1   2.3           
    g5799/in_1                                                                    
    g5799/z                        (u)  unmapped_or2            7  16.1           
    g5797/in_0                                                                    
    g5797/z                        (u)  unmapped_complex2       6  13.8           
    g6813/in_0                                                                    
    g6813/z                        (u)  unmapped_complex2       1   2.3           
    g5774/in_1                                                                    
    g5774/z                        (u)  unmapped_nand2          1   2.3           
    g5763/in_0                                                                    
    g5763/z                        (u)  unmapped_or2            1   2.3           
  rem_37_53/REMAINDER[5] 
  cb_parti22410/rem_37_53_REMAINDER[1] 
    g63448/in_1                                                                   
    g63448/z                       (u)  unmapped_or2            1   2.3           
    g63434/in_1                                                                   
    g63434/z                       (u)  unmapped_or2            1   2.3           
    g59629/in_1                                                                   
    g59629/z                       (u)  unmapped_or2            2   4.6           
    g59554/in_1                                                                   
    g59554/z                       (u)  unmapped_or2            1   2.3           
    g59533/in_0                                                                   
    g59533/z                       (u)  unmapped_nand2          2   4.6           
    g59270/in_0                                                                   
    g59270/z                       (u)  unmapped_nand2          8  18.4           
    g58140/in_1                                                                   
    g58140/z                       (u)  unmapped_or2            3   6.9           
    g57365/in_1                                                                   
    g57365/z                       (u)  unmapped_nand2          1   2.3           
    g56591/in_1                                                                   
    g56591/z                       (u)  unmapped_complex2       1   2.3           
    g55737/in_1                                                                   
    g55737/z                       (u)  unmapped_complex2       1   2.3           
    g53964/in_1                                                                   
    g53964/z                       (u)  unmapped_complex2       1   2.3           
    g51740/in_1                                                                   
    g51740/z                       (u)  unmapped_complex2       1   2.3           
    g50076/in_1                                                                   
    g50076/z                       (u)  unmapped_complex2       1   2.3           
    g50047/in_1                                                                   
    g50047/z                       (u)  unmapped_complex2       1   2.3           
    g50046/in_1                                                                   
    g50046/z                       (u)  unmapped_complex2       1   2.3           
    g50045/in_1                                                                   
    g50045/z                       (u)  unmapped_complex2       1   2.3           
    g50044/in_1                                                                   
    g50044/z                       (u)  unmapped_complex2       1   2.3           
    g50043/in_1                                                                   
    g50043/z                       (u)  unmapped_complex2       1   2.3           
    g50042/in_1                                                                   
    g50042/z                       (u)  unmapped_complex2       1   2.3           
    g50041/in_1                                                                   
    g50041/z                       (u)  unmapped_complex2       1   2.3           
    g50040/in_1                                                                   
    g50040/z                       (u)  unmapped_complex2       4   9.2           
  cb_parti22410/out_valid 
systolic_array_8X8/out_valid 
cb_oseqi/systolic_array_8X8_out_valid 
  g9281/in_1                                                                      
  g9281/z                          (u)  unmapped_nand2          3   6.9           
  g9282/in_0                                                                      
  g9282/z                          (u)  unmapped_not          896  16.1           
cb_oseqi/cb_seqi_output_buffer_g46_z 
cb_seqi/output_buffer_g46_z 
  g2095/sel0                                                                      
  g2095/z                          (u)  unmapped_bmux3          1   2.3           
  g2096/data0                                                                     
  g2096/z                          (u)  unmapped_bmux3          1   2.3           
  output_buffer_pipe_6_reg[31]/d   <<<  unmapped_d_flop                           
  output_buffer_pipe_6_reg[31]/clk      setup                                     
- - - - - - - - - - - - - - - - - - - - - - - - - - - - - - - - - - - - - - - - - 
(clock clk)                             capture                           20000 R 
                                        uncertainty                               
----------------------------------------------------------------------------------
Cost Group   : 'I2C' (path_group 'I2C')
Start-point  : tile_num[0]
End-point    : cb_seqi/output_buffer_pipe_6_reg[31]/d
Mode         : default_mode

(u) : Net has unmapped pin(s).

The global mapper estimates a slack for this path of 16694ps.
 
Cost Group 'C2C' target slack:   588 ps
Target path end-point (Pin: output_buffer_pipe_6_reg[31]/d)

               Pin                           Type          Fanout Load Arrival   
                                                                  (fF)   (ps)    
---------------------------------------------------------------------------------
(clock clk)                        <<<  launch                               0 R 
cb_seqi
  cycle_num_reg[0]/clk                                                           
  cycle_num_reg[0]/q               (u)  unmapped_d_flop         9 20.7           
cb_seqi/systolic_array_8X8_cycle_num[0] 
systolic_array_8X8/cycle_num[0] 
  cb_parti/cycle_num[0] 
    g22761/in_1                                                                  
    g22761/z                       (u)  unmapped_or2            7 16.1           
  cb_parti/g151_in_0 
  cb_parti22409/cb_parti_g151_in_0 
    g22778/in_1                                                                  
    g22778/z                       (u)  unmapped_or2            1  2.3           
    g22876/in_0                                                                  
    g22876/z                       (u)  unmapped_nand2          1  2.3           
    g22874/in_1                                                                  
    g22874/z                       (u)  unmapped_nand2          3  6.9           
    g22873/in_1                                                                  
    g22873/z                       (u)  unmapped_nand2          1  2.3           
    g22867/in_0                                                                  
    g22867/z                       (u)  unmapped_nand2          3  6.9           
    g22866/in_1                                                                  
    g22866/z                       (u)  unmapped_nand2          1  2.3           
    g22862/in_0                                                                  
    g22862/z                       (u)  unmapped_nand2          3  6.9           
    g22858/in_1                                                                  
    g22858/z                       (u)  unmapped_nand2          1  2.3           
    g22857/in_0                                                                  
    g22857/z                       (u)  unmapped_nand2          3  6.9           
    g22856/in_0                                                                  
    g22856/z                       (u)  unmapped_nand2          1  2.3           
    g22852/in_1                                                                  
    g22852/z                       (u)  unmapped_nand2          3  6.9           
    g22848/in_1                                                                  
    g22848/z                       (u)  unmapped_nand2          2  4.6           
    g22847/in_0                                                                  
    g22847/z                       (u)  unmapped_complex2       3  6.9           
    g22842/in_1                                                                  
    g22842/z                       (u)  unmapped_complex2       5 11.5           
    g22769/in_0                                                                  
    g22769/z                       (u)  unmapped_or2            2  4.6           
    g22827/in_0                                                                  
    g22827/z                       (u)  unmapped_or2            1  2.3           
    g22828/in_1                                                                  
    g22828/z                       (u)  unmapped_nand2          2  4.6           
  cb_parti22409/rem_37_53_A[10] 
  rem_37_53/A[14] 
    g6627/in_0                                                                   
    g6627/z                        (u)  unmapped_complex2       1  2.3           
    g6581/in_0                                                                   
    g6581/z                        (u)  unmapped_nand2          1  2.3           
    g6562/in_0                                                                   
    g6562/z                        (u)  unmapped_nand2          1  2.3           
    g6690/in_0                                                                   
    g6690/z                        (u)  unmapped_complex2       1  2.3           
    g6496/in_0                                                                   
    g6496/z                        (u)  unmapped_or2            1  2.3           
    g6495/in_0                                                                   
    g6495/z                        (u)  unmapped_or2            2  4.6           
    g6493/in_0                                                                   
    g6493/z                        (u)  unmapped_nand2          7 16.1           
    g6483/in_0                                                                   
    g6483/z                        (u)  unmapped_nand2          1  2.3           
    g6473/in_1                                                                   
    g6473/z                        (u)  unmapped_nand2          1  2.3           
    g6464/in_1                                                                   
    g6464/z                        (u)  unmapped_nand2          2  4.6           
    g6451/in_0                                                                   
    g6451/z                        (u)  unmapped_complex2       1  2.3           
    g6450/in_0                                                                   
    g6450/z                        (u)  unmapped_complex2       1  2.3           
    g6448/in_1                                                                   
    g6448/z                        (u)  unmapped_nand2          1  2.3           
    g6706/in_0                                                                   
    g6706/z                        (u)  unmapped_complex2       2  4.6           
    g6710/in_1                                                                   
    g6710/z                        (u)  unmapped_complex2       3  6.9           
    g6422/in_1                                                                   
    g6422/z                        (u)  unmapped_nand2          1  2.3           
    g6418/in_1                                                                   
    g6418/z                        (u)  unmapped_or2            1  2.3           
    g6398/in_0                                                                   
    g6398/z                        (u)  unmapped_nand2          1  2.3           
    g6394/in_0                                                                   
    g6394/z                        (u)  unmapped_nand2         10 23.0           
    g6380/in_1                                                                   
    g6380/z                        (u)  unmapped_nand2          1  2.3           
    g6366/in_0                                                                   
    g6366/z                        (u)  unmapped_nand2          3  6.9           
    g6362/in_1                                                                   
    g6362/z                        (u)  unmapped_nand2          1  2.3           
    g6351/in_0                                                                   
    g6351/z                        (u)  unmapped_nand2          1  2.3           
    g6346/in_1                                                                   
    g6346/z                        (u)  unmapped_nand2          1  2.3           
    g6339/in_1                                                                   
    g6339/z                        (u)  unmapped_nand2          2  4.6           
    g6338/in_0                                                                   
    g6338/z                        (u)  unmapped_complex2       1  2.3           
    g6332/in_0                                                                   
    g6332/z                        (u)  unmapped_complex2       1  2.3           
    g6329/in_1                                                                   
    g6329/z                        (u)  unmapped_nand2          1  2.3           
    g6322/in_1                                                                   
    g6322/z                        (u)  unmapped_complex2       5 11.5           
    g6317/in_1                                                                   
    g6317/z                        (u)  unmapped_nand2          5 11.5           
    g6301/in_1                                                                   
    g6301/z                        (u)  unmapped_nand2          1  2.3           
    g6296/in_0                                                                   
    g6296/z                        (u)  unmapped_complex2       1  2.3           
    g6272/in_0                                                                   
    g6272/z                        (u)  unmapped_nand2          1  2.3           
    g6261/in_0                                                                   
    g6261/z                        (u)  unmapped_nand2         10 23.0           
    g6251/in_1                                                                   
    g6251/z                        (u)  unmapped_nand2          1  2.3           
    g6236/in_0                                                                   
    g6236/z                        (u)  unmapped_nand2          3  6.9           
    g6223/in_1                                                                   
    g6223/z                        (u)  unmapped_nand2          1  2.3           
    g6219/in_0                                                                   
    g6219/z                        (u)  unmapped_nand2          3  6.9           
    g6212/in_1                                                                   
    g6212/z                        (u)  unmapped_nand2          1  2.3           
    g6204/in_0                                                                   
    g6204/z                        (u)  unmapped_nand2          3  6.9           
    g6192/in_1                                                                   
    g6192/z                        (u)  unmapped_nand2          1  2.3           
    g6187/in_0                                                                   
    g6187/z                        (u)  unmapped_nand2          2  4.6           
    g6180/in_1                                                                   
    g6180/z                        (u)  unmapped_nand2          1  2.3           
    g6176/in_1                                                                   
    g6176/z                        (u)  unmapped_nand2          2  4.6           
    g6173/in_0                                                                   
    g6173/z                        (u)  unmapped_complex2       1  2.3           
    g6162/in_0                                                                   
    g6162/z                        (u)  unmapped_complex2       1  2.3           
    g6161/in_1                                                                   
    g6161/z                        (u)  unmapped_nand2          2  4.6           
    g6155/in_0                                                                   
    g6155/z                        (u)  unmapped_nand2          7 16.1           
    g6127/in_1                                                                   
    g6127/z                        (u)  unmapped_nand2          1  2.3           
    g6112/in_0                                                                   
    g6112/z                        (u)  unmapped_complex2       1  2.3           
    g6087/in_0                                                                   
    g6087/z                        (u)  unmapped_nand2          1  2.3           
    g6083/in_0                                                                   
    g6083/z                        (u)  unmapped_nand2         10 23.0           
    g6077/in_1                                                                   
    g6077/z                        (u)  unmapped_nand2          1  2.3           
    g6067/in_0                                                                   
    g6067/z                        (u)  unmapped_nand2          3  6.9           
    g6052/in_1                                                                   
    g6052/z                        (u)  unmapped_nand2          1  2.3           
    g6038/in_0                                                                   
    g6038/z                        (u)  unmapped_nand2          3  6.9           
    g6034/in_1                                                                   
    g6034/z                        (u)  unmapped_nand2          2  4.6           
    g6775/in_0                                                                   
    g6775/z                        (u)  unmapped_complex2       2  4.6           
    g6004/in_1                                                                   
    g6004/z                        (u)  unmapped_complex2       1  2.3           
    g6777/in_0                                                                   
    g6777/z                        (u)  unmapped_complex2       1  2.3           
    g5989/in_1                                                                   
    g5989/z                        (u)  unmapped_nand2          2  4.6           
    g5987/in_0                                                                   
    g5987/z                        (u)  unmapped_complex2       1  2.3           
    g5984/in_0                                                                   
    g5984/z                        (u)  unmapped_nand2          1  2.3           
    g5981/in_1                                                                   
    g5981/z                        (u)  unmapped_nand2          8 18.4           
    g5973/in_0                                                                   
    g5973/z                        (u)  unmapped_complex2       7 16.1           
    g5936/in_1                                                                   
    g5936/z                        (u)  unmapped_nand2          1  2.3           
    g5928/in_0                                                                   
    g5928/z                        (u)  unmapped_complex2       1  2.3           
    g5904/in_0                                                                   
    g5904/z                        (u)  unmapped_nand2          1  2.3           
    g5888/in_0                                                                   
    g5888/z                        (u)  unmapped_nand2         10 23.0           
    g5887/in_1                                                                   
    g5887/z                        (u)  unmapped_nand2          1  2.3           
    g5870/in_0                                                                   
    g5870/z                        (u)  unmapped_nand2          3  6.9           
    g5857/in_1                                                                   
    g5857/z                        (u)  unmapped_nand2          1  2.3           
    g5848/in_0                                                                   
    g5848/z                        (u)  unmapped_nand2          3  6.9           
    g5834/in_1                                                                   
    g5834/z                        (u)  unmapped_nand2          1  2.3           
    g5830/in_1                                                                   
    g5830/z                        (u)  unmapped_nand2          3  6.9           
    g5821/in_1                                                                   
    g5821/z                        (u)  unmapped_nand2          1  2.3           
    g5814/in_1                                                                   
    g5814/z                        (u)  unmapped_nand2          1  2.3           
    g5812/in_0                                                                   
    g5812/z                        (u)  unmapped_nand2          1  2.3           
    g5810/in_0                                                                   
    g5810/z                        (u)  unmapped_nand2          1  2.3           
    g5807/in_1                                                                   
    g5807/z                        (u)  unmapped_or2            1  2.3           
    g5799/in_1                                                                   
    g5799/z                        (u)  unmapped_or2            7 16.1           
    g5797/in_0                                                                   
    g5797/z                        (u)  unmapped_complex2       6 13.8           
    g6813/in_0                                                                   
    g6813/z                        (u)  unmapped_complex2       1  2.3           
    g5774/in_1                                                                   
    g5774/z                        (u)  unmapped_nand2          1  2.3           
    g5763/in_0                                                                   
    g5763/z                        (u)  unmapped_or2            1  2.3           
  rem_37_53/REMAINDER[5] 
  cb_parti22410/rem_37_53_REMAINDER[1] 
    g63448/in_1                                                                  
    g63448/z                       (u)  unmapped_or2            1  2.3           
    g63434/in_1                                                                  
    g63434/z                       (u)  unmapped_or2            1  2.3           
    g59629/in_1                                                                  
    g59629/z                       (u)  unmapped_or2            2  4.6           
    g59554/in_1                                                                  
    g59554/z                       (u)  unmapped_or2            1  2.3           
    g59533/in_0                                                                  
    g59533/z                       (u)  unmapped_nand2          2  4.6           
    g59270/in_0                                                                  
    g59270/z                       (u)  unmapped_nand2          8 18.4           
    g58140/in_1                                                                  
    g58140/z                       (u)  unmapped_or2            3  6.9           
    g57365/in_1                                                                  
    g57365/z                       (u)  unmapped_nand2          1  2.3           
    g56591/in_1                                                                  
    g56591/z                       (u)  unmapped_complex2       1  2.3           
    g55737/in_1                                                                  
    g55737/z                       (u)  unmapped_complex2       1  2.3           
    g53964/in_1                                                                  
    g53964/z                       (u)  unmapped_complex2       1  2.3           
    g51740/in_1                                                                  
    g51740/z                       (u)  unmapped_complex2       1  2.3           
    g50076/in_1                                                                  
    g50076/z                       (u)  unmapped_complex2       1  2.3           
    g50047/in_1                                                                  
    g50047/z                       (u)  unmapped_complex2       1  2.3           
    g50046/in_1                                                                  
    g50046/z                       (u)  unmapped_complex2       1  2.3           
    g50045/in_1                                                                  
    g50045/z                       (u)  unmapped_complex2       1  2.3           
    g50044/in_1                                                                  
    g50044/z                       (u)  unmapped_complex2       1  2.3           
    g50043/in_1                                                                  
    g50043/z                       (u)  unmapped_complex2       1  2.3           
    g50042/in_1                                                                  
    g50042/z                       (u)  unmapped_complex2       1  2.3           
    g50041/in_1                                                                  
    g50041/z                       (u)  unmapped_complex2       1  2.3           
    g50040/in_1                                                                  
    g50040/z                       (u)  unmapped_complex2       4  9.2           
  cb_parti22410/out_valid 
systolic_array_8X8/out_valid 
cb_oseqi/systolic_array_8X8_out_valid 
  g9281/in_1                                                                     
  g9281/z                          (u)  unmapped_nand2          3  6.9           
  g9282/in_0                                                                     
  g9282/z                          (u)  unmapped_not          896 16.1           
cb_oseqi/cb_seqi_output_buffer_g46_z 
cb_seqi/output_buffer_g46_z 
  g2097/sel0                                                                     
  g2097/z                          (u)  unmapped_bmux3          1  2.3           
  g2098/data0                                                                    
  g2098/z                          (u)  unmapped_bmux3          1  2.3           
  output_buffer_pipe_6_reg[31]/d   <<<  unmapped_d_flop                          
  output_buffer_pipe_6_reg[31]/clk      setup                                    
- - - - - - - - - - - - - - - - - - - - - - - - - - - - - - - - - - - - - - - - -
(clock clk)                             capture                          20000 R 
                                        uncertainty                              
---------------------------------------------------------------------------------
Cost Group   : 'C2C' (path_group 'C2C')
Start-point  : cb_seqi/cycle_num_reg[0]/clk
End-point    : cb_seqi/output_buffer_pipe_6_reg[31]/d
Mode         : default_mode

(u) : Net has unmapped pin(s).

The global mapper estimates a slack for this path of 16357ps.
 
          Performing post-condense optimization ...

        ------------------------------------------------------------
                            Super-Thread Summary
          time in super-thread mode               : 43.84 sec
          foreground process active time          : 23.32 sec
          background processes total active time  : 22.48 sec
          approximate speedup                     : 1.04X
           * reported times are wall-clock (elapsed time),
             not CPU time
        ------------------------------------------------------------

+-----------+-------------------------+-----+----------------------+---------------------------+
|   Host    |         Machine         | CPU | Physical Memory (MB) | Peak Physical Memory (MB) |
+-----------+-------------------------+-----+----------------------+---------------------------+
| localhost | cadpc19.ee.columbia.edu |  8  |        1811.2        |          1811.2           |
+-----------+-------------------------+-----+----------------------+---------------------------+

+---------------+----------------------+---------------------------+
|    Server     | Physical Memory (MB) | Peak Physical Memory (MB) |
+---------------+----------------------+---------------------------+
| localhost_1_5 |      154.0 [1]       |          [1] [2]          |
| localhost_1_6 |       49.5 [1]       |          [1] [2]          |
| localhost_1_7 |       49.5 [1]       |          [1] [2]          |
| localhost_1_3 |       49.5 [1]       |          [1] [2]          |
| localhost_1_0 |      623.1 [3]       |         651.7 [3]         |
| localhost_1_4 |       49.5 [1]       |          [1] [2]          |
| localhost_1_1 |       78.1 [1]       |          [1] [2]          |
| localhost_1_2 |      106.7 [1]       |          [1] [2]          |
+---------------+----------------------+---------------------------+
[1] Memory is included in parent localhost_1_0.
[2] Peak physical memory is not available for forked background servers.
[3] Memory of child processes is included.

Info    : A super-threading server has been shut down normally. [ST-112]
        : The server 'localhost_1_5' was forked process '1130534' on this host.
        : A super-threaded optimization is complete and a CPU server was successfully shut down.
Info    : A super-threading server has been shut down normally. [ST-112]
        : The server 'localhost_1_2' was forked process '1130519' on this host.
Info    : A super-threading server has been shut down normally. [ST-112]
        : The server 'localhost_1_1' was forked process '1130517' on this host.
Info    : A super-threading server has been shut down normally. [ST-112]
        : The server 'localhost_1_4' was forked process '1130531' on this host.
Info    : A super-threading server has been shut down normally. [ST-112]
        : The server 'localhost_1_3' was forked process '1130522' on this host.
Info    : A super-threading server has been shut down normally. [ST-112]
        : The server 'localhost_1_7' was forked process '1130538' on this host.
Info    : A super-threading server has been shut down normally. [ST-112]
        : The server 'localhost_1_6' was forked process '1130536' on this host.

State Retention Synthesis Status
================================

Category                        Flops   Percentage
--------------------------------------------------
Total instances                  4628        100.0
Excluded from State Retention    4628        100.0
    - Will not convert           4628        100.0
      - Preserved                   0          0.0
      - Power intent excluded    4628        100.0
    - Could not convert             0          0.0
      - Scan type                   0          0.0
      - No suitable cell            0          0.0
State Retention instances           0          0.0
--------------------------------------------------


+-----------+-------------------------+-----+----------------------+---------------------------+
|   Host    |         Machine         | CPU | Physical Memory (MB) | Peak Physical Memory (MB) |
+-----------+-------------------------+-----+----------------------+---------------------------+
| localhost | cadpc19.ee.columbia.edu |  1  |        1640.5        |          1811.2           |
+-----------+-------------------------+-----+----------------------+---------------------------+

+---------------+----------------------+---------------------------+
|    Server     | Physical Memory (MB) | Peak Physical Memory (MB) |
+---------------+----------------------+---------------------------+
| localhost_1_0 |        424.6         |           651.7           |
+---------------+----------------------+---------------------------+

Info    : Using '2' number of super-threading servers using the attribute 'super_thread_servers' could have
          saved '3' more seconds during global map.
PBS_Generic_Opt-Post - Elapsed_Time 169, CPU_Time 158.42831499999997
stamp 'PBS_Generic_Opt-Post' being created for table 'pbs_debug'

  Total Time (Wall) |  Stage Time (Wall)  |   % (Wall)   |    Date - Time     |  Memory   | Stage
--------------------+---------------------+--------------+--------------------+-----------+----------------------
 00:00:35(00:00:31) |  00:00:00(00:00:00) |   0.0(  0.0) |    9:03:20 (Mar22) |   1.02 GB | PBS_Generic-Start
--------------------+---------------------+--------------+--------------------+-----------+----------------------
 00:03:13(00:03:20) |  00:02:38(00:02:49) | 100.0(100.0) |    9:06:09 (Mar22) |   1.64 GB | PBS_Generic_Opt-Post
--------------------+---------------------+--------------+--------------------+-----------+----------------------
Number of threads: 8 * 1   (id: pbs_debug, time_info v1.57)
Info: (*N*) indicates data that was populated from previously saved time_info database
Info: CPU time includes time of parent + longest thread
        Applying wireload models.
        Computing net loads.
PBS_Generic-Postgen HBO Optimizations - Elapsed_Time 0, CPU_Time 1.0
stamp 'PBS_Generic-Postgen HBO Optimizations' being created for table 'pbs_debug'

  Total Time (Wall) |  Stage Time (Wall)  |   % (Wall)   |    Date - Time     |  Memory   | Stage
--------------------+---------------------+--------------+--------------------+-----------+----------------------
 00:00:35(00:00:31) |  00:00:00(00:00:00) |   0.0(  0.0) |    9:03:20 (Mar22) |   1.02 GB | PBS_Generic-Start
--------------------+---------------------+--------------+--------------------+-----------+----------------------
 00:03:13(00:03:20) |  00:02:38(00:02:49) |  99.4(100.0) |    9:06:09 (Mar22) |   1.64 GB | PBS_Generic_Opt-Post
--------------------+---------------------+--------------+--------------------+-----------+----------------------
 00:03:14(00:03:20) |  00:00:01(00:00:00) |   0.6(  0.0) |    9:06:09 (Mar22) |   1.64 GB | PBS_Generic-Postgen HBO Optimizations
--------------------+---------------------+--------------+--------------------+-----------+----------------------
Number of threads: 8 * 1   (id: pbs_debug, time_info v1.57)
Info: (*N*) indicates data that was populated from previously saved time_info database
Info: CPU time includes time of parent + longest thread
##>=================== Cadence Confidential (Generic-Logical) ===================
##>=================== Cadence Confidential (Generic-Logical) ===================
##>Main Thread Summary:
##>----------------------------------------------------------------------------------------
##>STEP                           Elapsed       WNS       TNS     Insts      Area    Memory
##>----------------------------------------------------------------------------------------
##>G:Initial                            1         -         -    150435    537074      1020
##>G:Setup                              0         -         -         -         -         -
##>G:Launch ST                          0         -         -         -         -         -
##>G:Design Partition                   0         -         -         -         -         -
##>G:Create Partition Netlists          0         -         -         -         -         -
##>G:Init Power                         0         -         -         -         -         -
##>G:Budgeting                          0         -         -         -         -         -
##>G:Derenv-DB                          0         -         -         -         -         -
##>G:Debug Outputs                      0         -         -         -         -         -
##>G:ST loading                         0         -         -         -         -         -
##>G:Distributed                        0         -         -         -         -         -
##>G:Timer                              0         -         -         -         -         -
##>G:Assembly                           0         -         -         -         -         -
##>G:DFT                                0         -         -         -         -         -
##>G:Const Prop                         0         -         -     84782    309850      1640
##>G:Misc                             169
##>----------------------------------------------------------------------------------------
##>Total Elapsed                      170
##>========================================================================================
Info    : Done synthesizing. [SYNTH-2]
        : Done synthesizing 'systolic_array_wrapper' to generic gates.
        Applying wireload models.
        Computing net loads.
      flow.cputime  flow.realtime  timing.setup.tns  timing.setup.wns  snapshot
UM:*                                                                   syn_gen
@file(2_synthesis.tcl) 11: report datapath > $gn::reportDir/syn_preopt.datapath_generic.rpt
Beginning report datapath command
        Applying wireload models.
        Computing net loads.
@file(2_synthesis.tcl) 16: set_db syn_map_effort $gn::MAP_EFFORT
  Setting attribute of root '/': 'syn_map_effort' = high
@file(2_synthesis.tcl) 17: syn_map
##Generic Timing Info for library domain: _default_ typical gate delay: 42.9 ps std_slew: 10.2 ps std_load: 2.3 fF
Info    : Mapping. [SYNTH-4]
        : Mapping 'systolic_array_wrapper' using 'high' effort.
Mapper: Libraries have:
	domain _default_: 441 combo usable cells and 280 sequential usable cells
Configuring mapper costing (none)
TNS Restructuring config: no_value at stage: map applied.
PBS_TechMap-Start - Elapsed_Time 0, CPU_Time 0.0
stamp 'PBS_TechMap-Start' being created for table 'pbs_debug'

  Total Time (Wall) |  Stage Time (Wall)  |   % (Wall)   |    Date - Time     |  Memory   | Stage
--------------------+---------------------+--------------+--------------------+-----------+----------------------
 00:00:35(00:00:31) |  00:00:00(00:00:00) |   0.0(  0.0) |    9:03:20 (Mar22) |   1.02 GB | PBS_Generic-Start
--------------------+---------------------+--------------+--------------------+-----------+----------------------
 00:03:13(00:03:20) |  00:02:38(00:02:49) |  98.1( 98.8) |    9:06:09 (Mar22) |   1.64 GB | PBS_Generic_Opt-Post
--------------------+---------------------+--------------+--------------------+-----------+----------------------
 00:03:14(00:03:20) |  00:00:01(00:00:00) |   0.6(  0.0) |    9:06:09 (Mar22) |   1.64 GB | PBS_Generic-Postgen HBO Optimizations
--------------------+---------------------+--------------+--------------------+-----------+----------------------
 00:03:16(00:03:22) |  00:00:02(00:00:02) |   1.2(  1.2) |    9:06:11 (Mar22) |   1.61 GB | PBS_TechMap-Start
--------------------+---------------------+--------------+--------------------+-----------+----------------------
Number of threads: 8 * 1   (id: pbs_debug, time_info v1.57)
Info: (*N*) indicates data that was populated from previously saved time_info database
Info: CPU time includes time of parent + longest thread
        Applying wireload models.
        Computing net loads.
PBS_TechMap-Premap HBO Optimizations - Elapsed_Time 1, CPU_Time 0.0
stamp 'PBS_TechMap-Premap HBO Optimizations' being created for table 'pbs_debug'

  Total Time (Wall) |  Stage Time (Wall)  |   % (Wall)   |    Date - Time     |  Memory   | Stage
--------------------+---------------------+--------------+--------------------+-----------+----------------------
 00:00:35(00:00:31) |  00:00:00(00:00:00) |   0.0(  0.0) |    9:03:20 (Mar22) |   1.02 GB | PBS_Generic-Start
--------------------+---------------------+--------------+--------------------+-----------+----------------------
 00:03:13(00:03:20) |  00:02:38(00:02:49) |  98.1( 98.3) |    9:06:09 (Mar22) |   1.64 GB | PBS_Generic_Opt-Post
--------------------+---------------------+--------------+--------------------+-----------+----------------------
 00:03:14(00:03:20) |  00:00:01(00:00:00) |   0.6(  0.0) |    9:06:09 (Mar22) |   1.64 GB | PBS_Generic-Postgen HBO Optimizations
--------------------+---------------------+--------------+--------------------+-----------+----------------------
 00:03:16(00:03:22) |  00:00:02(00:00:02) |   1.2(  1.2) |    9:06:11 (Mar22) |   1.61 GB | PBS_TechMap-Start
--------------------+---------------------+--------------+--------------------+-----------+----------------------
 00:03:16(00:03:23) |  00:00:00(00:00:01) |   0.0(  0.6) |    9:06:12 (Mar22) |   1.61 GB | PBS_TechMap-Premap HBO Optimizations
--------------------+---------------------+--------------+--------------------+-----------+----------------------
Number of threads: 8 * 1   (id: pbs_debug, time_info v1.57)
Info: (*N*) indicates data that was populated from previously saved time_info database
Info: CPU time includes time of parent + longest thread
Info    : Partition Based Synthesis execution skipped. [PHYS-752]
        : Design size is less than the partition size '100000' for distributed mapping optimization to kick in.
Mapper: Libraries have:
	domain _default_: 441 combo usable cells and 280 sequential usable cells
      Mapping 'systolic_array_wrapper'...
        Preparing the circuit
          Pruning unused logic
Updating ST server settings
                  Forking 'localhost_1_0' 7 times to obtain other background servers.
Info    : Connection established with super-threading server. [ST-110]
        : The server 'localhost_1_8' is forked process '1131616' on this host.
Info    : Connection established with super-threading server. [ST-110]
        : The server 'localhost_1_9' is forked process '1131618' on this host.
Info    : Connection established with super-threading server. [ST-110]
        : The server 'localhost_1_10' is forked process '1131620' on this host.
Info    : Connection established with super-threading server. [ST-110]
        : The server 'localhost_1_11' is forked process '1131622' on this host.
Info    : Connection established with super-threading server. [ST-110]
        : The server 'localhost_1_12' is forked process '1131624' on this host.
Info    : Connection established with super-threading server. [ST-110]
        : The server 'localhost_1_13' is forked process '1131626' on this host.
Info    : Connection established with super-threading server. [ST-110]
        : The server 'localhost_1_14' is forked process '1131628' on this host.
Info    : Super thread servers are launched successfully. [ST-128]
        : 8 out of 8 super thread servers are launched. Minimum 1 active super thread server is required.
          Analyzing hierarchical boundaries
          Aggressive hierarchical optimization: disabled
          Propagating constants
        Done preparing the circuit
          Structuring (delay-based) systolic_array_wrapper...
          Done structuring (delay-based) systolic_array_wrapper
Multi-threaded Virtual Mapping    (8 threads per ST process, 8 of 16 CPUs usable)
          Structuring (delay-based) logic partition in systolic_array_8X8...
            Starting redundancy-removal...
            Finished redundancy-removal...
          Done structuring (delay-based) logic partition in systolic_array_8X8
        Mapping logic partition in systolic_array_8X8...
          Structuring (delay-based) logic partition in systolic_array_8X8...
            Starting redundancy-removal...
            Finished redundancy-removal...
            Starting redundancy-removal...
            Finished redundancy-removal...
          Done structuring (delay-based) logic partition in systolic_array_8X8
        Mapping logic partition in systolic_array_8X8...
        Distributing super-thread jobs: remainder_unsigned_1449_3 remainder_unsigned_1449 mult_signed_126
          Sending 'remainder_unsigned_1449_3' to server 'localhost_1_14'...
            Sent 'remainder_unsigned_1449_3' to server 'localhost_1_14'.
          Sending 'remainder_unsigned_1449' to server 'localhost_1_12'...
            Sent 'remainder_unsigned_1449' to server 'localhost_1_12'.
          Sending 'mult_signed_126' to server 'localhost_1_9'...
            Sent 'mult_signed_126' to server 'localhost_1_9'.
          Received 'mult_signed_126' from server 'localhost_1_9'. (572 ms elapsed)
          Received 'remainder_unsigned_1449_3' from server 'localhost_1_14'. (1206 ms elapsed)
          Structuring (delay-based) remainder_unsigned_1449_3...
            Starting redundancy-removal...
            Finished redundancy-removal...
          Done structuring (delay-based) remainder_unsigned_1449_3
        Mapping component remainder_unsigned_1449_3...
          Received 'remainder_unsigned_1449' from server 'localhost_1_12'. (1298 ms elapsed)
          Structuring (delay-based) remainder_unsigned_1449...
            Starting redundancy-removal...
            Finished redundancy-removal...
          Done structuring (delay-based) remainder_unsigned_1449
        Mapping component remainder_unsigned_1449...
          Structuring (delay-based) mult_signed_126...
          Done structuring (delay-based) mult_signed_126
        Mapping component mult_signed_126...
        Distributing super-thread jobs: cb_part_4220 add_signed_126
          Sending 'cb_part_4220' to server 'localhost_1_14'...
            Sent 'cb_part_4220' to server 'localhost_1_14'.
          Sending 'add_signed_126' to server 'localhost_1_12'...
            Sent 'add_signed_126' to server 'localhost_1_12'.
          Received 'add_signed_126' from server 'localhost_1_12'. (97 ms elapsed)
          Received 'cb_part_4220' from server 'localhost_1_14'. (2762 ms elapsed)
          Structuring (delay-based) cb_part_4220...
            Starting redundancy-removal...
            Finished redundancy-removal...
            Starting redundancy-removal...
            Finished redundancy-removal...
          Done structuring (delay-based) cb_part_4220
        Mapping component cb_part_4220...
          Structuring (delay-based) add_signed_126...
          Done structuring (delay-based) add_signed_126
        Mapping component add_signed_126...
        Distributing super-thread jobs: cb_oseq_4217
          Sending 'cb_oseq_4217' to server 'localhost_1_14'...
            Sent 'cb_oseq_4217' to server 'localhost_1_14'.
          Received 'cb_oseq_4217' from server 'localhost_1_14'. (127 ms elapsed)
          Structuring (delay-based) cb_oseq_4217...
            Starting redundancy-removal...
            Finished redundancy-removal...
          Done structuring (delay-based) cb_oseq_4217
        Mapping component cb_oseq_4217...
        Distributing super-thread jobs: cb_seq cb_seq_4216
          Sending 'cb_seq' to server 'localhost_1_14'...
            Sent 'cb_seq' to server 'localhost_1_14'.
          Sending 'cb_seq_4216' to server 'localhost_1_12'...
            Sent 'cb_seq_4216' to server 'localhost_1_12'.
          Received 'cb_seq_4216' from server 'localhost_1_12'. (2266 ms elapsed)
          Received 'cb_seq' from server 'localhost_1_14'. (9709 ms elapsed)
          Structuring (delay-based) cb_seq...
            Starting redundancy-removal...
            Finished redundancy-removal...
          Done structuring (delay-based) cb_seq
        Mapping component cb_seq...
          Structuring (delay-based) cb_seq_4216...
            Starting redundancy-removal...
            Finished redundancy-removal...
          Done structuring (delay-based) cb_seq_4216
        Mapping component cb_seq_4216...
 
Global mapping target info
==========================
Cost Group 'C2O' target slack:   433 ps
Target path end-point (Port: systolic_array_wrapper/out_ready)

                Pin                            Type          Fanout  Load Arrival   
                                                                     (fF)   (ps)    
------------------------------------------------------------------------------------
(clock clk)                          <<<  launch                                0 R 
cb_seqi
  cycle_num_reg[0]/clk                                                              
  cycle_num_reg[0]/q                 (u)  unmapped_d_flop         9  20.7           
cb_seqi/systolic_array_8X8_cycle_num[0] 
systolic_array_8X8/cycle_num[0] 
  cb_parti/cycle_num[0] 
    g63577/in_1                                                                     
    g63577/z                         (u)  unmapped_or2            8  18.4           
  cb_parti/cb_seqi_g22761_z 
  cb_parti63475/cb_parti_cb_seqi_g22761_z 
    g63622/in_1                                                                     
    g63622/z                         (u)  unmapped_or2            1   2.3           
    g63741/in_0                                                                     
    g63741/z                         (u)  unmapped_nand2          1   2.3           
    g63740/in_1                                                                     
    g63740/z                         (u)  unmapped_nand2          3   6.9           
    g63736/in_1                                                                     
    g63736/z                         (u)  unmapped_nand2          1   2.3           
    g63735/in_0                                                                     
    g63735/z                         (u)  unmapped_nand2          3   6.9           
    g63734/in_1                                                                     
    g63734/z                         (u)  unmapped_nand2          1   2.3           
    g63730/in_0                                                                     
    g63730/z                         (u)  unmapped_nand2          3   6.9           
    g63726/in_1                                                                     
    g63726/z                         (u)  unmapped_nand2          1   2.3           
    g63725/in_0                                                                     
    g63725/z                         (u)  unmapped_nand2          3   6.9           
    g63724/in_1                                                                     
    g63724/z                         (u)  unmapped_nand2          1   2.3           
    g63720/in_0                                                                     
    g63720/z                         (u)  unmapped_nand2          3   6.9           
    g63716/in_1                                                                     
    g63716/z                         (u)  unmapped_nand2          1   2.3           
    g63715/in_0                                                                     
    g63715/z                         (u)  unmapped_nand2          3   6.9           
    g63714/in_1                                                                     
    g63714/z                         (u)  unmapped_nand2          1   2.3           
    g63710/in_0                                                                     
    g63710/z                         (u)  unmapped_nand2          3   6.9           
    g63564/in_1                                                                     
    g63564/z                         (u)  unmapped_or2            6  13.8           
    g63609/in_0                                                                     
    g63609/z                         (u)  unmapped_or2            2   4.6           
    g63702/in_0                                                                     
    g63702/z                         (u)  unmapped_or2            1   2.3           
    g63703/in_1                                                                     
    g63703/z                         (u)  unmapped_nand2          2   4.6           
  cb_parti63475/rem_37_53_A[10] 
  rem_37_53/A[14] 
    g9332/in_0                                                                      
    g9332/z                          (u)  unmapped_complex2       1   2.3           
    g9281/in_1                                                                      
    g9281/z                          (u)  unmapped_nand2          1   2.3           
    g9257/in_0                                                                      
    g9257/z                          (u)  unmapped_nand2          1   2.3           
    g9338/in_1                                                                      
    g9338/z                          (u)  unmapped_complex2       1   2.3           
    g9215/in_0                                                                      
    g9215/z                          (u)  unmapped_or2            1   2.3           
    g9209/in_0                                                                      
    g9209/z                          (u)  unmapped_or2            2   4.6           
    g6493/in_0                                                                      
    g6493/z                          (u)  unmapped_nand2          7  16.1           
    g7756/in_0                                                                      
    g7756/z                          (u)  unmapped_nand2          1   2.3           
    g9185/in_0                                                                      
    g9185/z                          (u)  unmapped_nand2          1   2.3           
    g9181/in_0                                                                      
    g9181/z                          (u)  unmapped_nand2          2   4.6           
    g9178/in_0                                                                      
    g9178/z                          (u)  unmapped_complex2       1   2.3           
    g9349/in_1                                                                      
    g9349/z                          (u)  unmapped_complex2       1   2.3           
    g9169/in_1                                                                      
    g9169/z                          (u)  unmapped_nand2          1   2.3           
    g9350/in_1                                                                      
    g9350/z                          (u)  unmapped_complex2       1   2.3           
    g9160/in_0                                                                      
    g9160/z                          (u)  unmapped_or2            2   4.6           
    g9154/in_0                                                                      
    g9154/z                          (u)  unmapped_complex2       3   6.9           
    g9148/in_0                                                                      
    g9148/z                          (u)  unmapped_complex2       2   4.6           
    g9143/in_0                                                                      
    g9143/z                          (u)  unmapped_complex2       1   2.3           
    g9140/in_0                                                                      
    g9140/z                          (u)  unmapped_nand2          1   2.3           
    g9137/in_1                                                                      
    g9137/z                          (u)  unmapped_nand2         10  23.0           
    g9122/in_1                                                                      
    g9122/z                          (u)  unmapped_nand2          1   2.3           
    g9114/in_0                                                                      
    g9114/z                          (u)  unmapped_nand2          3   6.9           
    g9102/in_1                                                                      
    g9102/z                          (u)  unmapped_nand2          1   2.3           
    g9088/in_1                                                                      
    g9088/z                          (u)  unmapped_nand2          1   2.3           
    g9084/in_0                                                                      
    g9084/z                          (u)  unmapped_nand2          1   2.3           
    g9081/in_0                                                                      
    g9081/z                          (u)  unmapped_nand2          1   2.3           
    g9077/in_1                                                                      
    g9077/z                          (u)  unmapped_complex2       1   2.3           
    g9075/in_0                                                                      
    g9075/z                          (u)  unmapped_nand2          1   2.3           
    g9072/in_0                                                                      
    g9072/z                          (u)  unmapped_or2            4   9.2           
    g9358/in_0                                                                      
    g9358/z                          (u)  unmapped_complex2       5  11.5           
    g9060/in_0                                                                      
    g9060/z                          (u)  unmapped_nand2          2   4.6           
    g9043/in_0                                                                      
    g9043/z                          (u)  unmapped_complex2       1   2.3           
    g9040/in_0                                                                      
    g9040/z                          (u)  unmapped_nand2          1   2.3           
    g9035/in_1                                                                      
    g9035/z                          (u)  unmapped_nand2         10  23.0           
    g9013/in_1                                                                      
    g9013/z                          (u)  unmapped_nand2          1   2.3           
    g9003/in_0                                                                      
    g9003/z                          (u)  unmapped_nand2          3   6.9           
    g8997/in_1                                                                      
    g8997/z                          (u)  unmapped_nand2          1   2.3           
    g8982/in_1                                                                      
    g8982/z                          (u)  unmapped_nand2          3   6.9           
    g8981/in_1                                                                      
    g8981/z                          (u)  unmapped_nand2          1   2.3           
    g8969/in_0                                                                      
    g8969/z                          (u)  unmapped_nand2          3   6.9           
    g7718/in_1                                                                      
    g7718/z                          (u)  unmapped_nand2          1   2.3           
    g8954/in_0                                                                      
    g8954/z                          (u)  unmapped_nand2          1   2.3           
    g8949/in_0                                                                      
    g8949/z                          (u)  unmapped_nand2          1   2.3           
    g8944/in_0                                                                      
    g8944/z                          (u)  unmapped_complex2       1   2.3           
    g8941/in_1                                                                      
    g8941/z                          (u)  unmapped_nand2          1   2.3           
    g8932/in_0                                                                      
    g8932/z                          (u)  unmapped_or2            6  13.8           
    g6155/in_1                                                                      
    g6155/z                          (u)  unmapped_nand2          7  16.1           
    g8922/in_0                                                                      
    g8922/z                          (u)  unmapped_nand2          2   4.6           
    g8905/in_0                                                                      
    g8905/z                          (u)  unmapped_complex2       1   2.3           
    g8897/in_0                                                                      
    g8897/z                          (u)  unmapped_nand2          1   2.3           
    g8893/in_1                                                                      
    g8893/z                          (u)  unmapped_nand2         10  23.0           
    g8877/in_1                                                                      
    g8877/z                          (u)  unmapped_nand2          1   2.3           
    g8861/in_0                                                                      
    g8861/z                          (u)  unmapped_nand2          3   6.9           
    g8840/in_1                                                                      
    g8840/z                          (u)  unmapped_nand2          1   2.3           
    g8839/in_1                                                                      
    g8839/z                          (u)  unmapped_nand2          3   6.9           
    g8836/in_1                                                                      
    g8836/z                          (u)  unmapped_nand2          1   2.3           
    g8823/in_1                                                                      
    g8823/z                          (u)  unmapped_nand2          3   6.9           
    g8814/in_1                                                                      
    g8814/z                          (u)  unmapped_nand2          1   2.3           
    g8809/in_1                                                                      
    g8809/z                          (u)  unmapped_nand2          3   6.9           
    g8795/in_1                                                                      
    g8795/z                          (u)  unmapped_nand2          1   2.3           
    g8794/in_0                                                                      
    g8794/z                          (u)  unmapped_nand2          1   2.3           
    g8791/in_0                                                                      
    g8791/z                          (u)  unmapped_or2            1   2.3           
    g8787/in_0                                                                      
    g8787/z                          (u)  unmapped_or2            7  16.1           
    g9396/in_0                                                                      
    g9396/z                          (u)  unmapped_complex2       7  16.1           
    g7778/in_1                                                                      
    g7778/z                          (u)  unmapped_complex2       2   4.6           
    g8256/in_0                                                                      
    g8256/z                          (u)  unmapped_nand2          1   2.3           
    g8751/in_0                                                                      
    g8751/z                          (u)  unmapped_nand2          1   2.3           
    g8743/in_1                                                                      
    g8743/z                          (u)  unmapped_nand2         10  23.0           
    g8737/in_1                                                                      
    g8737/z                          (u)  unmapped_nand2          1   2.3           
    g8703/in_0                                                                      
    g8703/z                          (u)  unmapped_nand2          3   6.9           
    g8697/in_1                                                                      
    g8697/z                          (u)  unmapped_nand2          1   2.3           
    g8678/in_1                                                                      
    g8678/z                          (u)  unmapped_nand2          3   6.9           
    g8674/in_1                                                                      
    g8674/z                          (u)  unmapped_nand2          1   2.3           
    g8665/in_1                                                                      
    g8665/z                          (u)  unmapped_nand2          3   6.9           
    g7814/in_1                                                                      
    g7814/z                          (u)  unmapped_nand2          1   2.3           
    g8648/in_0                                                                      
    g8648/z                          (u)  unmapped_nand2          1   2.3           
    g8647/in_0                                                                      
    g8647/z                          (u)  unmapped_nand2          1   2.3           
    g9415/in_0                                                                      
    g9415/z                          (u)  unmapped_complex2       1   2.3           
    g8639/in_0                                                                      
    g8639/z                          (u)  unmapped_nand2          1   2.3           
    g9416/in_0                                                                      
    g9416/z                          (u)  unmapped_complex2       1   2.3           
    g8630/in_0                                                                      
    g8630/z                          (u)  unmapped_or2            2   4.6           
    g8628/in_0                                                                      
    g8628/z                          (u)  unmapped_complex2       6  13.8           
    g8613/in_0                                                                      
    g8613/z                          (u)  unmapped_nand2          2   4.6           
    g8604/in_0                                                                      
    g8604/z                          (u)  unmapped_complex2       1   2.3           
    g8597/in_0                                                                      
    g8597/z                          (u)  unmapped_nand2          1   2.3           
    g8592/in_1                                                                      
    g8592/z                          (u)  unmapped_nand2          1   2.3           
  rem_37_53/REMAINDER[4] 
  cb_parti63476/rem_37_53_REMAINDER[0] 
    g81436/in_0                                                                     
    g81436/z                         (u)  unmapped_or2            1   2.3           
    g81432/in_1                                                                     
    g81432/z                         (u)  unmapped_or2            1   2.3           
    g78345/in_1                                                                     
    g78345/z                         (u)  unmapped_or2            2   4.6           
    g78081/in_0                                                                     
    g78081/z                         (u)  unmapped_or2            1   2.3           
    g77581/in_1                                                                     
    g77581/z                         (u)  unmapped_nand2          2   4.6           
    g59270/in_0                                                                     
    g59270/z                         (u)  unmapped_nand2          8  18.4           
    g67395/in_1                                                                     
    g67395/z                         (u)  unmapped_or2            3   6.9           
    g77569/in_0                                                                     
    g77569/z                         (u)  unmapped_nand2          1   2.3           
    g77568/in_0                                                                     
    g77568/z                         (u)  unmapped_complex2       1   2.3           
    g77567/in_0                                                                     
    g77567/z                         (u)  unmapped_complex2       1   2.3           
    g77566/in_0                                                                     
    g77566/z                         (u)  unmapped_complex2       1   2.3           
    g77565/in_0                                                                     
    g77565/z                         (u)  unmapped_complex2       1   2.3           
    g77564/in_0                                                                     
    g77564/z                         (u)  unmapped_complex2       1   2.3           
    g77563/in_1                                                                     
    g77563/z                         (u)  unmapped_complex2       1   2.3           
    g77562/in_0                                                                     
    g77562/z                         (u)  unmapped_complex2       1   2.3           
    g77561/in_0                                                                     
    g77561/z                         (u)  unmapped_complex2       1   2.3           
    g77560/in_0                                                                     
    g77560/z                         (u)  unmapped_complex2       1   2.3           
    g77559/in_0                                                                     
    g77559/z                         (u)  unmapped_complex2       1   2.3           
    g77558/in_0                                                                     
    g77558/z                         (u)  unmapped_complex2       1   2.3           
    g77557/in_0                                                                     
    g77557/z                         (u)  unmapped_complex2       1   2.3           
    g77556/in_0                                                                     
    g77556/z                         (u)  unmapped_complex2       4   9.2           
  cb_parti63476/out_valid 
systolic_array_8X8/out_valid 
cb_oseqi/systolic_array_8X8_out_valid 
  g9922/in_0                                                                        
  g9922/z                            (u)  unmapped_and2           1 500.0           
cb_oseqi/out_ready 
out_ready                            <<<  interconnect                              
                                          out port                                  
(systolic_array_wrapp_line_31_560_1)      ext delay                                 
- - - - - - - - - - - - - - - - - - - - - - - - - - - - - - - - - - - - - - - - - - 
(clock clk)                               capture                           20000 R 
                                          uncertainty                               
------------------------------------------------------------------------------------
Cost Group   : 'C2O' (path_group 'C2O')
Start-point  : cb_seqi/cycle_num_reg[0]/clk
End-point    : out_ready
Mode         : default_mode

(u) : Net has unmapped pin(s).

The global mapper estimates a slack for this path of 11225ps.
 
Cost Group 'I2O' target slack:   433 ps
Target path end-point (Port: systolic_array_wrapper/out_ready)

                Pin                            Type          Fanout  Load Arrival   
                                                                     (fF)   (ps)    
------------------------------------------------------------------------------------
(clock clk)                          <<<  launch                                0 R 
(systolic_array_wrapp_line_28_9_1)        ext delay                                 
tile_num[0]                          (u)  in port                 8 518.4           
systolic_array_8X8/tile_num[0] 
  cb_parti/tile_num[0] 
    g63748/in_1                                                                     
    g63748/z                         (u)  unmapped_complex2       1   2.3           
    g63749/in_1                                                                     
    g63749/z                         (u)  unmapped_nand2         78  20.7           
  cb_parti/rem_37_53_B[1] 
  cb_parti63475/cb_parti_rem_37_53_B[0] 
    g63612/in_1                                                                     
    g63612/z                         (u)  unmapped_complex2       2   4.6           
    g63736/in_0                                                                     
    g63736/z                         (u)  unmapped_nand2          1   2.3           
    g63735/in_0                                                                     
    g63735/z                         (u)  unmapped_nand2          3   6.9           
    g63734/in_1                                                                     
    g63734/z                         (u)  unmapped_nand2          1   2.3           
    g63730/in_0                                                                     
    g63730/z                         (u)  unmapped_nand2          3   6.9           
    g63726/in_1                                                                     
    g63726/z                         (u)  unmapped_nand2          1   2.3           
    g63725/in_0                                                                     
    g63725/z                         (u)  unmapped_nand2          3   6.9           
    g63724/in_1                                                                     
    g63724/z                         (u)  unmapped_nand2          1   2.3           
    g63720/in_0                                                                     
    g63720/z                         (u)  unmapped_nand2          3   6.9           
    g63716/in_1                                                                     
    g63716/z                         (u)  unmapped_nand2          1   2.3           
    g63715/in_0                                                                     
    g63715/z                         (u)  unmapped_nand2          3   6.9           
    g63714/in_1                                                                     
    g63714/z                         (u)  unmapped_nand2          1   2.3           
    g63710/in_0                                                                     
    g63710/z                         (u)  unmapped_nand2          3   6.9           
    g63564/in_1                                                                     
    g63564/z                         (u)  unmapped_or2            6  13.8           
    g63609/in_0                                                                     
    g63609/z                         (u)  unmapped_or2            2   4.6           
    g63702/in_0                                                                     
    g63702/z                         (u)  unmapped_or2            1   2.3           
    g63703/in_1                                                                     
    g63703/z                         (u)  unmapped_nand2          2   4.6           
  cb_parti63475/rem_37_53_A[10] 
  rem_37_53/A[14] 
    g9332/in_0                                                                      
    g9332/z                          (u)  unmapped_complex2       1   2.3           
    g9281/in_1                                                                      
    g9281/z                          (u)  unmapped_nand2          1   2.3           
    g9257/in_0                                                                      
    g9257/z                          (u)  unmapped_nand2          1   2.3           
    g9338/in_1                                                                      
    g9338/z                          (u)  unmapped_complex2       1   2.3           
    g9215/in_0                                                                      
    g9215/z                          (u)  unmapped_or2            1   2.3           
    g9209/in_0                                                                      
    g9209/z                          (u)  unmapped_or2            2   4.6           
    g6493/in_0                                                                      
    g6493/z                          (u)  unmapped_nand2          7  16.1           
    g7756/in_0                                                                      
    g7756/z                          (u)  unmapped_nand2          1   2.3           
    g9185/in_0                                                                      
    g9185/z                          (u)  unmapped_nand2          1   2.3           
    g9181/in_0                                                                      
    g9181/z                          (u)  unmapped_nand2          2   4.6           
    g9178/in_0                                                                      
    g9178/z                          (u)  unmapped_complex2       1   2.3           
    g9349/in_1                                                                      
    g9349/z                          (u)  unmapped_complex2       1   2.3           
    g9169/in_1                                                                      
    g9169/z                          (u)  unmapped_nand2          1   2.3           
    g9350/in_1                                                                      
    g9350/z                          (u)  unmapped_complex2       1   2.3           
    g9160/in_0                                                                      
    g9160/z                          (u)  unmapped_or2            2   4.6           
    g9154/in_0                                                                      
    g9154/z                          (u)  unmapped_complex2       3   6.9           
    g9148/in_0                                                                      
    g9148/z                          (u)  unmapped_complex2       2   4.6           
    g9143/in_0                                                                      
    g9143/z                          (u)  unmapped_complex2       1   2.3           
    g9140/in_0                                                                      
    g9140/z                          (u)  unmapped_nand2          1   2.3           
    g9137/in_1                                                                      
    g9137/z                          (u)  unmapped_nand2         10  23.0           
    g9122/in_1                                                                      
    g9122/z                          (u)  unmapped_nand2          1   2.3           
    g9114/in_0                                                                      
    g9114/z                          (u)  unmapped_nand2          3   6.9           
    g9102/in_1                                                                      
    g9102/z                          (u)  unmapped_nand2          1   2.3           
    g9088/in_1                                                                      
    g9088/z                          (u)  unmapped_nand2          1   2.3           
    g9084/in_0                                                                      
    g9084/z                          (u)  unmapped_nand2          1   2.3           
    g9081/in_0                                                                      
    g9081/z                          (u)  unmapped_nand2          1   2.3           
    g9077/in_1                                                                      
    g9077/z                          (u)  unmapped_complex2       1   2.3           
    g9075/in_0                                                                      
    g9075/z                          (u)  unmapped_nand2          1   2.3           
    g9072/in_0                                                                      
    g9072/z                          (u)  unmapped_or2            4   9.2           
    g9358/in_0                                                                      
    g9358/z                          (u)  unmapped_complex2       5  11.5           
    g9060/in_0                                                                      
    g9060/z                          (u)  unmapped_nand2          2   4.6           
    g9043/in_0                                                                      
    g9043/z                          (u)  unmapped_complex2       1   2.3           
    g9040/in_0                                                                      
    g9040/z                          (u)  unmapped_nand2          1   2.3           
    g9035/in_1                                                                      
    g9035/z                          (u)  unmapped_nand2         10  23.0           
    g9013/in_1                                                                      
    g9013/z                          (u)  unmapped_nand2          1   2.3           
    g9003/in_0                                                                      
    g9003/z                          (u)  unmapped_nand2          3   6.9           
    g8997/in_1                                                                      
    g8997/z                          (u)  unmapped_nand2          1   2.3           
    g8982/in_1                                                                      
    g8982/z                          (u)  unmapped_nand2          3   6.9           
    g8981/in_1                                                                      
    g8981/z                          (u)  unmapped_nand2          1   2.3           
    g8969/in_0                                                                      
    g8969/z                          (u)  unmapped_nand2          3   6.9           
    g7718/in_1                                                                      
    g7718/z                          (u)  unmapped_nand2          1   2.3           
    g8954/in_0                                                                      
    g8954/z                          (u)  unmapped_nand2          1   2.3           
    g8949/in_0                                                                      
    g8949/z                          (u)  unmapped_nand2          1   2.3           
    g8944/in_0                                                                      
    g8944/z                          (u)  unmapped_complex2       1   2.3           
    g8941/in_1                                                                      
    g8941/z                          (u)  unmapped_nand2          1   2.3           
    g8932/in_0                                                                      
    g8932/z                          (u)  unmapped_or2            6  13.8           
    g6155/in_1                                                                      
    g6155/z                          (u)  unmapped_nand2          7  16.1           
    g8922/in_0                                                                      
    g8922/z                          (u)  unmapped_nand2          2   4.6           
    g8905/in_0                                                                      
    g8905/z                          (u)  unmapped_complex2       1   2.3           
    g8897/in_0                                                                      
    g8897/z                          (u)  unmapped_nand2          1   2.3           
    g8893/in_1                                                                      
    g8893/z                          (u)  unmapped_nand2         10  23.0           
    g8877/in_1                                                                      
    g8877/z                          (u)  unmapped_nand2          1   2.3           
    g8861/in_0                                                                      
    g8861/z                          (u)  unmapped_nand2          3   6.9           
    g8840/in_1                                                                      
    g8840/z                          (u)  unmapped_nand2          1   2.3           
    g8839/in_1                                                                      
    g8839/z                          (u)  unmapped_nand2          3   6.9           
    g8836/in_1                                                                      
    g8836/z                          (u)  unmapped_nand2          1   2.3           
    g8823/in_1                                                                      
    g8823/z                          (u)  unmapped_nand2          3   6.9           
    g8814/in_1                                                                      
    g8814/z                          (u)  unmapped_nand2          1   2.3           
    g8809/in_1                                                                      
    g8809/z                          (u)  unmapped_nand2          3   6.9           
    g8795/in_1                                                                      
    g8795/z                          (u)  unmapped_nand2          1   2.3           
    g8794/in_0                                                                      
    g8794/z                          (u)  unmapped_nand2          1   2.3           
    g8791/in_0                                                                      
    g8791/z                          (u)  unmapped_or2            1   2.3           
    g8787/in_0                                                                      
    g8787/z                          (u)  unmapped_or2            7  16.1           
    g9396/in_0                                                                      
    g9396/z                          (u)  unmapped_complex2       7  16.1           
    g7778/in_1                                                                      
    g7778/z                          (u)  unmapped_complex2       2   4.6           
    g8256/in_0                                                                      
    g8256/z                          (u)  unmapped_nand2          1   2.3           
    g8751/in_0                                                                      
    g8751/z                          (u)  unmapped_nand2          1   2.3           
    g8743/in_1                                                                      
    g8743/z                          (u)  unmapped_nand2         10  23.0           
    g8737/in_1                                                                      
    g8737/z                          (u)  unmapped_nand2          1   2.3           
    g8703/in_0                                                                      
    g8703/z                          (u)  unmapped_nand2          3   6.9           
    g8697/in_1                                                                      
    g8697/z                          (u)  unmapped_nand2          1   2.3           
    g8678/in_1                                                                      
    g8678/z                          (u)  unmapped_nand2          3   6.9           
    g8674/in_1                                                                      
    g8674/z                          (u)  unmapped_nand2          1   2.3           
    g8665/in_1                                                                      
    g8665/z                          (u)  unmapped_nand2          3   6.9           
    g7814/in_1                                                                      
    g7814/z                          (u)  unmapped_nand2          1   2.3           
    g8648/in_0                                                                      
    g8648/z                          (u)  unmapped_nand2          1   2.3           
    g8647/in_0                                                                      
    g8647/z                          (u)  unmapped_nand2          1   2.3           
    g9415/in_0                                                                      
    g9415/z                          (u)  unmapped_complex2       1   2.3           
    g8639/in_0                                                                      
    g8639/z                          (u)  unmapped_nand2          1   2.3           
    g9416/in_0                                                                      
    g9416/z                          (u)  unmapped_complex2       1   2.3           
    g8630/in_0                                                                      
    g8630/z                          (u)  unmapped_or2            2   4.6           
    g8628/in_0                                                                      
    g8628/z                          (u)  unmapped_complex2       6  13.8           
    g8613/in_0                                                                      
    g8613/z                          (u)  unmapped_nand2          2   4.6           
    g8604/in_0                                                                      
    g8604/z                          (u)  unmapped_complex2       1   2.3           
    g8597/in_0                                                                      
    g8597/z                          (u)  unmapped_nand2          1   2.3           
    g8592/in_1                                                                      
    g8592/z                          (u)  unmapped_nand2          1   2.3           
  rem_37_53/REMAINDER[4] 
  cb_parti63476/rem_37_53_REMAINDER[0] 
    g81436/in_0                                                                     
    g81436/z                         (u)  unmapped_or2            1   2.3           
    g81432/in_1                                                                     
    g81432/z                         (u)  unmapped_or2            1   2.3           
    g78345/in_1                                                                     
    g78345/z                         (u)  unmapped_or2            2   4.6           
    g78081/in_0                                                                     
    g78081/z                         (u)  unmapped_or2            1   2.3           
    g77581/in_1                                                                     
    g77581/z                         (u)  unmapped_nand2          2   4.6           
    g59270/in_0                                                                     
    g59270/z                         (u)  unmapped_nand2          8  18.4           
    g67395/in_1                                                                     
    g67395/z                         (u)  unmapped_or2            3   6.9           
    g77569/in_0                                                                     
    g77569/z                         (u)  unmapped_nand2          1   2.3           
    g77568/in_0                                                                     
    g77568/z                         (u)  unmapped_complex2       1   2.3           
    g77567/in_0                                                                     
    g77567/z                         (u)  unmapped_complex2       1   2.3           
    g77566/in_0                                                                     
    g77566/z                         (u)  unmapped_complex2       1   2.3           
    g77565/in_0                                                                     
    g77565/z                         (u)  unmapped_complex2       1   2.3           
    g77564/in_0                                                                     
    g77564/z                         (u)  unmapped_complex2       1   2.3           
    g77563/in_1                                                                     
    g77563/z                         (u)  unmapped_complex2       1   2.3           
    g77562/in_0                                                                     
    g77562/z                         (u)  unmapped_complex2       1   2.3           
    g77561/in_0                                                                     
    g77561/z                         (u)  unmapped_complex2       1   2.3           
    g77560/in_0                                                                     
    g77560/z                         (u)  unmapped_complex2       1   2.3           
    g77559/in_0                                                                     
    g77559/z                         (u)  unmapped_complex2       1   2.3           
    g77558/in_0                                                                     
    g77558/z                         (u)  unmapped_complex2       1   2.3           
    g77557/in_0                                                                     
    g77557/z                         (u)  unmapped_complex2       1   2.3           
    g77556/in_0                                                                     
    g77556/z                         (u)  unmapped_complex2       4   9.2           
  cb_parti63476/out_valid 
systolic_array_8X8/out_valid 
cb_oseqi/systolic_array_8X8_out_valid 
  g9922/in_0                                                                        
  g9922/z                            (u)  unmapped_and2           1 500.0           
cb_oseqi/out_ready 
out_ready                            <<<  interconnect                              
                                          out port                                  
(systolic_array_wrapp_line_31_560_1)      ext delay                                 
- - - - - - - - - - - - - - - - - - - - - - - - - - - - - - - - - - - - - - - - - - 
(clock clk)                               capture                           20000 R 
                                          uncertainty                               
------------------------------------------------------------------------------------
Cost Group   : 'I2O' (path_group 'I2O')
Start-point  : tile_num[0]
End-point    : out_ready
Mode         : default_mode

(u) : Net has unmapped pin(s).

The global mapper estimates a slack for this path of 11568ps.
 
Cost Group 'I2C' target slack:   588 ps
Target path end-point (Pin: output_buffer_out_valid_pipe_reg[6]/d)

                  Pin                               Type          Fanout  Load Arrival   
                                                                          (fF)   (ps)    
-----------------------------------------------------------------------------------------
(clock clk)                               <<<  launch                                0 R 
(systolic_array_wrapp_line_28_9_1)             ext delay                                 
tile_num[0]                               (u)  in port                 8 518.4           
systolic_array_8X8/tile_num[0] 
  cb_parti/tile_num[0] 
    g63748/in_1                                                                          
    g63748/z                              (u)  unmapped_complex2       1   2.3           
    g63749/in_1                                                                          
    g63749/z                              (u)  unmapped_nand2         78  20.7           
  cb_parti/rem_37_53_B[1] 
  cb_parti63475/cb_parti_rem_37_53_B[0] 
    g63612/in_1                                                                          
    g63612/z                              (u)  unmapped_complex2       2   4.6           
    g63736/in_0                                                                          
    g63736/z                              (u)  unmapped_nand2          1   2.3           
    g63735/in_0                                                                          
    g63735/z                              (u)  unmapped_nand2          3   6.9           
    g63734/in_1                                                                          
    g63734/z                              (u)  unmapped_nand2          1   2.3           
    g63730/in_0                                                                          
    g63730/z                              (u)  unmapped_nand2          3   6.9           
    g63726/in_1                                                                          
    g63726/z                              (u)  unmapped_nand2          1   2.3           
    g63725/in_0                                                                          
    g63725/z                              (u)  unmapped_nand2          3   6.9           
    g63724/in_1                                                                          
    g63724/z                              (u)  unmapped_nand2          1   2.3           
    g63720/in_0                                                                          
    g63720/z                              (u)  unmapped_nand2          3   6.9           
    g63716/in_1                                                                          
    g63716/z                              (u)  unmapped_nand2          1   2.3           
    g63715/in_0                                                                          
    g63715/z                              (u)  unmapped_nand2          3   6.9           
    g63714/in_1                                                                          
    g63714/z                              (u)  unmapped_nand2          1   2.3           
    g63710/in_0                                                                          
    g63710/z                              (u)  unmapped_nand2          3   6.9           
    g63564/in_1                                                                          
    g63564/z                              (u)  unmapped_or2            6  13.8           
    g63609/in_0                                                                          
    g63609/z                              (u)  unmapped_or2            2   4.6           
    g63702/in_0                                                                          
    g63702/z                              (u)  unmapped_or2            1   2.3           
    g63703/in_1                                                                          
    g63703/z                              (u)  unmapped_nand2          2   4.6           
  cb_parti63475/rem_37_53_A[10] 
  rem_37_53/A[14] 
    g9332/in_0                                                                           
    g9332/z                               (u)  unmapped_complex2       1   2.3           
    g9281/in_1                                                                           
    g9281/z                               (u)  unmapped_nand2          1   2.3           
    g9257/in_0                                                                           
    g9257/z                               (u)  unmapped_nand2          1   2.3           
    g9338/in_1                                                                           
    g9338/z                               (u)  unmapped_complex2       1   2.3           
    g9215/in_0                                                                           
    g9215/z                               (u)  unmapped_or2            1   2.3           
    g9209/in_0                                                                           
    g9209/z                               (u)  unmapped_or2            2   4.6           
    g6493/in_0                                                                           
    g6493/z                               (u)  unmapped_nand2          7  16.1           
    g7756/in_0                                                                           
    g7756/z                               (u)  unmapped_nand2          1   2.3           
    g9185/in_0                                                                           
    g9185/z                               (u)  unmapped_nand2          1   2.3           
    g9181/in_0                                                                           
    g9181/z                               (u)  unmapped_nand2          2   4.6           
    g9178/in_0                                                                           
    g9178/z                               (u)  unmapped_complex2       1   2.3           
    g9349/in_1                                                                           
    g9349/z                               (u)  unmapped_complex2       1   2.3           
    g9169/in_1                                                                           
    g9169/z                               (u)  unmapped_nand2          1   2.3           
    g9350/in_1                                                                           
    g9350/z                               (u)  unmapped_complex2       1   2.3           
    g9160/in_0                                                                           
    g9160/z                               (u)  unmapped_or2            2   4.6           
    g9154/in_0                                                                           
    g9154/z                               (u)  unmapped_complex2       3   6.9           
    g9148/in_0                                                                           
    g9148/z                               (u)  unmapped_complex2       2   4.6           
    g9143/in_0                                                                           
    g9143/z                               (u)  unmapped_complex2       1   2.3           
    g9140/in_0                                                                           
    g9140/z                               (u)  unmapped_nand2          1   2.3           
    g9137/in_1                                                                           
    g9137/z                               (u)  unmapped_nand2         10  23.0           
    g9122/in_1                                                                           
    g9122/z                               (u)  unmapped_nand2          1   2.3           
    g9114/in_0                                                                           
    g9114/z                               (u)  unmapped_nand2          3   6.9           
    g9102/in_1                                                                           
    g9102/z                               (u)  unmapped_nand2          1   2.3           
    g9088/in_1                                                                           
    g9088/z                               (u)  unmapped_nand2          1   2.3           
    g9084/in_0                                                                           
    g9084/z                               (u)  unmapped_nand2          1   2.3           
    g9081/in_0                                                                           
    g9081/z                               (u)  unmapped_nand2          1   2.3           
    g9077/in_1                                                                           
    g9077/z                               (u)  unmapped_complex2       1   2.3           
    g9075/in_0                                                                           
    g9075/z                               (u)  unmapped_nand2          1   2.3           
    g9072/in_0                                                                           
    g9072/z                               (u)  unmapped_or2            4   9.2           
    g9358/in_0                                                                           
    g9358/z                               (u)  unmapped_complex2       5  11.5           
    g9060/in_0                                                                           
    g9060/z                               (u)  unmapped_nand2          2   4.6           
    g9043/in_0                                                                           
    g9043/z                               (u)  unmapped_complex2       1   2.3           
    g9040/in_0                                                                           
    g9040/z                               (u)  unmapped_nand2          1   2.3           
    g9035/in_1                                                                           
    g9035/z                               (u)  unmapped_nand2         10  23.0           
    g9013/in_1                                                                           
    g9013/z                               (u)  unmapped_nand2          1   2.3           
    g9003/in_0                                                                           
    g9003/z                               (u)  unmapped_nand2          3   6.9           
    g8997/in_1                                                                           
    g8997/z                               (u)  unmapped_nand2          1   2.3           
    g8982/in_1                                                                           
    g8982/z                               (u)  unmapped_nand2          3   6.9           
    g8981/in_1                                                                           
    g8981/z                               (u)  unmapped_nand2          1   2.3           
    g8969/in_0                                                                           
    g8969/z                               (u)  unmapped_nand2          3   6.9           
    g7718/in_1                                                                           
    g7718/z                               (u)  unmapped_nand2          1   2.3           
    g8954/in_0                                                                           
    g8954/z                               (u)  unmapped_nand2          1   2.3           
    g8949/in_0                                                                           
    g8949/z                               (u)  unmapped_nand2          1   2.3           
    g8944/in_0                                                                           
    g8944/z                               (u)  unmapped_complex2       1   2.3           
    g8941/in_1                                                                           
    g8941/z                               (u)  unmapped_nand2          1   2.3           
    g8932/in_0                                                                           
    g8932/z                               (u)  unmapped_or2            6  13.8           
    g6155/in_1                                                                           
    g6155/z                               (u)  unmapped_nand2          7  16.1           
    g8922/in_0                                                                           
    g8922/z                               (u)  unmapped_nand2          2   4.6           
    g8905/in_0                                                                           
    g8905/z                               (u)  unmapped_complex2       1   2.3           
    g8897/in_0                                                                           
    g8897/z                               (u)  unmapped_nand2          1   2.3           
    g8893/in_1                                                                           
    g8893/z                               (u)  unmapped_nand2         10  23.0           
    g8877/in_1                                                                           
    g8877/z                               (u)  unmapped_nand2          1   2.3           
    g8861/in_0                                                                           
    g8861/z                               (u)  unmapped_nand2          3   6.9           
    g8840/in_1                                                                           
    g8840/z                               (u)  unmapped_nand2          1   2.3           
    g8839/in_1                                                                           
    g8839/z                               (u)  unmapped_nand2          3   6.9           
    g8836/in_1                                                                           
    g8836/z                               (u)  unmapped_nand2          1   2.3           
    g8823/in_1                                                                           
    g8823/z                               (u)  unmapped_nand2          3   6.9           
    g8814/in_1                                                                           
    g8814/z                               (u)  unmapped_nand2          1   2.3           
    g8809/in_1                                                                           
    g8809/z                               (u)  unmapped_nand2          3   6.9           
    g8795/in_1                                                                           
    g8795/z                               (u)  unmapped_nand2          1   2.3           
    g8794/in_0                                                                           
    g8794/z                               (u)  unmapped_nand2          1   2.3           
    g8791/in_0                                                                           
    g8791/z                               (u)  unmapped_or2            1   2.3           
    g8787/in_0                                                                           
    g8787/z                               (u)  unmapped_or2            7  16.1           
    g9396/in_0                                                                           
    g9396/z                               (u)  unmapped_complex2       7  16.1           
    g7778/in_1                                                                           
    g7778/z                               (u)  unmapped_complex2       2   4.6           
    g8256/in_0                                                                           
    g8256/z                               (u)  unmapped_nand2          1   2.3           
    g8751/in_0                                                                           
    g8751/z                               (u)  unmapped_nand2          1   2.3           
    g8743/in_1                                                                           
    g8743/z                               (u)  unmapped_nand2         10  23.0           
    g8737/in_1                                                                           
    g8737/z                               (u)  unmapped_nand2          1   2.3           
    g8703/in_0                                                                           
    g8703/z                               (u)  unmapped_nand2          3   6.9           
    g8697/in_1                                                                           
    g8697/z                               (u)  unmapped_nand2          1   2.3           
    g8678/in_1                                                                           
    g8678/z                               (u)  unmapped_nand2          3   6.9           
    g8674/in_1                                                                           
    g8674/z                               (u)  unmapped_nand2          1   2.3           
    g8665/in_1                                                                           
    g8665/z                               (u)  unmapped_nand2          3   6.9           
    g7814/in_1                                                                           
    g7814/z                               (u)  unmapped_nand2          1   2.3           
    g8648/in_0                                                                           
    g8648/z                               (u)  unmapped_nand2          1   2.3           
    g8647/in_0                                                                           
    g8647/z                               (u)  unmapped_nand2          1   2.3           
    g9415/in_0                                                                           
    g9415/z                               (u)  unmapped_complex2       1   2.3           
    g8639/in_0                                                                           
    g8639/z                               (u)  unmapped_nand2          1   2.3           
    g9416/in_0                                                                           
    g9416/z                               (u)  unmapped_complex2       1   2.3           
    g8630/in_0                                                                           
    g8630/z                               (u)  unmapped_or2            2   4.6           
    g8628/in_0                                                                           
    g8628/z                               (u)  unmapped_complex2       6  13.8           
    g8613/in_0                                                                           
    g8613/z                               (u)  unmapped_nand2          2   4.6           
    g8604/in_0                                                                           
    g8604/z                               (u)  unmapped_complex2       1   2.3           
    g8597/in_0                                                                           
    g8597/z                               (u)  unmapped_nand2          1   2.3           
    g8592/in_1                                                                           
    g8592/z                               (u)  unmapped_nand2          1   2.3           
  rem_37_53/REMAINDER[4] 
  cb_parti63476/rem_37_53_REMAINDER[0] 
    g81436/in_0                                                                          
    g81436/z                              (u)  unmapped_or2            1   2.3           
    g81432/in_1                                                                          
    g81432/z                              (u)  unmapped_or2            1   2.3           
    g78345/in_1                                                                          
    g78345/z                              (u)  unmapped_or2            2   4.6           
    g78081/in_0                                                                          
    g78081/z                              (u)  unmapped_or2            1   2.3           
    g77581/in_1                                                                          
    g77581/z                              (u)  unmapped_nand2          2   4.6           
    g59270/in_0                                                                          
    g59270/z                              (u)  unmapped_nand2          8  18.4           
    g67395/in_1                                                                          
    g67395/z                              (u)  unmapped_or2            3   6.9           
    g77569/in_0                                                                          
    g77569/z                              (u)  unmapped_nand2          1   2.3           
    g77568/in_0                                                                          
    g77568/z                              (u)  unmapped_complex2       1   2.3           
    g77567/in_0                                                                          
    g77567/z                              (u)  unmapped_complex2       1   2.3           
    g77566/in_0                                                                          
    g77566/z                              (u)  unmapped_complex2       1   2.3           
    g77565/in_0                                                                          
    g77565/z                              (u)  unmapped_complex2       1   2.3           
    g77564/in_0                                                                          
    g77564/z                              (u)  unmapped_complex2       1   2.3           
    g77563/in_1                                                                          
    g77563/z                              (u)  unmapped_complex2       1   2.3           
    g77562/in_0                                                                          
    g77562/z                              (u)  unmapped_complex2       1   2.3           
    g77561/in_0                                                                          
    g77561/z                              (u)  unmapped_complex2       1   2.3           
    g77560/in_0                                                                          
    g77560/z                              (u)  unmapped_complex2       1   2.3           
    g77559/in_0                                                                          
    g77559/z                              (u)  unmapped_complex2       1   2.3           
    g77558/in_0                                                                          
    g77558/z                              (u)  unmapped_complex2       1   2.3           
    g77557/in_0                                                                          
    g77557/z                              (u)  unmapped_complex2       1   2.3           
    g77556/in_0                                                                          
    g77556/z                              (u)  unmapped_complex2       4   9.2           
  cb_parti63476/out_valid 
systolic_array_8X8/out_valid 
cb_seqi/systolic_array_8X8_out_valid 
  g10447/in_1                                                                            
  g10447/z                                (u)  unmapped_complex2       1   2.3           
  g12352/in_0                                                                            
  g12352/z                                (u)  unmapped_nand2          1   2.3           
  g12319/in_1                                                                            
  g12319/z                                (u)  unmapped_nand2          6  13.8           
  g12275/in_1                                                                            
  g12275/z                                (u)  unmapped_complex2       1   2.3           
  g12167/in_1                                                                            
  g12167/z                                (u)  unmapped_nand2          1   2.3           
  output_buffer_out_valid_pipe_reg[6]/d   <<<  unmapped_d_flop                           
  output_buffer_out_valid_pipe_reg[6]/clk      setup                                     
- - - - - - - - - - - - - - - - - - - - - - - - - - - - - - - - - - - - - - - - - - - - -
(clock clk)                                    capture                           20000 R 
                                               uncertainty                               
-----------------------------------------------------------------------------------------
Cost Group   : 'I2C' (path_group 'I2C')
Start-point  : tile_num[0]
End-point    : cb_seqi/output_buffer_out_valid_pipe_reg[6]/d
Mode         : default_mode

(u) : Net has unmapped pin(s).

The global mapper estimates a slack for this path of 16573ps.
 
Cost Group 'C2C' target slack:   588 ps
Target path end-point (Pin: output_buffer_out_valid_pipe_reg[6]/d)

                  Pin                               Type          Fanout Load Arrival   
                                                                         (fF)   (ps)    
----------------------------------------------------------------------------------------
(clock clk)                               <<<  launch                               0 R 
cb_seqi
  cycle_num_reg[0]/clk                                                                  
  cycle_num_reg[0]/q                      (u)  unmapped_d_flop         9 20.7           
cb_seqi/systolic_array_8X8_cycle_num[0] 
systolic_array_8X8/cycle_num[0] 
  cb_parti/cycle_num[0] 
    g63577/in_1                                                                         
    g63577/z                              (u)  unmapped_or2            8 18.4           
  cb_parti/cb_seqi_g22761_z 
  cb_parti63475/cb_parti_cb_seqi_g22761_z 
    g63622/in_1                                                                         
    g63622/z                              (u)  unmapped_or2            1  2.3           
    g63741/in_0                                                                         
    g63741/z                              (u)  unmapped_nand2          1  2.3           
    g63740/in_1                                                                         
    g63740/z                              (u)  unmapped_nand2          3  6.9           
    g63736/in_1                                                                         
    g63736/z                              (u)  unmapped_nand2          1  2.3           
    g63735/in_0                                                                         
    g63735/z                              (u)  unmapped_nand2          3  6.9           
    g63734/in_1                                                                         
    g63734/z                              (u)  unmapped_nand2          1  2.3           
    g63730/in_0                                                                         
    g63730/z                              (u)  unmapped_nand2          3  6.9           
    g63726/in_1                                                                         
    g63726/z                              (u)  unmapped_nand2          1  2.3           
    g63725/in_0                                                                         
    g63725/z                              (u)  unmapped_nand2          3  6.9           
    g63724/in_1                                                                         
    g63724/z                              (u)  unmapped_nand2          1  2.3           
    g63720/in_0                                                                         
    g63720/z                              (u)  unmapped_nand2          3  6.9           
    g63716/in_1                                                                         
    g63716/z                              (u)  unmapped_nand2          1  2.3           
    g63715/in_0                                                                         
    g63715/z                              (u)  unmapped_nand2          3  6.9           
    g63714/in_1                                                                         
    g63714/z                              (u)  unmapped_nand2          1  2.3           
    g63710/in_0                                                                         
    g63710/z                              (u)  unmapped_nand2          3  6.9           
    g63564/in_1                                                                         
    g63564/z                              (u)  unmapped_or2            6 13.8           
    g63609/in_0                                                                         
    g63609/z                              (u)  unmapped_or2            2  4.6           
    g63702/in_0                                                                         
    g63702/z                              (u)  unmapped_or2            1  2.3           
    g63703/in_1                                                                         
    g63703/z                              (u)  unmapped_nand2          2  4.6           
  cb_parti63475/rem_37_53_A[10] 
  rem_37_53/A[14] 
    g9332/in_0                                                                          
    g9332/z                               (u)  unmapped_complex2       1  2.3           
    g9281/in_1                                                                          
    g9281/z                               (u)  unmapped_nand2          1  2.3           
    g9257/in_0                                                                          
    g9257/z                               (u)  unmapped_nand2          1  2.3           
    g9338/in_1                                                                          
    g9338/z                               (u)  unmapped_complex2       1  2.3           
    g9215/in_0                                                                          
    g9215/z                               (u)  unmapped_or2            1  2.3           
    g9209/in_0                                                                          
    g9209/z                               (u)  unmapped_or2            2  4.6           
    g6493/in_0                                                                          
    g6493/z                               (u)  unmapped_nand2          7 16.1           
    g7756/in_0                                                                          
    g7756/z                               (u)  unmapped_nand2          1  2.3           
    g9185/in_0                                                                          
    g9185/z                               (u)  unmapped_nand2          1  2.3           
    g9181/in_0                                                                          
    g9181/z                               (u)  unmapped_nand2          2  4.6           
    g9178/in_0                                                                          
    g9178/z                               (u)  unmapped_complex2       1  2.3           
    g9349/in_1                                                                          
    g9349/z                               (u)  unmapped_complex2       1  2.3           
    g9169/in_1                                                                          
    g9169/z                               (u)  unmapped_nand2          1  2.3           
    g9350/in_1                                                                          
    g9350/z                               (u)  unmapped_complex2       1  2.3           
    g9160/in_0                                                                          
    g9160/z                               (u)  unmapped_or2            2  4.6           
    g9154/in_0                                                                          
    g9154/z                               (u)  unmapped_complex2       3  6.9           
    g9148/in_0                                                                          
    g9148/z                               (u)  unmapped_complex2       2  4.6           
    g9143/in_0                                                                          
    g9143/z                               (u)  unmapped_complex2       1  2.3           
    g9140/in_0                                                                          
    g9140/z                               (u)  unmapped_nand2          1  2.3           
    g9137/in_1                                                                          
    g9137/z                               (u)  unmapped_nand2         10 23.0           
    g9122/in_1                                                                          
    g9122/z                               (u)  unmapped_nand2          1  2.3           
    g9114/in_0                                                                          
    g9114/z                               (u)  unmapped_nand2          3  6.9           
    g9102/in_1                                                                          
    g9102/z                               (u)  unmapped_nand2          1  2.3           
    g9088/in_1                                                                          
    g9088/z                               (u)  unmapped_nand2          1  2.3           
    g9084/in_0                                                                          
    g9084/z                               (u)  unmapped_nand2          1  2.3           
    g9081/in_0                                                                          
    g9081/z                               (u)  unmapped_nand2          1  2.3           
    g9077/in_1                                                                          
    g9077/z                               (u)  unmapped_complex2       1  2.3           
    g9075/in_0                                                                          
    g9075/z                               (u)  unmapped_nand2          1  2.3           
    g9072/in_0                                                                          
    g9072/z                               (u)  unmapped_or2            4  9.2           
    g9358/in_0                                                                          
    g9358/z                               (u)  unmapped_complex2       5 11.5           
    g9060/in_0                                                                          
    g9060/z                               (u)  unmapped_nand2          2  4.6           
    g9043/in_0                                                                          
    g9043/z                               (u)  unmapped_complex2       1  2.3           
    g9040/in_0                                                                          
    g9040/z                               (u)  unmapped_nand2          1  2.3           
    g9035/in_1                                                                          
    g9035/z                               (u)  unmapped_nand2         10 23.0           
    g9013/in_1                                                                          
    g9013/z                               (u)  unmapped_nand2          1  2.3           
    g9003/in_0                                                                          
    g9003/z                               (u)  unmapped_nand2          3  6.9           
    g8997/in_1                                                                          
    g8997/z                               (u)  unmapped_nand2          1  2.3           
    g8982/in_1                                                                          
    g8982/z                               (u)  unmapped_nand2          3  6.9           
    g8981/in_1                                                                          
    g8981/z                               (u)  unmapped_nand2          1  2.3           
    g8969/in_0                                                                          
    g8969/z                               (u)  unmapped_nand2          3  6.9           
    g7718/in_1                                                                          
    g7718/z                               (u)  unmapped_nand2          1  2.3           
    g8954/in_0                                                                          
    g8954/z                               (u)  unmapped_nand2          1  2.3           
    g8949/in_0                                                                          
    g8949/z                               (u)  unmapped_nand2          1  2.3           
    g8944/in_0                                                                          
    g8944/z                               (u)  unmapped_complex2       1  2.3           
    g8941/in_1                                                                          
    g8941/z                               (u)  unmapped_nand2          1  2.3           
    g8932/in_0                                                                          
    g8932/z                               (u)  unmapped_or2            6 13.8           
    g6155/in_1                                                                          
    g6155/z                               (u)  unmapped_nand2          7 16.1           
    g8922/in_0                                                                          
    g8922/z                               (u)  unmapped_nand2          2  4.6           
    g8905/in_0                                                                          
    g8905/z                               (u)  unmapped_complex2       1  2.3           
    g8897/in_0                                                                          
    g8897/z                               (u)  unmapped_nand2          1  2.3           
    g8893/in_1                                                                          
    g8893/z                               (u)  unmapped_nand2         10 23.0           
    g8877/in_1                                                                          
    g8877/z                               (u)  unmapped_nand2          1  2.3           
    g8861/in_0                                                                          
    g8861/z                               (u)  unmapped_nand2          3  6.9           
    g8840/in_1                                                                          
    g8840/z                               (u)  unmapped_nand2          1  2.3           
    g8839/in_1                                                                          
    g8839/z                               (u)  unmapped_nand2          3  6.9           
    g8836/in_1                                                                          
    g8836/z                               (u)  unmapped_nand2          1  2.3           
    g8823/in_1                                                                          
    g8823/z                               (u)  unmapped_nand2          3  6.9           
    g8814/in_1                                                                          
    g8814/z                               (u)  unmapped_nand2          1  2.3           
    g8809/in_1                                                                          
    g8809/z                               (u)  unmapped_nand2          3  6.9           
    g8795/in_1                                                                          
    g8795/z                               (u)  unmapped_nand2          1  2.3           
    g8794/in_0                                                                          
    g8794/z                               (u)  unmapped_nand2          1  2.3           
    g8791/in_0                                                                          
    g8791/z                               (u)  unmapped_or2            1  2.3           
    g8787/in_0                                                                          
    g8787/z                               (u)  unmapped_or2            7 16.1           
    g9396/in_0                                                                          
    g9396/z                               (u)  unmapped_complex2       7 16.1           
    g7778/in_1                                                                          
    g7778/z                               (u)  unmapped_complex2       2  4.6           
    g8256/in_0                                                                          
    g8256/z                               (u)  unmapped_nand2          1  2.3           
    g8751/in_0                                                                          
    g8751/z                               (u)  unmapped_nand2          1  2.3           
    g8743/in_1                                                                          
    g8743/z                               (u)  unmapped_nand2         10 23.0           
    g8737/in_1                                                                          
    g8737/z                               (u)  unmapped_nand2          1  2.3           
    g8703/in_0                                                                          
    g8703/z                               (u)  unmapped_nand2          3  6.9           
    g8697/in_1                                                                          
    g8697/z                               (u)  unmapped_nand2          1  2.3           
    g8678/in_1                                                                          
    g8678/z                               (u)  unmapped_nand2          3  6.9           
    g8674/in_1                                                                          
    g8674/z                               (u)  unmapped_nand2          1  2.3           
    g8665/in_1                                                                          
    g8665/z                               (u)  unmapped_nand2          3  6.9           
    g7814/in_1                                                                          
    g7814/z                               (u)  unmapped_nand2          1  2.3           
    g8648/in_0                                                                          
    g8648/z                               (u)  unmapped_nand2          1  2.3           
    g8647/in_0                                                                          
    g8647/z                               (u)  unmapped_nand2          1  2.3           
    g9415/in_0                                                                          
    g9415/z                               (u)  unmapped_complex2       1  2.3           
    g8639/in_0                                                                          
    g8639/z                               (u)  unmapped_nand2          1  2.3           
    g9416/in_0                                                                          
    g9416/z                               (u)  unmapped_complex2       1  2.3           
    g8630/in_0                                                                          
    g8630/z                               (u)  unmapped_or2            2  4.6           
    g8628/in_0                                                                          
    g8628/z                               (u)  unmapped_complex2       6 13.8           
    g8613/in_0                                                                          
    g8613/z                               (u)  unmapped_nand2          2  4.6           
    g8604/in_0                                                                          
    g8604/z                               (u)  unmapped_complex2       1  2.3           
    g8597/in_0                                                                          
    g8597/z                               (u)  unmapped_nand2          1  2.3           
    g8592/in_1                                                                          
    g8592/z                               (u)  unmapped_nand2          1  2.3           
  rem_37_53/REMAINDER[4] 
  cb_parti63476/rem_37_53_REMAINDER[0] 
    g81436/in_0                                                                         
    g81436/z                              (u)  unmapped_or2            1  2.3           
    g81432/in_1                                                                         
    g81432/z                              (u)  unmapped_or2            1  2.3           
    g78345/in_1                                                                         
    g78345/z                              (u)  unmapped_or2            2  4.6           
    g78081/in_0                                                                         
    g78081/z                              (u)  unmapped_or2            1  2.3           
    g77581/in_1                                                                         
    g77581/z                              (u)  unmapped_nand2          2  4.6           
    g59270/in_0                                                                         
    g59270/z                              (u)  unmapped_nand2          8 18.4           
    g67395/in_1                                                                         
    g67395/z                              (u)  unmapped_or2            3  6.9           
    g77569/in_0                                                                         
    g77569/z                              (u)  unmapped_nand2          1  2.3           
    g77568/in_0                                                                         
    g77568/z                              (u)  unmapped_complex2       1  2.3           
    g77567/in_0                                                                         
    g77567/z                              (u)  unmapped_complex2       1  2.3           
    g77566/in_0                                                                         
    g77566/z                              (u)  unmapped_complex2       1  2.3           
    g77565/in_0                                                                         
    g77565/z                              (u)  unmapped_complex2       1  2.3           
    g77564/in_0                                                                         
    g77564/z                              (u)  unmapped_complex2       1  2.3           
    g77563/in_1                                                                         
    g77563/z                              (u)  unmapped_complex2       1  2.3           
    g77562/in_0                                                                         
    g77562/z                              (u)  unmapped_complex2       1  2.3           
    g77561/in_0                                                                         
    g77561/z                              (u)  unmapped_complex2       1  2.3           
    g77560/in_0                                                                         
    g77560/z                              (u)  unmapped_complex2       1  2.3           
    g77559/in_0                                                                         
    g77559/z                              (u)  unmapped_complex2       1  2.3           
    g77558/in_0                                                                         
    g77558/z                              (u)  unmapped_complex2       1  2.3           
    g77557/in_0                                                                         
    g77557/z                              (u)  unmapped_complex2       1  2.3           
    g77556/in_0                                                                         
    g77556/z                              (u)  unmapped_complex2       4  9.2           
  cb_parti63476/out_valid 
systolic_array_8X8/out_valid 
cb_seqi/systolic_array_8X8_out_valid 
  g10447/in_1                                                                           
  g10447/z                                (u)  unmapped_complex2       1  2.3           
  g12352/in_0                                                                           
  g12352/z                                (u)  unmapped_nand2          1  2.3           
  g12319/in_1                                                                           
  g12319/z                                (u)  unmapped_nand2          6 13.8           
  g12275/in_1                                                                           
  g12275/z                                (u)  unmapped_complex2       1  2.3           
  g12167/in_1                                                                           
  g12167/z                                (u)  unmapped_nand2          1  2.3           
  output_buffer_out_valid_pipe_reg[6]/d   <<<  unmapped_d_flop                          
  output_buffer_out_valid_pipe_reg[6]/clk      setup                                    
- - - - - - - - - - - - - - - - - - - - - - - - - - - - - - - - - - - - - - - - - - - - 
(clock clk)                                    capture                          20000 R 
                                               uncertainty                              
----------------------------------------------------------------------------------------
Cost Group   : 'C2C' (path_group 'C2C')
Start-point  : cb_seqi/cycle_num_reg[0]/clk
End-point    : cb_seqi/output_buffer_out_valid_pipe_reg[6]/d
Mode         : default_mode

(u) : Net has unmapped pin(s).

The global mapper estimates a slack for this path of 16231ps.
 
Multi-threaded Technology Mapping (8 threads per ST process, 8 of 16 CPUs usable)
        Distributing super-thread jobs: cb_seq cb_seq_4216
          Sending 'cb_seq' to server 'localhost_1_14'...
            Sent 'cb_seq' to server 'localhost_1_14'.
          Sending 'cb_seq_4216' to server 'localhost_1_12'...
            Sent 'cb_seq_4216' to server 'localhost_1_12'.
          Received 'cb_seq_4216' from server 'localhost_1_12'. (5038 ms elapsed)
          Received 'cb_seq' from server 'localhost_1_14'. (13639 ms elapsed)
          Restructuring (delay-based) cb_seq...
          Done restructuring (delay-based) cb_seq
        Optimizing component cb_seq...
          Restructuring (delay-based) cb_seq_4216...
          Done restructuring (delay-based) cb_seq_4216
        Optimizing component cb_seq_4216...
        Distributing super-thread jobs: cb_oseq_4217
          Sending 'cb_oseq_4217' to server 'localhost_1_14'...
            Sent 'cb_oseq_4217' to server 'localhost_1_14'.
          Received 'cb_oseq_4217' from server 'localhost_1_14'. (139 ms elapsed)
          Restructuring (delay-based) cb_oseq_4217...
          Done restructuring (delay-based) cb_oseq_4217
        Optimizing component cb_oseq_4217...
        Distributing super-thread jobs: cb_part_4220 add_signed_126
          Sending 'cb_part_4220' to server 'localhost_1_14'...
            Sent 'cb_part_4220' to server 'localhost_1_14'.
          Sending 'add_signed_126' to server 'localhost_1_12'...
            Sent 'add_signed_126' to server 'localhost_1_12'.
          Received 'add_signed_126' from server 'localhost_1_12'. (683 ms elapsed)
          Received 'cb_part_4220' from server 'localhost_1_14'. (3354 ms elapsed)
          Restructuring (delay-based) cb_part_4220...
          Done restructuring (delay-based) cb_part_4220
        Optimizing component cb_part_4220...
          Restructuring (delay-based) add_signed_126...
          Done restructuring (delay-based) add_signed_126
        Optimizing component add_signed_126...
        Early Area Reclamation for add_signed_126 'very_fast' (slack=16214, area=324)...
                  			o_slack=16214,  bc_slack=0
          Restructuring (delay-based) add_signed...
          Done restructuring (delay-based) add_signed
        Optimizing component add_signed...
        Distributing super-thread jobs: remainder_unsigned_1449_3 remainder_unsigned_1449 mult_signed_126
          Sending 'remainder_unsigned_1449_3' to server 'localhost_1_14'...
            Sent 'remainder_unsigned_1449_3' to server 'localhost_1_14'.
          Sending 'remainder_unsigned_1449' to server 'localhost_1_12'...
            Sent 'remainder_unsigned_1449' to server 'localhost_1_12'.
          Sending 'mult_signed_126' to server 'localhost_1_9'...
            Sent 'mult_signed_126' to server 'localhost_1_9'.
          Received 'mult_signed_126' from server 'localhost_1_9'. (2837 ms elapsed)
          Received 'remainder_unsigned_1449_3' from server 'localhost_1_14'. (3023 ms elapsed)
          Restructuring (delay-based) remainder_unsigned_1449_3...
          Done restructuring (delay-based) remainder_unsigned_1449_3
        Optimizing component remainder_unsigned_1449_3...
        Early Area Reclamation for remainder_unsigned_1449_3 'very_fast' (slack=8520, area=940)...
                  			o_slack=8520,  bc_slack=0
          Restructuring (delay-based) remainder_unsigned...
          Done restructuring (delay-based) remainder_unsigned
        Optimizing component remainder_unsigned...
          Received 'remainder_unsigned_1449' from server 'localhost_1_12'. (3081 ms elapsed)
          Restructuring (delay-based) remainder_unsigned_1449...
          Done restructuring (delay-based) remainder_unsigned_1449
        Optimizing component remainder_unsigned_1449...
        Early Area Reclamation for remainder_unsigned_1449 'very_fast' (slack=8482, area=940)...
                  			o_slack=8482,  bc_slack=0
          Restructuring (delay-based) remainder_unsigned...
          Done restructuring (delay-based) remainder_unsigned
        Optimizing component remainder_unsigned...
          Restructuring (delay-based) mult_signed_126...
          Done restructuring (delay-based) mult_signed_126
        Optimizing component mult_signed_126...
        Pre-mapped Exploration for mult_signed_126 'very_fast' (slack=15146, area=766)...
                  			o_slack=15146,  bc_slack=0
          Restructuring (delay-based) mult_signed...
          Done restructuring (delay-based) mult_signed
        Optimizing component mult_signed...
          Restructuring (delay-based) mult_signed...
          Done restructuring (delay-based) mult_signed
        Optimizing component mult_signed...
        Early Area Reclamation for mult_signed_126 'very_fast' (slack=14970, area=693)...
                  			o_slack=14970,  bc_slack=0
          Restructuring (delay-based) mult_signed...
          Done restructuring (delay-based) mult_signed
        Optimizing component mult_signed...
          Restructuring (delay-based) mult_signed...
          Done restructuring (delay-based) mult_signed
        Optimizing component mult_signed...
          Restructuring (delay-based) logic partition in systolic_array_8X8...
          Done restructuring (delay-based) logic partition in systolic_array_8X8
        Optimizing logic partition in systolic_array_8X8...
          Restructuring (delay-based) logic partition in systolic_array_8X8...
          Done restructuring (delay-based) logic partition in systolic_array_8X8
        Optimizing logic partition in systolic_array_8X8...
 
Global mapping timing result
============================
        Applying wireload models.
        Computing net loads.
        Tracing clock networks.
        Levelizing the circuit.
        Computing delays.
        Computing arrivals and requireds.
               Pin                         Type       Fanout  Load Slew Delay Arrival   
                                                              (fF) (ps)  (ps)   (ps)    
----------------------------------------------------------------------------------------
(clock clk)                              launch                                     0 R 
(systolic_array_wrapp_line_28_9_1)       ext delay                       +250     250 F 
tile_num[0]                              in port           6 506.5    0    +0     250 F 
systolic_array_8X8/tile_num[0] 
  cb_parti/tile_num[0] 
    p4167A/A2                                                              +0     250   
    p4167A/ZN                            ND2D1             2   2.0   31   +20     270 R 
    p4165A/B                                                               +0     270   
    p4165A/Z                             OA21D2           38  41.2  181  +152     422 R 
  cb_parti/rem_37_53_B[1] 
  cb_parti63475/cb_parti_rem_37_53_B[0] 
    Fp4328A/I                                                              +0     422   
    Fp4328A/ZN                           INVD1             1   1.8   47   +39     461 F 
    p3963A/B                                                               +0     461   
    p3963A/CO                            FA1D0             1   1.0   34  +127     588 F 
    p4076A/A                                                               +0     588   
    p4076A/CO                            FA1D0             1   1.0   34  +161     749 F 
    p4193A/A                                                               +0     749   
    p4193A/CO                            FA1D0             1   1.0   34  +161     910 F 
    p4309A/A                                                               +0     910   
    p4309A/CO                            FA1D0             1   1.0   34  +161    1071 F 
    p4426A/A                                                               +0    1071   
    p4426A/CO                            FA1D0             1   1.0   34  +161    1232 F 
    p4543A/A                                                               +0    1232   
    p4543A/CO                            FA1D0             3   2.3   47  +172    1404 F 
    p4636A/A1                                                              +0    1404   
    p4636A/Z                             OR2D1             6   5.2   42   +72    1476 F 
    p4671A/A1                                                              +0    1476   
    p4671A/ZN                            NR2XD0            1   1.4   43   +36    1512 R 
    p4682A/A1                                                              +0    1512   
    p4682A/Z                             CKXOR2D1          1   0.9   31   +80    1593 F 
  cb_parti63475/rem_37_53_A[11] 
  rem_37_53/A[15] 
    p4716A/B                                                               +0    1593   
    p4716A/ZN                            IOA21D1           2   1.8   36   +25    1617 R 
    Fp4719A/I                                                              +0    1617   
    Fp4719A/ZN                           INVD1             1   0.7   14   +16    1633 F 
    p4720A/A1                                                              +0    1633   
    p4720A/ZN                            OAI221D0          2   1.7  144   +70    1704 R 
    p4757A/A1                                                              +0    1704   
    p4757A/ZN                            ND2D1             4   4.8   75   +73    1776 F 
    p4777A/A                                                               +0    1776   
    p4777A/ZN                            MAOI222D1         1   0.8   95   +70    1846 R 
    p4812A/A2                                                              +0    1846   
    p4812A/ZN                            OAI221D0          5   4.8  196  +142    1988 F 
    p4914A/B1                                                              +0    1988   
    p4914A/ZN                            MAOI22D1          2   2.7   84  +103    2092 F 
    p4935A/A                                                               +0    2092   
    p4935A/ZN                            MAOI222D1         3   3.9  155  +106    2198 R 
    p5000A/A                                                               +0    2198   
    p5000A/ZN                            MAOI222D1         1   1.8  103   +86    2284 F 
    p5043A/A                                                               +0    2284   
    p5043A/ZN                            MAOI222D1         1   1.0  103   +79    2363 R 
    p5085A/A1                                                              +0    2363   
    p5085A/ZN                            ND2D1             7   6.9   85   +76    2439 F 
    p5114A/A1                                                              +0    2439   
    p5114A/ZN                            MAOI22D1          2   2.7   80   +63    2502 R 
    p5140A/A                                                               +0    2502   
    p5140A/ZN                            MAOI222D1         3   3.8  132   +88    2589 F 
    p5199A/A                                                               +0    2589   
    p5199A/ZN                            MAOI222D1         3   3.8  154  +116    2706 R 
    p5267A/A                                                               +0    2706   
    p5267A/ZN                            MAOI222D1         1   0.7   87   +75    2781 F 
    p5307A/A1                                                              +0    2781   
    p5307A/ZN                            OAI221D0          9   9.0  388  +222    3003 R 
    p5484A/B1                                                              +0    3003   
    p5484A/ZN                            MAOI22D1          4   4.8  150  +136    3139 R 
    p5536A/A                                                               +0    3139   
    p5536A/ZN                            MAOI222D1         3   3.9  134  +104    3243 F 
    p5596A/A                                                               +0    3243   
    p5596A/ZN                            MAOI222D1         1   1.0  107   +87    3330 R 
    Fp5631A/I                                                              +0    3330   
    Fp5631A/ZN                           INVD1             1   1.0   30   +26    3356 F 
    p5651A/CI                                                              +0    3356   
    p5651A/CO                            FA1D0             3   3.8   61  +108    3464 F 
    p5714A/A                                                               +0    3464   
    p5714A/ZN                            MAOI222D1         1   1.8  118   +78    3542 R 
    p5758A/A                                                               +0    3542   
    p5758A/ZN                            MAOI222D1         1   0.9   85   +71    3612 F 
    p5801A/A1                                                              +0    3612   
    p5801A/ZN                            ND2D1             7   7.0   73   +64    3676 R 
    p5830A/B1                                                              +0    3676   
    p5830A/ZN                            MAOI22D1          4   4.8  116  +108    3785 R 
    p5885A/A                                                               +0    3785   
    p5885A/ZN                            MAOI222D1         3   3.9  134   +96    3881 F 
    p5943A/A                                                               +0    3881   
    p5943A/ZN                            MAOI222D1         3   3.8  154  +117    3998 R 
    p6016A/A                                                               +0    3998   
    p6016A/ZN                            MAOI222D1         1   0.9   90   +77    4075 F 
    Fp6058A/I                                                              +0    4075   
    Fp6058A/ZN                           CKND1             1   1.0   33   +31    4106 R 
    p6062A/CI                                                              +0    4106   
    p6062A/CO                            FA1D0             3   3.8   79  +103    4208 R 
    p6120A/A                                                               +0    4208   
    p6120A/ZN                            MAOI222D1         1   1.8  100   +70    4279 F 
    p6173A/A                                                               +0    4279   
    p6173A/ZN                            MAOI222D1         9   9.0  254  +165    4443 R 
    p6297A/B1                                                              +0    4443   
    p6297A/ZN                            MAOI22D1          4   4.8  129  +129    4572 R 
    p6361A/A                                                               +0    4572   
    p6361A/ZN                            MAOI222D1         3   3.9  134   +99    4671 F 
    p6422A/A                                                               +0    4671   
    p6422A/ZN                            MAOI222D1         3   3.8  154  +117    4788 R 
    p6491A/A                                                               +0    4788   
    p6491A/ZN                            MAOI222D1         3   3.8  136  +104    4892 F 
    p6560A/A                                                               +0    4892   
    p6560A/ZN                            MAOI222D1         1   1.0  108   +87    4979 R 
    Fp6588A/I                                                              +0    4979   
    Fp6588A/ZN                           INVD1             1   1.0   30   +27    5006 F 
    p6614A/CI                                                              +0    5006   
    p6614A/CO                            FA1D0             3   3.0   53  +102    5107 F 
    p6672A/A1                                                              +0    5107   
    p6672A/ZN                            AOI222D1          9   9.0  332  +192    5299 R 
    p6824A/B1                                                              +0    5299   
    p6824A/ZN                            MAOI22D1          4   4.8  117  +134    5433 R 
    p6882A/A                                                               +0    5433   
    p6882A/ZN                            MAOI222D1         3   3.9  134   +96    5529 F 
    p6941A/A                                                               +0    5529   
    p6941A/ZN                            MAOI222D1         3   3.8  154  +117    5646 R 
    p7010A/A                                                               +0    5646   
    p7010A/ZN                            MAOI222D1         3   3.8  136  +104    5749 F 
    p7078A/A                                                               +0    5749   
    p7078A/ZN                            MAOI222D1         3   3.8  154  +117    5867 R 
    p7143A/A                                                               +0    5867   
    p7143A/ZN                            MAOI222D1         3   2.9  118   +96    5962 F 
    Fp7204A/I                                                              +0    5962   
    Fp7204A/ZN                           CKND1             1   1.3   42   +37    5999 R 
    p7212A/A                                                               +0    5999   
    p7212A/ZN                            MAOI222D0         1   1.0   82   +58    6057 F 
    p7258A/C                                                               +0    6057   
    p7258A/ZN                            AOI221D1          9   8.7  310  +227    6284 R 
    p7473A/B1                                                              +0    6284   
    p7473A/ZN                            MAOI22D1          4   4.8  116  +133    6417 R 
    p7530A/A                                                               +0    6417   
    p7530A/ZN                            MAOI222D1         3   3.9  134   +96    6513 F 
    p7591A/A                                                               +0    6513   
    p7591A/ZN                            MAOI222D1         3   3.8  154  +117    6630 R 
    p7660A/A                                                               +0    6630   
    p7660A/ZN                            MAOI222D1         3   3.8  136  +104    6733 F 
    p7728A/A                                                               +0    6733   
    p7728A/ZN                            MAOI222D1         3   3.8  154  +117    6851 R 
    p7795A/A                                                               +0    6851   
    p7795A/ZN                            MAOI222D1         3   3.8  133  +104    6954 F 
    p7865A/A                                                               +0    6954   
    p7865A/ZN                            MAOI222D1         1   0.7  103   +84    7038 R 
    p7895A/C                                                               +0    7038   
    p7895A/ZN                            OAI221D0          7   7.6  275  +213    7250 F 
    Fp8114A/I                                                              +0    7250   
    Fp8114A/ZN                           CKND2             8   8.0   94   +78    7329 R 
    p8160A/B1                                                              +0    7329   
    p8160A/ZN                            MAOI22D1          2   2.7   80   +92    7421 R 
    p8190A/A                                                               +0    7421   
    p8190A/ZN                            MAOI222D1         3   3.9  134   +88    7509 F 
    p8250A/A                                                               +0    7509   
    p8250A/ZN                            MAOI222D1         3   3.8  154  +117    7626 R 
    p8320A/A                                                               +0    7626   
    p8320A/ZN                            MAOI222D1         3   3.8  136  +104    7729 F 
    p8389A/A                                                               +0    7729   
    p8389A/ZN                            MAOI222D1         3   3.3  145  +112    7841 R 
    p8455A/A                                                               +0    7841   
    p8455A/ZN                            MAOI222D0         1   1.0   88   +83    7924 F 
    p8501A/CI                                                              +0    7924   
    p8501A/CO                            FA1D0             1   1.0   35  +101    8025 F 
    p8546A/C                                                               +0    8025   
    p8546A/ZN                            AOI221D1         10   9.7  336  +231    8256 R 
    p8777A/B1                                                              +0    8256   
    p8777A/ZN                            MAOI22D1          3   3.8  105  +124    8380 R 
    p8829A/A                                                               +0    8380   
    p8829A/ZN                            MAOI222D0         1   0.9   79   +72    8453 F 
    Fp8859A/I                                                              +0    8453   
    Fp8859A/ZN                           CKND1             1   1.0   31   +29    8482 R 
    p8862A/CI                                                              +0    8482   
    p8862A/CO                            FA1D0             3   3.3   72   +97    8579 R 
    p8924A/A                                                               +0    8579   
    p8924A/ZN                            MAOI222D0         1   0.9   86   +64    8643 F 
    Fp8964A/I                                                              +0    8643   
    Fp8964A/ZN                           CKND1             1   1.0   32   +30    8673 R 
    p8966A/CI                                                              +0    8673   
    p8966A/CO                            FA1D0             3   3.3   72   +98    8771 R 
    p9027A/A                                                               +0    8771   
    p9027A/ZN                            MAOI222D0         1   0.9   80   +64    8834 F 
    Fp9069A/I                                                              +0    8834   
    Fp9069A/ZN                           CKND1             1   1.3   33   +32    8866 R 
    p9072A/A                                                               +0    8866   
    p9072A/ZN                            MAOI222D0         1   0.7   72   +52    8918 F 
    p9075A/C                                                               +0    8918   
    p9075A/ZN                            AOI221D0          8   8.0  514  +350    9268 R 
    Fp9406A/I                                                              +0    9268   
    Fp9406A/ZN                           INVD1             5   4.7  122   +87    9355 F 
    p9428A/B1                                                              +0    9355   
    p9428A/ZN                            OAI22D1           1   0.9   97   +75    9430 R 
  rem_37_53/REMAINDER[8] 
  cb_parti63476/rem_37_53_REMAINDER[4] 
    p10551A/A4                                                             +0    9430   
    p10551A/ZN                           NR4D0             1   1.0   45   +52    9482 F 
    p10583A/B                                                              +0    9482   
    p10583A/ZN                           OAI211D1          2   1.9   69   +38    9520 R 
    p10603A/A1                                                             +0    9520   
    p10603A/ZN                           OAI22D1           2   1.8   51   +44    9565 F 
    p10607A/A1                                                             +0    9565   
    p10607A/ZN                           ND2D1             6   5.5   66   +48    9612 R 
    Fp10617A/I                                                             +0    9612   
    Fp10617A/ZN                          INVD1             2   1.8   25   +26    9639 F 
    p10628A/A1                                                             +0    9639   
    p10628A/ZN                           ND2D1             3   4.5   52   +36    9674 R 
    p10636A/A2                                                             +0    9674   
    p10636A/Z                            AN3XD1            1   1.0   28   +70    9744 R 
    p10660A/A1                                                             +0    9744   
    p10660A/Z                            AN4XD1            1   1.0   33   +74    9817 R 
    p10676A/A1                                                             +0    9817   
    p10676A/Z                            AN4XD1            1   1.0   33   +75    9892 R 
    p10687A/A1                                                             +0    9892   
    p10687A/Z                            AN4XD1            1   1.0   33   +75    9967 R 
    p10675A/A1                                                             +0    9967   
    p10675A/ZN                           ND4D1             4   5.2  138   +92   10058 F 
  cb_parti63476/out_valid 
systolic_array_8X8/out_valid 
cb_seqi/systolic_array_8X8_out_valid 
  p15433A/A1                                                               +0   10058   
  p15433A/Z                              AN2XD1            3  16.0   88  +106   10164 F 
  Fp15492A18776/I                                                          +0   10164   
  Fp15492A18776/ZN                       INVD12            6  52.1   52   +50   10214 R 
  Fp15492A18775/I                                                          +0   10214   
  Fp15492A18775/ZN                       INVD12            3  25.7   22   +24   10237 F 
  Fp15492A18768/I                                                          +0   10237   
  Fp15492A18768/ZN                       INVD12           37  47.6   40   +30   10268 R 
  p15560A18477/B2                                                          +0   10268   
  p15560A18477/Z                         AO22D0            1   0.9  187   +80   10347 R 
  output_buffer_pipe_1_reg[5][7]/D  <<<  DFKCNQD1                          +0   10347   
  output_buffer_pipe_1_reg[5][7]/CP      setup                      150  +116   10463 R 
- - - - - - - - - - - - - - - - - - - - - - - - - - - - - - - - - - - - - - - - - - - - 
(clock clk)                              capture                                20000 R 
                                         uncertainty                     -150   19850 R 
----------------------------------------------------------------------------------------
Cost Group   : 'I2C' (path_group 'I2C')
Timing slack :    9387ps 
Start-point  : tile_num[0]
End-point    : cb_seqi/output_buffer_pipe_1_reg[5][7]/D
Mode         : default_mode

               Pin                         Type       Fanout Load Slew Delay Arrival   
                                                             (fF) (ps)  (ps)   (ps)    
---------------------------------------------------------------------------------------
(clock clk)                              launch                                    0 R 
cb_seqi
  cycle_num_reg[0]/CP                                              150    +0       0 R 
  cycle_num_reg[0]/Q                     DFKCNQD1          6  5.2   38  +181     181 F 
cb_seqi/systolic_array_8X8_cycle_num[0] 
systolic_array_8X8/cycle_num[0] 
  cb_parti/cycle_num[0] 
    p3791A/A1                                                             +0     181   
    p3791A/Z                             OR2D1             8  6.8   49   +75     256 F 
    p3832A/A3                                                             +0     256   
    p3832A/Z                             OR3D1             3  2.9   39   +86     342 F 
    p3903A/CI                                                             +0     342   
    p3903A/CO                            FA1D0             1  1.0   34   +87     428 F 
    p3979A/A                                                              +0     428   
    p3979A/CO                            FA1D0             1  1.0   34  +161     590 F 
    p4093A/A                                                              +0     590   
    p4093A/CO                            FA1D0             1  1.0   34  +161     751 F 
    p4211A/A                                                              +0     751   
    p4211A/CO                            FA1D0             1  1.0   34  +161     912 F 
    p4328A/A                                                              +0     912   
    p4328A/CO                            FA1D0             1  1.0   34  +161    1073 F 
    p4445A/A                                                              +0    1073   
    p4445A/CO                            FA1D0             1  1.0   34  +161    1234 F 
    p4563A/A                                                              +0    1234   
    p4563A/CO                            FA1D0             2  1.8   42  +168    1402 F 
    p4651A/A1                                                             +0    1402   
    p4651A/ZN                            NR2XD0            5  4.9  102   +69    1472 R 
    p4706A/B1                                                             +0    1472   
    p4706A/ZN                            IND2D1            3  2.9   52   +51    1522 F 
    p4710A/B1                                                             +0    1522   
    p4710A/ZN                            MOAI22D1          1  0.9   33   +61    1583 F 
  cb_parti/rem_38_56_A[11] 
  rem_38_56/A[15] 
    p4738A/B                                                              +0    1583   
    p4738A/ZN                            IOA21D1           2  1.9   36   +26    1609 R 
    Fp4741A/I                                                             +0    1609   
    Fp4741A/ZN                           INVD1             1  0.7   14   +16    1625 F 
    p4742A/A1                                                             +0    1625   
    p4742A/ZN                            OAI221D0          2  1.7  144   +70    1696 R 
    p4781A/A1                                                             +0    1696   
    p4781A/ZN                            ND2D1             4  4.8   75   +73    1768 F 
    p4797A/A                                                              +0    1768   
    p4797A/ZN                            MAOI222D1         1  0.8   95   +70    1838 R 
    p4834A/A2                                                             +0    1838   
    p4834A/ZN                            OAI221D0          5  4.8  196  +142    1980 F 
    p4936A/B1                                                             +0    1980   
    p4936A/ZN                            MAOI22D1          2  2.7   84  +103    2084 F 
    p4954A/A                                                              +0    2084   
    p4954A/ZN                            MAOI222D1         3  3.9  155  +106    2190 R 
    p5021A/A                                                              +0    2190   
    p5021A/ZN                            MAOI222D1         1  1.8  103   +86    2276 F 
    p5062A/A                                                              +0    2276   
    p5062A/ZN                            MAOI222D1         1  1.0  103   +79    2355 R 
    p5106A/A1                                                             +0    2355   
    p5106A/ZN                            ND2D1             7  6.9   85   +76    2431 F 
    p5137A/A1                                                             +0    2431   
    p5137A/ZN                            MAOI22D1          2  2.7   80   +63    2494 R 
    p5155A/A                                                              +0    2494   
    p5155A/ZN                            MAOI222D1         3  3.8  132   +88    2581 F 
    p5218A/A                                                              +0    2581   
    p5218A/ZN                            MAOI222D1         3  3.8  154  +116    2698 R 
    p5285A/A                                                              +0    2698   
    p5285A/ZN                            MAOI222D1         1  0.7   87   +75    2773 F 
    p5326A/A1                                                             +0    2773   
    p5326A/ZN                            OAI221D0          9  9.0  388  +222    2995 R 
    p5503A/B1                                                             +0    2995   
    p5503A/ZN                            MAOI22D1          4  4.8  150  +136    3131 R 
    p5555A/A                                                              +0    3131   
    p5555A/ZN                            MAOI222D1         3  3.9  134  +104    3235 F 
    p5617A/A                                                              +0    3235   
    p5617A/ZN                            MAOI222D1         1  1.0  107   +87    3322 R 
    Fp5651A/I                                                             +0    3322   
    Fp5651A/ZN                           INVD1             1  1.0   30   +26    3348 F 
    p5671A/CI                                                             +0    3348   
    p5671A/CO                            FA1D0             3  3.8   61  +108    3456 F 
    p5733A/A                                                              +0    3456   
    p5733A/ZN                            MAOI222D1         1  1.8  118   +78    3533 R 
    p5779A/A                                                              +0    3533   
    p5779A/ZN                            MAOI222D1         1  0.9   85   +71    3604 F 
    p5822A/A1                                                             +0    3604   
    p5822A/ZN                            ND2D1             7  7.0   73   +64    3668 R 
    p5851A/B1                                                             +0    3668   
    p5851A/ZN                            MAOI22D1          4  4.8  116  +108    3776 R 
    p5903A/A                                                              +0    3776   
    p5903A/ZN                            MAOI222D1         3  3.9  134   +96    3873 F 
    p5965A/A                                                              +0    3873   
    p5965A/ZN                            MAOI222D1         3  3.8  154  +117    3990 R 
    p6033A/A                                                              +0    3990   
    p6033A/ZN                            MAOI222D1         1  0.9   90   +77    4067 F 
    Fp6078A/I                                                             +0    4067   
    Fp6078A/ZN                           CKND1             1  1.0   33   +31    4098 R 
    p6080A/CI                                                             +0    4098   
    p6080A/CO                            FA1D0             3  3.8   79  +103    4200 R 
    p6141A/A                                                              +0    4200   
    p6141A/ZN                            MAOI222D1         1  1.8  100   +70    4270 F 
    p6193A/A                                                              +0    4270   
    p6193A/ZN                            MAOI222D1         9  9.0  254  +165    4435 R 
    p6318A/B1                                                             +0    4435   
    p6318A/ZN                            MAOI22D1          4  4.8  129  +129    4564 R 
    p6382A/A                                                              +0    4564   
    p6382A/ZN                            MAOI222D1         3  3.9  134   +99    4663 F 
    p6442A/A                                                              +0    4663   
    p6442A/ZN                            MAOI222D1         3  3.8  154  +117    4780 R 
    p6513A/A                                                              +0    4780   
    p6513A/ZN                            MAOI222D1         3  3.8  136  +104    4884 F 
    p6581A/A                                                              +0    4884   
    p6581A/ZN                            MAOI222D1         1  1.0  108   +87    4971 R 
    Fp6608A/I                                                             +0    4971   
    Fp6608A/ZN                           INVD1             1  1.0   30   +27    4998 F 
    p6632A/CI                                                             +0    4998   
    p6632A/CO                            FA1D0             3  3.0   53  +102    5099 F 
    p6692A/A1                                                             +0    5099   
    p6692A/ZN                            AOI222D1          9  9.0  332  +192    5291 R 
    p6845A/B1                                                             +0    5291   
    p6845A/ZN                            MAOI22D1          4  4.8  117  +134    5425 R 
    p6903A/A                                                              +0    5425   
    p6903A/ZN                            MAOI222D1         3  3.9  134   +96    5521 F 
    p6962A/A                                                              +0    5521   
    p6962A/ZN                            MAOI222D1         3  3.8  154  +117    5638 R 
    p7031A/A                                                              +0    5638   
    p7031A/ZN                            MAOI222D1         3  3.8  136  +104    5741 F 
    p7098A/A                                                              +0    5741   
    p7098A/ZN                            MAOI222D1         3  3.8  154  +117    5858 R 
    p7164A/A                                                              +0    5858   
    p7164A/ZN                            MAOI222D1         3  2.9  118   +96    5954 F 
    Fp7225A/I                                                             +0    5954   
    Fp7225A/ZN                           CKND1             1  1.3   42   +37    5991 R 
    p7232A/A                                                              +0    5991   
    p7232A/ZN                            MAOI222D0         1  1.0   82   +58    6049 F 
    p7279A/C                                                              +0    6049   
    p7279A/ZN                            AOI221D1          9  8.7  310  +227    6276 R 
    p7493A/B1                                                             +0    6276   
    p7493A/ZN                            MAOI22D1          4  4.8  116  +133    6409 R 
    p7551A/A                                                              +0    6409   
    p7551A/ZN                            MAOI222D1         3  3.9  134   +96    6505 F 
    p7612A/A                                                              +0    6505   
    p7612A/ZN                            MAOI222D1         3  3.8  154  +117    6622 R 
    p7680A/A                                                              +0    6622   
    p7680A/ZN                            MAOI222D1         3  3.8  136  +104    6725 F 
    p7748A/A                                                              +0    6725   
    p7748A/ZN                            MAOI222D1         3  3.8  154  +117    6842 R 
    p7815A/A                                                              +0    6842   
    p7815A/ZN                            MAOI222D1         3  3.8  133  +104    6946 F 
    p7885A/A                                                              +0    6946   
    p7885A/ZN                            MAOI222D1         1  0.7  103   +84    7030 R 
    p7918A/C                                                              +0    7030   
    p7918A/ZN                            OAI221D0          7  7.6  275  +213    7242 F 
    Fp8133A/I                                                             +0    7242   
    Fp8133A/ZN                           CKND2             8  8.0   94   +78    7321 R 
    p8181A/B1                                                             +0    7321   
    p8181A/ZN                            MAOI22D1          2  2.7   80   +92    7412 R 
    p8211A/A                                                              +0    7412   
    p8211A/ZN                            MAOI222D1         3  3.9  134   +88    7501 F 
    p8271A/A                                                              +0    7501   
    p8271A/ZN                            MAOI222D1         3  3.8  154  +117    7618 R 
    p8340A/A                                                              +0    7618   
    p8340A/ZN                            MAOI222D1         3  3.8  136  +104    7721 F 
    p8410A/A                                                              +0    7721   
    p8410A/ZN                            MAOI222D1         3  3.3  145  +112    7833 R 
    p8476A/A                                                              +0    7833   
    p8476A/ZN                            MAOI222D0         1  1.0   88   +83    7916 F 
    p8523A/CI                                                             +0    7916   
    p8523A/CO                            FA1D0             1  1.0   35  +101    8017 F 
    p8567A/C                                                              +0    8017   
    p8567A/ZN                            AOI221D1         10  9.7  336  +231    8248 R 
    p8797A/B1                                                             +0    8248   
    p8797A/ZN                            MAOI22D1          3  3.8  105  +124    8372 R 
    p8848A/A                                                              +0    8372   
    p8848A/ZN                            MAOI222D0         1  0.9   79   +72    8445 F 
    Fp8879A/I                                                             +0    8445   
    Fp8879A/ZN                           CKND1             1  1.0   31   +29    8474 R 
    p8881A/CI                                                             +0    8474   
    p8881A/CO                            FA1D0             3  3.3   72   +97    8571 R 
    p8944A/A                                                              +0    8571   
    p8944A/ZN                            MAOI222D0         1  0.9   86   +64    8635 F 
    Fp8985A/I                                                             +0    8635   
    Fp8985A/ZN                           CKND1             1  1.0   32   +30    8665 R 
    p8987A/CI                                                             +0    8665   
    p8987A/CO                            FA1D0             3  3.3   72   +98    8763 R 
    p9048A/A                                                              +0    8763   
    p9048A/ZN                            MAOI222D0         1  0.9   80   +64    8826 F 
    Fp9091A/I                                                             +0    8826   
    Fp9091A/ZN                           CKND1             1  1.3   33   +32    8858 R 
    p9093A/A                                                              +0    8858   
    p9093A/ZN                            MAOI222D0         1  0.7   72   +52    8910 F 
    p9097A/C                                                              +0    8910   
    p9097A/ZN                            AOI221D0          8  8.0  514  +350    9260 R 
    Fp9418A/I                                                             +0    9260   
    Fp9418A/ZN                           INVD1             5  4.7  122   +87    9347 F 
    p9441A/B1                                                             +0    9347   
    p9441A/ZN                            OAI22D1           1  0.9   97   +75    9422 R 
  rem_38_56/REMAINDER[8] 
  cb_parti63476/rem_38_56_REMAINDER[4] 
    p10588A/A3                                                            +0    9422   
    p10588A/ZN                           NR4D0             1  1.0   46   +50    9473 F 
    p10629A/B                                                             +0    9473   
    p10629A/ZN                           OAI211D1          3  2.9   86   +43    9515 R 
    p10603A/B1                                                            +0    9515   
    p10603A/ZN                           OAI22D1           2  1.8   51   +55    9571 F 
    p10607A/A1                                                            +0    9571   
    p10607A/ZN                           ND2D1             6  5.5   66   +48    9618 R 
    Fp10617A/I                                                            +0    9618   
    Fp10617A/ZN                          INVD1             2  1.8   25   +26    9645 F 
    p10628A/A1                                                            +0    9645   
    p10628A/ZN                           ND2D1             3  4.5   52   +36    9680 R 
    p10636A/A2                                                            +0    9680   
    p10636A/Z                            AN3XD1            1  1.0   28   +70    9750 R 
    p10660A/A1                                                            +0    9750   
    p10660A/Z                            AN4XD1            1  1.0   33   +74    9823 R 
    p10676A/A1                                                            +0    9823   
    p10676A/Z                            AN4XD1            1  1.0   33   +75    9898 R 
    p10687A/A1                                                            +0    9898   
    p10687A/Z                            AN4XD1            1  1.0   33   +75    9972 R 
    p10675A/A1                                                            +0    9972   
    p10675A/ZN                           ND4D1             4  5.2  138   +92   10064 F 
  cb_parti63476/out_valid 
systolic_array_8X8/out_valid 
cb_seqi/systolic_array_8X8_out_valid 
  p15433A/A1                                                              +0   10064   
  p15433A/Z                              AN2XD1            3 16.0   88  +106   10170 F 
  Fp15492A18776/I                                                         +0   10170   
  Fp15492A18776/ZN                       INVD12            6 52.1   52   +50   10220 R 
  Fp15492A18775/I                                                         +0   10220   
  Fp15492A18775/ZN                       INVD12            3 25.7   22   +24   10243 F 
  Fp15492A18768/I                                                         +0   10243   
  Fp15492A18768/ZN                       INVD12           37 47.6   40   +30   10273 R 
  p15560A18477/B2                                                         +0   10273   
  p15560A18477/Z                         AO22D0            1  0.9  187   +80   10353 R 
  output_buffer_pipe_1_reg[5][7]/D  <<<  DFKCNQD1                         +0   10353   
  output_buffer_pipe_1_reg[5][7]/CP      setup                     150  +116   10468 R 
- - - - - - - - - - - - - - - - - - - - - - - - - - - - - - - - - - - - - - - - - - - -
(clock clk)                              capture                               20000 R 
                                         uncertainty                    -150   19850 R 
---------------------------------------------------------------------------------------
Cost Group   : 'C2C' (path_group 'C2C')
Timing slack :    9382ps 
Start-point  : cb_seqi/cycle_num_reg[0]/CP
End-point    : cb_seqi/output_buffer_pipe_1_reg[5][7]/D
Mode         : default_mode

                Pin                          Type       Fanout  Load Slew Delay Arrival   
                                                                (fF) (ps)  (ps)   (ps)    
------------------------------------------------------------------------------------------
(clock clk)                               launch                                      0 R 
(systolic_array_wrapp_line_28_9_1)        ext delay                        +250     250 F 
tile_num[0]                               in port            6 506.5    0    +0     250 F 
systolic_array_8X8/tile_num[0] 
  cb_parti/tile_num[0] 
    p4167A/A2                                                                +0     250   
    p4167A/ZN                             ND2D1              2   2.0   31   +20     270 R 
    p4165A/B                                                                 +0     270   
    p4165A/Z                              OA21D2            38  41.2  181  +152     422 R 
  cb_parti/rem_37_53_B[1] 
  cb_parti63475/cb_parti_rem_37_53_B[0] 
    Fp4328A/I                                                                +0     422   
    Fp4328A/ZN                            INVD1              1   1.8   47   +39     461 F 
    p3963A/B                                                                 +0     461   
    p3963A/CO                             FA1D0              1   1.0   34  +127     588 F 
    p4076A/A                                                                 +0     588   
    p4076A/CO                             FA1D0              1   1.0   34  +161     749 F 
    p4193A/A                                                                 +0     749   
    p4193A/CO                             FA1D0              1   1.0   34  +161     910 F 
    p4309A/A                                                                 +0     910   
    p4309A/CO                             FA1D0              1   1.0   34  +161    1071 F 
    p4426A/A                                                                 +0    1071   
    p4426A/CO                             FA1D0              1   1.0   34  +161    1232 F 
    p4543A/A                                                                 +0    1232   
    p4543A/CO                             FA1D0              3   2.3   47  +172    1404 F 
    p4636A/A1                                                                +0    1404   
    p4636A/Z                              OR2D1              6   5.2   42   +72    1476 F 
    p4671A/A1                                                                +0    1476   
    p4671A/ZN                             NR2XD0             1   1.4   43   +36    1512 R 
    p4682A/A1                                                                +0    1512   
    p4682A/Z                              CKXOR2D1           1   0.9   31   +80    1593 F 
  cb_parti63475/rem_37_53_A[11] 
  rem_37_53/A[15] 
    p4716A/B                                                                 +0    1593   
    p4716A/ZN                             IOA21D1            2   1.8   36   +25    1617 R 
    Fp4719A/I                                                                +0    1617   
    Fp4719A/ZN                            INVD1              1   0.7   14   +16    1633 F 
    p4720A/A1                                                                +0    1633   
    p4720A/ZN                             OAI221D0           2   1.7  144   +70    1704 R 
    p4757A/A1                                                                +0    1704   
    p4757A/ZN                             ND2D1              4   4.8   75   +73    1776 F 
    p4777A/A                                                                 +0    1776   
    p4777A/ZN                             MAOI222D1          1   0.8   95   +70    1846 R 
    p4812A/A2                                                                +0    1846   
    p4812A/ZN                             OAI221D0           5   4.8  196  +142    1988 F 
    p4914A/B1                                                                +0    1988   
    p4914A/ZN                             MAOI22D1           2   2.7   84  +103    2092 F 
    p4935A/A                                                                 +0    2092   
    p4935A/ZN                             MAOI222D1          3   3.9  155  +106    2198 R 
    p5000A/A                                                                 +0    2198   
    p5000A/ZN                             MAOI222D1          1   1.8  103   +86    2284 F 
    p5043A/A                                                                 +0    2284   
    p5043A/ZN                             MAOI222D1          1   1.0  103   +79    2363 R 
    p5085A/A1                                                                +0    2363   
    p5085A/ZN                             ND2D1              7   6.9   85   +76    2439 F 
    p5114A/A1                                                                +0    2439   
    p5114A/ZN                             MAOI22D1           2   2.7   80   +63    2502 R 
    p5140A/A                                                                 +0    2502   
    p5140A/ZN                             MAOI222D1          3   3.8  132   +88    2589 F 
    p5199A/A                                                                 +0    2589   
    p5199A/ZN                             MAOI222D1          3   3.8  154  +116    2706 R 
    p5267A/A                                                                 +0    2706   
    p5267A/ZN                             MAOI222D1          1   0.7   87   +75    2781 F 
    p5307A/A1                                                                +0    2781   
    p5307A/ZN                             OAI221D0           9   9.0  388  +222    3003 R 
    p5484A/B1                                                                +0    3003   
    p5484A/ZN                             MAOI22D1           4   4.8  150  +136    3139 R 
    p5536A/A                                                                 +0    3139   
    p5536A/ZN                             MAOI222D1          3   3.9  134  +104    3243 F 
    p5596A/A                                                                 +0    3243   
    p5596A/ZN                             MAOI222D1          1   1.0  107   +87    3330 R 
    Fp5631A/I                                                                +0    3330   
    Fp5631A/ZN                            INVD1              1   1.0   30   +26    3356 F 
    p5651A/CI                                                                +0    3356   
    p5651A/CO                             FA1D0              3   3.8   61  +108    3464 F 
    p5714A/A                                                                 +0    3464   
    p5714A/ZN                             MAOI222D1          1   1.8  118   +78    3542 R 
    p5758A/A                                                                 +0    3542   
    p5758A/ZN                             MAOI222D1          1   0.9   85   +71    3612 F 
    p5801A/A1                                                                +0    3612   
    p5801A/ZN                             ND2D1              7   7.0   73   +64    3676 R 
    p5830A/B1                                                                +0    3676   
    p5830A/ZN                             MAOI22D1           4   4.8  116  +108    3785 R 
    p5885A/A                                                                 +0    3785   
    p5885A/ZN                             MAOI222D1          3   3.9  134   +96    3881 F 
    p5943A/A                                                                 +0    3881   
    p5943A/ZN                             MAOI222D1          3   3.8  154  +117    3998 R 
    p6016A/A                                                                 +0    3998   
    p6016A/ZN                             MAOI222D1          1   0.9   90   +77    4075 F 
    Fp6058A/I                                                                +0    4075   
    Fp6058A/ZN                            CKND1              1   1.0   33   +31    4106 R 
    p6062A/CI                                                                +0    4106   
    p6062A/CO                             FA1D0              3   3.8   79  +103    4208 R 
    p6120A/A                                                                 +0    4208   
    p6120A/ZN                             MAOI222D1          1   1.8  100   +70    4279 F 
    p6173A/A                                                                 +0    4279   
    p6173A/ZN                             MAOI222D1          9   9.0  254  +165    4443 R 
    p6297A/B1                                                                +0    4443   
    p6297A/ZN                             MAOI22D1           4   4.8  129  +129    4572 R 
    p6361A/A                                                                 +0    4572   
    p6361A/ZN                             MAOI222D1          3   3.9  134   +99    4671 F 
    p6422A/A                                                                 +0    4671   
    p6422A/ZN                             MAOI222D1          3   3.8  154  +117    4788 R 
    p6491A/A                                                                 +0    4788   
    p6491A/ZN                             MAOI222D1          3   3.8  136  +104    4892 F 
    p6560A/A                                                                 +0    4892   
    p6560A/ZN                             MAOI222D1          1   1.0  108   +87    4979 R 
    Fp6588A/I                                                                +0    4979   
    Fp6588A/ZN                            INVD1              1   1.0   30   +27    5006 F 
    p6614A/CI                                                                +0    5006   
    p6614A/CO                             FA1D0              3   3.0   53  +102    5107 F 
    p6672A/A1                                                                +0    5107   
    p6672A/ZN                             AOI222D1           9   9.0  332  +192    5299 R 
    p6824A/B1                                                                +0    5299   
    p6824A/ZN                             MAOI22D1           4   4.8  117  +134    5433 R 
    p6882A/A                                                                 +0    5433   
    p6882A/ZN                             MAOI222D1          3   3.9  134   +96    5529 F 
    p6941A/A                                                                 +0    5529   
    p6941A/ZN                             MAOI222D1          3   3.8  154  +117    5646 R 
    p7010A/A                                                                 +0    5646   
    p7010A/ZN                             MAOI222D1          3   3.8  136  +104    5749 F 
    p7078A/A                                                                 +0    5749   
    p7078A/ZN                             MAOI222D1          3   3.8  154  +117    5867 R 
    p7143A/A                                                                 +0    5867   
    p7143A/ZN                             MAOI222D1          3   2.9  118   +96    5962 F 
    Fp7204A/I                                                                +0    5962   
    Fp7204A/ZN                            CKND1              1   1.3   42   +37    5999 R 
    p7212A/A                                                                 +0    5999   
    p7212A/ZN                             MAOI222D0          1   1.0   82   +58    6057 F 
    p7258A/C                                                                 +0    6057   
    p7258A/ZN                             AOI221D1           9   8.7  310  +227    6284 R 
    p7473A/B1                                                                +0    6284   
    p7473A/ZN                             MAOI22D1           4   4.8  116  +133    6417 R 
    p7530A/A                                                                 +0    6417   
    p7530A/ZN                             MAOI222D1          3   3.9  134   +96    6513 F 
    p7591A/A                                                                 +0    6513   
    p7591A/ZN                             MAOI222D1          3   3.8  154  +117    6630 R 
    p7660A/A                                                                 +0    6630   
    p7660A/ZN                             MAOI222D1          3   3.8  136  +104    6733 F 
    p7728A/A                                                                 +0    6733   
    p7728A/ZN                             MAOI222D1          3   3.8  154  +117    6851 R 
    p7795A/A                                                                 +0    6851   
    p7795A/ZN                             MAOI222D1          3   3.8  133  +104    6954 F 
    p7865A/A                                                                 +0    6954   
    p7865A/ZN                             MAOI222D1          1   0.7  103   +84    7038 R 
    p7895A/C                                                                 +0    7038   
    p7895A/ZN                             OAI221D0           7   7.6  275  +213    7250 F 
    Fp8114A/I                                                                +0    7250   
    Fp8114A/ZN                            CKND2              8   8.0   94   +78    7329 R 
    p8160A/B1                                                                +0    7329   
    p8160A/ZN                             MAOI22D1           2   2.7   80   +92    7421 R 
    p8190A/A                                                                 +0    7421   
    p8190A/ZN                             MAOI222D1          3   3.9  134   +88    7509 F 
    p8250A/A                                                                 +0    7509   
    p8250A/ZN                             MAOI222D1          3   3.8  154  +117    7626 R 
    p8320A/A                                                                 +0    7626   
    p8320A/ZN                             MAOI222D1          3   3.8  136  +104    7729 F 
    p8389A/A                                                                 +0    7729   
    p8389A/ZN                             MAOI222D1          3   3.3  145  +112    7841 R 
    p8455A/A                                                                 +0    7841   
    p8455A/ZN                             MAOI222D0          1   1.0   88   +83    7924 F 
    p8501A/CI                                                                +0    7924   
    p8501A/CO                             FA1D0              1   1.0   35  +101    8025 F 
    p8546A/C                                                                 +0    8025   
    p8546A/ZN                             AOI221D1          10   9.7  336  +231    8256 R 
    p8777A/B1                                                                +0    8256   
    p8777A/ZN                             MAOI22D1           3   3.8  105  +124    8380 R 
    p8829A/A                                                                 +0    8380   
    p8829A/ZN                             MAOI222D0          1   0.9   79   +72    8453 F 
    Fp8859A/I                                                                +0    8453   
    Fp8859A/ZN                            CKND1              1   1.0   31   +29    8482 R 
    p8862A/CI                                                                +0    8482   
    p8862A/CO                             FA1D0              3   3.3   72   +97    8579 R 
    p8924A/A                                                                 +0    8579   
    p8924A/ZN                             MAOI222D0          1   0.9   86   +64    8643 F 
    Fp8964A/I                                                                +0    8643   
    Fp8964A/ZN                            CKND1              1   1.0   32   +30    8673 R 
    p8966A/CI                                                                +0    8673   
    p8966A/CO                             FA1D0              3   3.3   72   +98    8771 R 
    p9027A/A                                                                 +0    8771   
    p9027A/ZN                             MAOI222D0          1   0.9   80   +64    8834 F 
    Fp9069A/I                                                                +0    8834   
    Fp9069A/ZN                            CKND1              1   1.3   33   +32    8866 R 
    p9072A/A                                                                 +0    8866   
    p9072A/ZN                             MAOI222D0          1   0.7   72   +52    8918 F 
    p9075A/C                                                                 +0    8918   
    p9075A/ZN                             AOI221D0           8   8.0  514  +350    9268 R 
    Fp9406A/I                                                                +0    9268   
    Fp9406A/ZN                            INVD1              5   4.7  122   +87    9355 F 
    p9428A/B1                                                                +0    9355   
    p9428A/ZN                             OAI22D1            1   0.9   97   +75    9430 R 
  rem_37_53/REMAINDER[8] 
  cb_parti63476/rem_37_53_REMAINDER[4] 
    p10551A/A4                                                               +0    9430   
    p10551A/ZN                            NR4D0              1   1.0   45   +52    9482 F 
    p10583A/B                                                                +0    9482   
    p10583A/ZN                            OAI211D1           2   1.9   69   +38    9520 R 
    p10603A/A1                                                               +0    9520   
    p10603A/ZN                            OAI22D1            2   1.8   51   +44    9565 F 
    p10607A/A1                                                               +0    9565   
    p10607A/ZN                            ND2D1              6   5.5   66   +48    9612 R 
    Fp10617A/I                                                               +0    9612   
    Fp10617A/ZN                           INVD1              2   1.8   25   +26    9639 F 
    p10628A/A1                                                               +0    9639   
    p10628A/ZN                            ND2D1              3   4.5   52   +36    9674 R 
    p10636A/A2                                                               +0    9674   
    p10636A/Z                             AN3XD1             1   1.0   28   +70    9744 R 
    p10660A/A1                                                               +0    9744   
    p10660A/Z                             AN4XD1             1   1.0   33   +74    9817 R 
    p10676A/A1                                                               +0    9817   
    p10676A/Z                             AN4XD1             1   1.0   33   +75    9892 R 
    p10687A/A1                                                               +0    9892   
    p10687A/Z                             AN4XD1             1   1.0   33   +75    9967 R 
    p10675A/A1                                                               +0    9967   
    p10675A/ZN                            ND4D1              4   5.2  138   +92   10058 F 
  cb_parti63476/out_valid 
systolic_array_8X8/out_valid 
cb_oseqi/systolic_array_8X8_out_valid 
  p10657A/A1                                                                 +0   10058   
  p10657A/Z                               AN2D8              1 500.0  331  +254   10313 F 
cb_oseqi/out_ready 
out_ready                            <<<  interconnect                331    +0   10313 F 
                                          out port                           +0   10313 F 
(systolic_array_wrapp_line_31_560_1)      ext delay                       +5000   15313 F 
- - - - - - - - - - - - - - - - - - - - - - - - - - - - - - - - - - - - - - - - - - - - - 
(clock clk)                               capture                                 20000 R 
                                          uncertainty                      -150   19850 R 
------------------------------------------------------------------------------------------
Cost Group   : 'I2O' (path_group 'I2O')
Timing slack :    4537ps 
Start-point  : tile_num[0]
End-point    : out_ready
Mode         : default_mode

                Pin                          Type       Fanout  Load Slew Delay Arrival   
                                                                (fF) (ps)  (ps)   (ps)    
------------------------------------------------------------------------------------------
(clock clk)                               launch                                      0 R 
cb_seqi
  cycle_num_reg[0]/CP                                                 150    +0       0 R 
  cycle_num_reg[0]/Q                      DFKCNQD1           6   5.2   38  +181     181 F 
cb_seqi/systolic_array_8X8_cycle_num[0] 
systolic_array_8X8/cycle_num[0] 
  cb_parti/cycle_num[0] 
    p3791A/A1                                                                +0     181   
    p3791A/Z                              OR2D1              8   6.8   49   +75     256 F 
    p3832A/A3                                                                +0     256   
    p3832A/Z                              OR3D1              3   2.9   39   +86     342 F 
    p3903A/CI                                                                +0     342   
    p3903A/CO                             FA1D0              1   1.0   34   +87     428 F 
    p3979A/A                                                                 +0     428   
    p3979A/CO                             FA1D0              1   1.0   34  +161     590 F 
    p4093A/A                                                                 +0     590   
    p4093A/CO                             FA1D0              1   1.0   34  +161     751 F 
    p4211A/A                                                                 +0     751   
    p4211A/CO                             FA1D0              1   1.0   34  +161     912 F 
    p4328A/A                                                                 +0     912   
    p4328A/CO                             FA1D0              1   1.0   34  +161    1073 F 
    p4445A/A                                                                 +0    1073   
    p4445A/CO                             FA1D0              1   1.0   34  +161    1234 F 
    p4563A/A                                                                 +0    1234   
    p4563A/CO                             FA1D0              2   1.8   42  +168    1402 F 
    p4651A/A1                                                                +0    1402   
    p4651A/ZN                             NR2XD0             5   4.9  102   +69    1472 R 
    p4706A/B1                                                                +0    1472   
    p4706A/ZN                             IND2D1             3   2.9   52   +51    1522 F 
    p4710A/B1                                                                +0    1522   
    p4710A/ZN                             MOAI22D1           1   0.9   33   +61    1583 F 
  cb_parti/rem_38_56_A[11] 
  rem_38_56/A[15] 
    p4738A/B                                                                 +0    1583   
    p4738A/ZN                             IOA21D1            2   1.9   36   +26    1609 R 
    Fp4741A/I                                                                +0    1609   
    Fp4741A/ZN                            INVD1              1   0.7   14   +16    1625 F 
    p4742A/A1                                                                +0    1625   
    p4742A/ZN                             OAI221D0           2   1.7  144   +70    1696 R 
    p4781A/A1                                                                +0    1696   
    p4781A/ZN                             ND2D1              4   4.8   75   +73    1768 F 
    p4797A/A                                                                 +0    1768   
    p4797A/ZN                             MAOI222D1          1   0.8   95   +70    1838 R 
    p4834A/A2                                                                +0    1838   
    p4834A/ZN                             OAI221D0           5   4.8  196  +142    1980 F 
    p4936A/B1                                                                +0    1980   
    p4936A/ZN                             MAOI22D1           2   2.7   84  +103    2084 F 
    p4954A/A                                                                 +0    2084   
    p4954A/ZN                             MAOI222D1          3   3.9  155  +106    2190 R 
    p5021A/A                                                                 +0    2190   
    p5021A/ZN                             MAOI222D1          1   1.8  103   +86    2276 F 
    p5062A/A                                                                 +0    2276   
    p5062A/ZN                             MAOI222D1          1   1.0  103   +79    2355 R 
    p5106A/A1                                                                +0    2355   
    p5106A/ZN                             ND2D1              7   6.9   85   +76    2431 F 
    p5137A/A1                                                                +0    2431   
    p5137A/ZN                             MAOI22D1           2   2.7   80   +63    2494 R 
    p5155A/A                                                                 +0    2494   
    p5155A/ZN                             MAOI222D1          3   3.8  132   +88    2581 F 
    p5218A/A                                                                 +0    2581   
    p5218A/ZN                             MAOI222D1          3   3.8  154  +116    2698 R 
    p5285A/A                                                                 +0    2698   
    p5285A/ZN                             MAOI222D1          1   0.7   87   +75    2773 F 
    p5326A/A1                                                                +0    2773   
    p5326A/ZN                             OAI221D0           9   9.0  388  +222    2995 R 
    p5503A/B1                                                                +0    2995   
    p5503A/ZN                             MAOI22D1           4   4.8  150  +136    3131 R 
    p5555A/A                                                                 +0    3131   
    p5555A/ZN                             MAOI222D1          3   3.9  134  +104    3235 F 
    p5617A/A                                                                 +0    3235   
    p5617A/ZN                             MAOI222D1          1   1.0  107   +87    3322 R 
    Fp5651A/I                                                                +0    3322   
    Fp5651A/ZN                            INVD1              1   1.0   30   +26    3348 F 
    p5671A/CI                                                                +0    3348   
    p5671A/CO                             FA1D0              3   3.8   61  +108    3456 F 
    p5733A/A                                                                 +0    3456   
    p5733A/ZN                             MAOI222D1          1   1.8  118   +78    3533 R 
    p5779A/A                                                                 +0    3533   
    p5779A/ZN                             MAOI222D1          1   0.9   85   +71    3604 F 
    p5822A/A1                                                                +0    3604   
    p5822A/ZN                             ND2D1              7   7.0   73   +64    3668 R 
    p5851A/B1                                                                +0    3668   
    p5851A/ZN                             MAOI22D1           4   4.8  116  +108    3776 R 
    p5903A/A                                                                 +0    3776   
    p5903A/ZN                             MAOI222D1          3   3.9  134   +96    3873 F 
    p5965A/A                                                                 +0    3873   
    p5965A/ZN                             MAOI222D1          3   3.8  154  +117    3990 R 
    p6033A/A                                                                 +0    3990   
    p6033A/ZN                             MAOI222D1          1   0.9   90   +77    4067 F 
    Fp6078A/I                                                                +0    4067   
    Fp6078A/ZN                            CKND1              1   1.0   33   +31    4098 R 
    p6080A/CI                                                                +0    4098   
    p6080A/CO                             FA1D0              3   3.8   79  +103    4200 R 
    p6141A/A                                                                 +0    4200   
    p6141A/ZN                             MAOI222D1          1   1.8  100   +70    4270 F 
    p6193A/A                                                                 +0    4270   
    p6193A/ZN                             MAOI222D1          9   9.0  254  +165    4435 R 
    p6318A/B1                                                                +0    4435   
    p6318A/ZN                             MAOI22D1           4   4.8  129  +129    4564 R 
    p6382A/A                                                                 +0    4564   
    p6382A/ZN                             MAOI222D1          3   3.9  134   +99    4663 F 
    p6442A/A                                                                 +0    4663   
    p6442A/ZN                             MAOI222D1          3   3.8  154  +117    4780 R 
    p6513A/A                                                                 +0    4780   
    p6513A/ZN                             MAOI222D1          3   3.8  136  +104    4884 F 
    p6581A/A                                                                 +0    4884   
    p6581A/ZN                             MAOI222D1          1   1.0  108   +87    4971 R 
    Fp6608A/I                                                                +0    4971   
    Fp6608A/ZN                            INVD1              1   1.0   30   +27    4998 F 
    p6632A/CI                                                                +0    4998   
    p6632A/CO                             FA1D0              3   3.0   53  +102    5099 F 
    p6692A/A1                                                                +0    5099   
    p6692A/ZN                             AOI222D1           9   9.0  332  +192    5291 R 
    p6845A/B1                                                                +0    5291   
    p6845A/ZN                             MAOI22D1           4   4.8  117  +134    5425 R 
    p6903A/A                                                                 +0    5425   
    p6903A/ZN                             MAOI222D1          3   3.9  134   +96    5521 F 
    p6962A/A                                                                 +0    5521   
    p6962A/ZN                             MAOI222D1          3   3.8  154  +117    5638 R 
    p7031A/A                                                                 +0    5638   
    p7031A/ZN                             MAOI222D1          3   3.8  136  +104    5741 F 
    p7098A/A                                                                 +0    5741   
    p7098A/ZN                             MAOI222D1          3   3.8  154  +117    5858 R 
    p7164A/A                                                                 +0    5858   
    p7164A/ZN                             MAOI222D1          3   2.9  118   +96    5954 F 
    Fp7225A/I                                                                +0    5954   
    Fp7225A/ZN                            CKND1              1   1.3   42   +37    5991 R 
    p7232A/A                                                                 +0    5991   
    p7232A/ZN                             MAOI222D0          1   1.0   82   +58    6049 F 
    p7279A/C                                                                 +0    6049   
    p7279A/ZN                             AOI221D1           9   8.7  310  +227    6276 R 
    p7493A/B1                                                                +0    6276   
    p7493A/ZN                             MAOI22D1           4   4.8  116  +133    6409 R 
    p7551A/A                                                                 +0    6409   
    p7551A/ZN                             MAOI222D1          3   3.9  134   +96    6505 F 
    p7612A/A                                                                 +0    6505   
    p7612A/ZN                             MAOI222D1          3   3.8  154  +117    6622 R 
    p7680A/A                                                                 +0    6622   
    p7680A/ZN                             MAOI222D1          3   3.8  136  +104    6725 F 
    p7748A/A                                                                 +0    6725   
    p7748A/ZN                             MAOI222D1          3   3.8  154  +117    6842 R 
    p7815A/A                                                                 +0    6842   
    p7815A/ZN                             MAOI222D1          3   3.8  133  +104    6946 F 
    p7885A/A                                                                 +0    6946   
    p7885A/ZN                             MAOI222D1          1   0.7  103   +84    7030 R 
    p7918A/C                                                                 +0    7030   
    p7918A/ZN                             OAI221D0           7   7.6  275  +213    7242 F 
    Fp8133A/I                                                                +0    7242   
    Fp8133A/ZN                            CKND2              8   8.0   94   +78    7321 R 
    p8181A/B1                                                                +0    7321   
    p8181A/ZN                             MAOI22D1           2   2.7   80   +92    7412 R 
    p8211A/A                                                                 +0    7412   
    p8211A/ZN                             MAOI222D1          3   3.9  134   +88    7501 F 
    p8271A/A                                                                 +0    7501   
    p8271A/ZN                             MAOI222D1          3   3.8  154  +117    7618 R 
    p8340A/A                                                                 +0    7618   
    p8340A/ZN                             MAOI222D1          3   3.8  136  +104    7721 F 
    p8410A/A                                                                 +0    7721   
    p8410A/ZN                             MAOI222D1          3   3.3  145  +112    7833 R 
    p8476A/A                                                                 +0    7833   
    p8476A/ZN                             MAOI222D0          1   1.0   88   +83    7916 F 
    p8523A/CI                                                                +0    7916   
    p8523A/CO                             FA1D0              1   1.0   35  +101    8017 F 
    p8567A/C                                                                 +0    8017   
    p8567A/ZN                             AOI221D1          10   9.7  336  +231    8248 R 
    p8797A/B1                                                                +0    8248   
    p8797A/ZN                             MAOI22D1           3   3.8  105  +124    8372 R 
    p8848A/A                                                                 +0    8372   
    p8848A/ZN                             MAOI222D0          1   0.9   79   +72    8445 F 
    Fp8879A/I                                                                +0    8445   
    Fp8879A/ZN                            CKND1              1   1.0   31   +29    8474 R 
    p8881A/CI                                                                +0    8474   
    p8881A/CO                             FA1D0              3   3.3   72   +97    8571 R 
    p8944A/A                                                                 +0    8571   
    p8944A/ZN                             MAOI222D0          1   0.9   86   +64    8635 F 
    Fp8985A/I                                                                +0    8635   
    Fp8985A/ZN                            CKND1              1   1.0   32   +30    8665 R 
    p8987A/CI                                                                +0    8665   
    p8987A/CO                             FA1D0              3   3.3   72   +98    8763 R 
    p9048A/A                                                                 +0    8763   
    p9048A/ZN                             MAOI222D0          1   0.9   80   +64    8826 F 
    Fp9091A/I                                                                +0    8826   
    Fp9091A/ZN                            CKND1              1   1.3   33   +32    8858 R 
    p9093A/A                                                                 +0    8858   
    p9093A/ZN                             MAOI222D0          1   0.7   72   +52    8910 F 
    p9097A/C                                                                 +0    8910   
    p9097A/ZN                             AOI221D0           8   8.0  514  +350    9260 R 
    Fp9418A/I                                                                +0    9260   
    Fp9418A/ZN                            INVD1              5   4.7  122   +87    9347 F 
    p9441A/B1                                                                +0    9347   
    p9441A/ZN                             OAI22D1            1   0.9   97   +75    9422 R 
  rem_38_56/REMAINDER[8] 
  cb_parti63476/rem_38_56_REMAINDER[4] 
    p10588A/A3                                                               +0    9422   
    p10588A/ZN                            NR4D0              1   1.0   46   +50    9473 F 
    p10629A/B                                                                +0    9473   
    p10629A/ZN                            OAI211D1           3   2.9   86   +43    9515 R 
    p10603A/B1                                                               +0    9515   
    p10603A/ZN                            OAI22D1            2   1.8   51   +55    9571 F 
    p10607A/A1                                                               +0    9571   
    p10607A/ZN                            ND2D1              6   5.5   66   +48    9618 R 
    Fp10617A/I                                                               +0    9618   
    Fp10617A/ZN                           INVD1              2   1.8   25   +26    9645 F 
    p10628A/A1                                                               +0    9645   
    p10628A/ZN                            ND2D1              3   4.5   52   +36    9680 R 
    p10636A/A2                                                               +0    9680   
    p10636A/Z                             AN3XD1             1   1.0   28   +70    9750 R 
    p10660A/A1                                                               +0    9750   
    p10660A/Z                             AN4XD1             1   1.0   33   +74    9823 R 
    p10676A/A1                                                               +0    9823   
    p10676A/Z                             AN4XD1             1   1.0   33   +75    9898 R 
    p10687A/A1                                                               +0    9898   
    p10687A/Z                             AN4XD1             1   1.0   33   +75    9972 R 
    p10675A/A1                                                               +0    9972   
    p10675A/ZN                            ND4D1              4   5.2  138   +92   10064 F 
  cb_parti63476/out_valid 
systolic_array_8X8/out_valid 
cb_oseqi/systolic_array_8X8_out_valid 
  p10657A/A1                                                                 +0   10064   
  p10657A/Z                               AN2D8              1 500.0  331  +254   10318 F 
cb_oseqi/out_ready 
out_ready                            <<<  interconnect                331    +0   10318 F 
                                          out port                           +0   10318 F 
(systolic_array_wrapp_line_31_560_1)      ext delay                       +5000   15318 F 
- - - - - - - - - - - - - - - - - - - - - - - - - - - - - - - - - - - - - - - - - - - - - 
(clock clk)                               capture                                 20000 R 
                                          uncertainty                      -150   19850 R 
------------------------------------------------------------------------------------------
Cost Group   : 'C2O' (path_group 'C2O')
Timing slack :    4532ps 
Start-point  : cb_seqi/cycle_num_reg[0]/CP
End-point    : out_ready
Mode         : default_mode

 
 
Global mapping status
=====================
                                   Group   
                                  Tot Wrst 
                           Total  Weighted 
Operation                   Area   Slacks  
 global_map               117419        0 

    Cost Group            Target    Slack    Diff.  Constr.
-----------------------------------------------------------
           I2O               433     4537             20000 
           C2O               433     4532             20000 
           I2C               588     9387             20000 
           C2C               588     9382             20000 

 
Global incremental target info
==============================
Cost Group 'C2O' target slack:   288 ps
Target path end-point (Port: systolic_array_wrapper/out_ready)

                Pin                          Type       Fanout  Load Arrival   
                                                                (fF)   (ps)    
-------------------------------------------------------------------------------
(clock clk)                          <<<  launch                           0 R 
cb_seqi
  cycle_num_reg[0]/CP                                                          
  cycle_num_reg[0]/Q                      DFKCNQD1           6   5.2           
cb_seqi/systolic_array_8X8_cycle_num[0] 
systolic_array_8X8/cycle_num[0] 
  cb_parti/cycle_num[0] 
    p3791A/A1                                                                  
    p3791A/Z                              OR2D1              8   6.8           
    p3832A/A3                                                                  
    p3832A/Z                              OR3D1              3   2.9           
    p3903A/CI                                                                  
    p3903A/CO                             FA1D0              1   1.0           
    p3979A/A                                                                   
    p3979A/CO                             FA1D0              1   1.0           
    p4093A/A                                                                   
    p4093A/CO                             FA1D0              1   1.0           
    p4211A/A                                                                   
    p4211A/CO                             FA1D0              1   1.0           
    p4328A/A                                                                   
    p4328A/CO                             FA1D0              1   1.0           
    p4445A/A                                                                   
    p4445A/CO                             FA1D0              1   1.0           
    p4563A/A                                                                   
    p4563A/CO                             FA1D0              2   1.8           
    p4651A/A1                                                                  
    p4651A/ZN                             NR2XD0             5   4.9           
    p4706A/B1                                                                  
    p4706A/ZN                             IND2D1             3   2.9           
    p4710A/B1                                                                  
    p4710A/ZN                             MOAI22D1           1   0.9           
  cb_parti/rem_38_56_A[11] 
  rem_38_56/A[15] 
    p4738A/B                                                                   
    p4738A/ZN                             IOA21D1            2   1.9           
    Fp4741A/I                                                                  
    Fp4741A/ZN                            INVD1              1   0.7           
    p4742A/A1                                                                  
    p4742A/ZN                             OAI221D0           2   1.7           
    p4781A/A1                                                                  
    p4781A/ZN                             ND2D1              4   4.8           
    p4797A/A                                                                   
    p4797A/ZN                             MAOI222D1          1   0.8           
    p4834A/A2                                                                  
    p4834A/ZN                             OAI221D0           5   4.8           
    p4936A/B1                                                                  
    p4936A/ZN                             MAOI22D1           2   2.7           
    p4954A/A                                                                   
    p4954A/ZN                             MAOI222D1          3   3.9           
    p5021A/A                                                                   
    p5021A/ZN                             MAOI222D1          1   1.8           
    p5062A/A                                                                   
    p5062A/ZN                             MAOI222D1          1   1.0           
    p5106A/A1                                                                  
    p5106A/ZN                             ND2D1              7   6.9           
    p5137A/A1                                                                  
    p5137A/ZN                             MAOI22D1           2   2.7           
    p5155A/A                                                                   
    p5155A/ZN                             MAOI222D1          3   3.8           
    p5218A/A                                                                   
    p5218A/ZN                             MAOI222D1          3   3.8           
    p5285A/A                                                                   
    p5285A/ZN                             MAOI222D1          1   0.7           
    p5326A/A1                                                                  
    p5326A/ZN                             OAI221D0           9   9.0           
    p5503A/B1                                                                  
    p5503A/ZN                             MAOI22D1           4   4.8           
    p5555A/A                                                                   
    p5555A/ZN                             MAOI222D1          3   3.9           
    p5617A/A                                                                   
    p5617A/ZN                             MAOI222D1          1   1.0           
    Fp5651A/I                                                                  
    Fp5651A/ZN                            INVD1              1   1.0           
    p5671A/CI                                                                  
    p5671A/CO                             FA1D0              3   3.8           
    p5733A/A                                                                   
    p5733A/ZN                             MAOI222D1          1   1.8           
    p5779A/A                                                                   
    p5779A/ZN                             MAOI222D1          1   0.9           
    p5822A/A1                                                                  
    p5822A/ZN                             ND2D1              7   7.0           
    p5851A/B1                                                                  
    p5851A/ZN                             MAOI22D1           4   4.8           
    p5903A/A                                                                   
    p5903A/ZN                             MAOI222D1          3   3.9           
    p5965A/A                                                                   
    p5965A/ZN                             MAOI222D1          3   3.8           
    p6033A/A                                                                   
    p6033A/ZN                             MAOI222D1          1   0.9           
    Fp6078A/I                                                                  
    Fp6078A/ZN                            CKND1              1   1.0           
    p6080A/CI                                                                  
    p6080A/CO                             FA1D0              3   3.8           
    p6141A/A                                                                   
    p6141A/ZN                             MAOI222D1          1   1.8           
    p6193A/A                                                                   
    p6193A/ZN                             MAOI222D1          9   9.0           
    p6318A/B1                                                                  
    p6318A/ZN                             MAOI22D1           4   4.8           
    p6382A/A                                                                   
    p6382A/ZN                             MAOI222D1          3   3.9           
    p6442A/A                                                                   
    p6442A/ZN                             MAOI222D1          3   3.8           
    p6513A/A                                                                   
    p6513A/ZN                             MAOI222D1          3   3.8           
    p6581A/A                                                                   
    p6581A/ZN                             MAOI222D1          1   1.0           
    Fp6608A/I                                                                  
    Fp6608A/ZN                            INVD1              1   1.0           
    p6632A/CI                                                                  
    p6632A/CO                             FA1D0              3   3.0           
    p6692A/A1                                                                  
    p6692A/ZN                             AOI222D1           9   9.0           
    p6845A/B1                                                                  
    p6845A/ZN                             MAOI22D1           4   4.8           
    p6903A/A                                                                   
    p6903A/ZN                             MAOI222D1          3   3.9           
    p6962A/A                                                                   
    p6962A/ZN                             MAOI222D1          3   3.8           
    p7031A/A                                                                   
    p7031A/ZN                             MAOI222D1          3   3.8           
    p7098A/A                                                                   
    p7098A/ZN                             MAOI222D1          3   3.8           
    p7164A/A                                                                   
    p7164A/ZN                             MAOI222D1          3   2.9           
    Fp7225A/I                                                                  
    Fp7225A/ZN                            CKND1              1   1.3           
    p7232A/A                                                                   
    p7232A/ZN                             MAOI222D0          1   1.0           
    p7279A/C                                                                   
    p7279A/ZN                             AOI221D1           9   8.7           
    p7493A/B1                                                                  
    p7493A/ZN                             MAOI22D1           4   4.8           
    p7551A/A                                                                   
    p7551A/ZN                             MAOI222D1          3   3.9           
    p7612A/A                                                                   
    p7612A/ZN                             MAOI222D1          3   3.8           
    p7680A/A                                                                   
    p7680A/ZN                             MAOI222D1          3   3.8           
    p7748A/A                                                                   
    p7748A/ZN                             MAOI222D1          3   3.8           
    p7815A/A                                                                   
    p7815A/ZN                             MAOI222D1          3   3.8           
    p7885A/A                                                                   
    p7885A/ZN                             MAOI222D1          1   0.7           
    p7918A/C                                                                   
    p7918A/ZN                             OAI221D0           7   7.6           
    Fp8133A/I                                                                  
    Fp8133A/ZN                            CKND2              8   8.0           
    p8181A/B1                                                                  
    p8181A/ZN                             MAOI22D1           2   2.7           
    p8211A/A                                                                   
    p8211A/ZN                             MAOI222D1          3   3.9           
    p8271A/A                                                                   
    p8271A/ZN                             MAOI222D1          3   3.8           
    p8340A/A                                                                   
    p8340A/ZN                             MAOI222D1          3   3.8           
    p8410A/A                                                                   
    p8410A/ZN                             MAOI222D1          3   3.3           
    p8476A/A                                                                   
    p8476A/ZN                             MAOI222D0          1   1.0           
    p8523A/CI                                                                  
    p8523A/CO                             FA1D0              1   1.0           
    p8567A/C                                                                   
    p8567A/ZN                             AOI221D1          10   9.7           
    p8797A/B1                                                                  
    p8797A/ZN                             MAOI22D1           3   3.8           
    p8848A/A                                                                   
    p8848A/ZN                             MAOI222D0          1   0.9           
    Fp8879A/I                                                                  
    Fp8879A/ZN                            CKND1              1   1.0           
    p8881A/CI                                                                  
    p8881A/CO                             FA1D0              3   3.3           
    p8944A/A                                                                   
    p8944A/ZN                             MAOI222D0          1   0.9           
    Fp8985A/I                                                                  
    Fp8985A/ZN                            CKND1              1   1.0           
    p8987A/CI                                                                  
    p8987A/CO                             FA1D0              3   3.3           
    p9048A/A                                                                   
    p9048A/ZN                             MAOI222D0          1   0.9           
    Fp9091A/I                                                                  
    Fp9091A/ZN                            CKND1              1   1.3           
    p9093A/A                                                                   
    p9093A/ZN                             MAOI222D0          1   0.7           
    p9097A/C                                                                   
    p9097A/ZN                             AOI221D0           8   8.0           
    Fp9418A/I                                                                  
    Fp9418A/ZN                            INVD1              5   4.7           
    p9441A/B1                                                                  
    p9441A/ZN                             OAI22D1            1   0.9           
  rem_38_56/REMAINDER[8] 
  cb_parti63476/rem_38_56_REMAINDER[4] 
    p10588A/A3                                                                 
    p10588A/ZN                            NR4D0              1   1.0           
    p10629A/B                                                                  
    p10629A/ZN                            OAI211D1           3   2.9           
    p10603A/B1                                                                 
    p10603A/ZN                            OAI22D1            2   1.8           
    p10607A/A1                                                                 
    p10607A/ZN                            ND2D1              6   5.5           
    Fp10617A/I                                                                 
    Fp10617A/ZN                           INVD1              2   1.8           
    p10628A/A1                                                                 
    p10628A/ZN                            ND2D1              3   4.5           
    p10636A/A2                                                                 
    p10636A/Z                             AN3XD1             1   1.0           
    p10660A/A1                                                                 
    p10660A/Z                             AN4XD1             1   1.0           
    p10676A/A1                                                                 
    p10676A/Z                             AN4XD1             1   1.0           
    p10687A/A1                                                                 
    p10687A/Z                             AN4XD1             1   1.0           
    p10675A/A1                                                                 
    p10675A/ZN                            ND4D1              4   5.2           
  cb_parti63476/out_valid 
systolic_array_8X8/out_valid 
cb_oseqi/systolic_array_8X8_out_valid 
  p10657A/A1                                                                   
  p10657A/Z                               AN2D8              1 500.0           
cb_oseqi/out_ready 
out_ready                            <<<  interconnect                         
                                          out port                             
(systolic_array_wrapp_line_31_560_1)      ext delay                            
- - - - - - - - - - - - - - - - - - - - - - - - - - - - - - - - - - - - - - - -
(clock clk)                               capture                      20000 R 
                                          uncertainty                          
-------------------------------------------------------------------------------
Cost Group   : 'C2O' (path_group 'C2O')
Start-point  : cb_seqi/cycle_num_reg[0]/CP
End-point    : out_ready
Mode         : default_mode

The global mapper estimates a slack for this path of 4105ps.
 
Cost Group 'I2O' target slack:   288 ps
Target path end-point (Port: systolic_array_wrapper/out_ready)

                Pin                          Type       Fanout  Load Arrival   
                                                                (fF)   (ps)    
-------------------------------------------------------------------------------
(clock clk)                          <<<  launch                           0 R 
(systolic_array_wrapp_line_28_9_1)        ext delay                            
tile_num[0]                               in port            6 506.5           
systolic_array_8X8/tile_num[0] 
  cb_parti/tile_num[0] 
    p4167A/A2                                                                  
    p4167A/ZN                             ND2D1              2   2.0           
    p4165A/B                                                                   
    p4165A/Z                              OA21D2            38  41.2           
  cb_parti/rem_37_53_B[1] 
  cb_parti63475/cb_parti_rem_37_53_B[0] 
    Fp4328A/I                                                                  
    Fp4328A/ZN                            INVD1              1   1.8           
    p3963A/B                                                                   
    p3963A/CO                             FA1D0              1   1.0           
    p4076A/A                                                                   
    p4076A/CO                             FA1D0              1   1.0           
    p4193A/A                                                                   
    p4193A/CO                             FA1D0              1   1.0           
    p4309A/A                                                                   
    p4309A/CO                             FA1D0              1   1.0           
    p4426A/A                                                                   
    p4426A/CO                             FA1D0              1   1.0           
    p4543A/A                                                                   
    p4543A/CO                             FA1D0              3   2.3           
    p4636A/A1                                                                  
    p4636A/Z                              OR2D1              6   5.2           
    p4671A/A1                                                                  
    p4671A/ZN                             NR2XD0             1   1.4           
    p4682A/A1                                                                  
    p4682A/Z                              CKXOR2D1           1   0.9           
  cb_parti63475/rem_37_53_A[11] 
  rem_37_53/A[15] 
    p4716A/B                                                                   
    p4716A/ZN                             IOA21D1            2   1.8           
    Fp4719A/I                                                                  
    Fp4719A/ZN                            INVD1              1   0.7           
    p4720A/A1                                                                  
    p4720A/ZN                             OAI221D0           2   1.7           
    p4757A/A1                                                                  
    p4757A/ZN                             ND2D1              4   4.8           
    p4777A/A                                                                   
    p4777A/ZN                             MAOI222D1          1   0.8           
    p4812A/A2                                                                  
    p4812A/ZN                             OAI221D0           5   4.8           
    p4914A/B1                                                                  
    p4914A/ZN                             MAOI22D1           2   2.7           
    p4935A/A                                                                   
    p4935A/ZN                             MAOI222D1          3   3.9           
    p5000A/A                                                                   
    p5000A/ZN                             MAOI222D1          1   1.8           
    p5043A/A                                                                   
    p5043A/ZN                             MAOI222D1          1   1.0           
    p5085A/A1                                                                  
    p5085A/ZN                             ND2D1              7   6.9           
    p5114A/A1                                                                  
    p5114A/ZN                             MAOI22D1           2   2.7           
    p5140A/A                                                                   
    p5140A/ZN                             MAOI222D1          3   3.8           
    p5199A/A                                                                   
    p5199A/ZN                             MAOI222D1          3   3.8           
    p5267A/A                                                                   
    p5267A/ZN                             MAOI222D1          1   0.7           
    p5307A/A1                                                                  
    p5307A/ZN                             OAI221D0           9   9.0           
    p5484A/B1                                                                  
    p5484A/ZN                             MAOI22D1           4   4.8           
    p5536A/A                                                                   
    p5536A/ZN                             MAOI222D1          3   3.9           
    p5596A/A                                                                   
    p5596A/ZN                             MAOI222D1          1   1.0           
    Fp5631A/I                                                                  
    Fp5631A/ZN                            INVD1              1   1.0           
    p5651A/CI                                                                  
    p5651A/CO                             FA1D0              3   3.8           
    p5714A/A                                                                   
    p5714A/ZN                             MAOI222D1          1   1.8           
    p5758A/A                                                                   
    p5758A/ZN                             MAOI222D1          1   0.9           
    p5801A/A1                                                                  
    p5801A/ZN                             ND2D1              7   7.0           
    p5830A/B1                                                                  
    p5830A/ZN                             MAOI22D1           4   4.8           
    p5885A/A                                                                   
    p5885A/ZN                             MAOI222D1          3   3.9           
    p5943A/A                                                                   
    p5943A/ZN                             MAOI222D1          3   3.8           
    p6016A/A                                                                   
    p6016A/ZN                             MAOI222D1          1   0.9           
    Fp6058A/I                                                                  
    Fp6058A/ZN                            CKND1              1   1.0           
    p6062A/CI                                                                  
    p6062A/CO                             FA1D0              3   3.8           
    p6120A/A                                                                   
    p6120A/ZN                             MAOI222D1          1   1.8           
    p6173A/A                                                                   
    p6173A/ZN                             MAOI222D1          9   9.0           
    p6297A/B1                                                                  
    p6297A/ZN                             MAOI22D1           4   4.8           
    p6361A/A                                                                   
    p6361A/ZN                             MAOI222D1          3   3.9           
    p6422A/A                                                                   
    p6422A/ZN                             MAOI222D1          3   3.8           
    p6491A/A                                                                   
    p6491A/ZN                             MAOI222D1          3   3.8           
    p6560A/A                                                                   
    p6560A/ZN                             MAOI222D1          1   1.0           
    Fp6588A/I                                                                  
    Fp6588A/ZN                            INVD1              1   1.0           
    p6614A/CI                                                                  
    p6614A/CO                             FA1D0              3   3.0           
    p6672A/A1                                                                  
    p6672A/ZN                             AOI222D1           9   9.0           
    p6824A/B1                                                                  
    p6824A/ZN                             MAOI22D1           4   4.8           
    p6882A/A                                                                   
    p6882A/ZN                             MAOI222D1          3   3.9           
    p6941A/A                                                                   
    p6941A/ZN                             MAOI222D1          3   3.8           
    p7010A/A                                                                   
    p7010A/ZN                             MAOI222D1          3   3.8           
    p7078A/A                                                                   
    p7078A/ZN                             MAOI222D1          3   3.8           
    p7143A/A                                                                   
    p7143A/ZN                             MAOI222D1          3   2.9           
    Fp7204A/I                                                                  
    Fp7204A/ZN                            CKND1              1   1.3           
    p7212A/A                                                                   
    p7212A/ZN                             MAOI222D0          1   1.0           
    p7258A/C                                                                   
    p7258A/ZN                             AOI221D1           9   8.7           
    p7473A/B1                                                                  
    p7473A/ZN                             MAOI22D1           4   4.8           
    p7530A/A                                                                   
    p7530A/ZN                             MAOI222D1          3   3.9           
    p7591A/A                                                                   
    p7591A/ZN                             MAOI222D1          3   3.8           
    p7660A/A                                                                   
    p7660A/ZN                             MAOI222D1          3   3.8           
    p7728A/A                                                                   
    p7728A/ZN                             MAOI222D1          3   3.8           
    p7795A/A                                                                   
    p7795A/ZN                             MAOI222D1          3   3.8           
    p7865A/A                                                                   
    p7865A/ZN                             MAOI222D1          1   0.7           
    p7895A/C                                                                   
    p7895A/ZN                             OAI221D0           7   7.6           
    Fp8114A/I                                                                  
    Fp8114A/ZN                            CKND2              8   8.0           
    p8160A/B1                                                                  
    p8160A/ZN                             MAOI22D1           2   2.7           
    p8190A/A                                                                   
    p8190A/ZN                             MAOI222D1          3   3.9           
    p8250A/A                                                                   
    p8250A/ZN                             MAOI222D1          3   3.8           
    p8320A/A                                                                   
    p8320A/ZN                             MAOI222D1          3   3.8           
    p8389A/A                                                                   
    p8389A/ZN                             MAOI222D1          3   3.3           
    p8455A/A                                                                   
    p8455A/ZN                             MAOI222D0          1   1.0           
    p8501A/CI                                                                  
    p8501A/CO                             FA1D0              1   1.0           
    p8546A/C                                                                   
    p8546A/ZN                             AOI221D1          10   9.7           
    p8777A/B1                                                                  
    p8777A/ZN                             MAOI22D1           3   3.8           
    p8829A/A                                                                   
    p8829A/ZN                             MAOI222D0          1   0.9           
    Fp8859A/I                                                                  
    Fp8859A/ZN                            CKND1              1   1.0           
    p8862A/CI                                                                  
    p8862A/CO                             FA1D0              3   3.3           
    p8924A/A                                                                   
    p8924A/ZN                             MAOI222D0          1   0.9           
    Fp8964A/I                                                                  
    Fp8964A/ZN                            CKND1              1   1.0           
    p8966A/CI                                                                  
    p8966A/CO                             FA1D0              3   3.3           
    p9027A/A                                                                   
    p9027A/ZN                             MAOI222D0          1   0.9           
    Fp9069A/I                                                                  
    Fp9069A/ZN                            CKND1              1   1.3           
    p9072A/A                                                                   
    p9072A/ZN                             MAOI222D0          1   0.7           
    p9075A/C                                                                   
    p9075A/ZN                             AOI221D0           8   8.0           
    Fp9406A/I                                                                  
    Fp9406A/ZN                            INVD1              5   4.7           
    p9428A/B1                                                                  
    p9428A/ZN                             OAI22D1            1   0.9           
  rem_37_53/REMAINDER[8] 
  cb_parti63476/rem_37_53_REMAINDER[4] 
    p10551A/A4                                                                 
    p10551A/ZN                            NR4D0              1   1.0           
    p10583A/B                                                                  
    p10583A/ZN                            OAI211D1           2   1.9           
    p10603A/A1                                                                 
    p10603A/ZN                            OAI22D1            2   1.8           
    p10607A/A1                                                                 
    p10607A/ZN                            ND2D1              6   5.5           
    Fp10617A/I                                                                 
    Fp10617A/ZN                           INVD1              2   1.8           
    p10628A/A1                                                                 
    p10628A/ZN                            ND2D1              3   4.5           
    p10636A/A2                                                                 
    p10636A/Z                             AN3XD1             1   1.0           
    p10660A/A1                                                                 
    p10660A/Z                             AN4XD1             1   1.0           
    p10676A/A1                                                                 
    p10676A/Z                             AN4XD1             1   1.0           
    p10687A/A1                                                                 
    p10687A/Z                             AN4XD1             1   1.0           
    p10675A/A1                                                                 
    p10675A/ZN                            ND4D1              4   5.2           
  cb_parti63476/out_valid 
systolic_array_8X8/out_valid 
cb_oseqi/systolic_array_8X8_out_valid 
  p10657A/A1                                                                   
  p10657A/Z                               AN2D8              1 500.0           
cb_oseqi/out_ready 
out_ready                            <<<  interconnect                         
                                          out port                             
(systolic_array_wrapp_line_31_560_1)      ext delay                            
- - - - - - - - - - - - - - - - - - - - - - - - - - - - - - - - - - - - - - - -
(clock clk)                               capture                      20000 R 
                                          uncertainty                          
-------------------------------------------------------------------------------
Cost Group   : 'I2O' (path_group 'I2O')
Start-point  : tile_num[0]
End-point    : out_ready
Mode         : default_mode

The global mapper estimates a slack for this path of 4586ps.
 
Cost Group 'I2C' target slack:   390 ps
Target path end-point (Pin: output_buffer_pipe_6_reg[29]/D (DFKCNQD1/D))

               Pin                        Type       Fanout  Load Arrival   
                                                             (fF)   (ps)    
----------------------------------------------------------------------------
(clock clk)                        <<<  launch                          0 R 
(systolic_array_wrapp_line_28_9_1)      ext delay                           
tile_num[0]                             in port           6 506.5           
systolic_array_8X8/tile_num[0] 
  cb_parti/tile_num[0] 
    p4167A/A2                                                               
    p4167A/ZN                           ND2D1             2   2.0           
    p4165A/B                                                                
    p4165A/Z                            OA21D2           38  41.2           
  cb_parti/rem_37_53_B[1] 
  cb_parti63475/cb_parti_rem_37_53_B[0] 
    Fp4328A/I                                                               
    Fp4328A/ZN                          INVD1             1   1.8           
    p3963A/B                                                                
    p3963A/CO                           FA1D0             1   1.0           
    p4076A/A                                                                
    p4076A/CO                           FA1D0             1   1.0           
    p4193A/A                                                                
    p4193A/CO                           FA1D0             1   1.0           
    p4309A/A                                                                
    p4309A/CO                           FA1D0             1   1.0           
    p4426A/A                                                                
    p4426A/CO                           FA1D0             1   1.0           
    p4543A/A                                                                
    p4543A/CO                           FA1D0             3   2.3           
    p4636A/A1                                                               
    p4636A/Z                            OR2D1             6   5.2           
    p4671A/A1                                                               
    p4671A/ZN                           NR2XD0            1   1.4           
    p4682A/A1                                                               
    p4682A/Z                            CKXOR2D1          1   0.9           
  cb_parti63475/rem_37_53_A[11] 
  rem_37_53/A[15] 
    p4716A/B                                                                
    p4716A/ZN                           IOA21D1           2   1.8           
    Fp4719A/I                                                               
    Fp4719A/ZN                          INVD1             1   0.7           
    p4720A/A1                                                               
    p4720A/ZN                           OAI221D0          2   1.7           
    p4757A/A1                                                               
    p4757A/ZN                           ND2D1             4   4.8           
    p4777A/A                                                                
    p4777A/ZN                           MAOI222D1         1   0.8           
    p4812A/A2                                                               
    p4812A/ZN                           OAI221D0          5   4.8           
    p4914A/B1                                                               
    p4914A/ZN                           MAOI22D1          2   2.7           
    p4935A/A                                                                
    p4935A/ZN                           MAOI222D1         3   3.9           
    p5000A/A                                                                
    p5000A/ZN                           MAOI222D1         1   1.8           
    p5043A/A                                                                
    p5043A/ZN                           MAOI222D1         1   1.0           
    p5085A/A1                                                               
    p5085A/ZN                           ND2D1             7   6.9           
    p5114A/A1                                                               
    p5114A/ZN                           MAOI22D1          2   2.7           
    p5140A/A                                                                
    p5140A/ZN                           MAOI222D1         3   3.8           
    p5199A/A                                                                
    p5199A/ZN                           MAOI222D1         3   3.8           
    p5267A/A                                                                
    p5267A/ZN                           MAOI222D1         1   0.7           
    p5307A/A1                                                               
    p5307A/ZN                           OAI221D0          9   9.0           
    p5484A/B1                                                               
    p5484A/ZN                           MAOI22D1          4   4.8           
    p5536A/A                                                                
    p5536A/ZN                           MAOI222D1         3   3.9           
    p5596A/A                                                                
    p5596A/ZN                           MAOI222D1         1   1.0           
    Fp5631A/I                                                               
    Fp5631A/ZN                          INVD1             1   1.0           
    p5651A/CI                                                               
    p5651A/CO                           FA1D0             3   3.8           
    p5714A/A                                                                
    p5714A/ZN                           MAOI222D1         1   1.8           
    p5758A/A                                                                
    p5758A/ZN                           MAOI222D1         1   0.9           
    p5801A/A1                                                               
    p5801A/ZN                           ND2D1             7   7.0           
    p5830A/B1                                                               
    p5830A/ZN                           MAOI22D1          4   4.8           
    p5885A/A                                                                
    p5885A/ZN                           MAOI222D1         3   3.9           
    p5943A/A                                                                
    p5943A/ZN                           MAOI222D1         3   3.8           
    p6016A/A                                                                
    p6016A/ZN                           MAOI222D1         1   0.9           
    Fp6058A/I                                                               
    Fp6058A/ZN                          CKND1             1   1.0           
    p6062A/CI                                                               
    p6062A/CO                           FA1D0             3   3.8           
    p6120A/A                                                                
    p6120A/ZN                           MAOI222D1         1   1.8           
    p6173A/A                                                                
    p6173A/ZN                           MAOI222D1         9   9.0           
    p6297A/B1                                                               
    p6297A/ZN                           MAOI22D1          4   4.8           
    p6361A/A                                                                
    p6361A/ZN                           MAOI222D1         3   3.9           
    p6422A/A                                                                
    p6422A/ZN                           MAOI222D1         3   3.8           
    p6491A/A                                                                
    p6491A/ZN                           MAOI222D1         3   3.8           
    p6560A/A                                                                
    p6560A/ZN                           MAOI222D1         1   1.0           
    Fp6588A/I                                                               
    Fp6588A/ZN                          INVD1             1   1.0           
    p6614A/CI                                                               
    p6614A/CO                           FA1D0             3   3.0           
    p6672A/A1                                                               
    p6672A/ZN                           AOI222D1          9   9.0           
    p6824A/B1                                                               
    p6824A/ZN                           MAOI22D1          4   4.8           
    p6882A/A                                                                
    p6882A/ZN                           MAOI222D1         3   3.9           
    p6941A/A                                                                
    p6941A/ZN                           MAOI222D1         3   3.8           
    p7010A/A                                                                
    p7010A/ZN                           MAOI222D1         3   3.8           
    p7078A/A                                                                
    p7078A/ZN                           MAOI222D1         3   3.8           
    p7143A/A                                                                
    p7143A/ZN                           MAOI222D1         3   2.9           
    Fp7204A/I                                                               
    Fp7204A/ZN                          CKND1             1   1.3           
    p7212A/A                                                                
    p7212A/ZN                           MAOI222D0         1   1.0           
    p7258A/C                                                                
    p7258A/ZN                           AOI221D1          9   8.7           
    p7473A/B1                                                               
    p7473A/ZN                           MAOI22D1          4   4.8           
    p7530A/A                                                                
    p7530A/ZN                           MAOI222D1         3   3.9           
    p7591A/A                                                                
    p7591A/ZN                           MAOI222D1         3   3.8           
    p7660A/A                                                                
    p7660A/ZN                           MAOI222D1         3   3.8           
    p7728A/A                                                                
    p7728A/ZN                           MAOI222D1         3   3.8           
    p7795A/A                                                                
    p7795A/ZN                           MAOI222D1         3   3.8           
    p7865A/A                                                                
    p7865A/ZN                           MAOI222D1         1   0.7           
    p7895A/C                                                                
    p7895A/ZN                           OAI221D0          7   7.6           
    Fp8114A/I                                                               
    Fp8114A/ZN                          CKND2             8   8.0           
    p8160A/B1                                                               
    p8160A/ZN                           MAOI22D1          2   2.7           
    p8190A/A                                                                
    p8190A/ZN                           MAOI222D1         3   3.9           
    p8250A/A                                                                
    p8250A/ZN                           MAOI222D1         3   3.8           
    p8320A/A                                                                
    p8320A/ZN                           MAOI222D1         3   3.8           
    p8389A/A                                                                
    p8389A/ZN                           MAOI222D1         3   3.3           
    p8455A/A                                                                
    p8455A/ZN                           MAOI222D0         1   1.0           
    p8501A/CI                                                               
    p8501A/CO                           FA1D0             1   1.0           
    p8546A/C                                                                
    p8546A/ZN                           AOI221D1         10   9.7           
    p8777A/B1                                                               
    p8777A/ZN                           MAOI22D1          3   3.8           
    p8829A/A                                                                
    p8829A/ZN                           MAOI222D0         1   0.9           
    Fp8859A/I                                                               
    Fp8859A/ZN                          CKND1             1   1.0           
    p8862A/CI                                                               
    p8862A/CO                           FA1D0             3   3.3           
    p8924A/A                                                                
    p8924A/ZN                           MAOI222D0         1   0.9           
    Fp8964A/I                                                               
    Fp8964A/ZN                          CKND1             1   1.0           
    p8966A/CI                                                               
    p8966A/CO                           FA1D0             3   3.3           
    p9027A/A                                                                
    p9027A/ZN                           MAOI222D0         1   0.9           
    Fp9069A/I                                                               
    Fp9069A/ZN                          CKND1             1   1.3           
    p9072A/A                                                                
    p9072A/ZN                           MAOI222D0         1   0.7           
    p9075A/C                                                                
    p9075A/ZN                           AOI221D0          8   8.0           
    Fp9406A/I                                                               
    Fp9406A/ZN                          INVD1             5   4.7           
    p9428A/B1                                                               
    p9428A/ZN                           OAI22D1           1   0.9           
  rem_37_53/REMAINDER[8] 
  cb_parti63476/rem_37_53_REMAINDER[4] 
    p10551A/A4                                                              
    p10551A/ZN                          NR4D0             1   1.0           
    p10583A/B                                                               
    p10583A/ZN                          OAI211D1          2   1.9           
    p10603A/A1                                                              
    p10603A/ZN                          OAI22D1           2   1.8           
    p10607A/A1                                                              
    p10607A/ZN                          ND2D1             6   5.5           
    Fp10617A/I                                                              
    Fp10617A/ZN                         INVD1             2   1.8           
    p10628A/A1                                                              
    p10628A/ZN                          ND2D1             3   4.5           
    p10636A/A2                                                              
    p10636A/Z                           AN3XD1            1   1.0           
    p10660A/A1                                                              
    p10660A/Z                           AN4XD1            1   1.0           
    p10676A/A1                                                              
    p10676A/Z                           AN4XD1            1   1.0           
    p10687A/A1                                                              
    p10687A/Z                           AN4XD1            1   1.0           
    p10675A/A1                                                              
    p10675A/ZN                          ND4D1             4   5.2           
  cb_parti63476/out_valid 
systolic_array_8X8/out_valid 
cb_seqi/systolic_array_8X8_out_valid 
  p15433A/A1                                                                
  p15433A/Z                             AN2XD1            3  16.0           
  Fp15492A18776/I                                                           
  Fp15492A18776/ZN                      INVD12            6  52.1           
  Fp15492A18775/I                                                           
  Fp15492A18775/ZN                      INVD12            3  25.7           
  Fp15492A18768/I                                                           
  Fp15492A18768/ZN                      INVD12           37  47.6           
  p15560A17993/B2                                                           
  p15560A17993/Z                        AO22D0            1   0.9           
  output_buffer_pipe_6_reg[29]/D   <<<  DFKCNQD1                            
  output_buffer_pipe_6_reg[29]/CP       setup                               
- - - - - - - - - - - - - - - - - - - - - - - - - - - - - - - - - - - - - - 
(clock clk)                             capture                     20000 R 
                                        uncertainty                         
----------------------------------------------------------------------------
Cost Group   : 'I2C' (path_group 'I2C')
Start-point  : tile_num[0]
End-point    : cb_seqi/output_buffer_pipe_6_reg[29]/D
Mode         : default_mode

The global mapper estimates a slack for this path of 9437ps.
 
Cost Group 'C2C' target slack:   390 ps
Target path end-point (Pin: output_buffer_pipe_6_reg[29]/D (DFKCNQD1/D))

              Pin                        Type       Fanout Load Arrival   
                                                           (fF)   (ps)    
--------------------------------------------------------------------------
(clock clk)                       <<<  launch                         0 R 
cb_seqi
  cycle_num_reg[0]/CP                                                     
  cycle_num_reg[0]/Q                   DFKCNQD1          6  5.2           
cb_seqi/systolic_array_8X8_cycle_num[0] 
systolic_array_8X8/cycle_num[0] 
  cb_parti/cycle_num[0] 
    p3791A/A1                                                             
    p3791A/Z                           OR2D1             8  6.8           
    p3832A/A3                                                             
    p3832A/Z                           OR3D1             3  2.9           
    p3903A/CI                                                             
    p3903A/CO                          FA1D0             1  1.0           
    p3979A/A                                                              
    p3979A/CO                          FA1D0             1  1.0           
    p4093A/A                                                              
    p4093A/CO                          FA1D0             1  1.0           
    p4211A/A                                                              
    p4211A/CO                          FA1D0             1  1.0           
    p4328A/A                                                              
    p4328A/CO                          FA1D0             1  1.0           
    p4445A/A                                                              
    p4445A/CO                          FA1D0             1  1.0           
    p4563A/A                                                              
    p4563A/CO                          FA1D0             2  1.8           
    p4651A/A1                                                             
    p4651A/ZN                          NR2XD0            5  4.9           
    p4706A/B1                                                             
    p4706A/ZN                          IND2D1            3  2.9           
    p4710A/B1                                                             
    p4710A/ZN                          MOAI22D1          1  0.9           
  cb_parti/rem_38_56_A[11] 
  rem_38_56/A[15] 
    p4738A/B                                                              
    p4738A/ZN                          IOA21D1           2  1.9           
    Fp4741A/I                                                             
    Fp4741A/ZN                         INVD1             1  0.7           
    p4742A/A1                                                             
    p4742A/ZN                          OAI221D0          2  1.7           
    p4781A/A1                                                             
    p4781A/ZN                          ND2D1             4  4.8           
    p4797A/A                                                              
    p4797A/ZN                          MAOI222D1         1  0.8           
    p4834A/A2                                                             
    p4834A/ZN                          OAI221D0          5  4.8           
    p4936A/B1                                                             
    p4936A/ZN                          MAOI22D1          2  2.7           
    p4954A/A                                                              
    p4954A/ZN                          MAOI222D1         3  3.9           
    p5021A/A                                                              
    p5021A/ZN                          MAOI222D1         1  1.8           
    p5062A/A                                                              
    p5062A/ZN                          MAOI222D1         1  1.0           
    p5106A/A1                                                             
    p5106A/ZN                          ND2D1             7  6.9           
    p5137A/A1                                                             
    p5137A/ZN                          MAOI22D1          2  2.7           
    p5155A/A                                                              
    p5155A/ZN                          MAOI222D1         3  3.8           
    p5218A/A                                                              
    p5218A/ZN                          MAOI222D1         3  3.8           
    p5285A/A                                                              
    p5285A/ZN                          MAOI222D1         1  0.7           
    p5326A/A1                                                             
    p5326A/ZN                          OAI221D0          9  9.0           
    p5503A/B1                                                             
    p5503A/ZN                          MAOI22D1          4  4.8           
    p5555A/A                                                              
    p5555A/ZN                          MAOI222D1         3  3.9           
    p5617A/A                                                              
    p5617A/ZN                          MAOI222D1         1  1.0           
    Fp5651A/I                                                             
    Fp5651A/ZN                         INVD1             1  1.0           
    p5671A/CI                                                             
    p5671A/CO                          FA1D0             3  3.8           
    p5733A/A                                                              
    p5733A/ZN                          MAOI222D1         1  1.8           
    p5779A/A                                                              
    p5779A/ZN                          MAOI222D1         1  0.9           
    p5822A/A1                                                             
    p5822A/ZN                          ND2D1             7  7.0           
    p5851A/B1                                                             
    p5851A/ZN                          MAOI22D1          4  4.8           
    p5903A/A                                                              
    p5903A/ZN                          MAOI222D1         3  3.9           
    p5965A/A                                                              
    p5965A/ZN                          MAOI222D1         3  3.8           
    p6033A/A                                                              
    p6033A/ZN                          MAOI222D1         1  0.9           
    Fp6078A/I                                                             
    Fp6078A/ZN                         CKND1             1  1.0           
    p6080A/CI                                                             
    p6080A/CO                          FA1D0             3  3.8           
    p6141A/A                                                              
    p6141A/ZN                          MAOI222D1         1  1.8           
    p6193A/A                                                              
    p6193A/ZN                          MAOI222D1         9  9.0           
    p6318A/B1                                                             
    p6318A/ZN                          MAOI22D1          4  4.8           
    p6382A/A                                                              
    p6382A/ZN                          MAOI222D1         3  3.9           
    p6442A/A                                                              
    p6442A/ZN                          MAOI222D1         3  3.8           
    p6513A/A                                                              
    p6513A/ZN                          MAOI222D1         3  3.8           
    p6581A/A                                                              
    p6581A/ZN                          MAOI222D1         1  1.0           
    Fp6608A/I                                                             
    Fp6608A/ZN                         INVD1             1  1.0           
    p6632A/CI                                                             
    p6632A/CO                          FA1D0             3  3.0           
    p6692A/A1                                                             
    p6692A/ZN                          AOI222D1          9  9.0           
    p6845A/B1                                                             
    p6845A/ZN                          MAOI22D1          4  4.8           
    p6903A/A                                                              
    p6903A/ZN                          MAOI222D1         3  3.9           
    p6962A/A                                                              
    p6962A/ZN                          MAOI222D1         3  3.8           
    p7031A/A                                                              
    p7031A/ZN                          MAOI222D1         3  3.8           
    p7098A/A                                                              
    p7098A/ZN                          MAOI222D1         3  3.8           
    p7164A/A                                                              
    p7164A/ZN                          MAOI222D1         3  2.9           
    Fp7225A/I                                                             
    Fp7225A/ZN                         CKND1             1  1.3           
    p7232A/A                                                              
    p7232A/ZN                          MAOI222D0         1  1.0           
    p7279A/C                                                              
    p7279A/ZN                          AOI221D1          9  8.7           
    p7493A/B1                                                             
    p7493A/ZN                          MAOI22D1          4  4.8           
    p7551A/A                                                              
    p7551A/ZN                          MAOI222D1         3  3.9           
    p7612A/A                                                              
    p7612A/ZN                          MAOI222D1         3  3.8           
    p7680A/A                                                              
    p7680A/ZN                          MAOI222D1         3  3.8           
    p7748A/A                                                              
    p7748A/ZN                          MAOI222D1         3  3.8           
    p7815A/A                                                              
    p7815A/ZN                          MAOI222D1         3  3.8           
    p7885A/A                                                              
    p7885A/ZN                          MAOI222D1         1  0.7           
    p7918A/C                                                              
    p7918A/ZN                          OAI221D0          7  7.6           
    Fp8133A/I                                                             
    Fp8133A/ZN                         CKND2             8  8.0           
    p8181A/B1                                                             
    p8181A/ZN                          MAOI22D1          2  2.7           
    p8211A/A                                                              
    p8211A/ZN                          MAOI222D1         3  3.9           
    p8271A/A                                                              
    p8271A/ZN                          MAOI222D1         3  3.8           
    p8340A/A                                                              
    p8340A/ZN                          MAOI222D1         3  3.8           
    p8410A/A                                                              
    p8410A/ZN                          MAOI222D1         3  3.3           
    p8476A/A                                                              
    p8476A/ZN                          MAOI222D0         1  1.0           
    p8523A/CI                                                             
    p8523A/CO                          FA1D0             1  1.0           
    p8567A/C                                                              
    p8567A/ZN                          AOI221D1         10  9.7           
    p8797A/B1                                                             
    p8797A/ZN                          MAOI22D1          3  3.8           
    p8848A/A                                                              
    p8848A/ZN                          MAOI222D0         1  0.9           
    Fp8879A/I                                                             
    Fp8879A/ZN                         CKND1             1  1.0           
    p8881A/CI                                                             
    p8881A/CO                          FA1D0             3  3.3           
    p8944A/A                                                              
    p8944A/ZN                          MAOI222D0         1  0.9           
    Fp8985A/I                                                             
    Fp8985A/ZN                         CKND1             1  1.0           
    p8987A/CI                                                             
    p8987A/CO                          FA1D0             3  3.3           
    p9048A/A                                                              
    p9048A/ZN                          MAOI222D0         1  0.9           
    Fp9091A/I                                                             
    Fp9091A/ZN                         CKND1             1  1.3           
    p9093A/A                                                              
    p9093A/ZN                          MAOI222D0         1  0.7           
    p9097A/C                                                              
    p9097A/ZN                          AOI221D0          8  8.0           
    Fp9418A/I                                                             
    Fp9418A/ZN                         INVD1             5  4.7           
    p9441A/B1                                                             
    p9441A/ZN                          OAI22D1           1  0.9           
  rem_38_56/REMAINDER[8] 
  cb_parti63476/rem_38_56_REMAINDER[4] 
    p10588A/A3                                                            
    p10588A/ZN                         NR4D0             1  1.0           
    p10629A/B                                                             
    p10629A/ZN                         OAI211D1          3  2.9           
    p10603A/B1                                                            
    p10603A/ZN                         OAI22D1           2  1.8           
    p10607A/A1                                                            
    p10607A/ZN                         ND2D1             6  5.5           
    Fp10617A/I                                                            
    Fp10617A/ZN                        INVD1             2  1.8           
    p10628A/A1                                                            
    p10628A/ZN                         ND2D1             3  4.5           
    p10636A/A2                                                            
    p10636A/Z                          AN3XD1            1  1.0           
    p10660A/A1                                                            
    p10660A/Z                          AN4XD1            1  1.0           
    p10676A/A1                                                            
    p10676A/Z                          AN4XD1            1  1.0           
    p10687A/A1                                                            
    p10687A/Z                          AN4XD1            1  1.0           
    p10675A/A1                                                            
    p10675A/ZN                         ND4D1             4  5.2           
  cb_parti63476/out_valid 
systolic_array_8X8/out_valid 
cb_seqi/systolic_array_8X8_out_valid 
  p15433A/A1                                                              
  p15433A/Z                            AN2XD1            3 16.0           
  Fp15492A18776/I                                                         
  Fp15492A18776/ZN                     INVD12            6 52.1           
  Fp15492A18775/I                                                         
  Fp15492A18775/ZN                     INVD12            3 25.7           
  Fp15492A18768/I                                                         
  Fp15492A18768/ZN                     INVD12           37 47.6           
  p15560A17993/B2                                                         
  p15560A17993/Z                       AO22D0            1  0.9           
  output_buffer_pipe_6_reg[29]/D  <<<  DFKCNQD1                           
  output_buffer_pipe_6_reg[29]/CP      setup                              
- - - - - - - - - - - - - - - - - - - - - - - - - - - - - - - - - - - - - 
(clock clk)                            capture                    20000 R 
                                       uncertainty                        
--------------------------------------------------------------------------
Cost Group   : 'C2C' (path_group 'C2C')
Start-point  : cb_seqi/cycle_num_reg[0]/CP
End-point    : cb_seqi/output_buffer_pipe_6_reg[29]/D
Mode         : default_mode

The global mapper estimates a slack for this path of 8956ps.
 
              Distributing super-thread jobs: cb_seq cb_seq_4216
                Sending 'cb_seq' to server 'localhost_1_14'...
                  Sent 'cb_seq' to server 'localhost_1_14'.
                Sending 'cb_seq_4216' to server 'localhost_1_12'...
                  Sent 'cb_seq_4216' to server 'localhost_1_12'.
                Received 'cb_seq' from server 'localhost_1_14'. (3404 ms elapsed)
                Received 'cb_seq_4216' from server 'localhost_1_12'. (3822 ms elapsed)
              Distributing super-thread jobs: cb_part_4220
                Sending 'cb_part_4220' to server 'localhost_1_14'...
                  Sent 'cb_part_4220' to server 'localhost_1_14'.
                Received 'cb_part_4220' from server 'localhost_1_14'. (755 ms elapsed)
 
Global incremental timing result
================================
        Applying wireload models.
        Computing net loads.
        Tracing clock networks.
        Levelizing the circuit.
        Computing delays.
        Computing arrivals and requireds.
               Pin                         Type       Fanout  Load Slew Delay Arrival   
                                                              (fF) (ps)  (ps)   (ps)    
----------------------------------------------------------------------------------------
(clock clk)                              launch                                     0 R 
cb_seqi
  cycle_num_reg[0]/CP                                               150    +0       0 R 
  cycle_num_reg[0]/Q                     DFKCNQD1          9   5.8   41  +183     183 F 
cb_seqi/systolic_array_8X8_cycle_num[0] 
systolic_array_8X8/cycle_num[0] 
  cb_parti/cycle_num[0] 
    p3791A/A1                                                              +0     183   
    p3791A/Z                             OR2D0             8   6.0   77  +108     291 F 
    p3832A/A3                                                              +0     291   
    p3832A/Z                             OR3D0             3   2.3   56  +132     423 F 
    p3903A/CI                                                              +0     423   
    p3903A/CO                            FA1D0             1   1.0   34   +92     514 F 
    p3979A/A                                                               +0     514   
    p3979A/CO                            FA1D0             1   1.0   34  +161     676 F 
    p4093A/A                                                               +0     676   
    p4093A/CO                            FA1D0             1   1.0   34  +161     837 F 
    p4211A/A                                                               +0     837   
    p4211A/CO                            FA1D0             1   1.0   34  +161     998 F 
    p4328A/A                                                               +0     998   
    p4328A/CO                            FA1D0             1   1.0   34  +161    1159 F 
    p4445A/A                                                               +0    1159   
    p4445A/CO                            FA1D0             1   1.0   34  +161    1320 F 
    p4563A/A                                                               +0    1320   
    p4563A/CO                            FA1D0             2   1.3   37  +164    1484 F 
    p4651A/A1                                                              +0    1484   
    p4651A/ZN                            NR2D0             5   3.3  142   +93    1577 R 
    p4706A/B1                                                              +0    1577   
    p4706A/ZN                            IND2D0            3   2.0   70   +71    1648 F 
    p4710A/B1                                                              +0    1648   
    p4710A/ZN                            MOAI22D0          1   0.6   38   +80    1728 F 
  cb_parti/rem_38_56_A[11] 
  rem_38_56/A[15] 
    p4738A/B                                                               +0    1728   
    p4738A/ZN                            IOA21D0           2   1.2   44   +32    1761 R 
    Fp4741A/I                                                              +0    1761   
    Fp4741A/ZN                           CKND0             1   0.7   21   +25    1786 F 
    p4742A/A1                                                              +0    1786   
    p4742A/ZN                            OAI221D0          2   1.3  138   +65    1851 R 
    p4781A/A1                                                              +0    1851   
    p4781A/ZN                            CKND2D0           4   3.4   89   +86    1937 F 
    p4797A/A                                                               +0    1937   
    p4797A/ZN                            MAOI222D0         1   0.8  125   +94    2031 R 
    p4834A/A2                                                              +0    2031   
    p4834A/ZN                            OAI221D0          5   3.3  156  +125    2156 F 
    p4936A/B1                                                              +0    2156   
    p4936A/ZN                            MAOI22D0          2   1.9   85  +122    2278 F 
    p4954A/A                                                               +0    2278   
    p4954A/ZN                            MAOI222D0         3   2.7  189  +129    2406 R 
    p5021A/A                                                               +0    2406   
    p5021A/ZN                            MAOI222D0         1   1.3  110   +95    2501 F 
    p5062A/A                                                               +0    2501   
    p5062A/ZN                            MAOI222D0         1   0.6  120   +95    2596 R 
    p5106A/A1                                                              +0    2596   
    p5106A/ZN                            CKND2D0           7   4.8  111   +97    2693 F 
    p5137A/B1                                                              +0    2693   
    p5137A/ZN                            MAOI22D0          2   1.9   68  +111    2804 F 
    p5155A/A                                                               +0    2804   
    p5155A/ZN                            MAOI222D0         3   2.7  189  +125    2929 R 
    p5218A/A                                                               +0    2929   
    p5218A/ZN                            MAOI222D0         3   2.7  125  +112    3041 F 
    p5285A/A                                                               +0    3041   
    p5285A/ZN                            MAOI222D0         1   0.7  124  +100    3142 R 
    p5326A/A1                                                              +0    3142   
    p5326A/ZN                            OAI221D0          9   6.2  236  +164    3305 F 
    p5503A/A1                                                              +0    3305   
    p5503A/ZN                            MAOI22D0          4   3.4  166  +146    3451 R 
    p5555A/A                                                               +0    3451   
    p5555A/ZN                            MAOI222D0         3   2.7  120  +107    3558 F 
    p5617A/A                                                               +0    3558   
    p5617A/ZN                            MAOI222D0         1   0.6  121   +97    3656 R 
    Fp5651A/I                                                              +0    3656   
    Fp5651A/ZN                           CKND0             1   1.0   41   +43    3699 F 
    p5671A/CI                                                              +0    3699   
    p5671A/CO                            FA1D0             3   2.7   51  +102    3802 F 
    p5733A/A                                                               +0    3802   
    p5733A/ZN                            MAOI222D0         1   1.3  142   +94    3896 R 
    p5779A/A                                                               +0    3896   
    p5779A/ZN                            MAOI222D0         1   0.6   87   +77    3973 F 
    p5822A/A1                                                              +0    3973   
    p5822A/ZN                            CKND2D0           7   4.8  125   +94    4067 R 
    p5851A/B1                                                              +0    4067   
    p5851A/ZN                            MAOI22D0          4   3.4  159  +152    4218 R 
    p5903A/A                                                               +0    4218   
    p5903A/ZN                            MAOI222D0         3   2.7  118  +106    4324 F 
    p5965A/A                                                               +0    4324   
    p5965A/ZN                            MAOI222D0         3   2.7  189  +136    4461 R 
    p6033A/A                                                               +0    4461   
    p6033A/ZN                            MAOI222D0         1   0.6   95   +85    4546 F 
    Fp6078A/I                                                              +0    4546   
    Fp6078A/ZN                           CKND0             1   1.0   42   +42    4588 R 
    p6080A/CI                                                              +0    4588   
    p6080A/CO                            FA1D0             3   2.7   64   +94    4683 R 
    p6141A/A                                                               +0    4683   
    p6141A/ZN                            MAOI222D0         1   1.3   99   +66    4749 F 
    p6193A/A                                                               +0    4749   
    p6193A/ZN                            MAOI222D0         9   6.2  306  +197    4946 R 
    p6318A/B1                                                              +0    4946   
    p6318A/ZN                            MAOI22D0          4   3.4  159  +172    5118 R 
    p6382A/A                                                               +0    5118   
    p6382A/ZN                            MAOI222D0         3   2.7  118  +106    5224 F 
    p6442A/A                                                               +0    5224   
    p6442A/ZN                            MAOI222D0         3   2.7  189  +136    5360 R 
    p6513A/A                                                               +0    5360   
    p6513A/ZN                            MAOI222D0         3   2.7  129  +112    5473 F 
    p6581A/A                                                               +0    5473   
    p6581A/ZN                            MAOI222D0         1   0.6  122  +100    5572 R 
    Fp6608A/I                                                              +0    5572   
    Fp6608A/ZN                           CKND0             1   1.0   41   +44    5616 F 
    p6632A/CI                                                              +0    5616   
    p6632A/CO                            FA1D0             3   2.1   45   +98    5714 F 
    p6692A/A1                                                              +0    5714   
    p6692A/ZN                            AOI222D0          9   6.2  448  +257    5971 R 
    p6845A/B1                                                              +0    5971   
    p6845A/ZN                            MAOI22D0          4   3.4  161  +182    6153 R 
    p6903A/A                                                               +0    6153   
    p6903A/ZN                            MAOI222D0         3   2.7  119  +106    6259 F 
    p6962A/A                                                               +0    6259   
    p6962A/ZN                            MAOI222D0         3   2.7  189  +136    6396 R 
    p7031A/A                                                               +0    6396   
    p7031A/ZN                            MAOI222D0         3   2.7  129  +112    6508 F 
    p7098A/A                                                               +0    6508   
    p7098A/ZN                            MAOI222D0         3   2.7  189  +139    6647 R 
    p7164A/A                                                               +0    6647   
    p7164A/ZN                            MAOI222D0         3   2.0  114  +104    6751 F 
    Fp7225A/I                                                              +0    6751   
    Fp7225A/ZN                           CKND0             1   1.3   50   +50    6801 R 
    p7232A/A                                                               +0    6801   
    p7232A/ZN                            MAOI222D0         1   0.7   86   +56    6857 F 
    p7279A/C                                                               +0    6857   
    p7279A/ZN                            AOI221D0          9   6.2  423  +303    7160 R 
    p7493A/B1                                                              +0    7160   
    p7493A/ZN                            MAOI22D0          4   3.4  163  +180    7340 R 
    p7551A/A                                                               +0    7340   
    p7551A/ZN                            MAOI222D0         3   2.7  119  +107    7447 F 
    p7612A/A                                                               +0    7447   
    p7612A/ZN                            MAOI222D0         3   2.7  189  +137    7584 R 
    p7680A/A                                                               +0    7584   
    p7680A/ZN                            MAOI222D0         3   2.7  129  +112    7696 F 
    p7748A/A                                                               +0    7696   
    p7748A/ZN                            MAOI222D0         3   2.7  191  +139    7835 R 
    p7815A/A                                                               +0    7835   
    p7815A/ZN                            MAOI222D0         3   2.7  125  +113    7948 F 
    p7885A/A                                                               +0    7948   
    p7885A/ZN                            MAOI222D0         1   0.7  128  +101    8049 R 
    p7918A/C                                                               +0    8049   
    p7918A/ZN                            OAI221D0          7   4.8  226  +173    8221 F 
    Fp8133A/I                                                              +0    8221   
    Fp8133A/ZN                           CKND0             8   5.6  128  +123    8344 R 
    p8181A/B1                                                              +0    8344   
    p8181A/ZN                            MAOI22D0          2   1.9  109  +124    8469 R 
    p8211A/A                                                               +0    8469   
    p8211A/ZN                            MAOI222D0         3   2.7  117   +94    8562 F 
    p8271A/A                                                               +0    8562   
    p8271A/ZN                            MAOI222D0         3   2.7  189  +136    8698 R 
    p8340A/A                                                               +0    8698   
    p8340A/ZN                            MAOI222D0         3   2.7  129  +112    8811 F 
    p8410A/A                                                               +0    8811   
    p8410A/ZN                            MAOI222D0         3   2.7  189  +139    8950 R 
    p8476A/A                                                               +0    8950   
    p8476A/ZN                            MAOI222D0         1   1.0   98   +91    9041 F 
    p8523A/CI                                                              +0    9041   
    p8523A/CO                            FA1D0             1   0.7   32  +100    9141 F 
    p8567A/C                                                               +0    9141   
    p8567A/ZN                            AOI221D0         10   6.9  458  +309    9450 R 
    p8797A/B1                                                              +0    9450   
    p8797A/ZN                            MAOI22D0          3   3.5  163  +184    9634 R 
    p8848A/A                                                               +0    9634   
    p8848A/ZN                            MAOI222D0         1   0.6   87   +81    9715 F 
    Fp8879A/I                                                              +0    9715   
    Fp8879A/ZN                           CKND0             1   1.0   40   +41    9756 R 
    p8881A/CI                                                              +0    9756   
    p8881A/CO                            FA1D0             3   2.7   65   +94    9850 R 
    p8944A/A                                                               +0    9850   
    p8944A/ZN                            MAOI222D0         1   0.6   95   +59    9908 F 
    Fp8985A/I                                                              +0    9908   
    Fp8985A/ZN                           CKND0             1   1.0   42   +42    9951 R 
    p8987A/CI                                                              +0    9951   
    p8987A/CO                            FA1D0             3   2.7   64   +94   10045 R 
    p9048A/A                                                               +0   10045   
    p9048A/ZN                            MAOI222D0         1   0.6   87   +58   10104 F 
    Fp9091A/I                                                              +0   10104   
    Fp9091A/ZN                           CKND0             1   1.3   43   +44   10148 R 
    p9093A/A                                                               +0   10148   
    p9093A/ZN                            MAOI222D0         1   0.7   84   +54   10202 F 
    p9097A/C                                                               +0   10202   
    p9097A/ZN                            AOI221D0          8   5.5  388  +282   10485 R 
    Fp9418A/I                                                              +0   10485   
    Fp9418A/ZN                           CKND0             5   3.5  121  +116   10601 F 
    p9441A/B1                                                              +0   10601   
    p9441A/ZN                            OAI22D0           1   0.9  116   +97   10698 R 
  rem_38_56/REMAINDER[8] 
  cb_parti63476/rem_38_56_REMAINDER[4] 
    p10588A/A3                                                             +0   10698   
    p10588A/ZN                           NR4D0             1   0.7   48   +53   10751 F 
    p10629A/B                                                              +0   10751   
    p10629A/ZN                           OAI211D0          3   2.0  120   +54   10805 R 
    p10603A/B1                                                             +0   10805   
    p10603A/ZN                           OAI22D0           2   1.2   69   +74   10878 F 
    p10607A/A1                                                             +0   10878   
    p10607A/ZN                           CKND2D0           6   3.6  101   +74   10953 R 
    Fp10617A/I                                                             +0   10953   
    Fp10617A/ZN                          CKND0             2   1.2   38   +42   10995 F 
    p10628A/A1                                                             +0   10995   
    p10628A/ZN                           CKND2D0           3   3.0   86   +59   11054 R 
    p10636A/A2                                                             +0   11054   
    p10636A/Z                            AN3D0             1   0.7   38   +97   11150 R 
    p10660A/A1                                                             +0   11150   
    p10660A/Z                            AN4D0             1   0.7   45   +99   11249 R 
    p10676A/A1                                                             +0   11249   
    p10676A/Z                            AN4D0             1   0.7   45  +100   11350 R 
    p10687A/A1                                                             +0   11350   
    p10687A/Z                            AN4D0             1   0.7   45  +100   11450 R 
    p10675A/A1                                                             +0   11450   
    p10675A/ZN                           ND4D0             4   6.6  298  +190   11640 F 
  cb_parti63476/out_valid 
systolic_array_8X8/out_valid 
cb_seqi/systolic_array_8X8_out_valid 
  p15433A/A1                                                               +0   11640   
  p15433A/Z                              AN2D8           577 413.0  275  +253   11893 F 
  Fp15492A18776/I                                                          +0   11893   
  Fp15492A18776/ZN                       CKND12          899 631.9  446  +316   12209 R 
  Fp15492A18775/I                                                          +0   12209   
  Fp15492A18775/ZN                       CKND4           320 224.0  379  +333   12542 F 
  p15560A18261/A1                                                          +0   12542   
  p15560A18261/Z                         AO22D0            1   1.0   44  +160   12702 F 
  output_buffer_pipe_0_reg[6][0]/D  <<<  DFKCND1                           +0   12702   
  output_buffer_pipe_0_reg[6][0]/CP      setup                      150    -5   12698 R 
- - - - - - - - - - - - - - - - - - - - - - - - - - - - - - - - - - - - - - - - - - - - 
(clock clk)                              capture                                20000 R 
                                         uncertainty                     -150   19850 R 
----------------------------------------------------------------------------------------
Cost Group   : 'C2C' (path_group 'C2C')
Timing slack :    7152ps 
Start-point  : cb_seqi/cycle_num_reg[0]/CP
End-point    : cb_seqi/output_buffer_pipe_0_reg[6][0]/D
Mode         : default_mode

               Pin                         Type       Fanout  Load Slew Delay Arrival   
                                                              (fF) (ps)  (ps)   (ps)    
----------------------------------------------------------------------------------------
(clock clk)                              launch                                     0 R 
(systolic_array_wrapp_line_28_9_1)       ext delay                       +250     250 F 
tile_num[0]                              in port           6 505.3    0    +0     250 F 
systolic_array_8X8/tile_num[0] 
  cb_parti/tile_num[0] 
    p4167A/A2                                                              +0     250   
    p4167A/ZN                            CKND2D0           2   1.7   58   +35     285 R 
    Fp4178A/I                                                              +0     285   
    Fp4178A/ZN                           CKND0             2   1.2   29   +33     318 F 
    p4219A/A1                                                              +0     318   
    p4219A/Z                             CKAN2D0           3   2.2   42   +65     383 F 
    p4225A/B                                                               +0     383   
    p4225A/ZN                            IAO21D1          34  26.8  477  +275     658 R 
    Fp4420A/I                                                              +0     658   
    Fp4420A/ZN                           CKND0             1   1.8  114   +95     753 F 
    p4093A/B                                                               +0     753   
    p4093A/CO                            FA1D0             1   1.0   34  +145     898 F 
    p4211A/A                                                               +0     898   
    p4211A/CO                            FA1D0             1   1.0   34  +161    1060 F 
    p4328A/A                                                               +0    1060   
    p4328A/CO                            FA1D0             1   1.0   34  +161    1221 F 
    p4445A/A                                                               +0    1221   
    p4445A/CO                            FA1D0             1   1.0   34  +161    1382 F 
    p4563A/A                                                               +0    1382   
    p4563A/CO                            FA1D0             2   1.3   37  +164    1546 F 
    p4651A/A1                                                              +0    1546   
    p4651A/ZN                            NR2D0             5   3.3  142   +93    1639 R 
    p4706A/B1                                                              +0    1639   
    p4706A/ZN                            IND2D0            3   2.0   70   +71    1710 F 
    p4710A/B1                                                              +0    1710   
    p4710A/ZN                            MOAI22D0          1   0.6   38   +80    1790 F 
  cb_parti/rem_38_56_A[11] 
  rem_38_56/A[15] 
    p4738A/B                                                               +0    1790   
    p4738A/ZN                            IOA21D0           2   1.2   44   +32    1823 R 
    Fp4741A/I                                                              +0    1823   
    Fp4741A/ZN                           CKND0             1   0.7   21   +25    1848 F 
    p4742A/A1                                                              +0    1848   
    p4742A/ZN                            OAI221D0          2   1.3  138   +65    1913 R 
    p4781A/A1                                                              +0    1913   
    p4781A/ZN                            CKND2D0           4   3.4   89   +86    1999 F 
    p4797A/A                                                               +0    1999   
    p4797A/ZN                            MAOI222D0         1   0.8  125   +94    2093 R 
    p4834A/A2                                                              +0    2093   
    p4834A/ZN                            OAI221D0          5   3.3  156  +125    2218 F 
    p4936A/B1                                                              +0    2218   
    p4936A/ZN                            MAOI22D0          2   1.9   85  +122    2339 F 
    p4954A/A                                                               +0    2339   
    p4954A/ZN                            MAOI222D0         3   2.7  189  +129    2468 R 
    p5021A/A                                                               +0    2468   
    p5021A/ZN                            MAOI222D0         1   1.3  110   +95    2563 F 
    p5062A/A                                                               +0    2563   
    p5062A/ZN                            MAOI222D0         1   0.6  120   +95    2658 R 
    p5106A/A1                                                              +0    2658   
    p5106A/ZN                            CKND2D0           7   4.8  111   +97    2755 F 
    p5137A/B1                                                              +0    2755   
    p5137A/ZN                            MAOI22D0          2   1.9   68  +111    2866 F 
    p5155A/A                                                               +0    2866   
    p5155A/ZN                            MAOI222D0         3   2.7  189  +125    2990 R 
    p5218A/A                                                               +0    2990   
    p5218A/ZN                            MAOI222D0         3   2.7  125  +112    3103 F 
    p5285A/A                                                               +0    3103   
    p5285A/ZN                            MAOI222D0         1   0.7  124  +100    3204 R 
    p5326A/A1                                                              +0    3204   
    p5326A/ZN                            OAI221D0          9   6.2  236  +164    3367 F 
    p5503A/A1                                                              +0    3367   
    p5503A/ZN                            MAOI22D0          4   3.4  166  +146    3513 R 
    p5555A/A                                                               +0    3513   
    p5555A/ZN                            MAOI222D0         3   2.7  120  +107    3620 F 
    p5617A/A                                                               +0    3620   
    p5617A/ZN                            MAOI222D0         1   0.6  121   +97    3718 R 
    Fp5651A/I                                                              +0    3718   
    Fp5651A/ZN                           CKND0             1   1.0   41   +43    3761 F 
    p5671A/CI                                                              +0    3761   
    p5671A/CO                            FA1D0             3   2.7   51  +102    3863 F 
    p5733A/A                                                               +0    3863   
    p5733A/ZN                            MAOI222D0         1   1.3  142   +94    3958 R 
    p5779A/A                                                               +0    3958   
    p5779A/ZN                            MAOI222D0         1   0.6   87   +77    4035 F 
    p5822A/A1                                                              +0    4035   
    p5822A/ZN                            CKND2D0           7   4.8  125   +94    4129 R 
    p5851A/B1                                                              +0    4129   
    p5851A/ZN                            MAOI22D0          4   3.4  159  +152    4280 R 
    p5903A/A                                                               +0    4280   
    p5903A/ZN                            MAOI222D0         3   2.7  118  +106    4386 F 
    p5965A/A                                                               +0    4386   
    p5965A/ZN                            MAOI222D0         3   2.7  189  +136    4522 R 
    p6033A/A                                                               +0    4522   
    p6033A/ZN                            MAOI222D0         1   0.6   95   +85    4608 F 
    Fp6078A/I                                                              +0    4608   
    Fp6078A/ZN                           CKND0             1   1.0   42   +42    4650 R 
    p6080A/CI                                                              +0    4650   
    p6080A/CO                            FA1D0             3   2.7   64   +94    4744 R 
    p6141A/A                                                               +0    4744   
    p6141A/ZN                            MAOI222D0         1   1.3   99   +66    4811 F 
    p6193A/A                                                               +0    4811   
    p6193A/ZN                            MAOI222D0         9   6.2  306  +197    5008 R 
    p6318A/B1                                                              +0    5008   
    p6318A/ZN                            MAOI22D0          4   3.4  159  +172    5180 R 
    p6382A/A                                                               +0    5180   
    p6382A/ZN                            MAOI222D0         3   2.7  118  +106    5286 F 
    p6442A/A                                                               +0    5286   
    p6442A/ZN                            MAOI222D0         3   2.7  189  +136    5422 R 
    p6513A/A                                                               +0    5422   
    p6513A/ZN                            MAOI222D0         3   2.7  129  +112    5535 F 
    p6581A/A                                                               +0    5535   
    p6581A/ZN                            MAOI222D0         1   0.6  122  +100    5634 R 
    Fp6608A/I                                                              +0    5634   
    Fp6608A/ZN                           CKND0             1   1.0   41   +44    5678 F 
    p6632A/CI                                                              +0    5678   
    p6632A/CO                            FA1D0             3   2.1   45   +98    5776 F 
    p6692A/A1                                                              +0    5776   
    p6692A/ZN                            AOI222D0          9   6.2  448  +257    6033 R 
    p6845A/B1                                                              +0    6033   
    p6845A/ZN                            MAOI22D0          4   3.4  161  +182    6215 R 
    p6903A/A                                                               +0    6215   
    p6903A/ZN                            MAOI222D0         3   2.7  119  +106    6321 F 
    p6962A/A                                                               +0    6321   
    p6962A/ZN                            MAOI222D0         3   2.7  189  +136    6458 R 
    p7031A/A                                                               +0    6458   
    p7031A/ZN                            MAOI222D0         3   2.7  129  +112    6570 F 
    p7098A/A                                                               +0    6570   
    p7098A/ZN                            MAOI222D0         3   2.7  189  +139    6709 R 
    p7164A/A                                                               +0    6709   
    p7164A/ZN                            MAOI222D0         3   2.0  114  +104    6813 F 
    Fp7225A/I                                                              +0    6813   
    Fp7225A/ZN                           CKND0             1   1.3   50   +50    6863 R 
    p7232A/A                                                               +0    6863   
    p7232A/ZN                            MAOI222D0         1   0.7   86   +56    6919 F 
    p7279A/C                                                               +0    6919   
    p7279A/ZN                            AOI221D0          9   6.2  423  +303    7222 R 
    p7493A/B1                                                              +0    7222   
    p7493A/ZN                            MAOI22D0          4   3.4  163  +180    7402 R 
    p7551A/A                                                               +0    7402   
    p7551A/ZN                            MAOI222D0         3   2.7  119  +107    7509 F 
    p7612A/A                                                               +0    7509   
    p7612A/ZN                            MAOI222D0         3   2.7  189  +137    7645 R 
    p7680A/A                                                               +0    7645   
    p7680A/ZN                            MAOI222D0         3   2.7  129  +112    7758 F 
    p7748A/A                                                               +0    7758   
    p7748A/ZN                            MAOI222D0         3   2.7  191  +139    7897 R 
    p7815A/A                                                               +0    7897   
    p7815A/ZN                            MAOI222D0         3   2.7  125  +113    8010 F 
    p7885A/A                                                               +0    8010   
    p7885A/ZN                            MAOI222D0         1   0.7  128  +101    8110 R 
    p7918A/C                                                               +0    8110   
    p7918A/ZN                            OAI221D0          7   4.8  226  +173    8283 F 
    Fp8133A/I                                                              +0    8283   
    Fp8133A/ZN                           CKND0             8   5.6  128  +123    8406 R 
    p8181A/B1                                                              +0    8406   
    p8181A/ZN                            MAOI22D0          2   1.9  109  +124    8530 R 
    p8211A/A                                                               +0    8530   
    p8211A/ZN                            MAOI222D0         3   2.7  117   +94    8624 F 
    p8271A/A                                                               +0    8624   
    p8271A/ZN                            MAOI222D0         3   2.7  189  +136    8760 R 
    p8340A/A                                                               +0    8760   
    p8340A/ZN                            MAOI222D0         3   2.7  129  +112    8873 F 
    p8410A/A                                                               +0    8873   
    p8410A/ZN                            MAOI222D0         3   2.7  189  +139    9012 R 
    p8476A/A                                                               +0    9012   
    p8476A/ZN                            MAOI222D0         1   1.0   98   +91    9102 F 
    p8523A/CI                                                              +0    9102   
    p8523A/CO                            FA1D0             1   0.7   32  +100    9203 F 
    p8567A/C                                                               +0    9203   
    p8567A/ZN                            AOI221D0         10   6.9  458  +309    9512 R 
    p8797A/B1                                                              +0    9512   
    p8797A/ZN                            MAOI22D0          3   3.5  163  +184    9696 R 
    p8848A/A                                                               +0    9696   
    p8848A/ZN                            MAOI222D0         1   0.6   87   +81    9777 F 
    Fp8879A/I                                                              +0    9777   
    Fp8879A/ZN                           CKND0             1   1.0   40   +41    9818 R 
    p8881A/CI                                                              +0    9818   
    p8881A/CO                            FA1D0             3   2.7   65   +94    9912 R 
    p8944A/A                                                               +0    9912   
    p8944A/ZN                            MAOI222D0         1   0.6   95   +59    9970 F 
    Fp8985A/I                                                              +0    9970   
    Fp8985A/ZN                           CKND0             1   1.0   42   +42   10012 R 
    p8987A/CI                                                              +0   10012   
    p8987A/CO                            FA1D0             3   2.7   64   +94   10107 R 
    p9048A/A                                                               +0   10107   
    p9048A/ZN                            MAOI222D0         1   0.6   87   +58   10166 F 
    Fp9091A/I                                                              +0   10166   
    Fp9091A/ZN                           CKND0             1   1.3   43   +44   10210 R 
    p9093A/A                                                               +0   10210   
    p9093A/ZN                            MAOI222D0         1   0.7   84   +54   10264 F 
    p9097A/C                                                               +0   10264   
    p9097A/ZN                            AOI221D0          8   5.5  388  +282   10547 R 
    Fp9418A/I                                                              +0   10547   
    Fp9418A/ZN                           CKND0             5   3.5  121  +116   10662 F 
    p9441A/B1                                                              +0   10662   
    p9441A/ZN                            OAI22D0           1   0.9  116   +97   10760 R 
  rem_38_56/REMAINDER[8] 
  cb_parti63476/rem_38_56_REMAINDER[4] 
    p10588A/A3                                                             +0   10760   
    p10588A/ZN                           NR4D0             1   0.7   48   +53   10812 F 
    p10629A/B                                                              +0   10812   
    p10629A/ZN                           OAI211D0          3   2.0  120   +54   10866 R 
    p10603A/B1                                                             +0   10866   
    p10603A/ZN                           OAI22D0           2   1.2   69   +74   10940 F 
    p10607A/A1                                                             +0   10940   
    p10607A/ZN                           CKND2D0           6   3.6  101   +74   11015 R 
    Fp10617A/I                                                             +0   11015   
    Fp10617A/ZN                          CKND0             2   1.2   38   +42   11057 F 
    p10628A/A1                                                             +0   11057   
    p10628A/ZN                           CKND2D0           3   3.0   86   +59   11116 R 
    p10636A/A2                                                             +0   11116   
    p10636A/Z                            AN3D0             1   0.7   38   +97   11212 R 
    p10660A/A1                                                             +0   11212   
    p10660A/Z                            AN4D0             1   0.7   45   +99   11311 R 
    p10676A/A1                                                             +0   11311   
    p10676A/Z                            AN4D0             1   0.7   45  +100   11412 R 
    p10687A/A1                                                             +0   11412   
    p10687A/Z                            AN4D0             1   0.7   45  +100   11512 R 
    p10675A/A1                                                             +0   11512   
    p10675A/ZN                           ND4D0             4   6.6  298  +190   11702 F 
  cb_parti63476/out_valid 
systolic_array_8X8/out_valid 
cb_seqi/systolic_array_8X8_out_valid 
  p15433A/A1                                                               +0   11702   
  p15433A/Z                              AN2D8           577 413.0  275  +253   11955 F 
  Fp15492A18776/I                                                          +0   11955   
  Fp15492A18776/ZN                       CKND12          899 631.9  446  +316   12271 R 
  Fp15492A18775/I                                                          +0   12271   
  Fp15492A18775/ZN                       CKND4           320 224.0  379  +333   12604 F 
  p15560A18261/A1                                                          +0   12604   
  p15560A18261/Z                         AO22D0            1   1.0   44  +160   12764 F 
  output_buffer_pipe_0_reg[6][0]/D  <<<  DFKCND1                           +0   12764   
  output_buffer_pipe_0_reg[6][0]/CP      setup                      150    -5   12759 R 
- - - - - - - - - - - - - - - - - - - - - - - - - - - - - - - - - - - - - - - - - - - - 
(clock clk)                              capture                                20000 R 
                                         uncertainty                     -150   19850 R 
----------------------------------------------------------------------------------------
Cost Group   : 'I2C' (path_group 'I2C')
Timing slack :    7091ps 
Start-point  : tile_num[0]
End-point    : cb_seqi/output_buffer_pipe_0_reg[6][0]/D
Mode         : default_mode

                Pin                          Type       Fanout  Load Slew Delay Arrival   
                                                                (fF) (ps)  (ps)   (ps)    
------------------------------------------------------------------------------------------
(clock clk)                               launch                                      0 R 
cb_seqi
  cycle_num_reg[0]/CP                                                 150    +0       0 R 
  cycle_num_reg[0]/Q                      DFKCNQD1           9   5.8   41  +183     183 F 
cb_seqi/systolic_array_8X8_cycle_num[0] 
systolic_array_8X8/cycle_num[0] 
  cb_parti/cycle_num[0] 
    p3791A/A1                                                                +0     183   
    p3791A/Z                              OR2D0              8   6.0   77  +108     291 F 
    p3832A/A3                                                                +0     291   
    p3832A/Z                              OR3D0              3   2.3   56  +132     423 F 
    p3903A/CI                                                                +0     423   
    p3903A/CO                             FA1D0              1   1.0   34   +92     514 F 
    p3979A/A                                                                 +0     514   
    p3979A/CO                             FA1D0              1   1.0   34  +161     676 F 
    p4093A/A                                                                 +0     676   
    p4093A/CO                             FA1D0              1   1.0   34  +161     837 F 
    p4211A/A                                                                 +0     837   
    p4211A/CO                             FA1D0              1   1.0   34  +161     998 F 
    p4328A/A                                                                 +0     998   
    p4328A/CO                             FA1D0              1   1.0   34  +161    1159 F 
    p4445A/A                                                                 +0    1159   
    p4445A/CO                             FA1D0              1   1.0   34  +161    1320 F 
    p4563A/A                                                                 +0    1320   
    p4563A/CO                             FA1D0              2   1.3   37  +164    1484 F 
    p4651A/A1                                                                +0    1484   
    p4651A/ZN                             NR2D0              5   3.3  142   +93    1577 R 
    p4706A/B1                                                                +0    1577   
    p4706A/ZN                             IND2D0             3   2.0   70   +71    1648 F 
    p4710A/B1                                                                +0    1648   
    p4710A/ZN                             MOAI22D0           1   0.6   38   +80    1728 F 
  cb_parti/rem_38_56_A[11] 
  rem_38_56/A[15] 
    p4738A/B                                                                 +0    1728   
    p4738A/ZN                             IOA21D0            2   1.2   44   +32    1761 R 
    Fp4741A/I                                                                +0    1761   
    Fp4741A/ZN                            CKND0              1   0.7   21   +25    1786 F 
    p4742A/A1                                                                +0    1786   
    p4742A/ZN                             OAI221D0           2   1.3  138   +65    1851 R 
    p4781A/A1                                                                +0    1851   
    p4781A/ZN                             CKND2D0            4   3.4   89   +86    1937 F 
    p4797A/A                                                                 +0    1937   
    p4797A/ZN                             MAOI222D0          1   0.8  125   +94    2031 R 
    p4834A/A2                                                                +0    2031   
    p4834A/ZN                             OAI221D0           5   3.3  156  +125    2156 F 
    p4936A/B1                                                                +0    2156   
    p4936A/ZN                             MAOI22D0           2   1.9   85  +122    2278 F 
    p4954A/A                                                                 +0    2278   
    p4954A/ZN                             MAOI222D0          3   2.7  189  +129    2406 R 
    p5021A/A                                                                 +0    2406   
    p5021A/ZN                             MAOI222D0          1   1.3  110   +95    2501 F 
    p5062A/A                                                                 +0    2501   
    p5062A/ZN                             MAOI222D0          1   0.6  120   +95    2596 R 
    p5106A/A1                                                                +0    2596   
    p5106A/ZN                             CKND2D0            7   4.8  111   +97    2693 F 
    p5137A/B1                                                                +0    2693   
    p5137A/ZN                             MAOI22D0           2   1.9   68  +111    2804 F 
    p5155A/A                                                                 +0    2804   
    p5155A/ZN                             MAOI222D0          3   2.7  189  +125    2929 R 
    p5218A/A                                                                 +0    2929   
    p5218A/ZN                             MAOI222D0          3   2.7  125  +112    3041 F 
    p5285A/A                                                                 +0    3041   
    p5285A/ZN                             MAOI222D0          1   0.7  124  +100    3142 R 
    p5326A/A1                                                                +0    3142   
    p5326A/ZN                             OAI221D0           9   6.2  236  +164    3305 F 
    p5503A/A1                                                                +0    3305   
    p5503A/ZN                             MAOI22D0           4   3.4  166  +146    3451 R 
    p5555A/A                                                                 +0    3451   
    p5555A/ZN                             MAOI222D0          3   2.7  120  +107    3558 F 
    p5617A/A                                                                 +0    3558   
    p5617A/ZN                             MAOI222D0          1   0.6  121   +97    3656 R 
    Fp5651A/I                                                                +0    3656   
    Fp5651A/ZN                            CKND0              1   1.0   41   +43    3699 F 
    p5671A/CI                                                                +0    3699   
    p5671A/CO                             FA1D0              3   2.7   51  +102    3802 F 
    p5733A/A                                                                 +0    3802   
    p5733A/ZN                             MAOI222D0          1   1.3  142   +94    3896 R 
    p5779A/A                                                                 +0    3896   
    p5779A/ZN                             MAOI222D0          1   0.6   87   +77    3973 F 
    p5822A/A1                                                                +0    3973   
    p5822A/ZN                             CKND2D0            7   4.8  125   +94    4067 R 
    p5851A/B1                                                                +0    4067   
    p5851A/ZN                             MAOI22D0           4   3.4  159  +152    4218 R 
    p5903A/A                                                                 +0    4218   
    p5903A/ZN                             MAOI222D0          3   2.7  118  +106    4324 F 
    p5965A/A                                                                 +0    4324   
    p5965A/ZN                             MAOI222D0          3   2.7  189  +136    4461 R 
    p6033A/A                                                                 +0    4461   
    p6033A/ZN                             MAOI222D0          1   0.6   95   +85    4546 F 
    Fp6078A/I                                                                +0    4546   
    Fp6078A/ZN                            CKND0              1   1.0   42   +42    4588 R 
    p6080A/CI                                                                +0    4588   
    p6080A/CO                             FA1D0              3   2.7   64   +94    4683 R 
    p6141A/A                                                                 +0    4683   
    p6141A/ZN                             MAOI222D0          1   1.3   99   +66    4749 F 
    p6193A/A                                                                 +0    4749   
    p6193A/ZN                             MAOI222D0          9   6.2  306  +197    4946 R 
    p6318A/B1                                                                +0    4946   
    p6318A/ZN                             MAOI22D0           4   3.4  159  +172    5118 R 
    p6382A/A                                                                 +0    5118   
    p6382A/ZN                             MAOI222D0          3   2.7  118  +106    5224 F 
    p6442A/A                                                                 +0    5224   
    p6442A/ZN                             MAOI222D0          3   2.7  189  +136    5360 R 
    p6513A/A                                                                 +0    5360   
    p6513A/ZN                             MAOI222D0          3   2.7  129  +112    5473 F 
    p6581A/A                                                                 +0    5473   
    p6581A/ZN                             MAOI222D0          1   0.6  122  +100    5572 R 
    Fp6608A/I                                                                +0    5572   
    Fp6608A/ZN                            CKND0              1   1.0   41   +44    5616 F 
    p6632A/CI                                                                +0    5616   
    p6632A/CO                             FA1D0              3   2.1   45   +98    5714 F 
    p6692A/A1                                                                +0    5714   
    p6692A/ZN                             AOI222D0           9   6.2  448  +257    5971 R 
    p6845A/B1                                                                +0    5971   
    p6845A/ZN                             MAOI22D0           4   3.4  161  +182    6153 R 
    p6903A/A                                                                 +0    6153   
    p6903A/ZN                             MAOI222D0          3   2.7  119  +106    6259 F 
    p6962A/A                                                                 +0    6259   
    p6962A/ZN                             MAOI222D0          3   2.7  189  +136    6396 R 
    p7031A/A                                                                 +0    6396   
    p7031A/ZN                             MAOI222D0          3   2.7  129  +112    6508 F 
    p7098A/A                                                                 +0    6508   
    p7098A/ZN                             MAOI222D0          3   2.7  189  +139    6647 R 
    p7164A/A                                                                 +0    6647   
    p7164A/ZN                             MAOI222D0          3   2.0  114  +104    6751 F 
    Fp7225A/I                                                                +0    6751   
    Fp7225A/ZN                            CKND0              1   1.3   50   +50    6801 R 
    p7232A/A                                                                 +0    6801   
    p7232A/ZN                             MAOI222D0          1   0.7   86   +56    6857 F 
    p7279A/C                                                                 +0    6857   
    p7279A/ZN                             AOI221D0           9   6.2  423  +303    7160 R 
    p7493A/B1                                                                +0    7160   
    p7493A/ZN                             MAOI22D0           4   3.4  163  +180    7340 R 
    p7551A/A                                                                 +0    7340   
    p7551A/ZN                             MAOI222D0          3   2.7  119  +107    7447 F 
    p7612A/A                                                                 +0    7447   
    p7612A/ZN                             MAOI222D0          3   2.7  189  +137    7584 R 
    p7680A/A                                                                 +0    7584   
    p7680A/ZN                             MAOI222D0          3   2.7  129  +112    7696 F 
    p7748A/A                                                                 +0    7696   
    p7748A/ZN                             MAOI222D0          3   2.7  191  +139    7835 R 
    p7815A/A                                                                 +0    7835   
    p7815A/ZN                             MAOI222D0          3   2.7  125  +113    7948 F 
    p7885A/A                                                                 +0    7948   
    p7885A/ZN                             MAOI222D0          1   0.7  128  +101    8049 R 
    p7918A/C                                                                 +0    8049   
    p7918A/ZN                             OAI221D0           7   4.8  226  +173    8221 F 
    Fp8133A/I                                                                +0    8221   
    Fp8133A/ZN                            CKND0              8   5.6  128  +123    8344 R 
    p8181A/B1                                                                +0    8344   
    p8181A/ZN                             MAOI22D0           2   1.9  109  +124    8469 R 
    p8211A/A                                                                 +0    8469   
    p8211A/ZN                             MAOI222D0          3   2.7  117   +94    8562 F 
    p8271A/A                                                                 +0    8562   
    p8271A/ZN                             MAOI222D0          3   2.7  189  +136    8698 R 
    p8340A/A                                                                 +0    8698   
    p8340A/ZN                             MAOI222D0          3   2.7  129  +112    8811 F 
    p8410A/A                                                                 +0    8811   
    p8410A/ZN                             MAOI222D0          3   2.7  189  +139    8950 R 
    p8476A/A                                                                 +0    8950   
    p8476A/ZN                             MAOI222D0          1   1.0   98   +91    9041 F 
    p8523A/CI                                                                +0    9041   
    p8523A/CO                             FA1D0              1   0.7   32  +100    9141 F 
    p8567A/C                                                                 +0    9141   
    p8567A/ZN                             AOI221D0          10   6.9  458  +309    9450 R 
    p8797A/B1                                                                +0    9450   
    p8797A/ZN                             MAOI22D0           3   3.5  163  +184    9634 R 
    p8848A/A                                                                 +0    9634   
    p8848A/ZN                             MAOI222D0          1   0.6   87   +81    9715 F 
    Fp8879A/I                                                                +0    9715   
    Fp8879A/ZN                            CKND0              1   1.0   40   +41    9756 R 
    p8881A/CI                                                                +0    9756   
    p8881A/CO                             FA1D0              3   2.7   65   +94    9850 R 
    p8944A/A                                                                 +0    9850   
    p8944A/ZN                             MAOI222D0          1   0.6   95   +59    9908 F 
    Fp8985A/I                                                                +0    9908   
    Fp8985A/ZN                            CKND0              1   1.0   42   +42    9951 R 
    p8987A/CI                                                                +0    9951   
    p8987A/CO                             FA1D0              3   2.7   64   +94   10045 R 
    p9048A/A                                                                 +0   10045   
    p9048A/ZN                             MAOI222D0          1   0.6   87   +58   10104 F 
    Fp9091A/I                                                                +0   10104   
    Fp9091A/ZN                            CKND0              1   1.3   43   +44   10148 R 
    p9093A/A                                                                 +0   10148   
    p9093A/ZN                             MAOI222D0          1   0.7   84   +54   10202 F 
    p9097A/C                                                                 +0   10202   
    p9097A/ZN                             AOI221D0           8   5.5  388  +282   10485 R 
    Fp9418A/I                                                                +0   10485   
    Fp9418A/ZN                            CKND0              5   3.5  121  +116   10601 F 
    p9441A/B1                                                                +0   10601   
    p9441A/ZN                             OAI22D0            1   0.9  116   +97   10698 R 
  rem_38_56/REMAINDER[8] 
  cb_parti63476/rem_38_56_REMAINDER[4] 
    p10588A/A3                                                               +0   10698   
    p10588A/ZN                            NR4D0              1   0.7   48   +53   10751 F 
    p10629A/B                                                                +0   10751   
    p10629A/ZN                            OAI211D0           3   2.0  120   +54   10805 R 
    p10603A/B1                                                               +0   10805   
    p10603A/ZN                            OAI22D0            2   1.2   69   +74   10878 F 
    p10607A/A1                                                               +0   10878   
    p10607A/ZN                            CKND2D0            6   3.6  101   +74   10953 R 
    Fp10617A/I                                                               +0   10953   
    Fp10617A/ZN                           CKND0              2   1.2   38   +42   10995 F 
    p10628A/A1                                                               +0   10995   
    p10628A/ZN                            CKND2D0            3   3.0   86   +59   11054 R 
    p10636A/A2                                                               +0   11054   
    p10636A/Z                             AN3D0              1   0.7   38   +97   11150 R 
    p10660A/A1                                                               +0   11150   
    p10660A/Z                             AN4D0              1   0.7   45   +99   11249 R 
    p10676A/A1                                                               +0   11249   
    p10676A/Z                             AN4D0              1   0.7   45  +100   11350 R 
    p10687A/A1                                                               +0   11350   
    p10687A/Z                             AN4D0              1   0.7   45  +100   11450 R 
    p10675A/A1                                                               +0   11450   
    p10675A/ZN                            ND4D0              4   6.6  298  +190   11640 F 
  cb_parti63476/out_valid 
systolic_array_8X8/out_valid 
cb_oseqi/systolic_array_8X8_out_valid 
  p10657A/A1                                                                 +0   11640   
  p10657A/Z                               AN2D8              1 500.0  331  +284   11924 F 
cb_oseqi/out_ready 
out_ready                            <<<  interconnect                331    +0   11924 F 
                                          out port                           +0   11924 F 
(systolic_array_wrapp_line_31_560_1)      ext delay                       +5000   16924 F 
- - - - - - - - - - - - - - - - - - - - - - - - - - - - - - - - - - - - - - - - - - - - - 
(clock clk)                               capture                                 20000 R 
                                          uncertainty                      -150   19850 R 
------------------------------------------------------------------------------------------
Cost Group   : 'C2O' (path_group 'C2O')
Timing slack :    2926ps 
Start-point  : cb_seqi/cycle_num_reg[0]/CP
End-point    : out_ready
Mode         : default_mode

                Pin                          Type       Fanout  Load Slew Delay Arrival   
                                                                (fF) (ps)  (ps)   (ps)    
------------------------------------------------------------------------------------------
(clock clk)                               launch                                      0 R 
(systolic_array_wrapp_line_28_9_1)        ext delay                        +250     250 F 
tile_num[0]                               in port            6 505.3    0    +0     250 F 
systolic_array_8X8/tile_num[0] 
  cb_parti/tile_num[0] 
    p4167A/A2                                                                +0     250   
    p4167A/ZN                             CKND2D0            2   1.7   58   +35     285 R 
    Fp4178A/I                                                                +0     285   
    Fp4178A/ZN                            CKND0              2   1.2   29   +33     318 F 
    p4219A/A1                                                                +0     318   
    p4219A/Z                              CKAN2D0            3   2.2   42   +65     383 F 
    p4225A/B                                                                 +0     383   
    p4225A/ZN                             IAO21D1           34  26.8  477  +275     658 R 
    Fp4420A/I                                                                +0     658   
    Fp4420A/ZN                            CKND0              1   1.8  114   +95     753 F 
    p4093A/B                                                                 +0     753   
    p4093A/CO                             FA1D0              1   1.0   34  +145     898 F 
    p4211A/A                                                                 +0     898   
    p4211A/CO                             FA1D0              1   1.0   34  +161    1060 F 
    p4328A/A                                                                 +0    1060   
    p4328A/CO                             FA1D0              1   1.0   34  +161    1221 F 
    p4445A/A                                                                 +0    1221   
    p4445A/CO                             FA1D0              1   1.0   34  +161    1382 F 
    p4563A/A                                                                 +0    1382   
    p4563A/CO                             FA1D0              2   1.3   37  +164    1546 F 
    p4651A/A1                                                                +0    1546   
    p4651A/ZN                             NR2D0              5   3.3  142   +93    1639 R 
    p4706A/B1                                                                +0    1639   
    p4706A/ZN                             IND2D0             3   2.0   70   +71    1710 F 
    p4710A/B1                                                                +0    1710   
    p4710A/ZN                             MOAI22D0           1   0.6   38   +80    1790 F 
  cb_parti/rem_38_56_A[11] 
  rem_38_56/A[15] 
    p4738A/B                                                                 +0    1790   
    p4738A/ZN                             IOA21D0            2   1.2   44   +32    1823 R 
    Fp4741A/I                                                                +0    1823   
    Fp4741A/ZN                            CKND0              1   0.7   21   +25    1848 F 
    p4742A/A1                                                                +0    1848   
    p4742A/ZN                             OAI221D0           2   1.3  138   +65    1913 R 
    p4781A/A1                                                                +0    1913   
    p4781A/ZN                             CKND2D0            4   3.4   89   +86    1999 F 
    p4797A/A                                                                 +0    1999   
    p4797A/ZN                             MAOI222D0          1   0.8  125   +94    2093 R 
    p4834A/A2                                                                +0    2093   
    p4834A/ZN                             OAI221D0           5   3.3  156  +125    2218 F 
    p4936A/B1                                                                +0    2218   
    p4936A/ZN                             MAOI22D0           2   1.9   85  +122    2339 F 
    p4954A/A                                                                 +0    2339   
    p4954A/ZN                             MAOI222D0          3   2.7  189  +129    2468 R 
    p5021A/A                                                                 +0    2468   
    p5021A/ZN                             MAOI222D0          1   1.3  110   +95    2563 F 
    p5062A/A                                                                 +0    2563   
    p5062A/ZN                             MAOI222D0          1   0.6  120   +95    2658 R 
    p5106A/A1                                                                +0    2658   
    p5106A/ZN                             CKND2D0            7   4.8  111   +97    2755 F 
    p5137A/B1                                                                +0    2755   
    p5137A/ZN                             MAOI22D0           2   1.9   68  +111    2866 F 
    p5155A/A                                                                 +0    2866   
    p5155A/ZN                             MAOI222D0          3   2.7  189  +125    2990 R 
    p5218A/A                                                                 +0    2990   
    p5218A/ZN                             MAOI222D0          3   2.7  125  +112    3103 F 
    p5285A/A                                                                 +0    3103   
    p5285A/ZN                             MAOI222D0          1   0.7  124  +100    3204 R 
    p5326A/A1                                                                +0    3204   
    p5326A/ZN                             OAI221D0           9   6.2  236  +164    3367 F 
    p5503A/A1                                                                +0    3367   
    p5503A/ZN                             MAOI22D0           4   3.4  166  +146    3513 R 
    p5555A/A                                                                 +0    3513   
    p5555A/ZN                             MAOI222D0          3   2.7  120  +107    3620 F 
    p5617A/A                                                                 +0    3620   
    p5617A/ZN                             MAOI222D0          1   0.6  121   +97    3718 R 
    Fp5651A/I                                                                +0    3718   
    Fp5651A/ZN                            CKND0              1   1.0   41   +43    3761 F 
    p5671A/CI                                                                +0    3761   
    p5671A/CO                             FA1D0              3   2.7   51  +102    3863 F 
    p5733A/A                                                                 +0    3863   
    p5733A/ZN                             MAOI222D0          1   1.3  142   +94    3958 R 
    p5779A/A                                                                 +0    3958   
    p5779A/ZN                             MAOI222D0          1   0.6   87   +77    4035 F 
    p5822A/A1                                                                +0    4035   
    p5822A/ZN                             CKND2D0            7   4.8  125   +94    4129 R 
    p5851A/B1                                                                +0    4129   
    p5851A/ZN                             MAOI22D0           4   3.4  159  +152    4280 R 
    p5903A/A                                                                 +0    4280   
    p5903A/ZN                             MAOI222D0          3   2.7  118  +106    4386 F 
    p5965A/A                                                                 +0    4386   
    p5965A/ZN                             MAOI222D0          3   2.7  189  +136    4522 R 
    p6033A/A                                                                 +0    4522   
    p6033A/ZN                             MAOI222D0          1   0.6   95   +85    4608 F 
    Fp6078A/I                                                                +0    4608   
    Fp6078A/ZN                            CKND0              1   1.0   42   +42    4650 R 
    p6080A/CI                                                                +0    4650   
    p6080A/CO                             FA1D0              3   2.7   64   +94    4744 R 
    p6141A/A                                                                 +0    4744   
    p6141A/ZN                             MAOI222D0          1   1.3   99   +66    4811 F 
    p6193A/A                                                                 +0    4811   
    p6193A/ZN                             MAOI222D0          9   6.2  306  +197    5008 R 
    p6318A/B1                                                                +0    5008   
    p6318A/ZN                             MAOI22D0           4   3.4  159  +172    5180 R 
    p6382A/A                                                                 +0    5180   
    p6382A/ZN                             MAOI222D0          3   2.7  118  +106    5286 F 
    p6442A/A                                                                 +0    5286   
    p6442A/ZN                             MAOI222D0          3   2.7  189  +136    5422 R 
    p6513A/A                                                                 +0    5422   
    p6513A/ZN                             MAOI222D0          3   2.7  129  +112    5535 F 
    p6581A/A                                                                 +0    5535   
    p6581A/ZN                             MAOI222D0          1   0.6  122  +100    5634 R 
    Fp6608A/I                                                                +0    5634   
    Fp6608A/ZN                            CKND0              1   1.0   41   +44    5678 F 
    p6632A/CI                                                                +0    5678   
    p6632A/CO                             FA1D0              3   2.1   45   +98    5776 F 
    p6692A/A1                                                                +0    5776   
    p6692A/ZN                             AOI222D0           9   6.2  448  +257    6033 R 
    p6845A/B1                                                                +0    6033   
    p6845A/ZN                             MAOI22D0           4   3.4  161  +182    6215 R 
    p6903A/A                                                                 +0    6215   
    p6903A/ZN                             MAOI222D0          3   2.7  119  +106    6321 F 
    p6962A/A                                                                 +0    6321   
    p6962A/ZN                             MAOI222D0          3   2.7  189  +136    6458 R 
    p7031A/A                                                                 +0    6458   
    p7031A/ZN                             MAOI222D0          3   2.7  129  +112    6570 F 
    p7098A/A                                                                 +0    6570   
    p7098A/ZN                             MAOI222D0          3   2.7  189  +139    6709 R 
    p7164A/A                                                                 +0    6709   
    p7164A/ZN                             MAOI222D0          3   2.0  114  +104    6813 F 
    Fp7225A/I                                                                +0    6813   
    Fp7225A/ZN                            CKND0              1   1.3   50   +50    6863 R 
    p7232A/A                                                                 +0    6863   
    p7232A/ZN                             MAOI222D0          1   0.7   86   +56    6919 F 
    p7279A/C                                                                 +0    6919   
    p7279A/ZN                             AOI221D0           9   6.2  423  +303    7222 R 
    p7493A/B1                                                                +0    7222   
    p7493A/ZN                             MAOI22D0           4   3.4  163  +180    7402 R 
    p7551A/A                                                                 +0    7402   
    p7551A/ZN                             MAOI222D0          3   2.7  119  +107    7509 F 
    p7612A/A                                                                 +0    7509   
    p7612A/ZN                             MAOI222D0          3   2.7  189  +137    7645 R 
    p7680A/A                                                                 +0    7645   
    p7680A/ZN                             MAOI222D0          3   2.7  129  +112    7758 F 
    p7748A/A                                                                 +0    7758   
    p7748A/ZN                             MAOI222D0          3   2.7  191  +139    7897 R 
    p7815A/A                                                                 +0    7897   
    p7815A/ZN                             MAOI222D0          3   2.7  125  +113    8010 F 
    p7885A/A                                                                 +0    8010   
    p7885A/ZN                             MAOI222D0          1   0.7  128  +101    8110 R 
    p7918A/C                                                                 +0    8110   
    p7918A/ZN                             OAI221D0           7   4.8  226  +173    8283 F 
    Fp8133A/I                                                                +0    8283   
    Fp8133A/ZN                            CKND0              8   5.6  128  +123    8406 R 
    p8181A/B1                                                                +0    8406   
    p8181A/ZN                             MAOI22D0           2   1.9  109  +124    8530 R 
    p8211A/A                                                                 +0    8530   
    p8211A/ZN                             MAOI222D0          3   2.7  117   +94    8624 F 
    p8271A/A                                                                 +0    8624   
    p8271A/ZN                             MAOI222D0          3   2.7  189  +136    8760 R 
    p8340A/A                                                                 +0    8760   
    p8340A/ZN                             MAOI222D0          3   2.7  129  +112    8873 F 
    p8410A/A                                                                 +0    8873   
    p8410A/ZN                             MAOI222D0          3   2.7  189  +139    9012 R 
    p8476A/A                                                                 +0    9012   
    p8476A/ZN                             MAOI222D0          1   1.0   98   +91    9102 F 
    p8523A/CI                                                                +0    9102   
    p8523A/CO                             FA1D0              1   0.7   32  +100    9203 F 
    p8567A/C                                                                 +0    9203   
    p8567A/ZN                             AOI221D0          10   6.9  458  +309    9512 R 
    p8797A/B1                                                                +0    9512   
    p8797A/ZN                             MAOI22D0           3   3.5  163  +184    9696 R 
    p8848A/A                                                                 +0    9696   
    p8848A/ZN                             MAOI222D0          1   0.6   87   +81    9777 F 
    Fp8879A/I                                                                +0    9777   
    Fp8879A/ZN                            CKND0              1   1.0   40   +41    9818 R 
    p8881A/CI                                                                +0    9818   
    p8881A/CO                             FA1D0              3   2.7   65   +94    9912 R 
    p8944A/A                                                                 +0    9912   
    p8944A/ZN                             MAOI222D0          1   0.6   95   +59    9970 F 
    Fp8985A/I                                                                +0    9970   
    Fp8985A/ZN                            CKND0              1   1.0   42   +42   10012 R 
    p8987A/CI                                                                +0   10012   
    p8987A/CO                             FA1D0              3   2.7   64   +94   10107 R 
    p9048A/A                                                                 +0   10107   
    p9048A/ZN                             MAOI222D0          1   0.6   87   +58   10166 F 
    Fp9091A/I                                                                +0   10166   
    Fp9091A/ZN                            CKND0              1   1.3   43   +44   10210 R 
    p9093A/A                                                                 +0   10210   
    p9093A/ZN                             MAOI222D0          1   0.7   84   +54   10264 F 
    p9097A/C                                                                 +0   10264   
    p9097A/ZN                             AOI221D0           8   5.5  388  +282   10547 R 
    Fp9418A/I                                                                +0   10547   
    Fp9418A/ZN                            CKND0              5   3.5  121  +116   10662 F 
    p9441A/B1                                                                +0   10662   
    p9441A/ZN                             OAI22D0            1   0.9  116   +97   10760 R 
  rem_38_56/REMAINDER[8] 
  cb_parti63476/rem_38_56_REMAINDER[4] 
    p10588A/A3                                                               +0   10760   
    p10588A/ZN                            NR4D0              1   0.7   48   +53   10812 F 
    p10629A/B                                                                +0   10812   
    p10629A/ZN                            OAI211D0           3   2.0  120   +54   10866 R 
    p10603A/B1                                                               +0   10866   
    p10603A/ZN                            OAI22D0            2   1.2   69   +74   10940 F 
    p10607A/A1                                                               +0   10940   
    p10607A/ZN                            CKND2D0            6   3.6  101   +74   11015 R 
    Fp10617A/I                                                               +0   11015   
    Fp10617A/ZN                           CKND0              2   1.2   38   +42   11057 F 
    p10628A/A1                                                               +0   11057   
    p10628A/ZN                            CKND2D0            3   3.0   86   +59   11116 R 
    p10636A/A2                                                               +0   11116   
    p10636A/Z                             AN3D0              1   0.7   38   +97   11212 R 
    p10660A/A1                                                               +0   11212   
    p10660A/Z                             AN4D0              1   0.7   45   +99   11311 R 
    p10676A/A1                                                               +0   11311   
    p10676A/Z                             AN4D0              1   0.7   45  +100   11412 R 
    p10687A/A1                                                               +0   11412   
    p10687A/Z                             AN4D0              1   0.7   45  +100   11512 R 
    p10675A/A1                                                               +0   11512   
    p10675A/ZN                            ND4D0              4   6.6  298  +190   11702 F 
  cb_parti63476/out_valid 
systolic_array_8X8/out_valid 
cb_oseqi/systolic_array_8X8_out_valid 
  p10657A/A1                                                                 +0   11702   
  p10657A/Z                               AN2D8              1 500.0  331  +284   11986 F 
cb_oseqi/out_ready 
out_ready                            <<<  interconnect                331    +0   11986 F 
                                          out port                           +0   11986 F 
(systolic_array_wrapp_line_31_560_1)      ext delay                       +5000   16986 F 
- - - - - - - - - - - - - - - - - - - - - - - - - - - - - - - - - - - - - - - - - - - - - 
(clock clk)                               capture                                 20000 R 
                                          uncertainty                      -150   19850 R 
------------------------------------------------------------------------------------------
Cost Group   : 'I2O' (path_group 'I2O')
Timing slack :    2864ps 
Start-point  : tile_num[0]
End-point    : out_ready
Mode         : default_mode

 
==================================
Stage : global_incr_map 
==================================
  =================
   Message Summary
  =================
-----------------------------------------------------------------------------------------------------------------------------------------------------------------------------------------------------------------------
|    Id    |Sev  |Count |                                                                                        Message Text                                                                                         |
-----------------------------------------------------------------------------------------------------------------------------------------------------------------------------------------------------------------------
| PA-7     |Info |   14 |Resetting power analysis results.                                                                                                                                                            |
|          |     |      |All computed switching activities are removed.                                                                                                                                               |
| PHYS-752 |Info |    1 |Partition Based Synthesis execution skipped.                                                                                                                                                 |
| ST-110   |Info |    7 |Connection established with super-threading server.                                                                                                                                          |
|          |     |      |The tool is entering super-threading mode and has established a connection with a CPU server process.  This is enabled by the root attributes 'super_thread_servers' or 'auto_super_thread'. |
| ST-112   |Info |    7 |A super-threading server has been shut down normally.                                                                                                                                        |
|          |     |      |A super-threaded optimization is complete and a CPU server was successfully shut down.                                                                                                       |
| ST-128   |Info |    1 |Super thread servers are launched successfully.                                                                                                                                              |
| SYNTH-2  |Info |    1 |Done synthesizing.                                                                                                                                                                           |
| SYNTH-4  |Info |    1 |Mapping.                                                                                                                                                                                     |
-----------------------------------------------------------------------------------------------------------------------------------------------------------------------------------------------------------------------
 
Global incremental optimization status
======================================
                                   Group   
                                  Tot Wrst 
                           Total  Weighted 
Operation                   Area   Slacks  
 global_incr              117742        0 

    Cost Group            Target    Slack    Diff.  Constr.
-----------------------------------------------------------
           I2O               288     2864             20000 
           C2O               288     2926             20000 
           I2C               390     7091             20000 
           C2C               390     7152             20000 


Scan mapping status report
==========================
    Scan mapping: converting flip-flops that pass TDRC.
    Scan mapping: bypassed.  You have to either 1) set attribute 'dft_scan_map_mode' to 'tdrc_pass' and run 'check_dft_rules' or 2) set attribute 'dft_scan_map_mode' to 'force_all'.

    Scan mapping bypassed because no TDRC data is available: either command 'check_dft_rules' has not been run or TDRC data has been subsequently invalidated.
        ------------------------------------------------------------
                            Super-Thread Summary
          time in super-thread mode               : 60.10 sec
          foreground process active time          : 18.20 sec
          background processes total active time  : 57.81 sec
          approximate speedup                     : 1.26X
           * reported times are wall-clock (elapsed time),
             not CPU time
        ------------------------------------------------------------

+-----------+-------------------------+-----+----------------------+---------------------------+
|   Host    |         Machine         | CPU | Physical Memory (MB) | Peak Physical Memory (MB) |
+-----------+-------------------------+-----+----------------------+---------------------------+
| localhost | cadpc19.ee.columbia.edu |  8  |        1932.1        |          1937.2           |
+-----------+-------------------------+-----+----------------------+---------------------------+

+----------------+----------------------+---------------------------+
|     Server     | Physical Memory (MB) | Peak Physical Memory (MB) |
+----------------+----------------------+---------------------------+
| localhost_1_8  |       50.1 [1]       |          [1] [2]          |
| localhost_1_11 |       50.1 [1]       |          [1] [2]          |
| localhost_1_12 |      168.6 [1]       |          [1] [2]          |
| localhost_1_10 |       50.1 [1]       |          [1] [2]          |
| localhost_1_0  |      769.9 [3]       |         774.5 [3]         |
| localhost_1_14 |      226.3 [1]       |          [1] [2]          |
| localhost_1_13 |       50.1 [1]       |          [1] [2]          |
| localhost_1_9  |       86.8 [1]       |          [1] [2]          |
+----------------+----------------------+---------------------------+
[1] Memory is included in parent localhost_1_0.
[2] Peak physical memory is not available for forked background servers.
[3] Memory of child processes is included.

Info    : A super-threading server has been shut down normally. [ST-112]
        : The server 'localhost_1_14' was forked process '1131628' on this host.
Info    : A super-threading server has been shut down normally. [ST-112]
        : The server 'localhost_1_12' was forked process '1131624' on this host.
Info    : A super-threading server has been shut down normally. [ST-112]
        : The server 'localhost_1_9' was forked process '1131618' on this host.
Info    : A super-threading server has been shut down normally. [ST-112]
        : The server 'localhost_1_11' was forked process '1131622' on this host.
Info    : A super-threading server has been shut down normally. [ST-112]
        : The server 'localhost_1_13' was forked process '1131626' on this host.
Info    : A super-threading server has been shut down normally. [ST-112]
        : The server 'localhost_1_10' was forked process '1131620' on this host.
Info    : A super-threading server has been shut down normally. [ST-112]
        : The server 'localhost_1_8' was forked process '1131616' on this host.
          Performing post-mapping optimization ...

Info    : Hierarchical instance automatically ungrouped. [GLO-51]
        : Instance 'add_124_53_I8_I8' in module 'systolic_array_8X8' would be automatically ungrouped.
Info    : Hierarchical instance automatically ungrouped. [GLO-51]
        : Instance 'add_124_53_I8_I7' in module 'systolic_array_8X8' would be automatically ungrouped.
Info    : Hierarchical instance automatically ungrouped. [GLO-51]
        : Instance 'add_124_53_I8_I6' in module 'systolic_array_8X8' would be automatically ungrouped.
Info    : Hierarchical instance automatically ungrouped. [GLO-51]
        : Instance 'add_124_53_I8_I5' in module 'systolic_array_8X8' would be automatically ungrouped.
Info    : Hierarchical instance automatically ungrouped. [GLO-51]
        : Instance 'add_124_53_I8_I4' in module 'systolic_array_8X8' would be automatically ungrouped.
Info    : Hierarchical instance automatically ungrouped. [GLO-51]
        : Instance 'add_124_53_I8_I3' in module 'systolic_array_8X8' would be automatically ungrouped.
Info    : Hierarchical instance automatically ungrouped. [GLO-51]
        : Instance 'add_124_53_I8_I2' in module 'systolic_array_8X8' would be automatically ungrouped.
Info    : Hierarchical instance automatically ungrouped. [GLO-51]
        : Instance 'add_124_53_I8_I1' in module 'systolic_array_8X8' would be automatically ungrouped.
Info    : Hierarchical instance automatically ungrouped. [GLO-51]
        : Instance 'add_124_53_I7_I8' in module 'systolic_array_8X8' would be automatically ungrouped.
Info    : Hierarchical instance automatically ungrouped. [GLO-51]
        : Instance 'add_124_53_I7_I7' in module 'systolic_array_8X8' would be automatically ungrouped.
Info    : Hierarchical instance automatically ungrouped. [GLO-51]
        : Instance 'add_124_53_I7_I6' in module 'systolic_array_8X8' would be automatically ungrouped.
Info    : Hierarchical instance automatically ungrouped. [GLO-51]
        : Instance 'add_124_53_I7_I5' in module 'systolic_array_8X8' would be automatically ungrouped.
Info    : Hierarchical instance automatically ungrouped. [GLO-51]
        : Instance 'add_124_53_I7_I4' in module 'systolic_array_8X8' would be automatically ungrouped.
Info    : Hierarchical instance automatically ungrouped. [GLO-51]
        : Instance 'add_124_53_I7_I3' in module 'systolic_array_8X8' would be automatically ungrouped.
Info    : Hierarchical instance automatically ungrouped. [GLO-51]
        : Instance 'add_124_53_I7_I2' in module 'systolic_array_8X8' would be automatically ungrouped.
Info    : Hierarchical instance automatically ungrouped. [GLO-51]
        : Instance 'add_124_53_I7_I1' in module 'systolic_array_8X8' would be automatically ungrouped.
Info    : Hierarchical instance automatically ungrouped. [GLO-51]
        : Instance 'add_124_53_I6_I8' in module 'systolic_array_8X8' would be automatically ungrouped.
Info    : Hierarchical instance automatically ungrouped. [GLO-51]
        : Instance 'add_124_53_I6_I7' in module 'systolic_array_8X8' would be automatically ungrouped.
Info    : Hierarchical instance automatically ungrouped. [GLO-51]
        : Instance 'add_124_53_I6_I6' in module 'systolic_array_8X8' would be automatically ungrouped.
Info    : Hierarchical instance automatically ungrouped. [GLO-51]
        : Instance 'add_124_53_I6_I5' in module 'systolic_array_8X8' would be automatically ungrouped.
Warning : Maximum message print count reached. [MESG-11]
        : Maximum print count of '24' reached for message 'GLO-51'.
          There are 65 hierarchical instances automatically ungrouped.

State Retention Synthesis Status
================================

Category                        Flops   Percentage
--------------------------------------------------
Total instances                  4628        100.0
Excluded from State Retention    4628        100.0
    - Will not convert           4628        100.0
      - Preserved                   0          0.0
      - Power intent excluded    4628        100.0
    - Could not convert             0          0.0
      - Scan type                   0          0.0
      - No suitable cell            0          0.0
State Retention instances           0          0.0
--------------------------------------------------

INFO: skipping constant propagation
PBS_Techmap-Global Mapping - Elapsed_Time 69, CPU_Time 68.01259599999997
stamp 'PBS_Techmap-Global Mapping' being created for table 'pbs_debug'

  Total Time (Wall) |  Stage Time (Wall)  |   % (Wall)   |    Date - Time     |  Memory   | Stage
--------------------+---------------------+--------------+--------------------+-----------+----------------------
 00:00:35(00:00:31) |  00:00:00(00:00:00) |   0.0(  0.0) |    9:03:20 (Mar22) |   1.02 GB | PBS_Generic-Start
--------------------+---------------------+--------------+--------------------+-----------+----------------------
 00:03:13(00:03:20) |  00:02:38(00:02:49) |  69.0( 70.1) |    9:06:09 (Mar22) |   1.64 GB | PBS_Generic_Opt-Post
--------------------+---------------------+--------------+--------------------+-----------+----------------------
 00:03:14(00:03:20) |  00:00:01(00:00:00) |   0.4(  0.0) |    9:06:09 (Mar22) |   1.64 GB | PBS_Generic-Postgen HBO Optimizations
--------------------+---------------------+--------------+--------------------+-----------+----------------------
 00:03:16(00:03:22) |  00:00:02(00:00:02) |   0.9(  0.8) |    9:06:11 (Mar22) |   1.61 GB | PBS_TechMap-Start
--------------------+---------------------+--------------+--------------------+-----------+----------------------
 00:03:16(00:03:23) |  00:00:00(00:00:01) |   0.0(  0.4) |    9:06:12 (Mar22) |   1.61 GB | PBS_TechMap-Premap HBO Optimizations
--------------------+---------------------+--------------+--------------------+-----------+----------------------
 00:04:24(00:04:32) |  00:01:08(00:01:09) |  29.6( 28.6) |    9:07:21 (Mar22) |   1.65 GB | PBS_Techmap-Global Mapping
--------------------+---------------------+--------------+--------------------+-----------+----------------------
Number of threads: 8 * 1   (id: pbs_debug, time_info v1.57)
Info: (*N*) indicates data that was populated from previously saved time_info database
Info: CPU time includes time of parent + longest thread
Warning : Command 'commit_power_intent' cannot proceed as there is no power intent loaded. [CPI-506]
        : Command 'commit_power_intent' requires a valid power_intent to be loaded.
Info    : Wrote formal verification information. [CFM-5]
        : Wrote 'fv/systolic_array_wrapper/fv_map.fv.json' for netlist 'fv/systolic_array_wrapper/fv_map.v.gz'.
Info    : Wrote dofile. [CFM-1]
        : Dofile is 'fv/systolic_array_wrapper/rtl_to_fv_map.do'.
        : Alias mapping flow is enabled.
        Applying wireload models.
        Computing net loads.
PBS_TechMap-Datapath Postmap Operations - Elapsed_Time 3, CPU_Time 3.5823330000000055
stamp 'PBS_TechMap-Datapath Postmap Operations' being created for table 'pbs_debug'

  Total Time (Wall) |  Stage Time (Wall)  |   % (Wall)   |    Date - Time     |  Memory   | Stage
--------------------+---------------------+--------------+--------------------+-----------+----------------------
 00:00:35(00:00:31) |  00:00:00(00:00:00) |   0.0(  0.0) |    9:03:20 (Mar22) |   1.02 GB | PBS_Generic-Start
--------------------+---------------------+--------------+--------------------+-----------+----------------------
 00:03:13(00:03:20) |  00:02:38(00:02:49) |  68.0( 69.3) |    9:06:09 (Mar22) |   1.64 GB | PBS_Generic_Opt-Post
--------------------+---------------------+--------------+--------------------+-----------+----------------------
 00:03:14(00:03:20) |  00:00:01(00:00:00) |   0.4(  0.0) |    9:06:09 (Mar22) |   1.64 GB | PBS_Generic-Postgen HBO Optimizations
--------------------+---------------------+--------------+--------------------+-----------+----------------------
 00:03:16(00:03:22) |  00:00:02(00:00:02) |   0.9(  0.8) |    9:06:11 (Mar22) |   1.61 GB | PBS_TechMap-Start
--------------------+---------------------+--------------+--------------------+-----------+----------------------
 00:03:16(00:03:23) |  00:00:00(00:00:01) |   0.0(  0.4) |    9:06:12 (Mar22) |   1.61 GB | PBS_TechMap-Premap HBO Optimizations
--------------------+---------------------+--------------+--------------------+-----------+----------------------
 00:04:24(00:04:32) |  00:01:08(00:01:09) |  29.2( 28.3) |    9:07:21 (Mar22) |   1.65 GB | PBS_Techmap-Global Mapping
--------------------+---------------------+--------------+--------------------+-----------+----------------------
 00:04:28(00:04:35) |  00:00:03(00:00:03) |   1.5(  1.2) |    9:07:24 (Mar22) |   1.65 GB | PBS_TechMap-Datapath Postmap Operations
--------------------+---------------------+--------------+--------------------+-----------+----------------------
Number of threads: 8 * 1   (id: pbs_debug, time_info v1.57)
Info: (*N*) indicates data that was populated from previously saved time_info database
Info: CPU time includes time of parent + longest thread
PBS_TechMap-Postmap HBO Optimizations - Elapsed_Time 1, CPU_Time 0.53755799999999
stamp 'PBS_TechMap-Postmap HBO Optimizations' being created for table 'pbs_debug'

  Total Time (Wall) |  Stage Time (Wall)  |   % (Wall)   |    Date - Time     |  Memory   | Stage
--------------------+---------------------+--------------+--------------------+-----------+----------------------
 00:00:35(00:00:31) |  00:00:00(00:00:00) |   0.0(  0.0) |    9:03:20 (Mar22) |   1.02 GB | PBS_Generic-Start
--------------------+---------------------+--------------+--------------------+-----------+----------------------
 00:03:13(00:03:20) |  00:02:38(00:02:49) |  67.8( 69.0) |    9:06:09 (Mar22) |   1.64 GB | PBS_Generic_Opt-Post
--------------------+---------------------+--------------+--------------------+-----------+----------------------
 00:03:14(00:03:20) |  00:00:01(00:00:00) |   0.4(  0.0) |    9:06:09 (Mar22) |   1.64 GB | PBS_Generic-Postgen HBO Optimizations
--------------------+---------------------+--------------+--------------------+-----------+----------------------
 00:03:16(00:03:22) |  00:00:02(00:00:02) |   0.9(  0.8) |    9:06:11 (Mar22) |   1.61 GB | PBS_TechMap-Start
--------------------+---------------------+--------------+--------------------+-----------+----------------------
 00:03:16(00:03:23) |  00:00:00(00:00:01) |   0.0(  0.4) |    9:06:12 (Mar22) |   1.61 GB | PBS_TechMap-Premap HBO Optimizations
--------------------+---------------------+--------------+--------------------+-----------+----------------------
 00:04:24(00:04:32) |  00:01:08(00:01:09) |  29.1( 28.2) |    9:07:21 (Mar22) |   1.65 GB | PBS_Techmap-Global Mapping
--------------------+---------------------+--------------+--------------------+-----------+----------------------
 00:04:28(00:04:35) |  00:00:03(00:00:03) |   1.5(  1.2) |    9:07:24 (Mar22) |   1.65 GB | PBS_TechMap-Datapath Postmap Operations
--------------------+---------------------+--------------+--------------------+-----------+----------------------
 00:04:28(00:04:36) |  00:00:00(00:00:01) |   0.2(  0.4) |    9:07:25 (Mar22) |   1.65 GB | PBS_TechMap-Postmap HBO Optimizations
--------------------+---------------------+--------------+--------------------+-----------+----------------------
Number of threads: 8 * 1   (id: pbs_debug, time_info v1.57)
Info: (*N*) indicates data that was populated from previously saved time_info database
Info: CPU time includes time of parent + longest thread
 Doing ConstProp on design:systolic_array_wrapper ... 

Time taken by ConstProp Step: 00:00:01
PBS_TechMap-Postmap Clock Gating - Elapsed_Time 1, CPU_Time 2.0
stamp 'PBS_TechMap-Postmap Clock Gating' being created for table 'pbs_debug'

  Total Time (Wall) |  Stage Time (Wall)  |   % (Wall)   |    Date - Time     |  Memory   | Stage
--------------------+---------------------+--------------+--------------------+-----------+----------------------
 00:00:35(00:00:31) |  00:00:00(00:00:00) |   0.0(  0.0) |    9:03:20 (Mar22) |   1.02 GB | PBS_Generic-Start
--------------------+---------------------+--------------+--------------------+-----------+----------------------
 00:03:13(00:03:20) |  00:02:38(00:02:49) |  67.3( 68.7) |    9:06:09 (Mar22) |   1.64 GB | PBS_Generic_Opt-Post
--------------------+---------------------+--------------+--------------------+-----------+----------------------
 00:03:14(00:03:20) |  00:00:01(00:00:00) |   0.4(  0.0) |    9:06:09 (Mar22) |   1.64 GB | PBS_Generic-Postgen HBO Optimizations
--------------------+---------------------+--------------+--------------------+-----------+----------------------
 00:03:16(00:03:22) |  00:00:02(00:00:02) |   0.8(  0.8) |    9:06:11 (Mar22) |   1.61 GB | PBS_TechMap-Start
--------------------+---------------------+--------------+--------------------+-----------+----------------------
 00:03:16(00:03:23) |  00:00:00(00:00:01) |   0.0(  0.4) |    9:06:12 (Mar22) |   1.61 GB | PBS_TechMap-Premap HBO Optimizations
--------------------+---------------------+--------------+--------------------+-----------+----------------------
 00:04:24(00:04:32) |  00:01:08(00:01:09) |  28.9( 28.0) |    9:07:21 (Mar22) |   1.65 GB | PBS_Techmap-Global Mapping
--------------------+---------------------+--------------+--------------------+-----------+----------------------
 00:04:28(00:04:35) |  00:00:03(00:00:03) |   1.5(  1.2) |    9:07:24 (Mar22) |   1.65 GB | PBS_TechMap-Datapath Postmap Operations
--------------------+---------------------+--------------+--------------------+-----------+----------------------
 00:04:28(00:04:36) |  00:00:00(00:00:01) |   0.2(  0.4) |    9:07:25 (Mar22) |   1.65 GB | PBS_TechMap-Postmap HBO Optimizations
--------------------+---------------------+--------------+--------------------+-----------+----------------------
 00:04:30(00:04:37) |  00:00:02(00:00:01) |   0.8(  0.4) |    9:07:26 (Mar22) |   1.63 GB | PBS_TechMap-Postmap Clock Gating
--------------------+---------------------+--------------+--------------------+-----------+----------------------
Number of threads: 8 * 1   (id: pbs_debug, time_info v1.57)
Info: (*N*) indicates data that was populated from previously saved time_info database
Info: CPU time includes time of parent + longest thread
-------------------------------------------------------------------------------
 hi_fo_buf                119318        0         0     91955      179

           Trick     Calls     Accepts   Attempts    Time(secs) 
-----------------------------------------------------------
       hi_fo_buf        23  (       23 /       23 )  1.52

 
Incremental optimization status
===============================
                                   Group   
                                  Tot Wrst     Total - - DRC Totals - -
                           Total  Weighted      Neg      Max       Max     Leakage 
Operation                   Area   Slacks      Slack    Trans      Cap      Power  
 init_delay               119318        0         0     91955      179     894704 

           Trick     Calls     Accepts   Attempts    Time(secs) 
-----------------------------------------------------------
       crit_upsz         0  (        0 /        0 )  0.00
    plc_bal_star         0  (        0 /        0 )  0.00
     drc_buftimb         0  (        0 /        0 )  0.00
          plc_st         0  (        0 /        0 )  0.00
    plc_st_fence         0  (        0 /        0 )  0.00
        plc_star         0  (        0 /        0 )  0.00
      plc_laf_st         0  (        0 /        0 )  0.00
 plc_laf_st_fence         0  (        0 /        0 )  0.00
     drc_buftims         0  (        0 /        0 )  0.00
            fopt         0  (        0 /        0 )  0.00
   plc_laf_lo_st         0  (        0 /        0 )  0.00
       plc_lo_st         0  (        0 /        0 )  0.00
        mb_split         0  (        0 /        0 )  0.00

 
Local TNS optimization status
=============================
                                   Group   
                                  Tot Wrst     Total - - DRC Totals - -
                           Total  Weighted      Neg      Max       Max     Leakage 
Operation                   Area   Slacks      Slack    Trans      Cap      Power  
 init_tns                 119318        0         0     91955      179     894704 

           Trick     Calls     Accepts   Attempts    Time(secs) 
-----------------------------------------------------------
    plc_bal_star         0  (        0 /        0 )  0.00
     drc_buftimb         0  (        0 /        0 )  0.00
     drc_buftims         0  (        0 /        0 )  0.00
       crit_upsz         0  (        0 /        0 )  0.00
   plc_laf_lo_st         0  (        0 /        0 )  0.00
       plc_lo_st         0  (        0 /        0 )  0.00
            fopt         0  (        0 /        0 )  0.00
       crit_dnsz         0  (        0 /        0 )  0.00
             dup         0  (        0 /        0 )  0.00
        setup_dn         0  (        0 /        0 )  0.00
        mb_split         0  (        0 /        0 )  0.00

PBS_TechMap-Postmap Cleanup - Elapsed_Time 3, CPU_Time 2.4043179999999893
stamp 'PBS_TechMap-Postmap Cleanup' being created for table 'pbs_debug'

  Total Time (Wall) |  Stage Time (Wall)  |   % (Wall)   |    Date - Time     |  Memory   | Stage
--------------------+---------------------+--------------+--------------------+-----------+----------------------
 00:00:35(00:00:31) |  00:00:00(00:00:00) |   0.0(  0.0) |    9:03:20 (Mar22) |   1.02 GB | PBS_Generic-Start
--------------------+---------------------+--------------+--------------------+-----------+----------------------
 00:03:13(00:03:20) |  00:02:38(00:02:49) |  66.6( 67.9) |    9:06:09 (Mar22) |   1.64 GB | PBS_Generic_Opt-Post
--------------------+---------------------+--------------+--------------------+-----------+----------------------
 00:03:14(00:03:20) |  00:00:01(00:00:00) |   0.4(  0.0) |    9:06:09 (Mar22) |   1.64 GB | PBS_Generic-Postgen HBO Optimizations
--------------------+---------------------+--------------+--------------------+-----------+----------------------
 00:03:16(00:03:22) |  00:00:02(00:00:02) |   0.8(  0.8) |    9:06:11 (Mar22) |   1.61 GB | PBS_TechMap-Start
--------------------+---------------------+--------------+--------------------+-----------+----------------------
 00:03:16(00:03:23) |  00:00:00(00:00:01) |   0.0(  0.4) |    9:06:12 (Mar22) |   1.61 GB | PBS_TechMap-Premap HBO Optimizations
--------------------+---------------------+--------------+--------------------+-----------+----------------------
 00:04:24(00:04:32) |  00:01:08(00:01:09) |  28.6( 27.7) |    9:07:21 (Mar22) |   1.65 GB | PBS_Techmap-Global Mapping
--------------------+---------------------+--------------+--------------------+-----------+----------------------
 00:04:28(00:04:35) |  00:00:03(00:00:03) |   1.5(  1.2) |    9:07:24 (Mar22) |   1.65 GB | PBS_TechMap-Datapath Postmap Operations
--------------------+---------------------+--------------+--------------------+-----------+----------------------
 00:04:28(00:04:36) |  00:00:00(00:00:01) |   0.2(  0.4) |    9:07:25 (Mar22) |   1.65 GB | PBS_TechMap-Postmap HBO Optimizations
--------------------+---------------------+--------------+--------------------+-----------+----------------------
 00:04:30(00:04:37) |  00:00:02(00:00:01) |   0.8(  0.4) |    9:07:26 (Mar22) |   1.63 GB | PBS_TechMap-Postmap Clock Gating
--------------------+---------------------+--------------+--------------------+-----------+----------------------
 00:04:33(00:04:40) |  00:00:02(00:00:03) |   1.0(  1.2) |    9:07:29 (Mar22) |   1.63 GB | PBS_TechMap-Postmap Cleanup
--------------------+---------------------+--------------+--------------------+-----------+----------------------
Number of threads: 8 * 1   (id: pbs_debug, time_info v1.57)
Info: (*N*) indicates data that was populated from previously saved time_info database
Info: CPU time includes time of parent + longest thread
PBS_Techmap-Post_MBCI - Elapsed_Time 0, CPU_Time 0.0
stamp 'PBS_Techmap-Post_MBCI' being created for table 'pbs_debug'

  Total Time (Wall) |  Stage Time (Wall)  |   % (Wall)   |    Date - Time     |  Memory   | Stage
--------------------+---------------------+--------------+--------------------+-----------+----------------------
 00:00:35(00:00:31) |  00:00:00(00:00:00) |   0.0(  0.0) |    9:03:20 (Mar22) |   1.02 GB | PBS_Generic-Start
--------------------+---------------------+--------------+--------------------+-----------+----------------------
 00:03:13(00:03:20) |  00:02:38(00:02:49) |  66.6( 67.9) |    9:06:09 (Mar22) |   1.64 GB | PBS_Generic_Opt-Post
--------------------+---------------------+--------------+--------------------+-----------+----------------------
 00:03:14(00:03:20) |  00:00:01(00:00:00) |   0.4(  0.0) |    9:06:09 (Mar22) |   1.64 GB | PBS_Generic-Postgen HBO Optimizations
--------------------+---------------------+--------------+--------------------+-----------+----------------------
 00:03:16(00:03:22) |  00:00:02(00:00:02) |   0.8(  0.8) |    9:06:11 (Mar22) |   1.61 GB | PBS_TechMap-Start
--------------------+---------------------+--------------+--------------------+-----------+----------------------
 00:03:16(00:03:23) |  00:00:00(00:00:01) |   0.0(  0.4) |    9:06:12 (Mar22) |   1.61 GB | PBS_TechMap-Premap HBO Optimizations
--------------------+---------------------+--------------+--------------------+-----------+----------------------
 00:04:24(00:04:32) |  00:01:08(00:01:09) |  28.6( 27.7) |    9:07:21 (Mar22) |   1.65 GB | PBS_Techmap-Global Mapping
--------------------+---------------------+--------------+--------------------+-----------+----------------------
 00:04:28(00:04:35) |  00:00:03(00:00:03) |   1.5(  1.2) |    9:07:24 (Mar22) |   1.65 GB | PBS_TechMap-Datapath Postmap Operations
--------------------+---------------------+--------------+--------------------+-----------+----------------------
 00:04:28(00:04:36) |  00:00:00(00:00:01) |   0.2(  0.4) |    9:07:25 (Mar22) |   1.65 GB | PBS_TechMap-Postmap HBO Optimizations
--------------------+---------------------+--------------+--------------------+-----------+----------------------
 00:04:30(00:04:37) |  00:00:02(00:00:01) |   0.8(  0.4) |    9:07:26 (Mar22) |   1.63 GB | PBS_TechMap-Postmap Clock Gating
--------------------+---------------------+--------------+--------------------+-----------+----------------------
 00:04:33(00:04:40) |  00:00:02(00:00:03) |   1.0(  1.2) |    9:07:29 (Mar22) |   1.63 GB | PBS_TechMap-Postmap Cleanup
--------------------+---------------------+--------------+--------------------+-----------+----------------------
 00:04:33(00:04:40) |  00:00:00(00:00:00) |   0.0(  0.0) |    9:07:29 (Mar22) |   1.63 GB | PBS_Techmap-Post_MBCI
--------------------+---------------------+--------------+--------------------+-----------+----------------------
Number of threads: 8 * 1   (id: pbs_debug, time_info v1.57)
Info: (*N*) indicates data that was populated from previously saved time_info database
Info: CPU time includes time of parent + longest thread
##>=================== Cadence Confidential (Mapping-Logical) ===================
##>Main Thread Summary:
##>----------------------------------------------------------------------------------------
##>STEP                           Elapsed       WNS       TNS     Insts      Area    Memory
##>----------------------------------------------------------------------------------------
##>M:Initial                            1         -         -     84782    309850      1605
##>M:Pre Cleanup                        1         -         -     84782    309850      1605
##>M:Setup                              0         -         -         -         -         -
##>M:Launch ST                          0         -         -         -         -         -
##>M:Design Partition                   0         -         -         -         -         -
##>M:Create Partition Netlists          0         -         -         -         -         -
##>M:Init Power                         0         -         -         -         -         -
##>M:Budgeting                          0         -         -         -         -         -
##>M:Derenv-DB                          0         -         -         -         -         -
##>M:Debug Outputs                      0         -         -         -         -         -
##>M:ST loading                         0         -         -         -         -         -
##>M:Distributed                        0         -         -         -         -         -
##>M:Timer                              0         -         -         -         -         -
##>M:Assembly                           0         -         -         -         -         -
##>M:DFT                                0         -         -         -         -         -
##>M:DP Operations                      3         -         -     26777    117741      1651
##>M:Const Prop                         0      2864         0     26777    117741      1651
##>M:Cleanup                            3      2864         0     27637    119318      1628
##>M:MBCI                               0         -         -     27637    119318      1628
##>M:Const Gate Removal                 0         -         -         -         -         -
##>M:Misc                              70
##>----------------------------------------------------------------------------------------
##>Total Elapsed                       78
##>========================================================================================

+-----------+-------------------------+-----+----------------------+---------------------------+
|   Host    |         Machine         | CPU | Physical Memory (MB) | Peak Physical Memory (MB) |
+-----------+-------------------------+-----+----------------------+---------------------------+
| localhost | cadpc19.ee.columbia.edu |  1  |        1628.6        |          1937.2           |
+-----------+-------------------------+-----+----------------------+---------------------------+

+---------------+----------------------+---------------------------+
|    Server     | Physical Memory (MB) | Peak Physical Memory (MB) |
+---------------+----------------------+---------------------------+
| localhost_1_0 |        426.7         |           774.5           |
+---------------+----------------------+---------------------------+

Info    : Done mapping. [SYNTH-5]
        : Done mapping 'systolic_array_wrapper'.
        Applying wireload models.
        Computing net loads.
      flow.cputime  flow.realtime  timing.setup.tns  timing.setup.wns  snapshot
UM:*                                                                   syn_map
@file(2_synthesis.tcl) 18: report datapath > $gn::reportDir/syn_preopt.datapath_mapped.rpt
Beginning report datapath command
        Applying wireload models.
        Computing net loads.
@file(2_synthesis.tcl) 23: set_db syn_opt_effort $gn::INCR_EFFORT
  Setting attribute of root '/': 'syn_opt_effort' = high
@file(2_synthesis.tcl) 24: syn_opt
Info    : Incrementally optimizing. [SYNTH-7]
        : Incrementally optimizing 'systolic_array_wrapper' using 'high' effort.
 
Incremental optimization status
===============================
                                   Group   
                                  Tot Wrst     Total - - DRC Totals - -
                           Total  Weighted      Neg      Max       Max     Leakage 
Operation                   Area   Slacks      Slack    Trans      Cap      Power  
 init_iopt                119318        0         0     91955      179     894704 
-------------------------------------------------------------------------------
 const_prop               119315        0         0         0        0     895043 
-------------------------------------------------------------------------------
 hi_fo_buf                119315        0         0         0        0     895043 

           Trick     Calls     Accepts   Attempts    Time(secs) 
-----------------------------------------------------------
       hi_fo_buf         0  (        0 /        0 )  0.00

 
Incremental optimization status
===============================
                                   Group   
                                  Tot Wrst     Total - - DRC Totals - -
                           Total  Weighted      Neg      Max       Max     Leakage 
Operation                   Area   Slacks      Slack    Trans      Cap      Power  
 init_delay               119315        0         0         0        0     895043 

           Trick     Calls     Accepts   Attempts    Time(secs) 
-----------------------------------------------------------
        crit_msz         0  (        0 /        0 )  0.00
       crit_upsz         0  (        0 /        0 )  0.00
       crit_slew         0  (        0 /        0 )  0.00
        setup_dn         0  (        0 /        0 )  0.00
    plc_bal_star         0  (        0 /        0 )  0.00
     drc_buftimb         0  (        0 /        0 )  0.00
          plc_st         0  (        0 /        0 )  0.00
    plc_st_fence         0  (        0 /        0 )  0.00
        plc_star         0  (        0 /        0 )  0.00
      plc_laf_st         0  (        0 /        0 )  0.00
 plc_laf_st_fence         0  (        0 /        0 )  0.00
     drc_buftims         0  (        0 /        0 )  0.00
   plc_laf_lo_st         0  (        0 /        0 )  0.00
       plc_lo_st         0  (        0 /        0 )  0.00
            fopt         0  (        0 /        0 )  0.00
       crit_swap         0  (        0 /        0 )  0.00
       mux2_swap         0  (        0 /        0 )  0.00
       crit_dnsz         0  (        0 /        0 )  0.00
       load_swap         0  (        0 /        0 )  0.00
            fopt         0  (        0 /        0 )  0.00
        setup_dn         0  (        0 /        0 )  0.00
       load_isol         0  (        0 /        0 )  0.00
       load_isol         0  (        0 /        0 )  0.00
        move_for         0  (        0 /        0 )  0.00
        move_for         0  (        0 /        0 )  0.00
          rem_bi         0  (        0 /        0 )  0.00
         offload         0  (        0 /        0 )  0.00
          rem_bi         0  (        0 /        0 )  0.00
         offload         0  (        0 /        0 )  0.00
           phase         0  (        0 /        0 )  0.00
        in_phase         0  (        0 /        0 )  0.00
       merge_bit         0  (        0 /        0 )  0.00
     merge_idrvr         0  (        0 /        0 )  0.00
     merge_iload         0  (        0 /        0 )  0.00
    merge_idload         0  (        0 /        0 )  0.00
      merge_drvr         0  (        0 /        0 )  0.00
      merge_load         0  (        0 /        0 )  0.00
          decomp         0  (        0 /        0 )  0.00
        p_decomp         0  (        0 /        0 )  0.00
        levelize         0  (        0 /        0 )  0.00
        mb_split         0  (        0 /        0 )  0.00
             dup         0  (        0 /        0 )  0.00
      mux_retime         0  (        0 /        0 )  0.00
         buf2inv         0  (        0 /        0 )  0.00
             exp         0  (        0 /        0 )  0.00
       gate_deco         0  (        0 /        0 )  0.00
       gcomp_tim         0  (        0 /        0 )  0.00
  inv_pair_2_buf         0  (        0 /        0 )  0.00


           Trick     Calls     Accepts   Attempts    Time(secs) 
-----------------------------------------------------------
         crr_220         0  (        0 /        0 )  0.00
        crr_glob         0  (        0 /        0 )  0.00
         crr_200         0  (        0 /        0 )  0.00
        crr_glob         0  (        0 /        0 )  0.00
         crr_300         0  (        0 /        0 )  0.00
        crr_glob         0  (        0 /        0 )  0.00
         crr_400         0  (        0 /        0 )  0.00
        crr_glob         0  (        0 /        0 )  0.00
         crr_111         0  (        0 /        0 )  0.00
        crr_glob         0  (        0 /        0 )  0.00
         crr_210         0  (        0 /        0 )  0.00
        crr_glob         0  (        0 /        0 )  0.00
         crr_110         0  (        0 /        0 )  0.00
        crr_glob         0  (        0 /        0 )  0.00
         crr_101         0  (        0 /        0 )  0.00
        crr_glob         0  (        0 /        0 )  0.00
         crr_201         0  (        0 /        0 )  0.00
        crr_glob         0  (        0 /        0 )  0.00
         crr_211         0  (        0 /        0 )  0.00
        crr_glob         0  (        0 /        0 )  0.00
        crit_msz         0  (        0 /        0 )  0.00
       crit_upsz         0  (        0 /        0 )  0.00
       crit_slew         0  (        0 /        0 )  0.00
        setup_dn         0  (        0 /        0 )  0.00
    plc_bal_star         0  (        0 /        0 )  0.00
     drc_buftimb         0  (        0 /        0 )  0.00
          plc_st         0  (        0 /        0 )  0.00
    plc_st_fence         0  (        0 /        0 )  0.00
        plc_star         0  (        0 /        0 )  0.00
      plc_laf_st         0  (        0 /        0 )  0.00
 plc_laf_st_fence         0  (        0 /        0 )  0.00
     drc_buftims         0  (        0 /        0 )  0.00
       plc_lo_st         0  (        0 /        0 )  0.00
            fopt         0  (        0 /        0 )  0.00
       crit_swap         0  (        0 /        0 )  0.00
       mux2_swap         0  (        0 /        0 )  0.00
       crit_dnsz         0  (        0 /        0 )  0.00
       load_swap         0  (        0 /        0 )  0.00
            fopt         0  (        0 /        0 )  0.00
        setup_dn         0  (        0 /        0 )  0.00
       load_isol         0  (        0 /        0 )  0.00
       load_isol         0  (        0 /        0 )  0.00
        move_for         0  (        0 /        0 )  0.00
        move_for         0  (        0 /        0 )  0.00
          rem_bi         0  (        0 /        0 )  0.00
         offload         0  (        0 /        0 )  0.00
          rem_bi         0  (        0 /        0 )  0.00
         offload         0  (        0 /        0 )  0.00
       merge_bit         0  (        0 /        0 )  0.00
     merge_idrvr         0  (        0 /        0 )  0.00
     merge_iload         0  (        0 /        0 )  0.00
    merge_idload         0  (        0 /        0 )  0.00
      merge_drvr         0  (        0 /        0 )  0.00
      merge_load         0  (        0 /        0 )  0.00
           phase         0  (        0 /        0 )  0.00
          decomp         0  (        0 /        0 )  0.00
        p_decomp         0  (        0 /        0 )  0.00
        levelize         0  (        0 /        0 )  0.00
        mb_split         0  (        0 /        0 )  0.00
        in_phase         0  (        0 /        0 )  0.00
             dup         0  (        0 /        0 )  0.00
      mux_retime         0  (        0 /        0 )  0.00
         buf2inv         0  (        0 /        0 )  0.00
             exp         0  (        0 /        0 )  0.00
       gate_deco         0  (        0 /        0 )  0.00
       gcomp_tim         0  (        0 /        0 )  0.00
  inv_pair_2_buf         0  (        0 /        0 )  0.00
 init_drc                 119315        0         0         0        0     895043 

           Trick     Calls     Accepts   Attempts    Time(secs) 
-----------------------------------------------------------
          plc_st         0  (        0 /        0 )  0.00
        plc_star         0  (        0 /        0 )  0.00
        drc_bufs         0  (        0 /        0 )  0.00
        drc_fopt         0  (        0 /        0 )  0.00
        drc_bufb         0  (        0 /        0 )  0.00
      simple_buf         0  (        0 /        0 )  0.00
             dup         0  (        0 /        0 )  0.00
       crit_dnsz         0  (        0 /        0 )  0.00
       crit_upsz         0  (        0 /        0 )  0.00
       crit_slew         0  (        0 /        0 )  0.00


           Trick     Calls     Accepts   Attempts    Time(secs) 
-----------------------------------------------------------
          plc_st         0  (        0 /        0 )  0.00
        plc_star         0  (        0 /        0 )  0.00
      drc_buf_sp         0  (        0 /        0 )  0.00
        drc_bufs         0  (        0 /        0 )  0.00
        drc_fopt         0  (        0 /        0 )  0.00
        drc_bufb         0  (        0 /        0 )  0.00
      simple_buf         0  (        0 /        0 )  0.00
             dup         0  (        0 /        0 )  0.00
       crit_dnsz         0  (        0 /        0 )  0.00
       crit_upsz         0  (        0 /        0 )  0.00


           Trick     Calls     Accepts   Attempts    Time(secs) 
-----------------------------------------------------------
          plc_st         0  (        0 /        0 )  0.00
        plc_star         0  (        0 /        0 )  0.00
      drc_buf_sp         0  (        0 /        0 )  0.00
        drc_bufs         0  (        0 /        0 )  0.00
        drc_fopt         0  (        0 /        0 )  0.00
        drc_bufb         0  (        0 /        0 )  0.00
             dup         0  (        0 /        0 )  0.00
       crit_dnsz         0  (        0 /        0 )  0.00
       crit_upsz         0  (        0 /        0 )  0.00

 init_tns                 119315        0         0         0        0     895043 

           Trick     Calls     Accepts   Attempts    Time(secs) 
-----------------------------------------------------------
            fopt         0  (        0 /        0 )  0.00
    plc_bal_star         0  (        0 /        0 )  0.00
     drc_buftimb         0  (        0 /        0 )  0.00
     drc_buftims         0  (        0 /        0 )  0.00
        crit_msz         0  (        0 /        0 )  0.00
       crit_upsz         0  (        0 /        0 )  0.00
   plc_laf_lo_st         0  (        0 /        0 )  0.00
       plc_lo_st         0  (        0 /        0 )  0.00
       crit_swap         0  (        0 /        0 )  0.00
       mux2_swap         0  (        0 /        0 )  0.00
       crit_dnsz         0  (        0 /        0 )  0.00
       load_swap         0  (        0 /        0 )  0.00
            fopt         0  (        0 /        0 )  0.00
        setup_dn         0  (        0 /        0 )  0.00
       load_isol         0  (        0 /        0 )  0.00
       load_isol         0  (        0 /        0 )  0.00
        move_for         0  (        0 /        0 )  0.00
        move_for         0  (        0 /        0 )  0.00
          rem_bi         0  (        0 /        0 )  0.00
         offload         0  (        0 /        0 )  0.00
          rem_bi         0  (        0 /        0 )  0.00
         offload         0  (        0 /        0 )  0.00
       merge_bit         0  (        0 /        0 )  0.00
     merge_idrvr         0  (        0 /        0 )  0.00
     merge_iload         0  (        0 /        0 )  0.00
    merge_idload         0  (        0 /        0 )  0.00
      merge_drvr         0  (        0 /        0 )  0.00
      merge_load         0  (        0 /        0 )  0.00
           phase         0  (        0 /        0 )  0.00
          decomp         0  (        0 /        0 )  0.00
        p_decomp         0  (        0 /        0 )  0.00
        levelize         0  (        0 /        0 )  0.00
        mb_split         0  (        0 /        0 )  0.00
             dup         0  (        0 /        0 )  0.00
      mux_retime         0  (        0 /        0 )  0.00
       crr_local         0  (        0 /        0 )  0.00
         buf2inv         0  (        0 /        0 )  0.00

 init_area                119315        0         0         0        0     895043 
 undup                    119311        0         0         0        0     895030 
 rem_buf                  119298        0         0         0        0     894865 
 rem_inv                  117269        0         0         0        0     860623 
 merge_bi                 117144        0         0         0        0     859667 
 rem_inv_qb               116865        0         0         0        0     863000 
 io_phase                 116841        0         0         0        0     863642 
 gcomp_mog                116749        0         0         0        0     864815 
 glob_area                116747        0         0         0        0     864768 
 area_down                116740        0         0         0        0     864620 
 rem_inv                  116709        0         0         0        0     864098 
 merge_bi                 116708        0         0         0        0     864089 

           Trick     Calls     Accepts   Attempts    Time(secs) 
-----------------------------------------------------------
           undup         3  (        3 /        3 )  0.11
         rem_buf         7  (        7 /        7 )  0.04
         rem_inv       777  (      743 /      743 )  3.17
        merge_bi       110  (       96 /       96 )  0.85
      rem_inv_qb       632  (        9 /        9 )  1.59
    seq_res_area        50  (        0 /        0 )  26.44
        io_phase       161  (       65 /       65 )  0.40
       gate_comp      1320  (        0 /        0 )  3.42
       gcomp_mog      1096  (       64 /       64 )  3.44
       glob_area        67  (        4 /       67 )  0.17
       area_down        88  (        4 /        4 )  0.41
      size_n_buf         0  (        0 /        0 )  0.13
  gate_deco_area         0  (        0 /        0 )  0.03
         rem_buf         0  (        0 /        0 )  0.00
         rem_inv        16  (       12 /       12 )  0.37
        merge_bi         7  (        1 /        1 )  0.16
      rem_inv_qb       245  (        0 /        0 )  0.29

                                   Group   
                                  Tot Wrst     Total - - DRC Totals - -
                           Total  Weighted      Neg      Max       Max     Leakage 
Operation                   Area   Slacks      Slack    Trans      Cap      Power  
 init_power               116708        0         0         0        0     864089 
 glob_power               116708        0         0         0        0     863467 
 power_down               116707        0         0         0        0     863365 

           Trick     Calls     Accepts   Attempts    Time(secs) 
-----------------------------------------------------------
       p_rem_buf         0  (        0 /        0 )  0.00
       p_rem_inv         3  (        0 /        0 )  0.01
      p_merge_bi         6  (        0 /        0 )  0.06
        io_phase        96  (        0 /        0 )  0.17
       gate_comp      1320  (        0 /        0 )  3.54
       gcomp_mog       968  (        0 /        0 )  3.11
      glob_power        72  (       10 /       72 )  0.24
      power_down       104  (       11 /       11 )  0.50
      size_n_buf         0  (        0 /        0 )  0.13

 
Incremental optimization status
===============================
                                   Group   
                                  Tot Wrst     Total - - DRC Totals - -
                           Total  Weighted      Neg      Max       Max     Leakage 
Operation                   Area   Slacks      Slack    Trans      Cap      Power  
 init_delay               116707        0         0         0        0     863365 

           Trick     Calls     Accepts   Attempts    Time(secs) 
-----------------------------------------------------------
         crr_220         0  (        0 /        0 )  0.00
        crr_glob         0  (        0 /        0 )  0.00
         crr_200         0  (        0 /        0 )  0.00
        crr_glob         0  (        0 /        0 )  0.00
         crr_300         0  (        0 /        0 )  0.00
        crr_glob         0  (        0 /        0 )  0.00
         crr_400         0  (        0 /        0 )  0.00
        crr_glob         0  (        0 /        0 )  0.00
         crr_111         0  (        0 /        0 )  0.00
        crr_glob         0  (        0 /        0 )  0.00
         crr_210         0  (        0 /        0 )  0.00
        crr_glob         0  (        0 /        0 )  0.00
         crr_110         0  (        0 /        0 )  0.00
        crr_glob         0  (        0 /        0 )  0.00
         crr_101         0  (        0 /        0 )  0.00
        crr_glob         0  (        0 /        0 )  0.00
         crr_201         0  (        0 /        0 )  0.00
        crr_glob         0  (        0 /        0 )  0.00
         crr_211         0  (        0 /        0 )  0.00
        crr_glob         0  (        0 /        0 )  0.00
        crit_msz         0  (        0 /        0 )  0.00
       crit_upsz         0  (        0 /        0 )  0.00
       crit_slew         0  (        0 /        0 )  0.00
        setup_dn         0  (        0 /        0 )  0.00
    plc_bal_star         0  (        0 /        0 )  0.00
     drc_buftimb         0  (        0 /        0 )  0.00
          plc_st         0  (        0 /        0 )  0.00
    plc_st_fence         0  (        0 /        0 )  0.00
        plc_star         0  (        0 /        0 )  0.00
      plc_laf_st         0  (        0 /        0 )  0.00
 plc_laf_st_fence         0  (        0 /        0 )  0.00
     drc_buftims         0  (        0 /        0 )  0.00
       plc_lo_st         0  (        0 /        0 )  0.00
            fopt         0  (        0 /        0 )  0.00
       crit_swap         0  (        0 /        0 )  0.00
       mux2_swap         0  (        0 /        0 )  0.00
       crit_dnsz         0  (        0 /        0 )  0.00
       load_swap         0  (        0 /        0 )  0.00
            fopt         0  (        0 /        0 )  0.00
        setup_dn         0  (        0 /        0 )  0.00
       load_isol         0  (        0 /        0 )  0.00
       load_isol         0  (        0 /        0 )  0.00
        move_for         0  (        0 /        0 )  0.00
        move_for         0  (        0 /        0 )  0.00
          rem_bi         0  (        0 /        0 )  0.00
         offload         0  (        0 /        0 )  0.00
          rem_bi         0  (        0 /        0 )  0.00
         offload         0  (        0 /        0 )  0.00
       merge_bit         0  (        0 /        0 )  0.00
     merge_idrvr         0  (        0 /        0 )  0.00
     merge_iload         0  (        0 /        0 )  0.00
    merge_idload         0  (        0 /        0 )  0.00
      merge_drvr         0  (        0 /        0 )  0.00
      merge_load         0  (        0 /        0 )  0.00
           phase         0  (        0 /        0 )  0.00
          decomp         0  (        0 /        0 )  0.00
        p_decomp         0  (        0 /        0 )  0.00
        levelize         0  (        0 /        0 )  0.00
        mb_split         0  (        0 /        0 )  0.00
        in_phase         0  (        0 /        0 )  0.00
             dup         0  (        0 /        0 )  0.00
      mux_retime         0  (        0 /        0 )  0.00
         buf2inv         0  (        0 /        0 )  0.00
             exp         0  (        0 /        0 )  0.00
       gate_deco         0  (        0 /        0 )  0.00
       gcomp_tim         0  (        0 /        0 )  0.00
  inv_pair_2_buf         0  (        0 /        0 )  0.00
 init_drc                 116707        0         0         0        0     863365 

           Trick     Calls     Accepts   Attempts    Time(secs) 
-----------------------------------------------------------
          plc_st         0  (        0 /        0 )  0.00
        plc_star         0  (        0 /        0 )  0.00
        drc_bufs         0  (        0 /        0 )  0.00
        drc_fopt         0  (        0 /        0 )  0.00
        drc_bufb         0  (        0 /        0 )  0.00
      simple_buf         0  (        0 /        0 )  0.00
             dup         0  (        0 /        0 )  0.00
       crit_dnsz         0  (        0 /        0 )  0.00
       crit_upsz         0  (        0 /        0 )  0.00
       crit_slew         0  (        0 /        0 )  0.00


           Trick     Calls     Accepts   Attempts    Time(secs) 
-----------------------------------------------------------
          plc_st         0  (        0 /        0 )  0.00
        plc_star         0  (        0 /        0 )  0.00
        drc_bufs         0  (        0 /        0 )  0.00
        drc_fopt         0  (        0 /        0 )  0.00
        drc_bufb         0  (        0 /        0 )  0.00
      simple_buf         0  (        0 /        0 )  0.00
             dup         0  (        0 /        0 )  0.00
       crit_dnsz         0  (        0 /        0 )  0.00
       crit_upsz         0  (        0 /        0 )  0.00


           Trick     Calls     Accepts   Attempts    Time(secs) 
-----------------------------------------------------------
          plc_st         0  (        0 /        0 )  0.00
        plc_star         0  (        0 /        0 )  0.00
        drc_bufs         0  (        0 /        0 )  0.00
        drc_fopt         0  (        0 /        0 )  0.00
        drc_bufb         0  (        0 /        0 )  0.00
             dup         0  (        0 /        0 )  0.00
       crit_dnsz         0  (        0 /        0 )  0.00
       crit_upsz         0  (        0 /        0 )  0.00

 init_tns                 116707        0         0         0        0     863365 

           Trick     Calls     Accepts   Attempts    Time(secs) 
-----------------------------------------------------------
            fopt         0  (        0 /        0 )  0.00
    plc_bal_star         0  (        0 /        0 )  0.00
     drc_buftimb         0  (        0 /        0 )  0.00
     drc_buftims         0  (        0 /        0 )  0.00
        crit_msz         0  (        0 /        0 )  0.00
       crit_upsz         0  (        0 /        0 )  0.00
   plc_laf_lo_st         0  (        0 /        0 )  0.00
       plc_lo_st         0  (        0 /        0 )  0.00
       crit_swap         0  (        0 /        0 )  0.00
       mux2_swap         0  (        0 /        0 )  0.00
       crit_dnsz         0  (        0 /        0 )  0.00
       load_swap         0  (        0 /        0 )  0.00
            fopt         0  (        0 /        0 )  0.00
        setup_dn         0  (        0 /        0 )  0.00
       load_isol         0  (        0 /        0 )  0.00
       load_isol         0  (        0 /        0 )  0.00
        move_for         0  (        0 /        0 )  0.00
        move_for         0  (        0 /        0 )  0.00
          rem_bi         0  (        0 /        0 )  0.00
         offload         0  (        0 /        0 )  0.00
          rem_bi         0  (        0 /        0 )  0.00
         offload         0  (        0 /        0 )  0.00
       merge_bit         0  (        0 /        0 )  0.00
     merge_idrvr         0  (        0 /        0 )  0.00
     merge_iload         0  (        0 /        0 )  0.00
    merge_idload         0  (        0 /        0 )  0.00
      merge_drvr         0  (        0 /        0 )  0.00
      merge_load         0  (        0 /        0 )  0.00
           phase         0  (        0 /        0 )  0.00
          decomp         0  (        0 /        0 )  0.00
        p_decomp         0  (        0 /        0 )  0.00
        levelize         0  (        0 /        0 )  0.00
        mb_split         0  (        0 /        0 )  0.00
             dup         0  (        0 /        0 )  0.00
      mux_retime         0  (        0 /        0 )  0.00
       crr_local         0  (        0 /        0 )  0.00
         buf2inv         0  (        0 /        0 )  0.00

 init_area                116707        0         0         0        0     863365 
 undup                    116700        0         0         0        0     863341 
 area_down                116699        0         0         0        0     863326 

           Trick     Calls     Accepts   Attempts    Time(secs) 
-----------------------------------------------------------
           undup         3  (        3 /        3 )  0.25
         rem_buf         0  (        0 /        0 )  0.00
         rem_inv         3  (        0 /        0 )  0.01
        merge_bi         6  (        0 /        0 )  0.06
      rem_inv_qb       245  (        0 /        0 )  0.29
        io_phase        96  (        0 /        0 )  0.17
       gate_comp      1320  (        0 /        0 )  3.48
       gcomp_mog       968  (        0 /        0 )  2.98
       glob_area        50  (        0 /       50 )  0.15
       area_down        84  (        2 /        2 )  0.32
      size_n_buf         0  (        0 /        0 )  0.06
  gate_deco_area         0  (        0 /        0 )  0.00

                                   Group   
                                  Tot Wrst     Total - - DRC Totals - -
                           Total  Weighted      Neg      Max       Max     Leakage 
Operation                   Area   Slacks      Slack    Trans      Cap      Power  
 init_power               116699        0         0         0        0     863326 
 power_down               116699        0         0         0        0     863316 

           Trick     Calls     Accepts   Attempts    Time(secs) 
-----------------------------------------------------------
       p_rem_buf         0  (        0 /        0 )  0.00
       p_rem_inv         3  (        0 /        0 )  0.01
      p_merge_bi         6  (        0 /        0 )  0.06
        io_phase        96  (        0 /        0 )  0.17
       gate_comp      1320  (        0 /        0 )  3.48
       gcomp_mog       968  (        0 /        0 )  3.03
      glob_power        50  (        0 /       50 )  0.16
      power_down       104  (        4 /        4 )  0.41
      size_n_buf         0  (        0 /        0 )  0.08

 
Incremental optimization status
===============================
                                   Group   
                                  Tot Wrst     Total - - DRC Totals - -
                           Total  Weighted      Neg      Max       Max     Leakage 
Operation                   Area   Slacks      Slack    Trans      Cap      Power  
 init_delay               116699        0         0         0        0     863316 

           Trick     Calls     Accepts   Attempts    Time(secs) 
-----------------------------------------------------------
        crit_msz         0  (        0 /        0 )  0.00
       crit_upsz         0  (        0 /        0 )  0.00
       crit_slew         0  (        0 /        0 )  0.00
        setup_dn         0  (        0 /        0 )  0.00
    plc_bal_star         0  (        0 /        0 )  0.00
     drc_buftimb         0  (        0 /        0 )  0.00
          plc_st         0  (        0 /        0 )  0.00
    plc_st_fence         0  (        0 /        0 )  0.00
        plc_star         0  (        0 /        0 )  0.00
      plc_laf_st         0  (        0 /        0 )  0.00
 plc_laf_st_fence         0  (        0 /        0 )  0.00
     drc_buftims         0  (        0 /        0 )  0.00
   plc_laf_lo_st         0  (        0 /        0 )  0.00
       plc_lo_st         0  (        0 /        0 )  0.00
            fopt         0  (        0 /        0 )  0.00
       crit_swap         0  (        0 /        0 )  0.00
       mux2_swap         0  (        0 /        0 )  0.00
       crit_dnsz         0  (        0 /        0 )  0.00
       load_swap         0  (        0 /        0 )  0.00
            fopt         0  (        0 /        0 )  0.00
        setup_dn         0  (        0 /        0 )  0.00
       load_isol         0  (        0 /        0 )  0.00
       load_isol         0  (        0 /        0 )  0.00
        move_for         0  (        0 /        0 )  0.00
        move_for         0  (        0 /        0 )  0.00
          rem_bi         0  (        0 /        0 )  0.00
         offload         0  (        0 /        0 )  0.00
          rem_bi         0  (        0 /        0 )  0.00
         offload         0  (        0 /        0 )  0.00
           phase         0  (        0 /        0 )  0.00
        in_phase         0  (        0 /        0 )  0.00
       merge_bit         0  (        0 /        0 )  0.00
     merge_idrvr         0  (        0 /        0 )  0.00
     merge_iload         0  (        0 /        0 )  0.00
    merge_idload         0  (        0 /        0 )  0.00
      merge_drvr         0  (        0 /        0 )  0.00
      merge_load         0  (        0 /        0 )  0.00
          decomp         0  (        0 /        0 )  0.00
        p_decomp         0  (        0 /        0 )  0.00
        levelize         0  (        0 /        0 )  0.00
        mb_split         0  (        0 /        0 )  0.00
             dup         0  (        0 /        0 )  0.00
      mux_retime         0  (        0 /        0 )  0.00
         buf2inv         0  (        0 /        0 )  0.00
             exp         0  (        0 /        0 )  0.00
       gate_deco         0  (        0 /        0 )  0.00
       gcomp_tim         0  (        0 /        0 )  0.00
  inv_pair_2_buf         0  (        0 /        0 )  0.00

 init_drc                 116699        0         0         0        0     863316 

           Trick     Calls     Accepts   Attempts    Time(secs) 
-----------------------------------------------------------
          plc_st         0  (        0 /        0 )  0.00
        plc_star         0  (        0 /        0 )  0.00
        drc_bufs         0  (        0 /        0 )  0.00
        drc_fopt         0  (        0 /        0 )  0.00
        drc_bufb         0  (        0 /        0 )  0.00
      simple_buf         0  (        0 /        0 )  0.00
             dup         0  (        0 /        0 )  0.00
       crit_dnsz         0  (        0 /        0 )  0.00
       crit_upsz         0  (        0 /        0 )  0.00
       crit_slew         0  (        0 /        0 )  0.00


           Trick     Calls     Accepts   Attempts    Time(secs) 
-----------------------------------------------------------
          plc_st         0  (        0 /        0 )  0.00
        plc_star         0  (        0 /        0 )  0.00
        drc_bufs         0  (        0 /        0 )  0.00
        drc_fopt         0  (        0 /        0 )  0.00
        drc_bufb         0  (        0 /        0 )  0.00
      simple_buf         0  (        0 /        0 )  0.00
             dup         0  (        0 /        0 )  0.00
       crit_dnsz         0  (        0 /        0 )  0.00
       crit_upsz         0  (        0 /        0 )  0.00


           Trick     Calls     Accepts   Attempts    Time(secs) 
-----------------------------------------------------------
          plc_st         0  (        0 /        0 )  0.00
        plc_star         0  (        0 /        0 )  0.00
        drc_bufs         0  (        0 /        0 )  0.00
        drc_fopt         0  (        0 /        0 )  0.00
        drc_bufb         0  (        0 /        0 )  0.00
             dup         0  (        0 /        0 )  0.00
       crit_dnsz         0  (        0 /        0 )  0.00
       crit_upsz         0  (        0 /        0 )  0.00

==================================
Stage : incr_opt 
==================================
  =================
   Message Summary
  =================
------------------------------------------------------------------------------------------------------------------------------------------------------------------------------------------------------------------------------------------
|   Id    |  Sev   |Count |                                                                                                Message Text                                                                                                  |
------------------------------------------------------------------------------------------------------------------------------------------------------------------------------------------------------------------------------------------
| CFM-1   |Info    |    1 |Wrote dofile.                                                                                                                                                                                                 |
| CFM-5   |Info    |    1 |Wrote formal verification information.                                                                                                                                                                        |
| CPI-506 |Warning |    1 |Command 'commit_power_intent' cannot proceed as there is no power intent loaded.                                                                                                                              |
| GLO-51  |Info    |   65 |Hierarchical instance automatically ungrouped.                                                                                                                                                                |
|         |        |      |Hierarchical instances can be automatically ungrouped to allow for better area or timing optimization. To prevent this ungroup, set the root-level attribute 'auto_ungroup' to 'none'. You can also prevent   |
|         |        |      | individual ungroup with setting the attribute 'ungroup_ok' of instances or modules to 'false'.                                                                                                               |
| PA-7    |Info    |    4 |Resetting power analysis results.                                                                                                                                                                             |
|         |        |      |All computed switching activities are removed.                                                                                                                                                                |
| ST-112  |Info    |    7 |A super-threading server has been shut down normally.                                                                                                                                                         |
|         |        |      |A super-threaded optimization is complete and a CPU server was successfully shut down.                                                                                                                        |
| SYNTH-5 |Info    |    1 |Done mapping.                                                                                                                                                                                                 |
| SYNTH-7 |Info    |    1 |Incrementally optimizing.                                                                                                                                                                                     |
------------------------------------------------------------------------------------------------------------------------------------------------------------------------------------------------------------------------------------------
Info    : Done incrementally optimizing. [SYNTH-8]
        : Done incrementally optimizing 'systolic_array_wrapper'.
        Applying wireload models.
        Computing net loads.
      flow.cputime  flow.realtime  timing.setup.tns  timing.setup.wns  snapshot
UM:*                                                                   syn_opt
@file(2_synthesis.tcl) 29: foreach cg [vfind / -cost_group -null_ok *] {
  report_timing -group [list $cg] > $gn::reportDir/syn_postopt.timing_[basename $cg]_post_incr.rpt
}
        Applying wireload models.
        Computing net loads.
        Tracing clock networks.
        Levelizing the circuit.
        Computing delays.
        Computing arrivals and requireds.
@file(2_synthesis.tcl) 34: report_design > $gn::reportDir/syn_postopt.design.rpt
@file(2_synthesis.tcl) 37: report_gates -power > $gn::reportDir/syn_postopt.gates.rpt
Info    : Joules engine is used. [RPT-16]
        : Joules engine is being used for the command report_gates -power.
Info   : ACTP-0001 Activity propagation started for stim#0 netlist
       : systolic_array_wrapper
Info   : ACTP-0009 [ACTPInfo] Activity Propagation Progress Report :   0%   1%   2%   3%   4%   5%   6%   7%   8%   9%  10%  11%  12%  13%  14%  15%  16%  17%  18%  19%  20%  21%  22%  23%  24%  25%  26%  27%  28%  29%  30%  31%  32%  33%  34%  35%  36%  37%  38%  39%  40%  41%  42%  43%  44%  45%  46%  47%  48%  49%  50%  51%  52%  53%  54%  55%  56%  57%  58%  59%  60%  61%  62%  63%  64%  65%  66%  67%  68%  69%  70%  71%  72%  73%  74%  75%  76%  77%  78%  79%  80%  81%  82%  83%  84%  85%  86%  87%  88%  89%  90%  91%  92%  93%  94%  95%  96%  97%  98%  99% 100%
Info   : ACTP-0001 Activity propagation ended for stim#0
Info   : PWRA-0001 compute_power effective options 
       : -mode : vectorless
       : -skip_propagation : 1
       : -frequency_scaling_factor : 1.0
       : -use_clock_freq : stim
       : -stim :/stim#0
       : -fromGenus : 1
Info   : ACTP-0001 Timing initialization started
Info   : ACTP-0001 Timing initialization ended
Info   : PWRA-0002 Skipping activity propagation due to -skip_ap option....
Warning: PWRA-0302 Frequency scaling is not applicable for vectorless flow.
       : Ignoring frequency scaling.
Warning: PWRA-0304 -stim option is not applicable with vectorless mode of power
       : analysis, ignored this option.
Info   : PWRA-0002 Started 'vectorless' power computation.
Info   : PWRA-0009 [PwrInfo] Power Computation Progress Report :   3%   7%  11%  15%  19%  22%  26%  30%  34%  38%  42%  45%  49%  53%  57%  61%  65%  68%  72%  76%  80%  84%  88%  91%  95% 100%
Info   : PWRA-0002 Finished power computation.
Info   : PWRA-0007 Completed successfully.
       : Info=6, Warn=2, Error=0, Fatal=0
@file(2_synthesis.tcl) 40: report_area > $gn::reportDir/syn_postopt.area.rpt
@file(2_synthesis.tcl) 43: report_timing -nworst 5 > $gn::reportDir/syn_postopt.timing.rpt
@file(2_synthesis.tcl) 46: report_timing -endpoints > $gn::reportDir/syn_postopt.timing_ep.rpt
@file(2_synthesis.tcl) 47: report_timing -max_slack 0.1 > $gn::reportDir/syn_postopt.timing_marginalviol.rpt
@file(2_synthesis.tcl) 48: report_timing -from [all_inputs] > $gn::reportDir/syn_postopt.timing_in.rpt
@file(2_synthesis.tcl) 49: report_timing -to   [all_outputs] > $gn::reportDir/syn_postopt.timing_out.rpt
@file(2_synthesis.tcl) 50: report_timing_summary > $gn::reportDir/syn_postopt.timingsummary.rpt
@file(2_synthesis.tcl) 52: set gn::CNT 1
@file(2_synthesis.tcl) 53: foreach gn::CLK [vfind /designs* -clock *] {
  exec echo "####################" > $gn::reportDir/syn_postopt.timing.clk$gn::CNT
  exec echo "# from clock: $gn::CLK" >> $gn::reportDir/syn_postopt.timing.clk$gn::CNT
  exec echo "# to clock: $gn::CLK" >> $gn::reportDir/syn_postopt.timing.clk$gn::CNT
  exec echo "####################" >> $gn::reportDir/syn_postopt.timing.clk$gn::CNT
  report_timing -from $gn::CLK -to $gn::CLK >> $gn::reportDir/syn_postopt.timing_clk$gn::CNT.rpt
  incr gn::CNT
}
@file(2_synthesis.tcl) 63: report_clock_gating > $gn::reportDir/syn_postopt.clockgating.rpt
Warning : Potential error generating clock gating report. [RPT_CG-12]
        : 'lp_insert_clock_gating' root attribute is set to 'false'.
        : The 'report clock_gating' command depends on the 'lp_insert_clock_gating' attribute.  Set it to 'true' before calling this command.


@file(2_synthesis.tcl) 64: report_power > $gn::reportDir/syn_postopt.power.rpt
Info    : Joules engine is used. [RPT-16]
        : Joules engine is being used for the command report_power.
Output file: ../report/syn_postopt.power.rpt
@file(2_synthesis.tcl) 65: report_area > $gn::reportDir/syn_postopt.area.rpt
@file(2_synthesis.tcl) 66: report_qor > $gn::reportDir/syn_postopt.qor.rpt
#@ End verbose source ../scripts/2_synthesis.tcl
@file(run_all.tcl) 16: source ../scripts/3_export.tcl
Sourcing '../scripts/3_export.tcl' (Sun Mar 22 09:09:23 EDT 2026)...
#@ Begin verbose source ../scripts/3_export.tcl
@file(3_export.tcl) 6: write_hdl > $gn::OutDir/$TOPCELL.syn.v
@file(3_export.tcl) 7: write_sdc -view default_mode > $gn::OutDir/$TOPCELL.syn.sdc
Finished SDC export (command execution time mm:ss (real) = 00:01).
@file(3_export.tcl) 11: write_sdf > $gn::OutDir/$TOPCELL.syn.sdf
Warning : Default value for an option has changed in this release. [WSDF-104]
        : Default value for -setuphold has changed from split to merge_always. Specify '-setuphold split' to preserve the behavior of the previous release.
        : Specify the option explicitly.
Warning : Default value for an option has changed in this release. [WSDF-104]
        : Default value for -recrem has changed from split to merge_always. Specify '-recrem split' to preserve the behavior of the previous release.
#@ End verbose source ../scripts/3_export.tcl
#@ End verbose source ../scripts/run_all.tcl

Lic Summary:
[09:09:47.248457] Cdslmd servers: bioeelincad
[09:09:47.248459] Feature usage summary:
[09:09:47.248464] Genus_Synthesis


+-----------+-------------------------+-----+----------------------+---------------------------+
|   Host    |         Machine         | CPU | Physical Memory (MB) | Peak Physical Memory (MB) |
+-----------+-------------------------+-----+----------------------+---------------------------+
| localhost | cadpc19.ee.columbia.edu |  1  |        1620.1        |          1937.2           |
+-----------+-------------------------+-----+----------------------+---------------------------+

+---------------+----------------------+---------------------------+
|    Server     | Physical Memory (MB) | Peak Physical Memory (MB) |
+---------------+----------------------+---------------------------+
| localhost_1_0 |        426.6         |           774.5           |
+---------------+----------------------+---------------------------+

Info    : A super-threading server has been shut down normally. [ST-112]
        : The server 'localhost_1_0' was process '1130151' on this host.
