000000000000000000000011111011010
000000000000000000000011111011010
000000000000000000000011111011010
000000000000000000000011111011000
000000000000000000000011111010110
000000000000000000000011111010110
000000000000000000000011111010111
000000000000000000000011111011000
000000000000000000000011111011001
000000000000000000000011111010111
000000000000000000000011111010111
000000000000000000000011111010111
000000000000000000000011111011010
000000000000000000000011111011000
000000000000000000000011111011001
000000000000000000000011111011000
000000000000000000000011111010110
000000000000000000000011111010110
000000000000000000000011111010110
000000000000000000000011111010110
000000000000000000000011111011000
000000000000000000000011111011000
000000000000000000000011111010111
000000000000000000000011111011000
000000000000000000000011111011000
000000000000000000000011111011001
000000000000000000000011111010101
000000000000000000000011111011000
000000000000000000000011111011000
000000000000000000000011111011000
000000000000000000000011111011000
000000000000000000000011111011000
000000000000000000000011111011001
000000000000000000000011111011000
000000000000000000000011111010111
000000000000000000000011111010111
000000000000000000000011111011000
000000000000000000000011111010111
000000000000000000000011111010111
000000000000000000000011111010111
000000000000000000000011111010111
000000000000000000000011111010111
000000000000000000000011111011000
000000000000000000000011111011000
000000000000000000000011111010111
000000000000000000000011111010111
000000000000000000000011111011001
000000000000000000000011111011000
000000000000000000000011111011000
000000000000000000000011111010111
000000000000000000000011111010111
000000000000000000000011111010111
000000000000000000000011111011000
000000000000000000000011111011001
000000000000000000000011111011000
000000000000000000000011111011000
000000000000000000000011111010111
000000000000000000000011111011000
000000000000000000000011111011000
000000000000000000000011111011000
000000000000000000000011111010111
000000000000000000000011111010110
000000000000000000000011111010111
000000000000000000000011111010111
111111111111111111101110110110000
111111111111111111101110110110000
111111111111111111101110110101111
111111111111111111101110110110001
111111111111111111101110110110011
111111111111111111101110110110001
111111111111111111101110110110010
111111111111111111101110110110010
111111111111111111101110110110000
111111111111111111101110110101111
111111111111111111101110110110001
111111111111111111101110110110000
111111111111111111101110110110010
111111111111111111101110110110001
111111111111111111101110110101111
111111111111111111101110110110001
111111111111111111101110110110001
111111111111111111101110110110001
111111111111111111101110110110001
111111111111111111101110110101110
111111111111111111101110110110000
111111111111111111101110110110011
111111111111111111101110110110000
111111111111111111101110110110000
111111111111111111101110110110000
111111111111111111101110110101111
111111111111111111101110110110000
111111111111111111101110110101111
111111111111111111101110110101111
111111111111111111101110110110000
111111111111111111101110110110000
111111111111111111101110110110010
111111111111111111101110110110000
111111111111111111101110110110001
111111111111111111101110110110000
111111111111111111101110110110001
111111111111111111101110110101111
111111111111111111101110110110010
111111111111111111101110110110000
111111111111111111101110110101111
111111111111111111101110110110010
111111111111111111101110110110000
111111111111111111101110110101111
111111111111111111101110110110010
111111111111111111101110110110001
111111111111111111101110110110001
111111111111111111101110110110010
111111111111111111101110110101111
111111111111111111101110110110000
111111111111111111101110110110010
111111111111111111101110110110001
111111111111111111101110110110000
111111111111111111101110110110010
111111111111111111101110110110001
111111111111111111101110110110001
111111111111111111101110110110000
111111111111111111101110110110001
111111111111111111101110110110000
111111111111111111101110110110001
111111111111111111101110110110001
111111111111111111101110110110001
111111111111111111101110110110001
111111111111111111101110110110010
111111111111111111101110110101111
111111111111111111101111001111010
111111111111111111101111001111001
111111111111111111101111001111011
111111111111111111101111001111100
111111111111111111101111001111010
111111111111111111101111001111010
111111111111111111101111001111011
111111111111111111101111001111011
111111111111111111101111001111001
111111111111111111101111001111011
111111111111111111101111001111100
111111111111111111101111001111010
111111111111111111101111001111011
111111111111111111101111001111001
111111111111111111101111001111010
111111111111111111101111001111010
111111111111111111101111001111010
111111111111111111101111001111011
111111111111111111101111001111100
111111111111111111101111001111011
111111111111111111101111001111100
111111111111111111101111001111100
111111111111111111101111001111100
111111111111111111101111001111100
111111111111111111101111001111010
111111111111111111101111001111011
111111111111111111101111001111010
111111111111111111101111001111100
111111111111111111101111001111010
111111111111111111101111001111011
111111111111111111101111001111010
111111111111111111101111001111100
111111111111111111101111001111010
111111111111111111101111001111010
111111111111111111101111001111100
111111111111111111101111001111011
111111111111111111101111001111011
111111111111111111101111001111011
111111111111111111101111001111011
111111111111111111101111001111011
111111111111111111101111001111100
111111111111111111101111001111011
111111111111111111101111001111011
111111111111111111101111001111010
111111111111111111101111001111010
111111111111111111101111001111010
111111111111111111101111001111011
111111111111111111101111001111011
111111111111111111101111001111010
111111111111111111101111001111011
111111111111111111101111001111100
111111111111111111101111001111011
111111111111111111101111001111010
111111111111111111101111001111010
111111111111111111101111001111011
111111111111111111101111001111010
111111111111111111101111001111001
111111111111111111101111001111011
111111111111111111101111001111100
111111111111111111101111001111010
111111111111111111101111001111100
111111111111111111101111001111100
111111111111111111101111001111011
111111111111111111101111001111010
111111111111111111100110000001001
111111111111111111100110000001001
111111111111111111100110000001001
111111111111111111100110000001100
111111111111111111100110000001010
111111111111111111100110000001010
111111111111111111100110000001001
111111111111111111100110000001010
111111111111111111100110000001010
111111111111111111100110000001011
111111111111111111100110000001000
111111111111111111100110000001001
111111111111111111100110000001001
111111111111111111100110000001000
111111111111111111100110000001000
111111111111111111100110000000111
111111111111111111100110000001010
111111111111111111100110000000111
111111111111111111100110000001001
111111111111111111100110000001000
111111111111111111100110000001010
111111111111111111100110000001010
111111111111111111100110000001010
111111111111111111100110000001000
111111111111111111100110000001001
111111111111111111100110000001001
111111111111111111100110000001000
111111111111111111100110000001010
111111111111111111100110000001001
111111111111111111100110000001010
111111111111111111100110000001001
111111111111111111100110000001010
111111111111111111100110000001000
111111111111111111100110000001001
111111111111111111100110000001010
111111111111111111100110000001000
111111111111111111100110000001001
111111111111111111100110000001010
111111111111111111100110000001001
111111111111111111100110000001001
111111111111111111100110000001010
111111111111111111100110000001010
111111111111111111100110000001001
111111111111111111100110000001001
111111111111111111100110000001001
111111111111111111100110000001000
111111111111111111100110000001010
111111111111111111100110000001001
111111111111111111100110000001001
111111111111111111100110000001010
111111111111111111100110000001001
111111111111111111100110000001000
111111111111111111100110000001010
111111111111111111100110000001001
111111111111111111100110000001010
111111111111111111100110000001000
111111111111111111100110000001011
111111111111111111100110000001001
111111111111111111100110000001001
111111111111111111100110000001010
111111111111111111100110000001000
111111111111111111100110000001010
111111111111111111100110000001001
111111111111111111100110000001001
000000000000000000001001011000010
000000000000000000001001011000001
000000000000000000001001011000001
000000000000000000001001011000010
000000000000000000001001011000010
000000000000000000001001011000011
000000000000000000001001011000100
000000000000000000001001011000011
000000000000000000001001011000010
000000000000000000001001011000011
000000000000000000001001011000010
000000000000000000001001011000010
000000000000000000001001011000010
000000000000000000001001011000010
000000000000000000001001011000011
000000000000000000001001011000001
000000000000000000001001011000001
000000000000000000001001011000001
000000000000000000001001011000010
000000000000000000001001011000001
000000000000000000001001011000010
000000000000000000001001011000001
000000000000000000001001011000011
000000000000000000001001011000100
000000000000000000001001011000100
000000000000000000001001011000010
000000000000000000001001011000001
000000000000000000001001011000100
000000000000000000001001011000011
000000000000000000001001011000010
000000000000000000001001011000001
000000000000000000001001011000000
000000000000000000001001011000011
000000000000000000001001011000010
000000000000000000001001011000010
000000000000000000001001011000011
000000000000000000001001011000010
000000000000000000001001011000011
000000000000000000001001011000010
000000000000000000001001011000010
000000000000000000001001011000011
000000000000000000001001011000010
000000000000000000001001011000000
000000000000000000001001011000010
000000000000000000001001011000010
000000000000000000001001011000011
000000000000000000001001011000010
000000000000000000001001011000100
000000000000000000001001011000001
000000000000000000001001011000100
000000000000000000001001011000011
000000000000000000001001011000011
000000000000000000001001011000010
000000000000000000001001011000010
000000000000000000001001011000011
000000000000000000001001011000001
000000000000000000001001011000011
000000000000000000001001011000011
000000000000000000001001011000001
000000000000000000001001011000001
000000000000000000001001011000011
000000000000000000001001011000011
000000000000000000001001011000001
000000000000000000001001011000010
000000000000000000000001011101000
000000000000000000000001011101000
000000000000000000000001011101001
000000000000000000000001011101001
000000000000000000000001011101010
000000000000000000000001011100111
000000000000000000000001011101001
000000000000000000000001011101000
000000000000000000000001011101001
000000000000000000000001011101001
000000000000000000000001011100111
000000000000000000000001011101000
000000000000000000000001011101000
000000000000000000000001011101010
000000000000000000000001011100111
000000000000000000000001011101001
000000000000000000000001011101000
000000000000000000000001011101000
000000000000000000000001011100111
000000000000000000000001011101000
000000000000000000000001011101010
000000000000000000000001011101001
000000000000000000000001011100111
000000000000000000000001011100111
000000000000000000000001011101000
000000000000000000000001011101000
000000000000000000000001011101000
000000000000000000000001011100111
000000000000000000000001011101001
000000000000000000000001011100111
000000000000000000000001011101010
000000000000000000000001011100111
000000000000000000000001011101000
000000000000000000000001011101001
000000000000000000000001011101000
000000000000000000000001011100110
000000000000000000000001011101000
000000000000000000000001011101000
000000000000000000000001011100111
000000000000000000000001011101001
000000000000000000000001011101000
000000000000000000000001011101000
000000000000000000000001011101001
000000000000000000000001011101001
000000000000000000000001011101001
000000000000000000000001011101001
000000000000000000000001011100111
000000000000000000000001011101001
000000000000000000000001011101000
000000000000000000000001011100111
000000000000000000000001011101000
000000000000000000000001011101000
000000000000000000000001011101001
000000000000000000000001011101001
000000000000000000000001011101000
000000000000000000000001011101001
000000000000000000000001011101001
000000000000000000000001011101000
000000000000000000000001011100111
000000000000000000000001011100111
000000000000000000000001011101000
000000000000000000000001011101001
000000000000000000000001011101001
000000000000000000000001011101001
111111111111111111100010101110011
111111111111111111100010101110011
111111111111111111100010101110011
111111111111111111100010101110100
111111111111111111100010101110100
111111111111111111100010101110001
111111111111111111100010101110010
111111111111111111100010101110010
111111111111111111100010101110100
111111111111111111100010101110011
111111111111111111100010101110011
111111111111111111100010101110011
111111111111111111100010101110010
111111111111111111100010101110011
111111111111111111100010101110010
111111111111111111100010101110100
111111111111111111100010101110010
111111111111111111100010101110010
111111111111111111100010101110010
111111111111111111100010101110011
111111111111111111100010101110011
111111111111111111100010101110011
111111111111111111100010101110010
111111111111111111100010101110011
111111111111111111100010101110001
111111111111111111100010101110101
111111111111111111100010101110100
111111111111111111100010101110010
111111111111111111100010101110011
111111111111111111100010101110011
111111111111111111100010101110100
111111111111111111100010101110001
111111111111111111100010101110001
111111111111111111100010101110010
111111111111111111100010101110010
111111111111111111100010101110001
111111111111111111100010101110001
111111111111111111100010101110011
111111111111111111100010101110011
111111111111111111100010101110011
111111111111111111100010101110011
111111111111111111100010101110100
111111111111111111100010101110101
111111111111111111100010101110100
111111111111111111100010101110110
111111111111111111100010101110010
111111111111111111100010101110010
111111111111111111100010101110011
111111111111111111100010101110100
111111111111111111100010101110011
111111111111111111100010101110011
111111111111111111100010101110100
111111111111111111100010101110011
111111111111111111100010101110010
111111111111111111100010101110001
111111111111111111100010101110011
111111111111111111100010101110010
111111111111111111100010101110011
111111111111111111100010101110010
111111111111111111100010101110010
111111111111111111100010101110011
111111111111111111100010101110011
111111111111111111100010101110001
111111111111111111100010101110010
111111111111111111100010101110001
111111111111111111100010101110011
111111111111111111100010101110011
111111111111111111100010101110011
111111111111111111100010101110100
111111111111111111100010101110010
111111111111111111100010101110011
111111111111111111100010101110011
111111111111111111100010101110011
111111111111111111100010101110000
111111111111111111100010101110100
111111111111111111100010101110010
111111111111111111100010101110010
111111111111111111100010101110011
111111111111111111100010101110010
111111111111111111100010101110011
111111111111111111100010101110101
111111111111111111100010101110001
111111111111111111100010101110011
111111111111111111100010101110100
111111111111111111100010101110010
111111111111111111100010101110010
111111111111111111100010101110010
111111111111111111100010101110001
111111111111111111100010101110001
111111111111111111100010101110011
111111111111111111100010101110011
111111111111111111100010101110011
111111111111111111100010101110010
111111111111111111100010101110010
111111111111111111100010101110010
111111111111111111100010101110100
111111111111111111100010101110001
111111111111111111100010101110011
111111111111111111100010101110011
111111111111111111100010101110001
111111111111111111100010101110010
111111111111111111100010101110010
111111111111111111100010101110011
111111111111111111100010101110011
111111111111111111100010101110011
111111111111111111100010101110011
111111111111111111100010101110011
111111111111111111100010101110001
111111111111111111100010101110100
111111111111111111100010101110010
111111111111111111100010101110001
111111111111111111100010101110010
111111111111111111100010101110010
111111111111111111100010101110001
111111111111111111100010101110011
111111111111111111100010101110001
111111111111111111100010101110100
111111111111111111100010101110100
111111111111111111100010101110011
111111111111111111100010101110010
111111111111111111100010101110100
111111111111111111100010101110011
111111111111111111100010101110100
111111111111111111100010101110010
111111111111111111100010101110011
111111111111111111100010101110011
111111111111111111100010101110011
111111111111111111100010101110010
000000000000000000101001010001100
000000000000000000101001010010000
000000000000000000101001010001110
000000000000000000101001010001110
000000000000000000101001010001101
000000000000000000101001010001110
000000000000000000101001010001101
000000000000000000101001010001100
000000000000000000101001010001110
000000000000000000101001010001110
000000000000000000101001010001101
000000000000000000101001010001011
000000000000000000101001010001100
000000000000000000101001010001101
000000000000000000101001010001101
000000000000000000101001010001110
000000000000000000101001010001111
000000000000000000101001010001111
000000000000000000101001010001111
000000000000000000101001010001110
000000000000000000101001010001100
000000000000000000101001010001111
000000000000000000101001010001110
000000000000000000101001010001111
000000000000000000101001010001101
000000000000000000101001010001111
000000000000000000101001010001101
000000000000000000101001010001101
000000000000000000101001010001110
000000000000000000101001010001011
000000000000000000101001010001110
000000000000000000101001010001101
000000000000000000101001010001110
000000000000000000101001010001110
000000000000000000101001010001100
000000000000000000101001010001110
000000000000000000101001010001100
000000000000000000101001010001100
000000000000000000101001010001111
000000000000000000101001010001110
000000000000000000101001010001101
000000000000000000101001010001100
000000000000000000101001010001101
000000000000000000101001010001110
000000000000000000101001010001101
000000000000000000101001010001101
000000000000000000101001010001110
000000000000000000101001010001100
000000000000000000101001010001110
000000000000000000101001010001101
000000000000000000101001010001101
000000000000000000101001010001110
000000000000000000101001010001101
000000000000000000101001010001101
000000000000000000101001010001100
000000000000000000101001010001110
000000000000000000101001010001100
000000000000000000101001010001101
000000000000000000101001010001101
000000000000000000101001010001111
000000000000000000101001010001111
000000000000000000101001010001110
000000000000000000101001010001100
000000000000000000101001010001101
111111111111111111010010100100001
111111111111111111010010100100010
111111111111111111010010100100000
111111111111111111010010100100011
111111111111111111010010100100000
111111111111111111010010100100001
111111111111111111010010100100000
111111111111111111010010100100001
111111111111111111010010100100010
111111111111111111010010100100001
111111111111111111010010100100010
111111111111111111010010100100000
111111111111111111010010100100010
111111111111111111010010100100001
111111111111111111010010100100010
111111111111111111010010100100001
111111111111111111010010100100001
111111111111111111010010100100001
111111111111111111010010100100001
111111111111111111010010100100000
111111111111111111010010100100010
111111111111111111010010100100010
111111111111111111010010100100001
111111111111111111010010100011111
111111111111111111010010100100000
111111111111111111010010100100001
111111111111111111010010100100001
111111111111111111010010100100001
111111111111111111010010100100010
111111111111111111010010100100001
111111111111111111010010100011110
111111111111111111010010100100010
111111111111111111010010100100010
111111111111111111010010100100001
111111111111111111010010100100010
111111111111111111010010100100000
111111111111111111010010100100000
111111111111111111010010100100000
111111111111111111010010100100000
111111111111111111010010100100000
111111111111111111010010100100010
111111111111111111010010100100001
111111111111111111010010100011110
111111111111111111010010100100010
111111111111111111010010100100000
111111111111111111010010100100000
111111111111111111010010100100001
111111111111111111010010100100001
111111111111111111010010100100001
111111111111111111010010100100001
111111111111111111010010100100000
111111111111111111010010100100000
111111111111111111010010100100001
111111111111111111010010100011111
111111111111111111010010100011110
111111111111111111010010100100010
111111111111111111010010100100000
111111111111111111010010100100000
111111111111111111010010100100000
111111111111111111010010100100010
111111111111111111010010100100001
111111111111111111010010100100000
111111111111111111010010100100001
111111111111111111010010100100011
000000000000000000001110100011011
000000000000000000001110100011010
000000000000000000001110100011010
000000000000000000001110100011011
000000000000000000001110100011010
000000000000000000001110100011100
000000000000000000001110100011011
000000000000000000001110100011101
000000000000000000001110100011101
000000000000000000001110100011011
000000000000000000001110100011011
000000000000000000001110100011101
000000000000000000001110100011010
000000000000000000001110100011010
000000000000000000001110100011011
000000000000000000001110100011100
000000000000000000001110100011101
000000000000000000001110100011110
000000000000000000001110100011100
000000000000000000001110100011011
000000000000000000001110100011010
000000000000000000001110100011100
000000000000000000001110100011011
000000000000000000001110100011101
000000000000000000001110100011100
000000000000000000001110100011011
000000000000000000001110100011100
000000000000000000001110100011101
000000000000000000001110100011100
000000000000000000001110100011010
000000000000000000001110100011100
000000000000000000001110100011100
000000000000000000001110100011100
000000000000000000001110100011100
000000000000000000001110100011010
000000000000000000001110100011100
000000000000000000001110100011011
000000000000000000001110100011011
000000000000000000001110100011100
000000000000000000001110100011101
000000000000000000001110100011100
000000000000000000001110100011110
000000000000000000001110100011100
000000000000000000001110100011100
000000000000000000001110100011011
000000000000000000001110100011100
000000000000000000001110100011100
000000000000000000001110100011010
000000000000000000001110100011100
000000000000000000001110100011100
000000000000000000001110100011100
000000000000000000001110100011100
000000000000000000001110100011100
000000000000000000001110100011100
000000000000000000001110100011100
000000000000000000001110100011011
000000000000000000001110100011011
000000000000000000001110100011011
000000000000000000001110100011100
000000000000000000001110100011100
000000000000000000001110100011100
000000000000000000001110100011100
000000000000000000001110100011100
000000000000000000001110100011011
000000000000000000010001111101100
000000000000000000010001111101110
000000000000000000010001111110000
000000000000000000010001111101110
000000000000000000010001111101110
000000000000000000010001111101110
000000000000000000010001111101110
000000000000000000010001111101111
000000000000000000010001111101110
000000000000000000010001111101110
000000000000000000010001111101110
000000000000000000010001111101100
000000000000000000010001111101110
000000000000000000010001111101110
000000000000000000010001111101101
000000000000000000010001111101101
000000000000000000010001111101110
000000000000000000010001111101100
000000000000000000010001111101110
000000000000000000010001111101110
000000000000000000010001111101101
000000000000000000010001111101101
000000000000000000010001111101110
000000000000000000010001111101110
000000000000000000010001111101110
000000000000000000010001111101111
000000000000000000010001111101101
000000000000000000010001111101111
000000000000000000010001111101110
000000000000000000010001111101110
000000000000000000010001111101100
000000000000000000010001111101111
000000000000000000010001111101101
000000000000000000010001111101110
000000000000000000010001111101111
000000000000000000010001111101100
000000000000000000010001111101101
000000000000000000010001111101100
000000000000000000010001111101100
000000000000000000010001111101100
000000000000000000010001111101101
000000000000000000010001111110000
000000000000000000010001111101101
000000000000000000010001111101110
000000000000000000010001111101110
000000000000000000010001111101111
000000000000000000010001111101101
000000000000000000010001111101110
000000000000000000010001111101110
000000000000000000010001111101111
000000000000000000010001111101100
000000000000000000010001111101111
000000000000000000010001111101101
000000000000000000010001111101110
000000000000000000010001111101101
000000000000000000010001111101110
000000000000000000010001111101111
000000000000000000010001111101110
000000000000000000010001111101100
000000000000000000010001111101110
000000000000000000010001111101101
000000000000000000010001111101111
000000000000000000010001111101101
000000000000000000010001111101110
111111111111111111011001111110001
111111111111111111011001111110001
111111111111111111011001111110001
111111111111111111011001111110000
111111111111111111011001111101110
111111111111111111011001111110000
111111111111111111011001111110000
111111111111111111011001111110000
111111111111111111011001111110001
111111111111111111011001111110010
111111111111111111011001111110000
111111111111111111011001111110001
111111111111111111011001111110001
111111111111111111011001111110001
111111111111111111011001111110000
111111111111111111011001111110001
111111111111111111011001111110001
111111111111111111011001111110001
111111111111111111011001111110001
111111111111111111011001111101111
111111111111111111011001111110000
111111111111111111011001111110010
111111111111111111011001111110001
111111111111111111011001111110001
111111111111111111011001111110000
111111111111111111011001111101111
111111111111111111011001111101111
111111111111111111011001111101110
111111111111111111011001111110000
111111111111111111011001111110000
111111111111111111011001111110001
111111111111111111011001111110000
111111111111111111011001111110001
111111111111111111011001111101111
111111111111111111011001111101111
111111111111111111011001111110000
111111111111111111011001111110001
111111111111111111011001111110001
111111111111111111011001111110001
111111111111111111011001111110000
111111111111111111011001111110000
111111111111111111011001111110010
111111111111111111011001111110001
111111111111111111011001111110001
111111111111111111011001111110000
111111111111111111011001111110010
111111111111111111011001111110001
111111111111111111011001111110000
111111111111111111011001111110001
111111111111111111011001111110000
111111111111111111011001111110000
111111111111111111011001111101111
111111111111111111011001111110001
111111111111111111011001111101111
111111111111111111011001111110001
111111111111111111011001111110001
111111111111111111011001111110000
111111111111111111011001111110001
111111111111111111011001111101111
111111111111111111011001111110000
111111111111111111011001111110000
111111111111111111011001111110000
111111111111111111011001111110000
111111111111111111011001111110000
111111111111111111011111100001110
111111111111111111011111100001111
111111111111111111011111100001111
111111111111111111011111100001110
111111111111111111011111100010000
111111111111111111011111100001110
111111111111111111011111100001110
111111111111111111011111100001110
111111111111111111011111100001110
111111111111111111011111100001110
111111111111111111011111100001111
111111111111111111011111100010000
111111111111111111011111100001111
111111111111111111011111100001111
111111111111111111011111100001110
111111111111111111011111100001111
111111111111111111011111100001111
111111111111111111011111100001111
111111111111111111011111100001111
111111111111111111011111100001111
111111111111111111011111100001110
111111111111111111011111100001100
111111111111111111011111100010000
111111111111111111011111100010000
111111111111111111011111100001111
111111111111111111011111100010000
111111111111111111011111100001101
111111111111111111011111100001110
111111111111111111011111100001111
111111111111111111011111100001111
111111111111111111011111100001110
111111111111111111011111100001111
111111111111111111011111100001110
111111111111111111011111100001110
111111111111111111011111100001110
111111111111111111011111100001101
111111111111111111011111100001111
111111111111111111011111100001110
111111111111111111011111100001100
111111111111111111011111100001111
111111111111111111011111100001110
111111111111111111011111100001111
111111111111111111011111100010000
111111111111111111011111100001110
111111111111111111011111100010000
111111111111111111011111100001110
111111111111111111011111100001111
111111111111111111011111100001110
111111111111111111011111100001111
111111111111111111011111100001101
111111111111111111011111100010000
111111111111111111011111100001111
111111111111111111011111100010000
111111111111111111011111100001111
111111111111111111011111100001111
111111111111111111011111100001110
111111111111111111011111100001110
111111111111111111011111100010000
111111111111111111011111100010000
111111111111111111011111100001101
111111111111111111011111100001111
111111111111111111011111100001111
111111111111111111011111100001110
111111111111111111011111100001111
111111111111111111111000101100101
111111111111111111111000101100011
111111111111111111111000101100100
111111111111111111111000101100011
111111111111111111111000101100011
111111111111111111111000101100011
111111111111111111111000101100010
111111111111111111111000101100100
111111111111111111111000101100011
111111111111111111111000101100100
111111111111111111111000101100011
111111111111111111111000101100011
111111111111111111111000101100101
111111111111111111111000101100011
111111111111111111111000101100011
111111111111111111111000101100100
111111111111111111111000101100011
111111111111111111111000101100100
111111111111111111111000101100100
111111111111111111111000101100100
111111111111111111111000101100011
111111111111111111111000101100100
111111111111111111111000101100100
111111111111111111111000101100100
111111111111111111111000101100011
111111111111111111111000101100100
111111111111111111111000101100010
111111111111111111111000101100100
111111111111111111111000101100100
111111111111111111111000101100100
111111111111111111111000101100100
111111111111111111111000101100010
111111111111111111111000101100100
111111111111111111111000101100100
111111111111111111111000101100011
111111111111111111111000101100100
111111111111111111111000101100100
111111111111111111111000101100100
111111111111111111111000101100100
111111111111111111111000101100101
111111111111111111111000101100100
111111111111111111111000101100011
111111111111111111111000101100011
111111111111111111111000101100100
111111111111111111111000101100011
111111111111111111111000101100100
111111111111111111111000101100100
111111111111111111111000101100101
111111111111111111111000101100011
111111111111111111111000101100010
111111111111111111111000101100011
111111111111111111111000101100101
111111111111111111111000101100011
111111111111111111111000101100100
111111111111111111111000101100010
111111111111111111111000101100011
111111111111111111111000101100010
111111111111111111111000101100100
111111111111111111111000101100101
111111111111111111111000101100100
111111111111111111111000101100100
111111111111111111111000101100011
111111111111111111111000101100011
111111111111111111111000101100100
111111111111111111111011011011100
111111111111111111111011011011010
111111111111111111111011011011010
111111111111111111111011011011001
111111111111111111111011011011011
111111111111111111111011011011011
111111111111111111111011011011010
111111111111111111111011011011011
111111111111111111111011011011011
111111111111111111111011011011100
111111111111111111111011011011001
111111111111111111111011011011011
111111111111111111111011011011011
111111111111111111111011011011011
111111111111111111111011011011010
111111111111111111111011011011010
111111111111111111111011011011010
111111111111111111111011011011011
111111111111111111111011011011010
111111111111111111111011011011001
111111111111111111111011011011100
111111111111111111111011011011010
111111111111111111111011011011011
111111111111111111111011011011011
111111111111111111111011011011011
111111111111111111111011011011010
111111111111111111111011011011010
111111111111111111111011011011001
111111111111111111111011011011010
111111111111111111111011011011010
111111111111111111111011011011100
111111111111111111111011011011010
111111111111111111111011011011011
111111111111111111111011011011010
111111111111111111111011011011001
111111111111111111111011011011011
111111111111111111111011011011011
111111111111111111111011011011011
111111111111111111111011011011001
111111111111111111111011011011010
111111111111111111111011011011010
111111111111111111111011011011010
111111111111111111111011011011001
111111111111111111111011011011011
111111111111111111111011011011001
111111111111111111111011011011011
111111111111111111111011011011011
111111111111111111111011011011001
111111111111111111111011011011001
111111111111111111111011011011101
111111111111111111111011011011011
111111111111111111111011011011011
111111111111111111111011011011001
111111111111111111111011011011010
111111111111111111111011011011010
111111111111111111111011011011011
111111111111111111111011011011100
111111111111111111111011011011011
111111111111111111111011011011001
111111111111111111111011011011100
111111111111111111111011011011001
111111111111111111111011011011001
111111111111111111111011011011001
111111111111111111111011011011010
000000000000000000011011100001111
000000000000000000011011100010000
000000000000000000011011100010001
000000000000000000011011100001111
000000000000000000011011100001111
000000000000000000011011100010001
000000000000000000011011100001110
000000000000000000011011100010000
000000000000000000011011100001111
000000000000000000011011100010000
000000000000000000011011100001110
000000000000000000011011100010001
000000000000000000011011100001111
000000000000000000011011100001110
000000000000000000011011100001111
000000000000000000011011100001111
000000000000000000011011100001111
000000000000000000011011100001110
000000000000000000011011100001111
000000000000000000011011100010000
000000000000000000011011100001111
000000000000000000011011100001110
000000000000000000011011100010000
000000000000000000011011100001110
000000000000000000011011100010000
000000000000000000011011100010000
000000000000000000011011100001110
000000000000000000011011100001111
000000000000000000011011100010000
000000000000000000011011100010001
000000000000000000011011100010000
000000000000000000011011100010000
000000000000000000011011100010000
000000000000000000011011100001111
000000000000000000011011100010000
000000000000000000011011100001110
000000000000000000011011100010010
000000000000000000011011100010001
000000000000000000011011100010000
000000000000000000011011100001111
000000000000000000011011100001111
000000000000000000011011100001111
000000000000000000011011100001101
000000000000000000011011100001111
000000000000000000011011100010001
000000000000000000011011100001111
000000000000000000011011100001111
000000000000000000011011100010000
000000000000000000011011100001111
000000000000000000011011100001111
000000000000000000011011100010000
000000000000000000011011100010000
000000000000000000011011100001111
000000000000000000011011100010000
000000000000000000011011100010000
000000000000000000011011100001110
000000000000000000011011100001111
000000000000000000011011100001111
000000000000000000011011100001110
000000000000000000011011100010000
000000000000000000011011100001110
000000000000000000011011100001111
000000000000000000011011100010000
000000000000000000011011100010000
111111111111111111010011100010010
111111111111111111010011100010001
111111111111111111010011100010001
111111111111111111010011100001111
111111111111111111010011100010000
111111111111111111010011100010000
111111111111111111010011100010001
111111111111111111010011100010010
111111111111111111010011100010001
111111111111111111010011100010000
111111111111111111010011100010001
111111111111111111010011100010010
111111111111111111010011100010001
111111111111111111010011100010000
111111111111111111010011100010001
111111111111111111010011100010001
111111111111111111010011100010001
111111111111111111010011100001111
111111111111111111010011100010001
111111111111111111010011100010001
111111111111111111010011100010000
111111111111111111010011100001111
111111111111111111010011100010001
111111111111111111010011100010000
111111111111111111010011100010001
111111111111111111010011100001111
111111111111111111010011100010000
111111111111111111010011100010000
111111111111111111010011100010000
111111111111111111010011100001111
111111111111111111010011100010001
111111111111111111010011100010010
111111111111111111010011100010001
111111111111111111010011100010001
111111111111111111010011100010000
111111111111111111010011100010001
111111111111111111010011100010011
111111111111111111010011100010001
111111111111111111010011100010000
111111111111111111010011100001111
111111111111111111010011100010001
111111111111111111010011100010001
111111111111111111010011100010000
111111111111111111010011100010000
111111111111111111010011100010000
111111111111111111010011100010001
111111111111111111010011100010000
111111111111111111010011100001111
111111111111111111010011100001110
111111111111111111010011100010001
111111111111111111010011100010010
111111111111111111010011100010010
111111111111111111010011100010001
111111111111111111010011100010000
111111111111111111010011100010010
111111111111111111010011100010001
111111111111111111010011100010010
111111111111111111010011100010000
111111111111111111010011100010010
111111111111111111010011100010010
111111111111111111010011100010000
111111111111111111010011100010010
111111111111111111010011100010000
111111111111111111010011100010000
000000000000000000011010110011101
000000000000000000011010110011110
000000000000000000011010110011101
000000000000000000011010110011111
000000000000000000011010110011101
000000000000000000011010110011101
000000000000000000011010110011110
000000000000000000011010110100000
000000000000000000011010110011111
000000000000000000011010110011111
000000000000000000011010110011110
000000000000000000011010110011101
000000000000000000011010110011110
000000000000000000011010110011110
000000000000000000011010110011110
000000000000000000011010110011110
000000000000000000011010110011110
000000000000000000011010110011111
000000000000000000011010110011110
000000000000000000011010110011110
000000000000000000011010110011101
000000000000000000011010110011111
000000000000000000011010110011111
000000000000000000011010110011101
000000000000000000011010110011110
000000000000000000011010110011100
000000000000000000011010110011101
000000000000000000011010110011101
000000000000000000011010110011110
000000000000000000011010110011101
000000000000000000011010110011101
000000000000000000011010110011101
000000000000000000011010110011110
000000000000000000011010110011110
000000000000000000011010110011101
000000000000000000011010110011111
000000000000000000011010110011111
000000000000000000011010110011111
000000000000000000011010110011110
000000000000000000011010110011110
000000000000000000011010110011110
000000000000000000011010110011111
000000000000000000011010110011101
000000000000000000011010110011111
000000000000000000011010110011100
000000000000000000011010110011111
000000000000000000011010110011110
000000000000000000011010110011110
000000000000000000011010110011110
000000000000000000011010110011111
000000000000000000011010110011101
000000000000000000011010110011110
000000000000000000011010110011110
000000000000000000011010110011110
000000000000000000011010110011110
000000000000000000011010110011101
000000000000000000011010110011110
000000000000000000011010110011110
000000000000000000011010110011111
000000000000000000011010110011101
000000000000000000011010110011110
000000000000000000011010110100000
000000000000000000011010110011100
000000000000000000011010110011111
111111111111111111110111101110010
111111111111111111110111101110010
111111111111111111110111101110001
111111111111111111110111101110100
111111111111111111110111101110001
111111111111111111110111101110010
111111111111111111110111101110101
111111111111111111110111101110001
111111111111111111110111101110011
111111111111111111110111101110010
111111111111111111110111101110011
111111111111111111110111101110011
111111111111111111110111101110010
111111111111111111110111101110011
111111111111111111110111101110011
111111111111111111110111101110100
111111111111111111110111101110001
111111111111111111110111101110010
111111111111111111110111101110001
111111111111111111110111101110000
111111111111111111110111101110100
111111111111111111110111101110010
111111111111111111110111101110011
111111111111111111110111101110011
111111111111111111110111101110001
111111111111111111110111101110000
111111111111111111110111101110010
111111111111111111110111101110010
111111111111111111110111101110010
111111111111111111110111101110011
111111111111111111110111101110001
111111111111111111110111101110010
111111111111111111110111101110011
111111111111111111110111101110011
111111111111111111110111101110010
111111111111111111110111101110011
111111111111111111110111101110010
111111111111111111110111101110011
111111111111111111110111101110001
111111111111111111110111101110001
111111111111111111110111101110100
111111111111111111110111101110011
111111111111111111110111101110010
111111111111111111110111101110011
111111111111111111110111101110010
111111111111111111110111101110011
111111111111111111110111101110011
111111111111111111110111101110001
111111111111111111110111101110010
111111111111111111110111101110010
111111111111111111110111101110010
111111111111111111110111101110001
111111111111111111110111101110011
111111111111111111110111101110010
111111111111111111110111101110011
111111111111111111110111101110100
111111111111111111110111101110010
111111111111111111110111101110010
111111111111111111110111101110010
111111111111111111110111101110001
111111111111111111110111101110001
111111111111111111110111101110000
111111111111111111110111101110100
111111111111111111110111101110011
000000000000000000010101111010101
000000000000000000010101111010110
000000000000000000010101111010101
000000000000000000010101111010110
000000000000000000010101111010101
000000000000000000010101111010101
000000000000000000010101111010110
000000000000000000010101111010011
000000000000000000010101111010100
000000000000000000010101111010110
000000000000000000010101111010110
000000000000000000010101111010101
000000000000000000010101111010110
000000000000000000010101111010101
000000000000000000010101111010100
000000000000000000010101111010100
000000000000000000010101111010101
000000000000000000010101111010100
000000000000000000010101111010110
000000000000000000010101111010011
000000000000000000010101111010110
000000000000000000010101111010110
000000000000000000010101111010101
000000000000000000010101111010101
000000000000000000010101111010110
000000000000000000010101111010100
000000000000000000010101111010100
000000000000000000010101111010101
000000000000000000010101111010101
000000000000000000010101111010101
000000000000000000010101111010110
000000000000000000010101111010100
000000000000000000010101111010111
000000000000000000010101111010101
000000000000000000010101111010101
000000000000000000010101111010110
000000000000000000010101111010101
000000000000000000010101111010011
000000000000000000010101111010110
000000000000000000010101111010100
000000000000000000010101111010101
000000000000000000010101111010010
000000000000000000010101111010110
000000000000000000010101111010101
000000000000000000010101111010101
000000000000000000010101111010110
000000000000000000010101111010101
000000000000000000010101111010111
000000000000000000010101111010111
000000000000000000010101111010101
000000000000000000010101111010100
000000000000000000010101111010101
000000000000000000010101111010100
000000000000000000010101111010101
000000000000000000010101111010101
000000000000000000010101111010101
000000000000000000010101111010100
000000000000000000010101111010101
000000000000000000010101111010100
000000000000000000010101111010110
000000000000000000010101111010110
000000000000000000010101111010100
000000000000000000010101111010101
000000000000000000010101111010110
000000000000000000101101111010001
000000000000000000101101111010000
000000000000000000101101111010000
000000000000000000101101111010001
000000000000000000101101111010001
000000000000000000101101111010001
000000000000000000101101111001111
000000000000000000101101111010000
000000000000000000101101111010000
000000000000000000101101111010001
000000000000000000101101111010001
000000000000000000101101111001110
000000000000000000101101111010000
000000000000000000101101111010000
000000000000000000101101111001110
000000000000000000101101111010000
000000000000000000101101111010000
000000000000000000101101111010000
000000000000000000101101111010000
000000000000000000101101111010001
000000000000000000101101111010000
000000000000000000101101111010001
000000000000000000101101111010010
000000000000000000101101111010000
000000000000000000101101111010000
000000000000000000101101111010001
000000000000000000101101111010000
000000000000000000101101111010010
000000000000000000101101111010000
000000000000000000101101111010000
000000000000000000101101111010001
000000000000000000101101111010001
000000000000000000101101111001111
000000000000000000101101111010001
000000000000000000101101111010001
000000000000000000101101111010001
000000000000000000101101111001111
000000000000000000101101111010001
000000000000000000101101111010010
000000000000000000101101111010001
000000000000000000101101111010001
000000000000000000101101111001111
000000000000000000101101111010000
000000000000000000101101111001111
000000000000000000101101111010000
000000000000000000101101111010001
000000000000000000101101111010001
000000000000000000101101111010001
000000000000000000101101111001111
000000000000000000101101111010000
000000000000000000101101111010000
000000000000000000101101111010001
000000000000000000101101111001111
000000000000000000101101111010001
000000000000000000101101111010011
000000000000000000101101111010001
000000000000000000101101111001111
000000000000000000101101111010010
000000000000000000101101111010001
000000000000000000101101111010001
000000000000000000101101111010000
000000000000000000101101111010001
000000000000000000101101111001111
000000000000000000101101111001111
000000000000000000010011110010011
000000000000000000010011110010011
000000000000000000010011110010100
000000000000000000010011110010101
000000000000000000010011110010101
000000000000000000010011110010011
000000000000000000010011110010010
000000000000000000010011110010101
000000000000000000010011110010011
000000000000000000010011110010101
000000000000000000010011110010011
000000000000000000010011110010100
000000000000000000010011110010100
000000000000000000010011110010011
000000000000000000010011110010011
000000000000000000010011110010100
000000000000000000010011110010100
000000000000000000010011110010100
000000000000000000010011110010011
000000000000000000010011110010101
000000000000000000010011110010100
000000000000000000010011110010101
000000000000000000010011110010101
000000000000000000010011110010100
000000000000000000010011110010011
000000000000000000010011110010101
000000000000000000010011110010101
000000000000000000010011110010100
000000000000000000010011110010100
000000000000000000010011110010100
000000000000000000010011110010010
000000000000000000010011110010101
000000000000000000010011110010100
000000000000000000010011110010100
000000000000000000010011110010101
000000000000000000010011110010100
000000000000000000010011110010100
000000000000000000010011110010011
000000000000000000010011110010100
000000000000000000010011110010100
000000000000000000010011110010110
000000000000000000010011110010100
000000000000000000010011110010011
000000000000000000010011110010101
000000000000000000010011110010011
000000000000000000010011110010011
000000000000000000010011110010101
000000000000000000010011110010101
000000000000000000010011110010100
000000000000000000010011110010011
000000000000000000010011110010100
000000000000000000010011110010101
000000000000000000010011110010100
000000000000000000010011110010100
000000000000000000010011110010011
000000000000000000010011110010011
000000000000000000010011110010011
000000000000000000010011110010011
000000000000000000010011110010011
000000000000000000010011110010101
000000000000000000010011110010100
000000000000000000010011110010011
000000000000000000010011110010101
000000000000000000010011110010100
000000000000000000010110001001011
000000000000000000010110001001011
000000000000000000010110001001011
000000000000000000010110001001100
000000000000000000010110001001011
000000000000000000010110001001010
000000000000000000010110001001100
000000000000000000010110001001011
000000000000000000010110001001101
000000000000000000010110001001100
000000000000000000010110001001011
000000000000000000010110001001100
000000000000000000010110001001101
000000000000000000010110001001011
000000000000000000010110001001100
000000000000000000010110001001101
000000000000000000010110001001100
000000000000000000010110001001011
000000000000000000010110001001000
000000000000000000010110001001101
000000000000000000010110001001101
000000000000000000010110001001100
000000000000000000010110001001010
000000000000000000010110001001011
000000000000000000010110001001010
000000000000000000010110001001010
000000000000000000010110001001100
000000000000000000010110001001101
000000000000000000010110001001100
000000000000000000010110001001010
000000000000000000010110001001011
000000000000000000010110001001011
000000000000000000010110001001011
000000000000000000010110001001011
000000000000000000010110001001011
000000000000000000010110001001011
000000000000000000010110001001100
000000000000000000010110001001100
000000000000000000010110001001011
000000000000000000010110001001100
000000000000000000010110001001100
000000000000000000010110001001011
000000000000000000010110001001100
000000000000000000010110001001100
000000000000000000010110001001011
000000000000000000010110001001011
000000000000000000010110001001011
000000000000000000010110001001101
000000000000000000010110001001010
000000000000000000010110001001011
000000000000000000010110001001011
000000000000000000010110001001100
000000000000000000010110001001101
000000000000000000010110001001101
000000000000000000010110001001011
000000000000000000010110001001100
000000000000000000010110001001100
000000000000000000010110001001100
000000000000000000010110001001100
000000000000000000010110001001011
000000000000000000010110001001011
000000000000000000010110001001011
000000000000000000010110001001101
000000000000000000010110001001011
111111111111111111110001011110011
111111111111111111110001011110101
111111111111111111110001011110100
111111111111111111110001011110100
111111111111111111110001011110100
111111111111111111110001011110010
111111111111111111110001011110101
111111111111111111110001011110011
111111111111111111110001011110101
111111111111111111110001011110101
111111111111111111110001011110101
111111111111111111110001011110110
111111111111111111110001011110011
111111111111111111110001011110100
111111111111111111110001011110100
111111111111111111110001011110100
111111111111111111110001011110100
111111111111111111110001011110011
111111111111111111110001011110011
111111111111111111110001011110010
111111111111111111110001011110110
111111111111111111110001011110101
111111111111111111110001011110100
111111111111111111110001011110100
111111111111111111110001011110100
111111111111111111110001011110100
111111111111111111110001011110101
111111111111111111110001011110011
111111111111111111110001011110101
111111111111111111110001011110110
111111111111111111110001011110110
111111111111111111110001011110011
111111111111111111110001011110101
111111111111111111110001011110011
111111111111111111110001011110011
111111111111111111110001011110011
111111111111111111110001011110101
111111111111111111110001011110101
111111111111111111110001011110100
111111111111111111110001011110010
111111111111111111110001011110011
111111111111111111110001011110110
111111111111111111110001011110101
111111111111111111110001011110010
111111111111111111110001011110100
111111111111111111110001011110101
111111111111111111110001011110101
111111111111111111110001011110100
111111111111111111110001011110100
111111111111111111110001011110100
111111111111111111110001011110101
111111111111111111110001011110010
111111111111111111110001011110100
111111111111111111110001011110011
111111111111111111110001011110100
111111111111111111110001011110101
111111111111111111110001011110100
111111111111111111110001011110100
111111111111111111110001011110101
111111111111111111110001011110011
111111111111111111110001011110100
111111111111111111110001011110110
111111111111111111110001011110111
111111111111111111110001011110101
000000000000000000100100001001010
000000000000000000100100001001001
000000000000000000100100001001001
000000000000000000100100001001010
000000000000000000100100001001000
000000000000000000100100001001001
000000000000000000100100001001011
000000000000000000100100001001010
000000000000000000100100001001010
000000000000000000100100001001000
000000000000000000100100001001000
000000000000000000100100001001010
000000000000000000100100001001001
000000000000000000100100001001001
000000000000000000100100001001000
000000000000000000100100001001000
000000000000000000100100001001011
000000000000000000100100001001000
000000000000000000100100001001010
000000000000000000100100001001010
000000000000000000100100001001001
000000000000000000100100001001011
000000000000000000100100001001001
000000000000000000100100001001001
000000000000000000100100001001010
000000000000000000100100001001010
000000000000000000100100001001010
000000000000000000100100001001010
000000000000000000100100001001001
000000000000000000100100001001001
000000000000000000100100001001010
000000000000000000100100001001001
000000000000000000100100001001001
000000000000000000100100001001011
000000000000000000100100001001010
000000000000000000100100001001010
000000000000000000100100001001001
000000000000000000100100001000111
000000000000000000100100001001100
000000000000000000100100001001010
000000000000000000100100001001001
000000000000000000100100001001010
000000000000000000100100001001010
000000000000000000100100001001010
000000000000000000100100001001010
000000000000000000100100001001001
000000000000000000100100001001001
000000000000000000100100001001011
000000000000000000100100001001001
000000000000000000100100001001010
000000000000000000100100001001001
000000000000000000100100001001001
000000000000000000100100001001011
000000000000000000100100001001001
000000000000000000100100001001000
000000000000000000100100001001001
000000000000000000100100001001001
000000000000000000100100001001000
000000000000000000100100001001001
000000000000000000100100001001000
000000000000000000100100001001100
000000000000000000100100001001010
000000000000000000100100001001011
000000000000000000100100001001000
000000000000000000100010010101001
000000000000000000100010010100110
000000000000000000100010010100110
000000000000000000100010010100111
000000000000000000100010010101000
000000000000000000100010010100110
000000000000000000100010010101000
000000000000000000100010010100111
000000000000000000100010010100111
000000000000000000100010010100110
000000000000000000100010010100111
000000000000000000100010010100111
000000000000000000100010010100111
000000000000000000100010010100110
000000000000000000100010010101001
000000000000000000100010010100111
000000000000000000100010010100111
000000000000000000100010010100111
000000000000000000100010010101000
000000000000000000100010010100111
000000000000000000100010010100110
000000000000000000100010010100111
000000000000000000100010010100110
000000000000000000100010010100110
000000000000000000100010010100111
000000000000000000100010010100111
000000000000000000100010010100111
000000000000000000100010010101000
000000000000000000100010010101000
000000000000000000100010010100110
000000000000000000100010010100111
000000000000000000100010010101000
000000000000000000100010010100110
000000000000000000100010010101001
000000000000000000100010010101001
000000000000000000100010010101001
000000000000000000100010010101000
000000000000000000100010010100111
000000000000000000100010010100111
000000000000000000100010010101000
000000000000000000100010010101010
000000000000000000100010010100101
000000000000000000100010010100111
000000000000000000100010010101000
000000000000000000100010010100110
000000000000000000100010010100110
000000000000000000100010010100111
000000000000000000100010010100111
000000000000000000100010010100111
000000000000000000100010010100111
000000000000000000100010010100110
000000000000000000100010010101000
000000000000000000100010010101000
000000000000000000100010010100110
000000000000000000100010010100111
000000000000000000100010010100110
000000000000000000100010010100111
000000000000000000100010010100111
000000000000000000100010010101000
000000000000000000100010010101001
000000000000000000100010010101001
000000000000000000100010010101000
000000000000000000100010010100110
000000000000000000100010010100110
000000000000000000010100000111110
000000000000000000010100000111111
000000000000000000010100000111101
000000000000000000010100000111100
000000000000000000010100000111100
000000000000000000010100000111110
000000000000000000010100000111110
000000000000000000010100000111100
000000000000000000010100000111110
000000000000000000010100000111101
000000000000000000010100000111110
000000000000000000010100000111111
000000000000000000010100000111110
000000000000000000010100000111101
000000000000000000010100000111101
000000000000000000010100000111100
000000000000000000010100000111110
000000000000000000010100000111101
000000000000000000010100000111101
000000000000000000010100000111101
000000000000000000010100000111100
000000000000000000010100000111100
000000000000000000010100000111101
000000000000000000010100000111011
000000000000000000010100000111110
000000000000000000010100000111110
000000000000000000010100000111100
000000000000000000010100000111101
000000000000000000010100000111101
000000000000000000010100000111101
000000000000000000010100000111101
000000000000000000010100000111110
000000000000000000010100000111100
000000000000000000010100000111101
000000000000000000010100000111101
000000000000000000010100000111101
000000000000000000010100000111111
000000000000000000010100000111101
000000000000000000010100000111110
000000000000000000010100000111101
000000000000000000010100000111111
000000000000000000010100000111101
000000000000000000010100000111110
000000000000000000010100000111101
000000000000000000010100000111110
000000000000000000010100000111101
000000000000000000010100000111110
000000000000000000010100000111111
000000000000000000010100000111110
000000000000000000010100000111101
000000000000000000010100000111110
000000000000000000010100001000000
000000000000000000010100000111110
000000000000000000010100000111101
000000000000000000010100000111101
000000000000000000010100000111110
000000000000000000010100000111101
000000000000000000010100000111110
000000000000000000010100001000000
000000000000000000010100000111110
000000000000000000010100000111110
000000000000000000010100000111111
000000000000000000010100000111110
000000000000000000010100000111101
111111111111111111101010000110101
111111111111111111101010000110100
111111111111111111101010000110100
111111111111111111101010000110011
111111111111111111101010000110100
111111111111111111101010000110011
111111111111111111101010000110100
111111111111111111101010000110011
111111111111111111101010000110101
111111111111111111101010000110011
111111111111111111101010000110010
111111111111111111101010000110100
111111111111111111101010000110101
111111111111111111101010000110011
111111111111111111101010000110100
111111111111111111101010000110011
111111111111111111101010000110011
111111111111111111101010000110010
111111111111111111101010000110010
111111111111111111101010000110011
111111111111111111101010000110011
111111111111111111101010000110101
111111111111111111101010000110010
111111111111111111101010000110010
111111111111111111101010000110011
111111111111111111101010000110100
111111111111111111101010000110011
111111111111111111101010000110011
111111111111111111101010000110010
111111111111111111101010000110010
111111111111111111101010000110100
111111111111111111101010000110011
111111111111111111101010000110011
111111111111111111101010000110100
111111111111111111101010000110100
111111111111111111101010000110011
111111111111111111101010000110011
111111111111111111101010000110100
111111111111111111101010000110101
111111111111111111101010000110011
111111111111111111101010000110100
111111111111111111101010000110011
111111111111111111101010000110011
111111111111111111101010000110101
111111111111111111101010000110101
111111111111111111101010000110100
111111111111111111101010000110011
111111111111111111101010000110110
111111111111111111101010000110011
111111111111111111101010000110100
111111111111111111101010000110011
111111111111111111101010000110101
111111111111111111101010000110100
111111111111111111101010000110011
111111111111111111101010000110011
111111111111111111101010000110100
111111111111111111101010000110100
111111111111111111101010000110100
111111111111111111101010000110100
111111111111111111101010000110101
111111111111111111101010000110100
111111111111111111101010000110011
111111111111111111101010000110110
111111111111111111101010000110000
111111111111111111100001010111011
111111111111111111100001010111100
111111111111111111100001010111101
111111111111111111100001010111110
111111111111111111100001010111100
111111111111111111100001010111111
111111111111111111100001010111010
111111111111111111100001010111101
111111111111111111100001010111100
111111111111111111100001010111110
111111111111111111100001010111101
111111111111111111100001010111101
111111111111111111100001010111100
111111111111111111100001010111101
111111111111111111100001010111101
111111111111111111100001010111110
111111111111111111100001010111110
111111111111111111100001010111101
111111111111111111100001010111110
111111111111111111100001010111101
111111111111111111100001010111100
111111111111111111100001010111101
111111111111111111100001010111101
111111111111111111100001010111100
111111111111111111100001010111101
111111111111111111100001010111101
111111111111111111100001010111101
111111111111111111100001010111101
111111111111111111100001010111101
111111111111111111100001010111101
111111111111111111100001010111100
111111111111111111100001010111101
111111111111111111100001010111101
111111111111111111100001010111100
111111111111111111100001010111011
111111111111111111100001010111100
111111111111111111100001010111100
111111111111111111100001010111111
111111111111111111100001010111110
111111111111111111100001010111101
111111111111111111100001010111011
111111111111111111100001010111100
111111111111111111100001010111011
111111111111111111100001010111100
111111111111111111100001010111100
111111111111111111100001010111101
111111111111111111100001010111100
111111111111111111100001010111110
111111111111111111100001010111101
111111111111111111100001010111110
111111111111111111100001010111100
111111111111111111100001010111011
111111111111111111100001010111100
111111111111111111100001010111100
111111111111111111100001010111101
111111111111111111100001010111101
111111111111111111100001010111101
111111111111111111100001010111101
111111111111111111100001010111011
111111111111111111100001010111100
111111111111111111100001010111100
111111111111111111100001010111101
111111111111111111100001010111101
111111111111111111100001010111101
000000000000000000100101100010001
000000000000000000100101100010010
000000000000000000100101100010010
000000000000000000100101100010001
000000000000000000100101100010010
000000000000000000100101100010000
000000000000000000100101100010010
000000000000000000100101100010011
000000000000000000100101100010001
000000000000000000100101100010010
000000000000000000100101100010001
000000000000000000100101100010001
000000000000000000100101100010001
000000000000000000100101100010010
000000000000000000100101100010001
000000000000000000100101100010010
000000000000000000100101100010000
000000000000000000100101100010001
000000000000000000100101100010010
000000000000000000100101100010001
000000000000000000100101100010011
000000000000000000100101100010001
000000000000000000100101100010001
000000000000000000100101100010000
000000000000000000100101100001111
000000000000000000100101100010000
000000000000000000100101100010000
000000000000000000100101100010001
000000000000000000100101100010001
000000000000000000100101100001111
000000000000000000100101100010001
000000000000000000100101100010010
000000000000000000100101100010001
000000000000000000100101100010010
000000000000000000100101100010000
000000000000000000100101100010010
000000000000000000100101100010011
000000000000000000100101100010001
000000000000000000100101100001111
000000000000000000100101100010000
000000000000000000100101100010010
000000000000000000100101100010000
000000000000000000100101100010001
000000000000000000100101100010000
000000000000000000100101100010000
000000000000000000100101100010011
000000000000000000100101100010001
000000000000000000100101100001111
000000000000000000100101100001110
000000000000000000100101100010001
000000000000000000100101100010010
000000000000000000100101100010001
000000000000000000100101100010000
000000000000000000100101100010001
000000000000000000100101100010011
000000000000000000100101100010001
000000000000000000100101100010010
000000000000000000100101100001111
000000000000000000100101100010001
000000000000000000100101100010001
000000000000000000100101100010000
000000000000000000100101100010010
000000000000000000100101100010000
000000000000000000100101100010001
111111111111111111010001001110000
111111111111111111010001001110001
111111111111111111010001001110000
111111111111111111010001001110000
111111111111111111010001001101111
111111111111111111010001001110000
111111111111111111010001001101101
111111111111111111010001001110001
111111111111111111010001001110000
111111111111111111010001001110001
111111111111111111010001001110000
111111111111111111010001001110000
111111111111111111010001001110000
111111111111111111010001001110001
111111111111111111010001001101111
111111111111111111010001001110010
111111111111111111010001001110001
111111111111111111010001001110011
111111111111111111010001001110001
111111111111111111010001001110001
111111111111111111010001001101111
111111111111111111010001001110001
111111111111111111010001001110001
111111111111111111010001001110000
111111111111111111010001001101111
111111111111111111010001001101101
111111111111111111010001001110001
111111111111111111010001001101111
111111111111111111010001001110000
111111111111111111010001001101110
111111111111111111010001001110010
111111111111111111010001001110010
111111111111111111010001001101111
111111111111111111010001001110001
111111111111111111010001001101111
111111111111111111010001001110001
111111111111111111010001001110000
111111111111111111010001001110001
111111111111111111010001001110001
111111111111111111010001001110010
111111111111111111010001001110001
111111111111111111010001001110000
111111111111111111010001001110011
111111111111111111010001001101111
111111111111111111010001001101111
111111111111111111010001001101111
111111111111111111010001001110010
111111111111111111010001001101111
111111111111111111010001001101110
111111111111111111010001001110000
111111111111111111010001001110000
111111111111111111010001001101111
111111111111111111010001001110001
111111111111111111010001001101111
111111111111111111010001001110000
111111111111111111010001001110000
111111111111111111010001001110000
111111111111111111010001001101111
111111111111111111010001001101111
111111111111111111010001001110001
111111111111111111010001001110000
111111111111111111010001001101111
111111111111111111010001001101101
111111111111111111010001001110001
111111111111111111100010110110000
111111111111111111100010110110001
111111111111111111100010110110000
111111111111111111100010110110010
111111111111111111100010110110011
111111111111111111100010110110010
111111111111111111100010110110010
111111111111111111100010110110001
111111111111111111100010110110010
111111111111111111100010110110001
111111111111111111100010110110001
111111111111111111100010110110000
111111111111111111100010110110000
111111111111111111100010110110001
111111111111111111100010110110001
111111111111111111100010110110001
111111111111111111100010110110001
111111111111111111100010110110010
111111111111111111100010110110100
111111111111111111100010110110000
111111111111111111100010110110001
111111111111111111100010110110011
111111111111111111100010110101111
111111111111111111100010110101110
111111111111111111100010110101111
111111111111111111100010110110000
111111111111111111100010110110001
111111111111111111100010110110010
111111111111111111100010110110000
111111111111111111100010110110001
111111111111111111100010110110000
111111111111111111100010110110001
111111111111111111100010110110001
111111111111111111100010110110010
111111111111111111100010110110010
111111111111111111100010110110001
111111111111111111100010110110001
111111111111111111100010110110001
111111111111111111100010110110010
111111111111111111100010110110001
111111111111111111100010110110011
111111111111111111100010110101111
111111111111111111100010110110001
111111111111111111100010110110010
111111111111111111100010110110001
111111111111111111100010110110010
111111111111111111100010110110001
111111111111111111100010110110010
111111111111111111100010110110010
111111111111111111100010110110001
111111111111111111100010110110001
111111111111111111100010110110000
111111111111111111100010110110001
111111111111111111100010110110001
111111111111111111100010110110010
111111111111111111100010110110001
111111111111111111100010110110001
111111111111111111100010110110000
111111111111111111100010110110011
111111111111111111100010110110001
111111111111111111100010110110010
111111111111111111100010110110010
111111111111111111100010110110001
111111111111111111100010110110001
000000000000000000100101010000010
000000000000000000100101010000000
000000000000000000100101001111110
000000000000000000100101001111111
000000000000000000100101010000001
000000000000000000100101010000001
000000000000000000100101010000010
000000000000000000100101010000000
000000000000000000100101010000001
000000000000000000100101010000001
000000000000000000100101010000010
000000000000000000100101010000010
000000000000000000100101010000000
000000000000000000100101001111111
000000000000000000100101010000000
000000000000000000100101010000000
000000000000000000100101010000001
000000000000000000100101010000001
000000000000000000100101001111111
000000000000000000100101010000000
000000000000000000100101010000001
000000000000000000100101010000001
000000000000000000100101010000010
000000000000000000100101010000001
000000000000000000100101010000010
000000000000000000100101010000000
000000000000000000100101010000011
000000000000000000100101010000000
000000000000000000100101010000010
000000000000000000100101010000000
000000000000000000100101010000010
000000000000000000100101010000000
000000000000000000100101010000001
000000000000000000100101010000000
000000000000000000100101010000000
000000000000000000100101010000000
000000000000000000100101010000010
000000000000000000100101010000011
000000000000000000100101010000010
000000000000000000100101010000001
000000000000000000100101010000000
000000000000000000100101010000000
000000000000000000100101010000001
000000000000000000100101010000000
000000000000000000100101010000010
000000000000000000100101010000001
000000000000000000100101010000010
000000000000000000100101010000000
000000000000000000100101001111110
000000000000000000100101010000001
000000000000000000100101010000000
000000000000000000100101010000000
000000000000000000100101010000001
000000000000000000100101010000000
000000000000000000100101010000010
000000000000000000100101010000001
000000000000000000100101010000001
000000000000000000100101010000000
000000000000000000100101010000000
000000000000000000100101010000001
000000000000000000100101010000000
000000000000000000100101010000010
000000000000000000100101010000000
000000000000000000100101010000001
111111111111111111110110000011000
111111111111111111110110000011001
111111111111111111110110000011001
111111111111111111110110000011001
111111111111111111110110000011010
111111111111111111110110000011010
111111111111111111110110000011000
111111111111111111110110000011001
111111111111111111110110000011000
111111111111111111110110000011000
111111111111111111110110000011000
111111111111111111110110000011000
111111111111111111110110000011001
111111111111111111110110000011011
111111111111111111110110000011010
111111111111111111110110000011100
111111111111111111110110000011100
111111111111111111110110000011010
111111111111111111110110000011011
111111111111111111110110000011001
111111111111111111110110000010111
111111111111111111110110000011000
111111111111111111110110000011001
111111111111111111110110000010111
111111111111111111110110000011001
111111111111111111110110000011000
111111111111111111110110000011010
111111111111111111110110000011010
111111111111111111110110000011010
111111111111111111110110000011001
111111111111111111110110000011000
111111111111111111110110000011001
111111111111111111110110000011011
111111111111111111110110000011001
111111111111111111110110000011001
111111111111111111110110000011010
111111111111111111110110000011000
111111111111111111110110000011010
111111111111111111110110000011011
111111111111111111110110000011001
111111111111111111110110000011010
111111111111111111110110000011011
111111111111111111110110000011000
111111111111111111110110000010111
111111111111111111110110000011001
111111111111111111110110000011001
111111111111111111110110000011000
111111111111111111110110000011100
111111111111111111110110000011001
111111111111111111110110000011000
111111111111111111110110000010111
111111111111111111110110000011001
111111111111111111110110000011010
111111111111111111110110000011010
111111111111111111110110000010111
111111111111111111110110000011001
111111111111111111110110000011001
111111111111111111110110000011001
111111111111111111110110000011000
111111111111111111110110000010110
111111111111111111110110000011011
111111111111111111110110000011010
111111111111111111110110000011000
111111111111111111110110000011010
111111111111111111100100011100110
111111111111111111100100011100111
111111111111111111100100011100111
111111111111111111100100011100110
111111111111111111100100011100110
111111111111111111100100011100111
111111111111111111100100011100110
111111111111111111100100011100101
111111111111111111100100011100110
111111111111111111100100011100111
111111111111111111100100011100111
111111111111111111100100011100111
111111111111111111100100011100110
111111111111111111100100011100111
111111111111111111100100011100111
111111111111111111100100011100111
111111111111111111100100011100110
111111111111111111100100011101000
111111111111111111100100011100110
111111111111111111100100011100110
111111111111111111100100011100101
111111111111111111100100011100100
111111111111111111100100011101000
111111111111111111100100011100110
111111111111111111100100011100110
111111111111111111100100011100111
111111111111111111100100011100110
111111111111111111100100011100111
111111111111111111100100011100101
111111111111111111100100011100110
111111111111111111100100011100110
111111111111111111100100011100111
111111111111111111100100011100110
111111111111111111100100011100101
111111111111111111100100011100110
111111111111111111100100011100111
111111111111111111100100011100110
111111111111111111100100011101000
111111111111111111100100011100101
111111111111111111100100011100110
111111111111111111100100011100111
111111111111111111100100011100110
111111111111111111100100011100110
111111111111111111100100011100111
111111111111111111100100011100111
111111111111111111100100011100110
111111111111111111100100011100111
111111111111111111100100011100100
111111111111111111100100011100111
111111111111111111100100011100110
111111111111111111100100011100110
111111111111111111100100011100110
111111111111111111100100011100110
111111111111111111100100011101000
111111111111111111100100011101000
111111111111111111100100011101000
111111111111111111100100011100110
111111111111111111100100011100111
111111111111111111100100011101000
111111111111111111100100011100110
111111111111111111100100011100110
111111111111111111100100011100101
111111111111111111100100011100110
111111111111111111100100011100111
111111111111111111101001001100000
111111111111111111101001001011111
111111111111111111101001001011110
111111111111111111101001001011110
111111111111111111101001001011101
111111111111111111101001001011100
111111111111111111101001001011110
111111111111111111101001001011101
111111111111111111101001001011110
111111111111111111101001001011111
111111111111111111101001001011111
111111111111111111101001001011111
111111111111111111101001001011111
111111111111111111101001001011111
111111111111111111101001001011100
111111111111111111101001001011101
111111111111111111101001001011110
111111111111111111101001001011110
111111111111111111101001001011101
111111111111111111101001001011101
111111111111111111101001001100000
111111111111111111101001001011111
111111111111111111101001001100000
111111111111111111101001001011110
111111111111111111101001001011111
111111111111111111101001001011101
111111111111111111101001001011110
111111111111111111101001001011111
111111111111111111101001001011110
111111111111111111101001001011101
111111111111111111101001001011111
111111111111111111101001001011101
111111111111111111101001001011110
111111111111111111101001001100000
111111111111111111101001001011110
111111111111111111101001001011110
111111111111111111101001001011111
111111111111111111101001001011111
111111111111111111101001001011101
111111111111111111101001001011110
111111111111111111101001001011101
111111111111111111101001001011110
111111111111111111101001001011110
111111111111111111101001001011101
111111111111111111101001001011101
111111111111111111101001001100001
111111111111111111101001001011111
111111111111111111101001001011110
111111111111111111101001001011101
111111111111111111101001001011110
111111111111111111101001001100000
111111111111111111101001001011101
111111111111111111101001001011110
111111111111111111101001001011110
111111111111111111101001001011111
111111111111111111101001001011110
111111111111111111101001001011110
111111111111111111101001001011110
111111111111111111101001001011110
111111111111111111101001001100000
111111111111111111101001001011110
111111111111111111101001001011110
111111111111111111101001001011111
111111111111111111101001001100000
111111111111111111111101101110101
111111111111111111111101101110101
111111111111111111111101101110011
111111111111111111111101101110101
111111111111111111111101101110101
111111111111111111111101101110101
111111111111111111111101101110100
111111111111111111111101101110011
111111111111111111111101101110100
111111111111111111111101101110101
111111111111111111111101101110101
111111111111111111111101101110110
111111111111111111111101101110100
111111111111111111111101101110100
111111111111111111111101101110100
111111111111111111111101101110100
111111111111111111111101101110101
111111111111111111111101101110100
111111111111111111111101101110011
111111111111111111111101101110101
111111111111111111111101101110101
111111111111111111111101101110100
111111111111111111111101101110110
111111111111111111111101101110100
111111111111111111111101101110101
111111111111111111111101101110100
111111111111111111111101101110101
111111111111111111111101101110100
111111111111111111111101101110100
111111111111111111111101101110101
111111111111111111111101101110100
111111111111111111111101101110101
111111111111111111111101101110100
111111111111111111111101101110100
111111111111111111111101101110110
111111111111111111111101101110101
111111111111111111111101101110101
111111111111111111111101101110110
111111111111111111111101101110100
111111111111111111111101101110100
111111111111111111111101101110110
111111111111111111111101101110011
111111111111111111111101101110100
111111111111111111111101101110100
111111111111111111111101101110101
111111111111111111111101101110010
111111111111111111111101101110101
111111111111111111111101101110100
111111111111111111111101101110101
111111111111111111111101101110011
111111111111111111111101101110100
111111111111111111111101101110100
111111111111111111111101101110110
111111111111111111111101101110101
111111111111111111111101101110110
111111111111111111111101101110100
111111111111111111111101101110101
111111111111111111111101101110101
111111111111111111111101101110100
111111111111111111111101101110110
111111111111111111111101101110100
111111111111111111111101101110011
111111111111111111111101101110101
111111111111111111111101101110110
111111111111111111010111111101110
111111111111111111010111111101011
111111111111111111010111111101101
111111111111111111010111111101101
111111111111111111010111111101111
111111111111111111010111111110000
111111111111111111010111111101111
111111111111111111010111111101111
111111111111111111010111111101111
111111111111111111010111111101111
111111111111111111010111111101110
111111111111111111010111111101111
111111111111111111010111111101110
111111111111111111010111111101111
111111111111111111010111111101110
111111111111111111010111111101111
111111111111111111010111111101111
111111111111111111010111111110000
111111111111111111010111111110000
111111111111111111010111111101111
111111111111111111010111111101110
111111111111111111010111111101111
111111111111111111010111111101111
111111111111111111010111111101111
111111111111111111010111111101111
111111111111111111010111111101101
111111111111111111010111111101111
111111111111111111010111111110000
111111111111111111010111111101111
111111111111111111010111111101110
111111111111111111010111111101111
111111111111111111010111111101101
111111111111111111010111111101111
111111111111111111010111111101110
111111111111111111010111111101110
111111111111111111010111111101111
111111111111111111010111111101111
111111111111111111010111111101110
111111111111111111010111111110000
111111111111111111010111111101111
111111111111111111010111111101110
111111111111111111010111111101110
111111111111111111010111111101110
111111111111111111010111111101111
111111111111111111010111111101101
111111111111111111010111111101111
111111111111111111010111111101111
111111111111111111010111111101111
111111111111111111010111111101101
111111111111111111010111111101110
111111111111111111010111111110000
111111111111111111010111111101110
111111111111111111010111111101111
111111111111111111010111111101110
111111111111111111010111111110000
111111111111111111010111111101111
111111111111111111010111111101111
111111111111111111010111111101111
111111111111111111010111111101110
111111111111111111010111111101101
111111111111111111010111111110000
111111111111111111010111111110001
111111111111111111010111111101111
111111111111111111010111111101111
111111111111111111101001111001010
111111111111111111101001111000111
111111111111111111101001111001010
111111111111111111101001111001001
111111111111111111101001111001001
111111111111111111101001111001001
111111111111111111101001111001010
111111111111111111101001111001000
111111111111111111101001111001001
111111111111111111101001111001010
111111111111111111101001111001010
111111111111111111101001111001001
111111111111111111101001111001001
111111111111111111101001111001000
111111111111111111101001111001001
111111111111111111101001111001010
111111111111111111101001111001010
111111111111111111101001111001001
111111111111111111101001111001001
111111111111111111101001111000111
111111111111111111101001111001000
111111111111111111101001111001001
111111111111111111101001111001010
111111111111111111101001111001011
111111111111111111101001111001001
111111111111111111101001111001000
111111111111111111101001111001000
111111111111111111101001111001011
111111111111111111101001111001000
111111111111111111101001111001001
111111111111111111101001111001010
111111111111111111101001111001000
111111111111111111101001111001010
111111111111111111101001111001000
111111111111111111101001111001001
111111111111111111101001111001010
111111111111111111101001111001010
111111111111111111101001111001001
111111111111111111101001111001010
111111111111111111101001111001001
111111111111111111101001111001011
111111111111111111101001111001000
111111111111111111101001111001001
111111111111111111101001111001010
111111111111111111101001111001000
111111111111111111101001111001001
111111111111111111101001111001001
111111111111111111101001111001001
111111111111111111101001111001010
111111111111111111101001111001000
111111111111111111101001111001001
111111111111111111101001111000111
111111111111111111101001111001001
111111111111111111101001111001010
111111111111111111101001111001010
111111111111111111101001111001001
111111111111111111101001111000111
111111111111111111101001111001011
111111111111111111101001111001010
111111111111111111101001111001001
111111111111111111101001111001010
111111111111111111101001111001001
111111111111111111101001111000111
111111111111111111101001111001010
111111111111111111011010011110101
111111111111111111011010011110011
111111111111111111011010011110111
111111111111111111011010011110101
111111111111111111011010011110101
111111111111111111011010011110100
111111111111111111011010011110100
111111111111111111011010011110110
111111111111111111011010011110101
111111111111111111011010011110100
111111111111111111011010011110100
111111111111111111011010011110101
111111111111111111011010011110110
111111111111111111011010011110011
111111111111111111011010011110101
111111111111111111011010011110100
111111111111111111011010011110100
111111111111111111011010011110101
111111111111111111011010011110101
111111111111111111011010011110011
111111111111111111011010011110100
111111111111111111011010011110010
111111111111111111011010011110011
111111111111111111011010011110101
111111111111111111011010011110100
111111111111111111011010011110110
111111111111111111011010011110011
111111111111111111011010011110101
111111111111111111011010011110100
111111111111111111011010011110101
111111111111111111011010011110011
111111111111111111011010011110100
111111111111111111011010011110011
111111111111111111011010011110110
111111111111111111011010011110011
111111111111111111011010011110011
111111111111111111011010011110101
111111111111111111011010011110100
111111111111111111011010011110100
111111111111111111011010011110110
111111111111111111011010011110100
111111111111111111011010011110100
111111111111111111011010011110011
111111111111111111011010011110111
111111111111111111011010011110101
111111111111111111011010011110101
111111111111111111011010011110100
111111111111111111011010011110101
111111111111111111011010011110101
111111111111111111011010011110101
111111111111111111011010011110100
111111111111111111011010011110101
111111111111111111011010011110100
111111111111111111011010011110100
111111111111111111011010011110101
111111111111111111011010011110011
111111111111111111011010011110101
111111111111111111011010011110100
111111111111111111011010011110101
111111111111111111011010011110100
111111111111111111011010011110011
111111111111111111011010011110101
111111111111111111011010011110101
111111111111111111011010011110101
111111111111111111110001001110100
111111111111111111110001001110100
111111111111111111110001001110101
111111111111111111110001001110100
111111111111111111110001001110101
111111111111111111110001001110011
111111111111111111110001001110101
111111111111111111110001001110011
111111111111111111110001001110100
111111111111111111110001001110001
111111111111111111110001001110101
111111111111111111110001001110100
111111111111111111110001001110011
111111111111111111110001001110011
111111111111111111110001001110011
111111111111111111110001001110101
111111111111111111110001001110101
111111111111111111110001001110011
111111111111111111110001001110011
111111111111111111110001001110011
111111111111111111110001001110001
111111111111111111110001001110100
111111111111111111110001001110010
111111111111111111110001001110011
111111111111111111110001001110010
111111111111111111110001001110100
111111111111111111110001001110011
111111111111111111110001001110011
111111111111111111110001001110011
111111111111111111110001001110011
111111111111111111110001001110100
111111111111111111110001001110101
111111111111111111110001001110011
111111111111111111110001001110101
111111111111111111110001001110010
111111111111111111110001001110011
111111111111111111110001001110011
111111111111111111110001001110101
111111111111111111110001001110110
111111111111111111110001001110101
111111111111111111110001001110011
111111111111111111110001001110100
111111111111111111110001001110101
111111111111111111110001001110011
111111111111111111110001001110110
111111111111111111110001001110100
111111111111111111110001001110101
111111111111111111110001001110100
111111111111111111110001001110101
111111111111111111110001001110011
111111111111111111110001001110011
111111111111111111110001001110011
111111111111111111110001001110101
111111111111111111110001001110011
111111111111111111110001001110100
111111111111111111110001001110011
111111111111111111110001001110011
111111111111111111110001001110101
111111111111111111110001001110101
111111111111111111110001001110011
111111111111111111110001001110101
111111111111111111110001001110110
111111111111111111110001001110100
111111111111111111110001001110001
111111111111111111010010011100011
111111111111111111010010011100011
111111111111111111010010011100100
111111111111111111010010011100011
111111111111111111010010011100011
111111111111111111010010011100101
111111111111111111010010011100100
111111111111111111010010011100011
111111111111111111010010011100011
111111111111111111010010011100011
111111111111111111010010011100100
111111111111111111010010011100100
111111111111111111010010011100011
111111111111111111010010011100010
111111111111111111010010011100010
111111111111111111010010011100010
111111111111111111010010011100101
111111111111111111010010011100011
111111111111111111010010011100100
111111111111111111010010011100010
111111111111111111010010011100011
111111111111111111010010011100100
111111111111111111010010011100011
111111111111111111010010011100100
111111111111111111010010011100011
111111111111111111010010011100011
111111111111111111010010011100011
111111111111111111010010011100011
111111111111111111010010011100011
111111111111111111010010011100100
111111111111111111010010011100011
111111111111111111010010011100100
111111111111111111010010011100100
111111111111111111010010011100010
111111111111111111010010011100011
111111111111111111010010011100010
111111111111111111010010011100100
111111111111111111010010011100010
111111111111111111010010011100011
111111111111111111010010011100010
111111111111111111010010011100011
111111111111111111010010011100100
111111111111111111010010011100010
111111111111111111010010011100100
111111111111111111010010011100010
111111111111111111010010011100011
111111111111111111010010011100100
111111111111111111010010011100011
111111111111111111010010011100101
111111111111111111010010011100011
111111111111111111010010011100011
111111111111111111010010011100011
111111111111111111010010011100011
111111111111111111010010011100011
111111111111111111010010011100010
111111111111111111010010011100011
111111111111111111010010011100010
111111111111111111010010011100011
111111111111111111010010011100101
111111111111111111010010011100011
111111111111111111010010011100100
111111111111111111010010011100100
111111111111111111010010011100011
111111111111111111010010011100100
000000000000000000010101101100000
000000000000000000010101101100010
000000000000000000010101101100010
000000000000000000010101101100000
000000000000000000010101101100000
000000000000000000010101101100010
000000000000000000010101101011111
000000000000000000010101101100010
000000000000000000010101101100010
000000000000000000010101101100010
000000000000000000010101101100010
000000000000000000010101101100001
000000000000000000010101101100010
000000000000000000010101101100000
000000000000000000010101101100010
000000000000000000010101101100001
000000000000000000010101101100010
000000000000000000010101101100010
000000000000000000010101101100011
000000000000000000010101101100011
000000000000000000010101101100000
000000000000000000010101101100001
000000000000000000010101101100011
000000000000000000010101101100000
000000000000000000010101101100001
000000000000000000010101101100011
000000000000000000010101101100001
000000000000000000010101101100010
000000000000000000010101101100000
000000000000000000010101101100001
000000000000000000010101101100000
000000000000000000010101101100001
000000000000000000010101101100010
000000000000000000010101101100010
000000000000000000010101101100010
000000000000000000010101101100010
000000000000000000010101101100001
000000000000000000010101101100000
000000000000000000010101101100000
000000000000000000010101101100010
000000000000000000010101101100011
000000000000000000010101101100001
000000000000000000010101101100000
000000000000000000010101101100011
000000000000000000010101101100011
000000000000000000010101101100001
000000000000000000010101101100001
000000000000000000010101101100010
000000000000000000010101101100001
000000000000000000010101101100001
000000000000000000010101101100011
000000000000000000010101101100011
000000000000000000010101101100010
000000000000000000010101101100010
000000000000000000010101101100000
000000000000000000010101101100000
000000000000000000010101101100010
000000000000000000010101101100000
000000000000000000010101101100010
000000000000000000010101101100010
000000000000000000010101101100001
000000000000000000010101101100001
000000000000000000010101101100001
000000000000000000010101101100010
000000000000000000001001001110111
000000000000000000001001001111000
000000000000000000001001001111000
000000000000000000001001001111000
000000000000000000001001001110111
000000000000000000001001001110111
000000000000000000001001001110111
000000000000000000001001001111001
000000000000000000001001001111000
000000000000000000001001001110111
000000000000000000001001001111001
000000000000000000001001001110111
000000000000000000001001001110110
000000000000000000001001001110111
000000000000000000001001001111000
000000000000000000001001001110111
000000000000000000001001001111001
000000000000000000001001001110110
000000000000000000001001001111000
000000000000000000001001001111000
000000000000000000001001001110111
000000000000000000001001001110111
000000000000000000001001001111000
000000000000000000001001001110111
000000000000000000001001001110110
000000000000000000001001001111000
000000000000000000001001001111001
000000000000000000001001001111000
000000000000000000001001001111000
000000000000000000001001001111000
000000000000000000001001001111000
000000000000000000001001001110111
000000000000000000001001001110111
000000000000000000001001001111000
000000000000000000001001001110111
000000000000000000001001001111000
000000000000000000001001001111000
000000000000000000001001001110111
000000000000000000001001001111000
000000000000000000001001001110111
000000000000000000001001001111001
000000000000000000001001001111000
000000000000000000001001001111000
000000000000000000001001001111000
000000000000000000001001001110111
000000000000000000001001001111001
000000000000000000001001001110110
000000000000000000001001001110110
000000000000000000001001001110111
000000000000000000001001001111000
000000000000000000001001001110110
000000000000000000001001001111000
000000000000000000001001001110110
000000000000000000001001001110111
000000000000000000001001001110111
000000000000000000001001001111000
000000000000000000001001001111000
000000000000000000001001001110111
000000000000000000001001001111010
000000000000000000001001001111001
000000000000000000001001001110111
000000000000000000001001001110111
000000000000000000001001001110111
000000000000000000001001001110111
111111111111111111110100001111100
111111111111111111110100001111100
111111111111111111110100001111100
111111111111111111110100001111101
111111111111111111110100001111100
111111111111111111110100001111100
111111111111111111110100001111110
111111111111111111110100001111100
111111111111111111110100001111100
111111111111111111110100001111011
111111111111111111110100001111110
111111111111111111110100001111100
111111111111111111110100001111100
111111111111111111110100001111101
111111111111111111110100001111010
111111111111111111110100001111101
111111111111111111110100001111101
111111111111111111110100001111101
111111111111111111110100001111100
111111111111111111110100001111101
111111111111111111110100001111011
111111111111111111110100001111110
111111111111111111110100001111101
111111111111111111110100001111101
111111111111111111110100001111101
111111111111111111110100001111100
111111111111111111110100001111110
111111111111111111110100001111101
111111111111111111110100001111101
111111111111111111110100001111101
111111111111111111110100001111100
111111111111111111110100001111101
111111111111111111110100001111010
111111111111111111110100001111110
111111111111111111110100001111101
111111111111111111110100001111100
111111111111111111110100001111100
111111111111111111110100001111111
111111111111111111110100001111110
111111111111111111110100001111101
111111111111111111110100001111100
111111111111111111110100001111100
111111111111111111110100001111101
111111111111111111110100001111011
111111111111111111110100001111101
111111111111111111110100001111101
111111111111111111110100001111101
111111111111111111110100001111110
111111111111111111110100001111100
111111111111111111110100001111101
111111111111111111110100001111101
111111111111111111110100001111100
111111111111111111110100001111110
111111111111111111110100001111111
111111111111111111110100001111100
111111111111111111110100001111111
111111111111111111110100001111011
111111111111111111110100001111101
111111111111111111110100001111100
111111111111111111110100001111101
111111111111111111110100001111110
111111111111111111110100001111100
111111111111111111110100001111101
111111111111111111110100001111101
111111111111111111011110010111011
111111111111111111011110010111010
111111111111111111011110010111010
111111111111111111011110010111001
111111111111111111011110010111011
111111111111111111011110010110111
111111111111111111011110010111010
111111111111111111011110010111010
111111111111111111011110010111010
111111111111111111011110010111010
111111111111111111011110010111011
111111111111111111011110010111011
111111111111111111011110010111010
111111111111111111011110010111001
111111111111111111011110010111000
111111111111111111011110010111001
111111111111111111011110010111001
111111111111111111011110010111000
111111111111111111011110010111001
111111111111111111011110010111000
111111111111111111011110010111100
111111111111111111011110010111100
111111111111111111011110010111001
111111111111111111011110010111001
111111111111111111011110010111001
111111111111111111011110010111000
111111111111111111011110010111010
111111111111111111011110010111001
111111111111111111011110010111010
111111111111111111011110010111001
111111111111111111011110010111011
111111111111111111011110010111001
111111111111111111011110010111001
111111111111111111011110010111010
111111111111111111011110010111000
111111111111111111011110010111000
111111111111111111011110010111001
111111111111111111011110010111010
111111111111111111011110010111010
111111111111111111011110010111010
111111111111111111011110010111001
111111111111111111011110010111000
111111111111111111011110010111011
111111111111111111011110010111001
111111111111111111011110010111010
111111111111111111011110010111001
111111111111111111011110010111010
111111111111111111011110010111001
111111111111111111011110010111000
111111111111111111011110010111010
111111111111111111011110010111010
111111111111111111011110010111000
111111111111111111011110010111010
111111111111111111011110010111010
111111111111111111011110010111010
111111111111111111011110010111001
111111111111111111011110010111001
111111111111111111011110010111001
111111111111111111011110010111001
111111111111111111011110010111010
111111111111111111011110010111001
111111111111111111011110010111010
111111111111111111011110010111010
111111111111111111011110010111010
111111111111111111110011011101011
111111111111111111110011011101011
111111111111111111110011011101100
111111111111111111110011011101011
111111111111111111110011011101011
111111111111111111110011011101111
111111111111111111110011011101110
111111111111111111110011011101011
111111111111111111110011011101100
111111111111111111110011011101101
111111111111111111110011011101101
111111111111111111110011011101100
111111111111111111110011011101011
111111111111111111110011011101100
111111111111111111110011011101100
111111111111111111110011011101100
111111111111111111110011011101100
111111111111111111110011011101011
111111111111111111110011011101011
111111111111111111110011011101101
111111111111111111110011011101011
111111111111111111110011011101101
111111111111111111110011011101010
111111111111111111110011011101010
111111111111111111110011011101011
111111111111111111110011011101010
111111111111111111110011011101101
111111111111111111110011011101100
111111111111111111110011011101100
111111111111111111110011011101011
111111111111111111110011011101011
111111111111111111110011011101100
111111111111111111110011011101011
111111111111111111110011011101100
111111111111111111110011011101110
111111111111111111110011011101100
111111111111111111110011011101011
111111111111111111110011011101100
111111111111111111110011011101011
111111111111111111110011011101101
111111111111111111110011011101100
111111111111111111110011011101010
111111111111111111110011011101011
111111111111111111110011011101100
111111111111111111110011011101101
111111111111111111110011011101100
111111111111111111110011011101100
111111111111111111110011011101100
111111111111111111110011011101011
111111111111111111110011011101100
111111111111111111110011011101101
111111111111111111110011011101010
111111111111111111110011011101100
111111111111111111110011011101100
111111111111111111110011011101100
111111111111111111110011011101101
111111111111111111110011011101101
111111111111111111110011011101010
111111111111111111110011011101011
111111111111111111110011011101011
111111111111111111110011011101100
111111111111111111110011011101010
111111111111111111110011011101100
111111111111111111110011011101100
111111111111111111010111110100101
111111111111111111010111110100011
111111111111111111010111110100100
111111111111111111010111110100110
111111111111111111010111110100101
111111111111111111010111110100011
111111111111111111010111110100101
111111111111111111010111110100011
111111111111111111010111110100011
111111111111111111010111110100101
111111111111111111010111110100101
111111111111111111010111110100110
111111111111111111010111110100100
111111111111111111010111110100011
111111111111111111010111110100101
111111111111111111010111110100100
111111111111111111010111110100100
111111111111111111010111110100101
111111111111111111010111110100011
111111111111111111010111110100100
111111111111111111010111110100101
111111111111111111010111110100101
111111111111111111010111110100101
111111111111111111010111110100110
111111111111111111010111110100110
111111111111111111010111110100101
111111111111111111010111110100011
111111111111111111010111110100101
111111111111111111010111110100101
111111111111111111010111110100100
111111111111111111010111110100010
111111111111111111010111110100100
111111111111111111010111110100110
111111111111111111010111110100101
111111111111111111010111110100100
111111111111111111010111110100001
111111111111111111010111110100100
111111111111111111010111110100100
111111111111111111010111110100100
111111111111111111010111110100011
111111111111111111010111110100011
111111111111111111010111110100011
111111111111111111010111110100100
111111111111111111010111110100111
111111111111111111010111110100101
111111111111111111010111110100010
111111111111111111010111110100101
111111111111111111010111110100100
111111111111111111010111110100110
111111111111111111010111110100011
111111111111111111010111110100110
111111111111111111010111110100101
111111111111111111010111110100100
111111111111111111010111110100100
111111111111111111010111110100011
111111111111111111010111110100011
111111111111111111010111110100011
111111111111111111010111110100110
111111111111111111010111110100100
111111111111111111010111110100101
111111111111111111010111110100101
111111111111111111010111110100101
111111111111111111010111110100110
111111111111111111010111110100101
000000000000000000001110111000111
000000000000000000001110111000110
000000000000000000001110111000110
000000000000000000001110111001000
000000000000000000001110111001000
000000000000000000001110111001000
000000000000000000001110111000111
000000000000000000001110111000110
000000000000000000001110111000110
000000000000000000001110111001001
000000000000000000001110111000111
000000000000000000001110111001000
000000000000000000001110111000111
000000000000000000001110111001000
000000000000000000001110111001001
000000000000000000001110111001000
000000000000000000001110111001000
000000000000000000001110111001000
000000000000000000001110111001000
000000000000000000001110111000111
000000000000000000001110111001000
000000000000000000001110111001000
000000000000000000001110111000111
000000000000000000001110111000101
000000000000000000001110111000111
000000000000000000001110111000101
000000000000000000001110111001000
000000000000000000001110111000111
000000000000000000001110111001000
000000000000000000001110111000111
000000000000000000001110111001000
000000000000000000001110111000111
000000000000000000001110111001000
000000000000000000001110111000110
000000000000000000001110111000110
000000000000000000001110111001000
000000000000000000001110111001001
000000000000000000001110111001000
000000000000000000001110111000110
000000000000000000001110111000111
000000000000000000001110111000111
000000000000000000001110111000111
000000000000000000001110111000111
000000000000000000001110111000110
000000000000000000001110111000110
000000000000000000001110111000110
000000000000000000001110111001000
000000000000000000001110111000110
000000000000000000001110111000110
000000000000000000001110111000111
000000000000000000001110111000111
000000000000000000001110111000101
000000000000000000001110111001000
000000000000000000001110111000110
000000000000000000001110111000111
000000000000000000001110111000110
000000000000000000001110111000111
000000000000000000001110111000111
000000000000000000001110111000111
000000000000000000001110111000110
000000000000000000001110111001000
000000000000000000001110111001001
000000000000000000001110111000110
000000000000000000001110111000110
000000000000000000101000010000011
000000000000000000101000010000011
000000000000000000101000010000000
000000000000000000101000010000000
000000000000000000101000010000001
000000000000000000101000010000010
000000000000000000101000010000100
000000000000000000101000010000001
000000000000000000101000010000010
000000000000000000101000010000001
000000000000000000101000010000011
000000000000000000101000010000011
000000000000000000101000010000000
000000000000000000101000010000011
000000000000000000101000010000011
000000000000000000101000010000010
000000000000000000101000010000010
000000000000000000101000010000010
000000000000000000101000010000011
000000000000000000101000010000001
000000000000000000101000010000001
000000000000000000101000010000010
000000000000000000101000010000010
000000000000000000101000010000011
000000000000000000101000010000011
000000000000000000101000010000010
000000000000000000101000010000010
000000000000000000101000010000001
000000000000000000101000010000011
000000000000000000101000010000001
000000000000000000101000010000010
000000000000000000101000010000010
000000000000000000101000010000010
000000000000000000101000010000011
000000000000000000101000010000010
000000000000000000101000010000001
000000000000000000101000010000010
000000000000000000101000010000001
000000000000000000101000010000011
000000000000000000101000010000011
000000000000000000101000010000001
000000000000000000101000010000001
000000000000000000101000010000011
000000000000000000101000010000000
000000000000000000101000010000010
000000000000000000101000010000010
000000000000000000101000010000001
000000000000000000101000010000001
000000000000000000101000010000001
000000000000000000101000010000011
000000000000000000101000010000010
000000000000000000101000010000001
000000000000000000101000010000010
000000000000000000101000010000010
000000000000000000101000010000010
000000000000000000101000010000100
000000000000000000101000010000001
000000000000000000101000010000010
000000000000000000101000010000001
000000000000000000101000010000001
000000000000000000101000010000011
000000000000000000101000010000010
000000000000000000101000010000000
000000000000000000101000010000011
111111111111111111011010100000111
111111111111111111011010100001000
111111111111111111011010100000011
111111111111111111011010100000101
111111111111111111011010100000101
111111111111111111011010100000111
111111111111111111011010100000100
111111111111111111011010100000101
111111111111111111011010100000101
111111111111111111011010100000111
111111111111111111011010100000100
111111111111111111011010100000110
111111111111111111011010100000110
111111111111111111011010100000111
111111111111111111011010100001000
111111111111111111011010100000110
111111111111111111011010100000111
111111111111111111011010100000110
111111111111111111011010100000101
111111111111111111011010100000101
111111111111111111011010100000101
111111111111111111011010100000110
111111111111111111011010100000110
111111111111111111011010100000110
111111111111111111011010100001000
111111111111111111011010100000101
111111111111111111011010100000101
111111111111111111011010100000101
111111111111111111011010100000110
111111111111111111011010100000111
111111111111111111011010100000111
111111111111111111011010100000100
111111111111111111011010100000110
111111111111111111011010100000110
111111111111111111011010100000111
111111111111111111011010100000110
111111111111111111011010100001000
111111111111111111011010100000110
111111111111111111011010100000110
111111111111111111011010100000110
111111111111111111011010100000110
111111111111111111011010100000101
111111111111111111011010100001000
111111111111111111011010100000101
111111111111111111011010100000101
111111111111111111011010100000110
111111111111111111011010100000101
111111111111111111011010100000111
111111111111111111011010100000110
111111111111111111011010100000101
111111111111111111011010100000101
111111111111111111011010100000110
111111111111111111011010100000111
111111111111111111011010100000101
111111111111111111011010100000101
111111111111111111011010100000101
111111111111111111011010100000110
111111111111111111011010100000111
111111111111111111011010100000110
111111111111111111011010100000111
111111111111111111011010100000110
111111111111111111011010100000110
111111111111111111011010100000100
111111111111111111011010100000101
000000000000000000101100111010000
000000000000000000101100111010000
000000000000000000101100111010000
000000000000000000101100111010000
000000000000000000101100111010010
000000000000000000101100111001111
000000000000000000101100111010010
000000000000000000101100111010010
000000000000000000101100111010000
000000000000000000101100111001111
000000000000000000101100111010000
000000000000000000101100111010001
000000000000000000101100111010000
000000000000000000101100111010010
000000000000000000101100111001111
000000000000000000101100111010000
000000000000000000101100111010000
000000000000000000101100111001111
000000000000000000101100111010000
000000000000000000101100111010000
000000000000000000101100111010001
000000000000000000101100111010001
000000000000000000101100111001111
000000000000000000101100111010001
000000000000000000101100111010001
000000000000000000101100111010001
000000000000000000101100111010011
000000000000000000101100111010000
000000000000000000101100111010001
000000000000000000101100111010001
000000000000000000101100111010010
000000000000000000101100111010000
000000000000000000101100111001111
000000000000000000101100111010001
000000000000000000101100111001111
000000000000000000101100111001111
000000000000000000101100111001110
000000000000000000101100111010001
000000000000000000101100111010001
000000000000000000101100111010000
000000000000000000101100111010001
000000000000000000101100111010000
000000000000000000101100111010010
000000000000000000101100111010000
000000000000000000101100111010010
000000000000000000101100111010000
000000000000000000101100111001111
000000000000000000101100111010001
000000000000000000101100111010001
000000000000000000101100111010010
000000000000000000101100111010000
000000000000000000101100111010000
000000000000000000101100111010001
000000000000000000101100111010000
000000000000000000101100111010000
000000000000000000101100111010001
000000000000000000101100111010000
000000000000000000101100111010001
000000000000000000101100111001110
000000000000000000101100111010000
000000000000000000101100111010001
000000000000000000101100111010000
000000000000000000101100111010001
000000000000000000101100111010000
111111111111111111101110010111010
111111111111111111101110010111010
111111111111111111101110010110111
111111111111111111101110010111001
111111111111111111101110010111001
111111111111111111101110010111001
111111111111111111101110010111010
111111111111111111101110010111001
111111111111111111101110010111000
111111111111111111101110010111001
111111111111111111101110010111000
111111111111111111101110010111000
111111111111111111101110010111010
111111111111111111101110010111000
111111111111111111101110010111001
111111111111111111101110010111001
111111111111111111101110010111001
111111111111111111101110010111001
111111111111111111101110010111001
111111111111111111101110010110111
111111111111111111101110010111010
111111111111111111101110010111010
111111111111111111101110010111001
111111111111111111101110010111001
111111111111111111101110010111001
111111111111111111101110010111001
111111111111111111101110010110111
111111111111111111101110010111001
111111111111111111101110010111000
111111111111111111101110010111001
111111111111111111101110010111001
111111111111111111101110010111000
111111111111111111101110010111011
111111111111111111101110010111010
111111111111111111101110010111010
111111111111111111101110010111010
111111111111111111101110010111010
111111111111111111101110010111000
111111111111111111101110010111001
111111111111111111101110010111010
111111111111111111101110010111001
111111111111111111101110010110110
111111111111111111101110010111001
111111111111111111101110010111000
111111111111111111101110010111001
111111111111111111101110010111001
111111111111111111101110010111010
111111111111111111101110010111010
111111111111111111101110010111000
111111111111111111101110010111001
111111111111111111101110010111010
111111111111111111101110010111000
111111111111111111101110010110111
111111111111111111101110010111000
111111111111111111101110010111001
111111111111111111101110010111000
111111111111111111101110010111001
111111111111111111101110010110111
111111111111111111101110010111001
111111111111111111101110010111001
111111111111111111101110010111000
111111111111111111101110010111000
111111111111111111101110010111000
111111111111111111101110010111001
000000000000000000011111010100100
000000000000000000011111010100011
000000000000000000011111010100110
000000000000000000011111010100101
000000000000000000011111010100001
000000000000000000011111010100110
000000000000000000011111010100100
000000000000000000011111010100101
000000000000000000011111010100101
000000000000000000011111010100111
000000000000000000011111010100100
000000000000000000011111010100111
000000000000000000011111010100110
000000000000000000011111010100100
000000000000000000011111010100100
000000000000000000011111010100101
000000000000000000011111010100100
000000000000000000011111010100101
000000000000000000011111010100101
000000000000000000011111010100101
000000000000000000011111010100101
000000000000000000011111010100110
000000000000000000011111010100101
000000000000000000011111010100100
000000000000000000011111010100101
000000000000000000011111010100100
000000000000000000011111010100110
000000000000000000011111010100100
000000000000000000011111010100101
000000000000000000011111010100100
000000000000000000011111010100011
000000000000000000011111010100101
000000000000000000011111010100011
000000000000000000011111010100011
000000000000000000011111010100101
000000000000000000011111010100011
000000000000000000011111010100101
000000000000000000011111010100100
000000000000000000011111010100101
000000000000000000011111010100101
000000000000000000011111010100101
000000000000000000011111010100100
000000000000000000011111010100010
000000000000000000011111010100101
000000000000000000011111010100101
000000000000000000011111010100101
000000000000000000011111010100011
000000000000000000011111010100110
000000000000000000011111010100100
000000000000000000011111010100110
000000000000000000011111010100100
000000000000000000011111010100110
000000000000000000011111010100100
000000000000000000011111010100100
000000000000000000011111010100100
000000000000000000011111010101000
000000000000000000011111010100011
000000000000000000011111010100100
000000000000000000011111010100100
000000000000000000011111010100101
000000000000000000011111010100011
000000000000000000011111010100101
000000000000000000011111010100101
000000000000000000011111010100101
111111111111111111100110011000100
111111111111111111100110011000011
111111111111111111100110011000001
111111111111111111100110011000011
111111111111111111100110011000100
111111111111111111100110011000100
111111111111111111100110011000101
111111111111111111100110011000010
111111111111111111100110011000100
111111111111111111100110011000010
111111111111111111100110011000010
111111111111111111100110011000011
111111111111111111100110011000010
111111111111111111100110011000011
111111111111111111100110011000010
111111111111111111100110011000010
111111111111111111100110011000011
111111111111111111100110011000001
111111111111111111100110011000011
111111111111111111100110011000010
111111111111111111100110011000100
111111111111111111100110011000100
111111111111111111100110011000011
111111111111111111100110011000010
111111111111111111100110011000100
111111111111111111100110011000010
111111111111111111100110011000011
111111111111111111100110011000011
111111111111111111100110011000011
111111111111111111100110011000010
111111111111111111100110011000010
111111111111111111100110011000000
111111111111111111100110011000100
111111111111111111100110011000101
111111111111111111100110011000011
111111111111111111100110011000010
111111111111111111100110011000010
111111111111111111100110011000011
111111111111111111100110011000100
111111111111111111100110011000100
111111111111111111100110011000010
111111111111111111100110011000000
111111111111111111100110011000011
111111111111111111100110011000011
111111111111111111100110011000011
111111111111111111100110011000010
111111111111111111100110011000010
111111111111111111100110011000100
111111111111111111100110011000011
111111111111111111100110011000001
111111111111111111100110011000011
111111111111111111100110011000001
111111111111111111100110011000100
111111111111111111100110011000010
111111111111111111100110011000010
111111111111111111100110011000011
111111111111111111100110011000011
111111111111111111100110011000011
111111111111111111100110011000010
111111111111111111100110011000010
111111111111111111100110011000100
111111111111111111100110011000011
111111111111111111100110011000011
111111111111111111100110011000010
111111111111111111111011100010111
111111111111111111111011100011000
111111111111111111111011100010111
111111111111111111111011100011000
111111111111111111111011100010111
111111111111111111111011100010111
111111111111111111111011100010110
111111111111111111111011100011000
111111111111111111111011100010111
111111111111111111111011100010111
111111111111111111111011100011000
111111111111111111111011100010111
111111111111111111111011100010111
111111111111111111111011100010110
111111111111111111111011100010111
111111111111111111111011100011000
111111111111111111111011100010111
111111111111111111111011100010111
111111111111111111111011100010111
111111111111111111111011100011000
111111111111111111111011100010110
111111111111111111111011100010111
111111111111111111111011100010111
111111111111111111111011100010110
111111111111111111111011100010110
111111111111111111111011100010111
111111111111111111111011100010111
111111111111111111111011100010111
111111111111111111111011100010110
111111111111111111111011100010101
111111111111111111111011100010111
111111111111111111111011100011001
111111111111111111111011100010111
111111111111111111111011100010111
111111111111111111111011100011000
111111111111111111111011100010101
111111111111111111111011100010110
111111111111111111111011100011000
111111111111111111111011100011001
111111111111111111111011100010110
111111111111111111111011100011000
111111111111111111111011100011000
111111111111111111111011100010110
111111111111111111111011100011000
111111111111111111111011100011001
111111111111111111111011100010110
111111111111111111111011100010111
111111111111111111111011100010111
111111111111111111111011100010111
111111111111111111111011100010110
111111111111111111111011100010111
111111111111111111111011100011001
111111111111111111111011100010111
111111111111111111111011100010111
111111111111111111111011100010111
111111111111111111111011100010110
111111111111111111111011100010111
111111111111111111111011100010111
111111111111111111111011100010101
111111111111111111111011100010111
111111111111111111111011100010111
111111111111111111111011100011000
111111111111111111111011100010111
111111111111111111111011100010111
111111111111111111011111001111100
111111111111111111011111001111101
111111111111111111011111001111101
111111111111111111011111001111100
111111111111111111011111001111101
111111111111111111011111001111100
111111111111111111011111001111101
111111111111111111011111001111011
111111111111111111011111001111100
111111111111111111011111001111100
111111111111111111011111001111101
111111111111111111011111001111100
111111111111111111011111001111110
111111111111111111011111001111100
111111111111111111011111001111011
111111111111111111011111001111100
111111111111111111011111001111001
111111111111111111011111001111100
111111111111111111011111001111101
111111111111111111011111001111100
111111111111111111011111001111100
111111111111111111011111001111100
111111111111111111011111001111100
111111111111111111011111001111100
111111111111111111011111001111100
111111111111111111011111001111100
111111111111111111011111001111010
111111111111111111011111001111011
111111111111111111011111001111101
111111111111111111011111001111011
111111111111111111011111001111100
111111111111111111011111001111101
111111111111111111011111001111011
111111111111111111011111001111101
111111111111111111011111001111011
111111111111111111011111001111101
111111111111111111011111001111101
111111111111111111011111001111101
111111111111111111011111001111100
111111111111111111011111001111100
111111111111111111011111001111101
111111111111111111011111001111011
111111111111111111011111001111101
111111111111111111011111001111101
111111111111111111011111001111100
111111111111111111011111001111100
111111111111111111011111001111101
111111111111111111011111001111101
111111111111111111011111001111100
111111111111111111011111001111100
111111111111111111011111001111011
111111111111111111011111001111110
111111111111111111011111001111110
111111111111111111011111001111101
111111111111111111011111001111100
111111111111111111011111001111101
111111111111111111011111001111100
111111111111111111011111001111101
111111111111111111011111001111101
111111111111111111011111001111100
111111111111111111011111001111100
111111111111111111011111001111111
111111111111111111011111001111110
111111111111111111011111001111100
111111111111111111011101001010101
111111111111111111011101001010100
111111111111111111011101001010100
111111111111111111011101001010101
111111111111111111011101001010001
111111111111111111011101001010011
111111111111111111011101001010011
111111111111111111011101001010010
111111111111111111011101001010100
111111111111111111011101001010011
111111111111111111011101001010110
111111111111111111011101001010010
111111111111111111011101001010011
111111111111111111011101001010100
111111111111111111011101001010100
111111111111111111011101001010101
111111111111111111011101001010100
111111111111111111011101001010011
111111111111111111011101001010101
111111111111111111011101001010101
111111111111111111011101001010011
111111111111111111011101001010101
111111111111111111011101001010100
111111111111111111011101001010101
111111111111111111011101001010010
111111111111111111011101001010100
111111111111111111011101001010101
111111111111111111011101001010101
111111111111111111011101001010011
111111111111111111011101001010011
111111111111111111011101001010101
111111111111111111011101001010100
111111111111111111011101001010011
111111111111111111011101001010011
111111111111111111011101001010110
111111111111111111011101001010100
111111111111111111011101001010100
111111111111111111011101001010010
111111111111111111011101001010100
111111111111111111011101001010011
111111111111111111011101001010100
111111111111111111011101001010101
111111111111111111011101001010101
111111111111111111011101001010011
111111111111111111011101001010011
111111111111111111011101001010100
111111111111111111011101001010100
111111111111111111011101001010100
111111111111111111011101001010011
111111111111111111011101001010101
111111111111111111011101001010100
111111111111111111011101001010011
111111111111111111011101001010101
111111111111111111011101001010010
111111111111111111011101001010100
111111111111111111011101001010110
111111111111111111011101001010011
111111111111111111011101001010011
111111111111111111011101001010100
111111111111111111011101001010101
111111111111111111011101001010101
111111111111111111011101001010101
111111111111111111011101001010011
111111111111111111011101001010010
000000000000000000100111000011011
000000000000000000100111000011001
000000000000000000100111000011010
000000000000000000100111000011011
000000000000000000100111000011001
000000000000000000100111000011100
000000000000000000100111000011010
000000000000000000100111000011001
000000000000000000100111000011011
000000000000000000100111000011010
000000000000000000100111000011001
000000000000000000100111000011001
000000000000000000100111000011100
000000000000000000100111000011010
000000000000000000100111000011010
000000000000000000100111000011001
000000000000000000100111000011001
000000000000000000100111000011001
000000000000000000100111000011010
000000000000000000100111000011001
000000000000000000100111000011011
000000000000000000100111000011001
000000000000000000100111000011011
000000000000000000100111000011011
000000000000000000100111000011011
000000000000000000100111000011011
000000000000000000100111000011001
000000000000000000100111000011001
000000000000000000100111000011011
000000000000000000100111000011010
000000000000000000100111000011000
000000000000000000100111000011011
000000000000000000100111000011001
000000000000000000100111000011001
000000000000000000100111000011011
000000000000000000100111000011011
000000000000000000100111000011010
000000000000000000100111000011010
000000000000000000100111000011001
000000000000000000100111000011001
000000000000000000100111000011010
000000000000000000100111000011011
000000000000000000100111000011000
000000000000000000100111000011010
000000000000000000100111000011001
000000000000000000100111000011001
000000000000000000100111000011011
000000000000000000100111000011010
000000000000000000100111000011010
000000000000000000100111000011011
000000000000000000100111000011001
000000000000000000100111000011011
000000000000000000100111000011001
000000000000000000100111000011010
000000000000000000100111000011011
000000000000000000100111000011100
000000000000000000100111000011011
000000000000000000100111000011011
000000000000000000100111000011010
000000000000000000100111000011011
000000000000000000100111000011001
000000000000000000100111000011010
000000000000000000100111000011010
000000000000000000100111000011010
111111111111111111010011010110001
111111111111111111010011010110001
111111111111111111010011010110001
111111111111111111010011010110010
111111111111111111010011010110000
111111111111111111010011010110011
111111111111111111010011010101111
111111111111111111010011010110000
111111111111111111010011010110000
111111111111111111010011010110000
111111111111111111010011010110001
111111111111111111010011010110001
111111111111111111010011010110010
111111111111111111010011010110001
111111111111111111010011010101111
111111111111111111010011010110010
111111111111111111010011010110001
111111111111111111010011010110010
111111111111111111010011010110010
111111111111111111010011010110010
111111111111111111010011010101111
111111111111111111010011010110000
111111111111111111010011010110100
111111111111111111010011010110001
111111111111111111010011010110010
111111111111111111010011010110001
111111111111111111010011010110000
111111111111111111010011010110001
111111111111111111010011010110001
111111111111111111010011010110001
111111111111111111010011010110000
111111111111111111010011010110011
111111111111111111010011010101111
111111111111111111010011010110001
111111111111111111010011010110001
111111111111111111010011010110010
111111111111111111010011010110011
111111111111111111010011010110001
111111111111111111010011010110010
111111111111111111010011010110001
111111111111111111010011010110001
111111111111111111010011010101111
111111111111111111010011010110000
111111111111111111010011010110001
111111111111111111010011010110001
111111111111111111010011010110000
111111111111111111010011010110010
111111111111111111010011010110011
111111111111111111010011010110001
111111111111111111010011010110010
111111111111111111010011010110001
111111111111111111010011010110001
111111111111111111010011010110001
111111111111111111010011010110010
111111111111111111010011010110010
111111111111111111010011010110001
111111111111111111010011010110001
111111111111111111010011010110000
111111111111111111010011010110010
111111111111111111010011010110011
111111111111111111010011010110001
111111111111111111010011010110001
111111111111111111010011010110001
111111111111111111010011010110010
111111111111111111100111110110000
111111111111111111100111110110001
111111111111111111100111110101110
111111111111111111100111110101111
111111111111111111100111110101111
111111111111111111100111110110001
111111111111111111100111110110001
111111111111111111100111110101111
111111111111111111100111110110000
111111111111111111100111110110000
111111111111111111100111110110000
111111111111111111100111110110010
111111111111111111100111110110000
111111111111111111100111110110000
111111111111111111100111110101111
111111111111111111100111110101110
111111111111111111100111110110000
111111111111111111100111110101101
111111111111111111100111110101110
111111111111111111100111110101111
111111111111111111100111110110000
111111111111111111100111110101111
111111111111111111100111110110001
111111111111111111100111110110001
111111111111111111100111110110000
111111111111111111100111110110000
111111111111111111100111110110000
111111111111111111100111110101111
111111111111111111100111110110000
111111111111111111100111110110001
111111111111111111100111110110001
111111111111111111100111110101110
111111111111111111100111110110000
111111111111111111100111110101111
111111111111111111100111110101111
111111111111111111100111110110000
111111111111111111100111110110000
111111111111111111100111110110001
111111111111111111100111110101111
111111111111111111100111110110000
111111111111111111100111110101111
111111111111111111100111110101111
111111111111111111100111110110000
111111111111111111100111110101110
111111111111111111100111110110001
111111111111111111100111110110000
111111111111111111100111110110001
111111111111111111100111110101111
111111111111111111100111110101101
111111111111111111100111110110000
111111111111111111100111110110001
111111111111111111100111110101111
111111111111111111100111110101111
111111111111111111100111110101111
111111111111111111100111110110000
111111111111111111100111110101110
111111111111111111100111110110010
111111111111111111100111110101110
111111111111111111100111110110000
111111111111111111100111110110000
111111111111111111100111110101111
111111111111111111100111110101110
111111111111111111100111110101111
111111111111111111100111110101111
000000000000000000010011101101110
000000000000000000010011101101110
000000000000000000010011101101101
000000000000000000010011101101101
000000000000000000010011101101111
000000000000000000010011101101110
000000000000000000010011101101110
000000000000000000010011101101111
000000000000000000010011101101111
000000000000000000010011101101110
000000000000000000010011101101101
000000000000000000010011101101111
000000000000000000010011101101110
000000000000000000010011101101101
000000000000000000010011101101100
000000000000000000010011101101110
000000000000000000010011101101111
000000000000000000010011101101110
000000000000000000010011101101110
000000000000000000010011101101100
000000000000000000010011101101111
000000000000000000010011101101110
000000000000000000010011101101110
000000000000000000010011101101110
000000000000000000010011101101101
000000000000000000010011101101110
000000000000000000010011101101110
000000000000000000010011101101110
000000000000000000010011101101100
000000000000000000010011101101101
000000000000000000010011101101111
000000000000000000010011101101110
000000000000000000010011101101110
000000000000000000010011101101110
000000000000000000010011101101011
000000000000000000010011101101110
000000000000000000010011101101101
000000000000000000010011101101111
000000000000000000010011101101110
000000000000000000010011101101101
000000000000000000010011101101111
000000000000000000010011101101110
000000000000000000010011101101101
000000000000000000010011101101101
000000000000000000010011101101110
000000000000000000010011101101110
000000000000000000010011101101101
000000000000000000010011101101101
000000000000000000010011101101111
000000000000000000010011101101110
000000000000000000010011101101111
000000000000000000010011101101110
000000000000000000010011101101101
000000000000000000010011101101110
000000000000000000010011101101111
000000000000000000010011101101101
000000000000000000010011101101111
000000000000000000010011101101110
000000000000000000010011101101111
000000000000000000010011101101111
000000000000000000010011101101101
000000000000000000010011101101110
000000000000000000010011101101111
000000000000000000010011101101110
000000000000000000100001110111000
000000000000000000100001110110111
000000000000000000100001110111000
000000000000000000100001110111010
000000000000000000100001110110111
000000000000000000100001110110100
000000000000000000100001110110101
000000000000000000100001110110111
000000000000000000100001110110111
000000000000000000100001110110110
000000000000000000100001110111000
000000000000000000100001110110111
000000000000000000100001110111000
000000000000000000100001110110111
000000000000000000100001110110111
000000000000000000100001110111000
000000000000000000100001110110111
000000000000000000100001110111000
000000000000000000100001110110110
000000000000000000100001110110111
000000000000000000100001110111000
000000000000000000100001110110110
000000000000000000100001110110111
000000000000000000100001110110111
000000000000000000100001110110111
000000000000000000100001110111000
000000000000000000100001110110110
000000000000000000100001110110111
000000000000000000100001110110111
000000000000000000100001110110111
000000000000000000100001110111000
000000000000000000100001110110110
000000000000000000100001110110110
000000000000000000100001110110111
000000000000000000100001110110111
000000000000000000100001110110110
000000000000000000100001110111001
000000000000000000100001110111001
000000000000000000100001110110110
000000000000000000100001110111000
000000000000000000100001110110110
000000000000000000100001110110110
000000000000000000100001110111001
000000000000000000100001110110111
000000000000000000100001110111000
000000000000000000100001110110110
000000000000000000100001110110111
000000000000000000100001110110111
000000000000000000100001110110111
000000000000000000100001110110111
000000000000000000100001110110111
000000000000000000100001110110110
000000000000000000100001110110111
000000000000000000100001110111000
000000000000000000100001110111000
000000000000000000100001110110111
000000000000000000100001110110110
000000000000000000100001110111001
000000000000000000100001110111000
000000000000000000100001110110110
000000000000000000100001110110111
000000000000000000100001110110111
000000000000000000100001110110101
000000000000000000100001110111000
All outputs match expected results. Test PASSED.
