============================================================
  Generated by:           Genus(TM) Synthesis Solution 21.16-s062_1
  Generated on:           Mar 22 2026  04:57:04 pm
  Module:                 tpu_core
  Technology library:     tcbn65gpluswc 200
  Operating conditions:   WCCOM (balanced_tree)
  Wireload mode:          segmented
  Area mode:              timing library
============================================================

                Instance                              Module               Cell Count  Cell Area  Net Area   Total Area      Wireload     
------------------------------------------------------------------------------------------------------------------------------------------
tpu_core                                                                       205163 720049.850     0.000   720049.850 ZeroWireload (S)  
  input_idx_controller                  input_idx_controller                      808   2858.305     0.000     2858.305 ZeroWireload (S)  
    u_ac                                in_ac_mode_controller                     389   1428.348     0.000     1428.348 ZeroWireload (S)  
      eq_30_30                          equal_unsigned                             14     53.081     0.000       53.081 ZeroWireload (S)  
      sub_30_40                         sub_unsigned                               37     98.118     0.000       98.118 ZeroWireload (S)  
      add_45_30                         add_unsigned                               40     99.727     0.000       99.727 ZeroWireload (S)  
      eq_31_30                          equal_unsigned                             14     53.081     0.000       53.081 ZeroWireload (S)  
      sub_31_40                         sub_unsigned_4                             54    147.982     0.000      147.982 ZeroWireload (S)  
      add_57_30                         add_unsigned_6                             52    141.548     0.000      141.548 ZeroWireload (S)  
      eq_32_30                          equal_unsigned                             14     53.081     0.000       53.081 ZeroWireload (S)  
      sub_32_40                         sub_unsigned_4                             54    147.982     0.000      147.982 ZeroWireload (S)  
      add_69_30                         add_unsigned_6                             52    141.548     0.000      141.548 ZeroWireload (S)  
      mux_z_nx_44_13                    bmux                                        9     57.906     0.000       57.906 ZeroWireload (S)  
      mux_j_nx_56_13                    bmux                                        9     57.906     0.000       57.906 ZeroWireload (S)  
      mux_i_nx_68_13                    bmux                                        9     57.906     0.000       57.906 ZeroWireload (S)  
    sub_62_92                           sub_unsigned_21                            24     62.731     0.000       62.731 ZeroWireload (S)  
    add_108_40                          add_unsigned_23                            80    230.016     0.000      230.016 ZeroWireload (S)  
    add_109_40                          add_unsigned_23                            80    230.016     0.000      230.016 ZeroWireload (S)  
    add_110_46                          add_unsigned_27                            27     67.557     0.000       67.557 ZeroWireload (S)  
    add_41_39                           add_unsigned_23                            80    230.016     0.000      230.016 ZeroWireload (S)  
    add_42_39                           add_unsigned_23                            80    230.016     0.000      230.016 ZeroWireload (S)  
  systolic_array_wrapper                systolic_array_wrapper                 150389 537240.608     0.000   537240.608 ZeroWireload (S)  
    systolic_array_8X8                  systolic_array_8X8                     147271 516034.144     0.000   516034.144 ZeroWireload (S)  
      rem_37_53                         remainder_unsigned                       2501   7828.569     0.000     7828.569 ZeroWireload (S)  
      rem_38_56                         remainder_unsigned                       2501   7828.569     0.000     7828.569 ZeroWireload (S)  
      gte_41_46                         geq_unsigned                               79    210.714     0.000      210.714 ZeroWireload (S)  
      sub_35_53                         sub_unsigned_104                          137    379.606     0.000      379.606 ZeroWireload (S)  
      add_33_41                         add_unsigned_106                           49    122.246     0.000      122.246 ZeroWireload (S)  
      eq_114_36_I8_I8                   equal_unsigned_108                          9     35.387     0.000       35.387 ZeroWireload (S)  
      gte_42_46                         geq_unsigned                               79    210.714     0.000      210.714 ZeroWireload (S)  
      sub_36_56                         sub_unsigned_104                          137    379.606     0.000      379.606 ZeroWireload (S)  
      add_34_41                         add_unsigned_106                           49    122.246     0.000      122.246 ZeroWireload (S)  
      eq_114_89_I8_I8                   equal_unsigned_108                          9     35.387     0.000       35.387 ZeroWireload (S)  
      mul_117_79_I8_I8                  mult_signed                               576   1857.818     0.000     1857.818 ZeroWireload (S)  
      add_124_53_I8_I8                  add_signed                                428   1204.766     0.000     1204.766 ZeroWireload (S)  
      gte_128_24_I1_I2                  geq_unsigned_174                           30     73.991     0.000       73.991 ZeroWireload (S)  
      lte_128_34_I8_I8                  leq_unsigned                               73    184.977     0.000      184.977 ZeroWireload (S)  
      add_134_52_I8_I8                  add_signed                                428   1204.766     0.000     1204.766 ZeroWireload (S)  
      mul_131_79_I8_I8                  mult_signed                               576   1857.818     0.000     1857.818 ZeroWireload (S)  
      eq_114_36_I7_I8                   equal_unsigned_108                          9     35.387     0.000       35.387 ZeroWireload (S)  
      eq_114_89_I7_I8                   equal_unsigned_108                          9     35.387     0.000       35.387 ZeroWireload (S)  
      mul_117_79_I8_I7                  mult_signed                               576   1857.818     0.000     1857.818 ZeroWireload (S)  
      add_124_53_I8_I7                  add_signed                                428   1204.766     0.000     1204.766 ZeroWireload (S)  
      sub_128_46_I1_I2                  sub_unsigned_297                           70    191.411     0.000      191.411 ZeroWireload (S)  
      lte_128_34_I1_I2                  leq_unsigned_300                           61    149.590     0.000      149.590 ZeroWireload (S)  
      lte_128_34_I1_I3                  leq_unsigned_303                           64    159.242     0.000      159.242 ZeroWireload (S)  
      lte_128_34_I1_I4                  leq_unsigned_303                           64    159.242     0.000      159.242 ZeroWireload (S)  
      lte_128_34_I1_I5                  leq_unsigned_309                           69    172.109     0.000      172.109 ZeroWireload (S)  
      lte_128_34_I1_I6                  leq_unsigned_309                           69    172.109     0.000      172.109 ZeroWireload (S)  
      lte_128_34_I1_I7                  leq_unsigned_309                           69    172.109     0.000      172.109 ZeroWireload (S)  
      lte_128_34_I1_I8                  leq_unsigned_309                           69    172.109     0.000      172.109 ZeroWireload (S)  
      lte_128_34_I2_I8                  leq_unsigned                               73    184.977     0.000      184.977 ZeroWireload (S)  
      lte_128_34_I3_I8                  leq_unsigned                               73    184.977     0.000      184.977 ZeroWireload (S)  
      lte_128_34_I4_I8                  leq_unsigned                               73    184.977     0.000      184.977 ZeroWireload (S)  
      lte_128_34_I5_I8                  leq_unsigned                               73    184.977     0.000      184.977 ZeroWireload (S)  
      lte_128_34_I6_I8                  leq_unsigned                               73    184.977     0.000      184.977 ZeroWireload (S)  
      lte_128_34_I7_I8                  leq_unsigned                               73    184.977     0.000      184.977 ZeroWireload (S)  
      add_134_52_I8_I7                  add_signed                                428   1204.766     0.000     1204.766 ZeroWireload (S)  
      mul_131_79_I8_I7                  mult_signed                               576   1857.818     0.000     1857.818 ZeroWireload (S)  
      eq_114_36_I6_I8                   equal_unsigned_108                          9     35.387     0.000       35.387 ZeroWireload (S)  
      eq_114_89_I6_I8                   equal_unsigned_108                          9     35.387     0.000       35.387 ZeroWireload (S)  
      mul_117_79_I8_I6                  mult_signed                               576   1857.818     0.000     1857.818 ZeroWireload (S)  
      add_124_53_I8_I6                  add_signed                                428   1204.766     0.000     1204.766 ZeroWireload (S)  
      add_134_52_I8_I6                  add_signed                                428   1204.766     0.000     1204.766 ZeroWireload (S)  
      mul_131_79_I8_I6                  mult_signed                               576   1857.818     0.000     1857.818 ZeroWireload (S)  
      eq_114_36_I5_I8                   equal_unsigned_108                          9     35.387     0.000       35.387 ZeroWireload (S)  
      eq_114_89_I5_I8                   equal_unsigned_108                          9     35.387     0.000       35.387 ZeroWireload (S)  
      mul_117_79_I8_I5                  mult_signed                               576   1857.818     0.000     1857.818 ZeroWireload (S)  
      add_124_53_I8_I5                  add_signed                                428   1204.766     0.000     1204.766 ZeroWireload (S)  
      add_134_52_I8_I5                  add_signed                                428   1204.766     0.000     1204.766 ZeroWireload (S)  
      mul_131_79_I8_I5                  mult_signed                               576   1857.818     0.000     1857.818 ZeroWireload (S)  
      eq_114_36_I4_I8                   equal_unsigned_108                          9     35.387     0.000       35.387 ZeroWireload (S)  
      eq_114_89_I4_I8                   equal_unsigned_108                          9     35.387     0.000       35.387 ZeroWireload (S)  
      mul_117_79_I8_I4                  mult_signed                               576   1857.818     0.000     1857.818 ZeroWireload (S)  
      add_124_53_I8_I4                  add_signed                                428   1204.766     0.000     1204.766 ZeroWireload (S)  
      add_134_52_I8_I4                  add_signed                                428   1204.766     0.000     1204.766 ZeroWireload (S)  
      mul_131_79_I8_I4                  mult_signed                               576   1857.818     0.000     1857.818 ZeroWireload (S)  
      eq_114_36_I3_I8                   equal_unsigned_108                          9     35.387     0.000       35.387 ZeroWireload (S)  
      eq_114_89_I3_I8                   equal_unsigned_108                          9     35.387     0.000       35.387 ZeroWireload (S)  
      mul_117_79_I8_I3                  mult_signed                               576   1857.818     0.000     1857.818 ZeroWireload (S)  
      add_124_53_I8_I3                  add_signed                                428   1204.766     0.000     1204.766 ZeroWireload (S)  
      add_134_52_I8_I3                  add_signed                                428   1204.766     0.000     1204.766 ZeroWireload (S)  
      mul_131_79_I8_I3                  mult_signed                               576   1857.818     0.000     1857.818 ZeroWireload (S)  
      eq_114_36_I2_I8                   equal_unsigned_108                          9     35.387     0.000       35.387 ZeroWireload (S)  
      eq_114_89_I2_I8                   equal_unsigned_108                          9     35.387     0.000       35.387 ZeroWireload (S)  
      mul_117_79_I8_I2                  mult_signed                               576   1857.818     0.000     1857.818 ZeroWireload (S)  
      add_124_53_I8_I2                  add_signed                                428   1204.766     0.000     1204.766 ZeroWireload (S)  
      add_134_52_I8_I2                  add_signed                                428   1204.766     0.000     1204.766 ZeroWireload (S)  
      mul_131_79_I8_I2                  mult_signed                               576   1857.818     0.000     1857.818 ZeroWireload (S)  
      eq_114_36_I1_I8                   equal_unsigned_996                          8     32.170     0.000       32.170 ZeroWireload (S)  
      eq_114_89_I1_I8                   equal_unsigned_996                          8     32.170     0.000       32.170 ZeroWireload (S)  
      mul_117_79_I8_I1                  mult_signed                               576   1857.818     0.000     1857.818 ZeroWireload (S)  
      add_124_53_I8_I1                  add_signed                                428   1204.766     0.000     1204.766 ZeroWireload (S)  
      add_134_52_I8_I1                  add_signed                                428   1204.766     0.000     1204.766 ZeroWireload (S)  
      mul_131_79_I8_I1                  mult_signed                               576   1857.818     0.000     1857.818 ZeroWireload (S)  
      mul_117_79_I7_I8                  mult_signed                               576   1857.818     0.000     1857.818 ZeroWireload (S)  
      add_124_53_I7_I8                  add_signed                                428   1204.766     0.000     1204.766 ZeroWireload (S)  
      add_134_52_I7_I8                  add_signed                                428   1204.766     0.000     1204.766 ZeroWireload (S)  
      mul_131_79_I7_I8                  mult_signed                               576   1857.818     0.000     1857.818 ZeroWireload (S)  
      mul_117_79_I7_I7                  mult_signed                               576   1857.818     0.000     1857.818 ZeroWireload (S)  
      add_124_53_I7_I7                  add_signed                                428   1204.766     0.000     1204.766 ZeroWireload (S)  
      add_134_52_I7_I7                  add_signed                                428   1204.766     0.000     1204.766 ZeroWireload (S)  
      mul_131_79_I7_I7                  mult_signed                               576   1857.818     0.000     1857.818 ZeroWireload (S)  
      mul_117_79_I7_I6                  mult_signed                               576   1857.818     0.000     1857.818 ZeroWireload (S)  
      add_124_53_I7_I6                  add_signed                                428   1204.766     0.000     1204.766 ZeroWireload (S)  
      add_134_52_I7_I6                  add_signed                                428   1204.766     0.000     1204.766 ZeroWireload (S)  
      mul_131_79_I7_I6                  mult_signed                               576   1857.818     0.000     1857.818 ZeroWireload (S)  
      mul_117_79_I7_I5                  mult_signed                               576   1857.818     0.000     1857.818 ZeroWireload (S)  
      add_124_53_I7_I5                  add_signed                                428   1204.766     0.000     1204.766 ZeroWireload (S)  
      add_134_52_I7_I5                  add_signed                                428   1204.766     0.000     1204.766 ZeroWireload (S)  
      mul_131_79_I7_I5                  mult_signed                               576   1857.818     0.000     1857.818 ZeroWireload (S)  
      mul_117_79_I7_I4                  mult_signed                               576   1857.818     0.000     1857.818 ZeroWireload (S)  
      add_124_53_I7_I4                  add_signed                                428   1204.766     0.000     1204.766 ZeroWireload (S)  
      add_134_52_I7_I4                  add_signed                                428   1204.766     0.000     1204.766 ZeroWireload (S)  
      mul_131_79_I7_I4                  mult_signed                               576   1857.818     0.000     1857.818 ZeroWireload (S)  
      mul_117_79_I7_I3                  mult_signed                               576   1857.818     0.000     1857.818 ZeroWireload (S)  
      add_124_53_I7_I3                  add_signed                                428   1204.766     0.000     1204.766 ZeroWireload (S)  
      add_134_52_I7_I3                  add_signed                                428   1204.766     0.000     1204.766 ZeroWireload (S)  
      mul_131_79_I7_I3                  mult_signed                               576   1857.818     0.000     1857.818 ZeroWireload (S)  
      mul_117_79_I7_I2                  mult_signed                               576   1857.818     0.000     1857.818 ZeroWireload (S)  
      add_124_53_I7_I2                  add_signed                                428   1204.766     0.000     1204.766 ZeroWireload (S)  
      add_134_52_I7_I2                  add_signed                                428   1204.766     0.000     1204.766 ZeroWireload (S)  
      mul_131_79_I7_I2                  mult_signed                               576   1857.818     0.000     1857.818 ZeroWireload (S)  
      eq_114_36_I1_I7                   equal_unsigned_996                          8     32.170     0.000       32.170 ZeroWireload (S)  
      eq_114_89_I1_I7                   equal_unsigned_996                          8     32.170     0.000       32.170 ZeroWireload (S)  
      mul_117_79_I7_I1                  mult_signed                               576   1857.818     0.000     1857.818 ZeroWireload (S)  
      add_124_53_I7_I1                  add_signed                                428   1204.766     0.000     1204.766 ZeroWireload (S)  
      add_134_52_I7_I1                  add_signed                                428   1204.766     0.000     1204.766 ZeroWireload (S)  
      mul_131_79_I7_I1                  mult_signed                               576   1857.818     0.000     1857.818 ZeroWireload (S)  
      mul_117_79_I6_I8                  mult_signed                               576   1857.818     0.000     1857.818 ZeroWireload (S)  
      add_124_53_I6_I8                  add_signed                                428   1204.766     0.000     1204.766 ZeroWireload (S)  
      add_134_52_I6_I8                  add_signed                                428   1204.766     0.000     1204.766 ZeroWireload (S)  
      mul_131_79_I6_I8                  mult_signed                               576   1857.818     0.000     1857.818 ZeroWireload (S)  
      mul_117_79_I6_I7                  mult_signed                               576   1857.818     0.000     1857.818 ZeroWireload (S)  
      add_124_53_I6_I7                  add_signed                                428   1204.766     0.000     1204.766 ZeroWireload (S)  
      add_134_52_I6_I7                  add_signed                                428   1204.766     0.000     1204.766 ZeroWireload (S)  
      mul_131_79_I6_I7                  mult_signed                               576   1857.818     0.000     1857.818 ZeroWireload (S)  
      mul_117_79_I6_I6                  mult_signed                               576   1857.818     0.000     1857.818 ZeroWireload (S)  
      add_124_53_I6_I6                  add_signed                                428   1204.766     0.000     1204.766 ZeroWireload (S)  
      add_134_52_I6_I6                  add_signed                                428   1204.766     0.000     1204.766 ZeroWireload (S)  
      mul_131_79_I6_I6                  mult_signed                               576   1857.818     0.000     1857.818 ZeroWireload (S)  
      mul_117_79_I6_I5                  mult_signed                               576   1857.818     0.000     1857.818 ZeroWireload (S)  
      add_124_53_I6_I5                  add_signed                                428   1204.766     0.000     1204.766 ZeroWireload (S)  
      add_134_52_I6_I5                  add_signed                                428   1204.766     0.000     1204.766 ZeroWireload (S)  
      mul_131_79_I6_I5                  mult_signed                               576   1857.818     0.000     1857.818 ZeroWireload (S)  
      mul_117_79_I6_I4                  mult_signed                               576   1857.818     0.000     1857.818 ZeroWireload (S)  
      add_124_53_I6_I4                  add_signed                                428   1204.766     0.000     1204.766 ZeroWireload (S)  
      add_134_52_I6_I4                  add_signed                                428   1204.766     0.000     1204.766 ZeroWireload (S)  
      mul_131_79_I6_I4                  mult_signed                               576   1857.818     0.000     1857.818 ZeroWireload (S)  
      mul_117_79_I6_I3                  mult_signed                               576   1857.818     0.000     1857.818 ZeroWireload (S)  
      add_124_53_I6_I3                  add_signed                                428   1204.766     0.000     1204.766 ZeroWireload (S)  
      add_134_52_I6_I3                  add_signed                                428   1204.766     0.000     1204.766 ZeroWireload (S)  
      mul_131_79_I6_I3                  mult_signed                               576   1857.818     0.000     1857.818 ZeroWireload (S)  
      mul_117_79_I6_I2                  mult_signed                               576   1857.818     0.000     1857.818 ZeroWireload (S)  
      add_124_53_I6_I2                  add_signed                                428   1204.766     0.000     1204.766 ZeroWireload (S)  
      add_134_52_I6_I2                  add_signed                                428   1204.766     0.000     1204.766 ZeroWireload (S)  
      mul_131_79_I6_I2                  mult_signed                               576   1857.818     0.000     1857.818 ZeroWireload (S)  
      eq_114_36_I1_I6                   equal_unsigned_996                          8     32.170     0.000       32.170 ZeroWireload (S)  
      eq_114_89_I1_I6                   equal_unsigned_996                          8     32.170     0.000       32.170 ZeroWireload (S)  
      mul_117_79_I6_I1                  mult_signed                               576   1857.818     0.000     1857.818 ZeroWireload (S)  
      add_124_53_I6_I1                  add_signed                                428   1204.766     0.000     1204.766 ZeroWireload (S)  
      add_134_52_I6_I1                  add_signed                                428   1204.766     0.000     1204.766 ZeroWireload (S)  
      mul_131_79_I6_I1                  mult_signed                               576   1857.818     0.000     1857.818 ZeroWireload (S)  
      mul_117_79_I5_I8                  mult_signed                               576   1857.818     0.000     1857.818 ZeroWireload (S)  
      add_124_53_I5_I8                  add_signed                                428   1204.766     0.000     1204.766 ZeroWireload (S)  
      add_134_52_I5_I8                  add_signed                                428   1204.766     0.000     1204.766 ZeroWireload (S)  
      mul_131_79_I5_I8                  mult_signed                               576   1857.818     0.000     1857.818 ZeroWireload (S)  
      mul_117_79_I5_I7                  mult_signed                               576   1857.818     0.000     1857.818 ZeroWireload (S)  
      add_124_53_I5_I7                  add_signed                                428   1204.766     0.000     1204.766 ZeroWireload (S)  
      add_134_52_I5_I7                  add_signed                                428   1204.766     0.000     1204.766 ZeroWireload (S)  
      mul_131_79_I5_I7                  mult_signed                               576   1857.818     0.000     1857.818 ZeroWireload (S)  
      mul_117_79_I5_I6                  mult_signed                               576   1857.818     0.000     1857.818 ZeroWireload (S)  
      add_124_53_I5_I6                  add_signed                                428   1204.766     0.000     1204.766 ZeroWireload (S)  
      add_134_52_I5_I6                  add_signed                                428   1204.766     0.000     1204.766 ZeroWireload (S)  
      mul_131_79_I5_I6                  mult_signed                               576   1857.818     0.000     1857.818 ZeroWireload (S)  
      mul_117_79_I5_I5                  mult_signed                               576   1857.818     0.000     1857.818 ZeroWireload (S)  
      add_124_53_I5_I5                  add_signed                                428   1204.766     0.000     1204.766 ZeroWireload (S)  
      add_134_52_I5_I5                  add_signed                                428   1204.766     0.000     1204.766 ZeroWireload (S)  
      mul_131_79_I5_I5                  mult_signed                               576   1857.818     0.000     1857.818 ZeroWireload (S)  
      mul_117_79_I5_I4                  mult_signed                               576   1857.818     0.000     1857.818 ZeroWireload (S)  
      add_124_53_I5_I4                  add_signed                                428   1204.766     0.000     1204.766 ZeroWireload (S)  
      add_134_52_I5_I4                  add_signed                                428   1204.766     0.000     1204.766 ZeroWireload (S)  
      mul_131_79_I5_I4                  mult_signed                               576   1857.818     0.000     1857.818 ZeroWireload (S)  
      mul_117_79_I5_I3                  mult_signed                               576   1857.818     0.000     1857.818 ZeroWireload (S)  
      add_124_53_I5_I3                  add_signed                                428   1204.766     0.000     1204.766 ZeroWireload (S)  
      add_134_52_I5_I3                  add_signed                                428   1204.766     0.000     1204.766 ZeroWireload (S)  
      mul_131_79_I5_I3                  mult_signed                               576   1857.818     0.000     1857.818 ZeroWireload (S)  
      mul_117_79_I5_I2                  mult_signed                               576   1857.818     0.000     1857.818 ZeroWireload (S)  
      add_124_53_I5_I2                  add_signed                                428   1204.766     0.000     1204.766 ZeroWireload (S)  
      add_134_52_I5_I2                  add_signed                                428   1204.766     0.000     1204.766 ZeroWireload (S)  
      mul_131_79_I5_I2                  mult_signed                               576   1857.818     0.000     1857.818 ZeroWireload (S)  
      eq_114_36_I1_I5                   equal_unsigned_996                          8     32.170     0.000       32.170 ZeroWireload (S)  
      eq_114_89_I1_I5                   equal_unsigned_996                          8     32.170     0.000       32.170 ZeroWireload (S)  
      mul_117_79_I5_I1                  mult_signed                               576   1857.818     0.000     1857.818 ZeroWireload (S)  
      add_124_53_I5_I1                  add_signed                                428   1204.766     0.000     1204.766 ZeroWireload (S)  
      add_134_52_I5_I1                  add_signed                                428   1204.766     0.000     1204.766 ZeroWireload (S)  
      mul_131_79_I5_I1                  mult_signed                               576   1857.818     0.000     1857.818 ZeroWireload (S)  
      mul_117_79_I4_I8                  mult_signed                               576   1857.818     0.000     1857.818 ZeroWireload (S)  
      add_124_53_I4_I8                  add_signed                                428   1204.766     0.000     1204.766 ZeroWireload (S)  
      add_134_52_I4_I8                  add_signed                                428   1204.766     0.000     1204.766 ZeroWireload (S)  
      mul_131_79_I4_I8                  mult_signed                               576   1857.818     0.000     1857.818 ZeroWireload (S)  
      mul_117_79_I4_I7                  mult_signed                               576   1857.818     0.000     1857.818 ZeroWireload (S)  
      add_124_53_I4_I7                  add_signed                                428   1204.766     0.000     1204.766 ZeroWireload (S)  
      add_134_52_I4_I7                  add_signed                                428   1204.766     0.000     1204.766 ZeroWireload (S)  
      mul_131_79_I4_I7                  mult_signed                               576   1857.818     0.000     1857.818 ZeroWireload (S)  
      mul_117_79_I4_I6                  mult_signed                               576   1857.818     0.000     1857.818 ZeroWireload (S)  
      add_124_53_I4_I6                  add_signed                                428   1204.766     0.000     1204.766 ZeroWireload (S)  
      add_134_52_I4_I6                  add_signed                                428   1204.766     0.000     1204.766 ZeroWireload (S)  
      mul_131_79_I4_I6                  mult_signed                               576   1857.818     0.000     1857.818 ZeroWireload (S)  
      mul_117_79_I4_I5                  mult_signed                               576   1857.818     0.000     1857.818 ZeroWireload (S)  
      add_124_53_I4_I5                  add_signed                                428   1204.766     0.000     1204.766 ZeroWireload (S)  
      add_134_52_I4_I5                  add_signed                                428   1204.766     0.000     1204.766 ZeroWireload (S)  
      mul_131_79_I4_I5                  mult_signed                               576   1857.818     0.000     1857.818 ZeroWireload (S)  
      mul_117_79_I4_I4                  mult_signed                               576   1857.818     0.000     1857.818 ZeroWireload (S)  
      add_124_53_I4_I4                  add_signed                                428   1204.766     0.000     1204.766 ZeroWireload (S)  
      add_134_52_I4_I4                  add_signed                                428   1204.766     0.000     1204.766 ZeroWireload (S)  
      mul_131_79_I4_I4                  mult_signed                               576   1857.818     0.000     1857.818 ZeroWireload (S)  
      mul_117_79_I4_I3                  mult_signed                               576   1857.818     0.000     1857.818 ZeroWireload (S)  
      add_124_53_I4_I3                  add_signed                                428   1204.766     0.000     1204.766 ZeroWireload (S)  
      add_134_52_I4_I3                  add_signed                                428   1204.766     0.000     1204.766 ZeroWireload (S)  
      mul_131_79_I4_I3                  mult_signed                               576   1857.818     0.000     1857.818 ZeroWireload (S)  
      mul_117_79_I4_I2                  mult_signed                               576   1857.818     0.000     1857.818 ZeroWireload (S)  
      add_124_53_I4_I2                  add_signed                                428   1204.766     0.000     1204.766 ZeroWireload (S)  
      add_134_52_I4_I2                  add_signed                                428   1204.766     0.000     1204.766 ZeroWireload (S)  
      mul_131_79_I4_I2                  mult_signed                               576   1857.818     0.000     1857.818 ZeroWireload (S)  
      eq_114_36_I1_I4                   equal_unsigned_4724                         6     27.345     0.000       27.345 ZeroWireload (S)  
      eq_114_89_I1_I4                   equal_unsigned_4724                         6     27.345     0.000       27.345 ZeroWireload (S)  
      mul_117_79_I4_I1                  mult_signed                               576   1857.818     0.000     1857.818 ZeroWireload (S)  
      add_124_53_I4_I1                  add_signed                                428   1204.766     0.000     1204.766 ZeroWireload (S)  
      add_134_52_I4_I1                  add_signed                                428   1204.766     0.000     1204.766 ZeroWireload (S)  
      mul_131_79_I4_I1                  mult_signed                               576   1857.818     0.000     1857.818 ZeroWireload (S)  
      mul_117_79_I3_I8                  mult_signed                               576   1857.818     0.000     1857.818 ZeroWireload (S)  
      add_124_53_I3_I8                  add_signed                                428   1204.766     0.000     1204.766 ZeroWireload (S)  
      add_134_52_I3_I8                  add_signed                                428   1204.766     0.000     1204.766 ZeroWireload (S)  
      mul_131_79_I3_I8                  mult_signed                               576   1857.818     0.000     1857.818 ZeroWireload (S)  
      mul_117_79_I3_I7                  mult_signed                               576   1857.818     0.000     1857.818 ZeroWireload (S)  
      add_124_53_I3_I7                  add_signed                                428   1204.766     0.000     1204.766 ZeroWireload (S)  
      add_134_52_I3_I7                  add_signed                                428   1204.766     0.000     1204.766 ZeroWireload (S)  
      mul_131_79_I3_I7                  mult_signed                               576   1857.818     0.000     1857.818 ZeroWireload (S)  
      mul_117_79_I3_I6                  mult_signed                               576   1857.818     0.000     1857.818 ZeroWireload (S)  
      add_124_53_I3_I6                  add_signed                                428   1204.766     0.000     1204.766 ZeroWireload (S)  
      add_134_52_I3_I6                  add_signed                                428   1204.766     0.000     1204.766 ZeroWireload (S)  
      mul_131_79_I3_I6                  mult_signed                               576   1857.818     0.000     1857.818 ZeroWireload (S)  
      mul_117_79_I3_I5                  mult_signed                               576   1857.818     0.000     1857.818 ZeroWireload (S)  
      add_124_53_I3_I5                  add_signed                                428   1204.766     0.000     1204.766 ZeroWireload (S)  
      add_134_52_I3_I5                  add_signed                                428   1204.766     0.000     1204.766 ZeroWireload (S)  
      mul_131_79_I3_I5                  mult_signed                               576   1857.818     0.000     1857.818 ZeroWireload (S)  
      mul_117_79_I3_I4                  mult_signed                               576   1857.818     0.000     1857.818 ZeroWireload (S)  
      add_124_53_I3_I4                  add_signed                                428   1204.766     0.000     1204.766 ZeroWireload (S)  
      add_134_52_I3_I4                  add_signed                                428   1204.766     0.000     1204.766 ZeroWireload (S)  
      mul_131_79_I3_I4                  mult_signed                               576   1857.818     0.000     1857.818 ZeroWireload (S)  
      mul_117_79_I3_I3                  mult_signed                               576   1857.818     0.000     1857.818 ZeroWireload (S)  
      add_124_53_I3_I3                  add_signed                                428   1204.766     0.000     1204.766 ZeroWireload (S)  
      add_134_52_I3_I3                  add_signed                                428   1204.766     0.000     1204.766 ZeroWireload (S)  
      mul_131_79_I3_I3                  mult_signed                               576   1857.818     0.000     1857.818 ZeroWireload (S)  
      mul_117_79_I3_I2                  mult_signed                               576   1857.818     0.000     1857.818 ZeroWireload (S)  
      add_124_53_I3_I2                  add_signed                                428   1204.766     0.000     1204.766 ZeroWireload (S)  
      add_134_52_I3_I2                  add_signed                                428   1204.766     0.000     1204.766 ZeroWireload (S)  
      mul_131_79_I3_I2                  mult_signed                               576   1857.818     0.000     1857.818 ZeroWireload (S)  
      eq_114_36_I1_I3                   equal_unsigned_4724                         6     27.345     0.000       27.345 ZeroWireload (S)  
      eq_114_89_I1_I3                   equal_unsigned_4724                         6     27.345     0.000       27.345 ZeroWireload (S)  
      mul_117_79_I3_I1                  mult_signed                               576   1857.818     0.000     1857.818 ZeroWireload (S)  
      add_124_53_I3_I1                  add_signed                                428   1204.766     0.000     1204.766 ZeroWireload (S)  
      add_134_52_I3_I1                  add_signed                                428   1204.766     0.000     1204.766 ZeroWireload (S)  
      mul_131_79_I3_I1                  mult_signed                               576   1857.818     0.000     1857.818 ZeroWireload (S)  
      mul_117_79_I2_I8                  mult_signed                               576   1857.818     0.000     1857.818 ZeroWireload (S)  
      add_124_53_I2_I8                  add_signed                                428   1204.766     0.000     1204.766 ZeroWireload (S)  
      add_134_52_I2_I8                  add_signed                                428   1204.766     0.000     1204.766 ZeroWireload (S)  
      mul_131_79_I2_I8                  mult_signed                               576   1857.818     0.000     1857.818 ZeroWireload (S)  
      mul_117_79_I2_I7                  mult_signed                               576   1857.818     0.000     1857.818 ZeroWireload (S)  
      add_124_53_I2_I7                  add_signed                                428   1204.766     0.000     1204.766 ZeroWireload (S)  
      add_134_52_I2_I7                  add_signed                                428   1204.766     0.000     1204.766 ZeroWireload (S)  
      mul_131_79_I2_I7                  mult_signed                               576   1857.818     0.000     1857.818 ZeroWireload (S)  
      mul_117_79_I2_I6                  mult_signed                               576   1857.818     0.000     1857.818 ZeroWireload (S)  
      add_124_53_I2_I6                  add_signed                                428   1204.766     0.000     1204.766 ZeroWireload (S)  
      add_134_52_I2_I6                  add_signed                                428   1204.766     0.000     1204.766 ZeroWireload (S)  
      mul_131_79_I2_I6                  mult_signed                               576   1857.818     0.000     1857.818 ZeroWireload (S)  
      mul_117_79_I2_I5                  mult_signed                               576   1857.818     0.000     1857.818 ZeroWireload (S)  
      add_124_53_I2_I5                  add_signed                                428   1204.766     0.000     1204.766 ZeroWireload (S)  
      add_134_52_I2_I5                  add_signed                                428   1204.766     0.000     1204.766 ZeroWireload (S)  
      mul_131_79_I2_I5                  mult_signed                               576   1857.818     0.000     1857.818 ZeroWireload (S)  
      mul_117_79_I2_I4                  mult_signed                               576   1857.818     0.000     1857.818 ZeroWireload (S)  
      add_124_53_I2_I4                  add_signed                                428   1204.766     0.000     1204.766 ZeroWireload (S)  
      add_134_52_I2_I4                  add_signed                                428   1204.766     0.000     1204.766 ZeroWireload (S)  
      mul_131_79_I2_I4                  mult_signed                               576   1857.818     0.000     1857.818 ZeroWireload (S)  
      mul_117_79_I2_I3                  mult_signed                               576   1857.818     0.000     1857.818 ZeroWireload (S)  
      add_124_53_I2_I3                  add_signed                                428   1204.766     0.000     1204.766 ZeroWireload (S)  
      add_134_52_I2_I3                  add_signed                                428   1204.766     0.000     1204.766 ZeroWireload (S)  
      mul_131_79_I2_I3                  mult_signed                               576   1857.818     0.000     1857.818 ZeroWireload (S)  
      mul_117_79_I2_I2                  mult_signed                               576   1857.818     0.000     1857.818 ZeroWireload (S)  
      add_124_53_I2_I2                  add_signed                                428   1204.766     0.000     1204.766 ZeroWireload (S)  
      add_134_52_I2_I2                  add_signed                                428   1204.766     0.000     1204.766 ZeroWireload (S)  
      mul_131_79_I2_I2                  mult_signed                               576   1857.818     0.000     1857.818 ZeroWireload (S)  
      eq_114_36_I1_I2                   equal_unsigned_6588                         6     25.736     0.000       25.736 ZeroWireload (S)  
      eq_114_89_I1_I2                   equal_unsigned_6588                         6     25.736     0.000       25.736 ZeroWireload (S)  
      mul_117_79_I2_I1                  mult_signed                               576   1857.818     0.000     1857.818 ZeroWireload (S)  
      add_124_53_I2_I1                  add_signed                                428   1204.766     0.000     1204.766 ZeroWireload (S)  
      add_134_52_I2_I1                  add_signed                                428   1204.766     0.000     1204.766 ZeroWireload (S)  
      mul_131_79_I2_I1                  mult_signed                               576   1857.818     0.000     1857.818 ZeroWireload (S)  
      mul_117_79_I1_I8                  mult_signed                               576   1857.818     0.000     1857.818 ZeroWireload (S)  
      add_124_53_I1_I8                  add_signed                                428   1204.766     0.000     1204.766 ZeroWireload (S)  
      add_134_52_I1_I8                  add_signed                                428   1204.766     0.000     1204.766 ZeroWireload (S)  
      mul_131_79_I1_I8                  mult_signed                               576   1857.818     0.000     1857.818 ZeroWireload (S)  
      mul_117_79_I1_I7                  mult_signed                               576   1857.818     0.000     1857.818 ZeroWireload (S)  
      add_124_53_I1_I7                  add_signed                                428   1204.766     0.000     1204.766 ZeroWireload (S)  
      add_134_52_I1_I7                  add_signed                                428   1204.766     0.000     1204.766 ZeroWireload (S)  
      mul_131_79_I1_I7                  mult_signed                               576   1857.818     0.000     1857.818 ZeroWireload (S)  
      mul_117_79_I1_I6                  mult_signed                               576   1857.818     0.000     1857.818 ZeroWireload (S)  
      add_124_53_I1_I6                  add_signed                                428   1204.766     0.000     1204.766 ZeroWireload (S)  
      add_134_52_I1_I6                  add_signed                                428   1204.766     0.000     1204.766 ZeroWireload (S)  
      mul_131_79_I1_I6                  mult_signed                               576   1857.818     0.000     1857.818 ZeroWireload (S)  
      mul_117_79_I1_I5                  mult_signed                               576   1857.818     0.000     1857.818 ZeroWireload (S)  
      add_124_53_I1_I5                  add_signed                                428   1204.766     0.000     1204.766 ZeroWireload (S)  
      add_134_52_I1_I5                  add_signed                                428   1204.766     0.000     1204.766 ZeroWireload (S)  
      mul_131_79_I1_I5                  mult_signed                               576   1857.818     0.000     1857.818 ZeroWireload (S)  
      mul_117_79_I1_I4                  mult_signed                               576   1857.818     0.000     1857.818 ZeroWireload (S)  
      add_124_53_I1_I4                  add_signed                                428   1204.766     0.000     1204.766 ZeroWireload (S)  
      add_134_52_I1_I4                  add_signed                                428   1204.766     0.000     1204.766 ZeroWireload (S)  
      mul_131_79_I1_I4                  mult_signed                               576   1857.818     0.000     1857.818 ZeroWireload (S)  
      mul_117_79_I1_I3                  mult_signed                               576   1857.818     0.000     1857.818 ZeroWireload (S)  
      add_124_53_I1_I3                  add_signed                                428   1204.766     0.000     1204.766 ZeroWireload (S)  
      add_134_52_I1_I3                  add_signed                                428   1204.766     0.000     1204.766 ZeroWireload (S)  
      mul_131_79_I1_I3                  mult_signed                               576   1857.818     0.000     1857.818 ZeroWireload (S)  
      mul_117_79_I1_I2                  mult_signed                               576   1857.818     0.000     1857.818 ZeroWireload (S)  
      add_124_53_I1_I2                  add_signed                                428   1204.766     0.000     1204.766 ZeroWireload (S)  
      add_134_52_I1_I2                  add_signed                                428   1204.766     0.000     1204.766 ZeroWireload (S)  
      mul_131_79_I1_I2                  mult_signed                               576   1857.818     0.000     1857.818 ZeroWireload (S)  
      eq_114_36_I1_I1                   equal_unsigned_6588                         6     25.736     0.000       25.736 ZeroWireload (S)  
      eq_114_89_I1_I1                   equal_unsigned_6588                         6     25.736     0.000       25.736 ZeroWireload (S)  
      mul_117_79_I1_I1                  mult_signed                               576   1857.818     0.000     1857.818 ZeroWireload (S)  
      add_124_53_I1_I1                  add_signed                                428   1204.766     0.000     1204.766 ZeroWireload (S)  
      add_134_52_I1_I1                  add_signed                                428   1204.766     0.000     1204.766 ZeroWireload (S)  
      mul_131_79_I1_I1                  mult_signed                               576   1857.818     0.000     1857.818 ZeroWireload (S)  
      add_175_32                        add_unsigned_7642                          13     32.170     0.000       32.170 ZeroWireload (S)  
      add_32_49                         add_unsigned_7644                          25     62.731     0.000       62.731 ZeroWireload (S)  
      mux_pe_out_valid[0][0]_114_54     bmux_32                                     1      6.434     0.000        6.434 ZeroWireload (S)  
      mux_pe_out_valid[0][0]_111_6      bmux_32                                     1      6.434     0.000        6.434 ZeroWireload (S)  
      mux_pe_out_valid[0][1]_114_54     bmux_32                                     1      6.434     0.000        6.434 ZeroWireload (S)  
      mux_pe_out_valid[0][1]_111_6      bmux_32                                     1      6.434     0.000        6.434 ZeroWireload (S)  
      mux_pe_out_valid[0][2]_114_54     bmux_32                                     1      6.434     0.000        6.434 ZeroWireload (S)  
      mux_pe_out_valid[0][2]_111_6      bmux_32                                     1      6.434     0.000        6.434 ZeroWireload (S)  
      mux_pe_out_valid[0][3]_114_54     bmux_32                                     1      6.434     0.000        6.434 ZeroWireload (S)  
      mux_pe_out_valid[0][3]_111_6      bmux_32                                     1      6.434     0.000        6.434 ZeroWireload (S)  
      mux_pe_out_valid[0][4]_114_54     bmux_32                                     1      6.434     0.000        6.434 ZeroWireload (S)  
      mux_pe_out_valid[0][4]_111_6      bmux_32                                     1      6.434     0.000        6.434 ZeroWireload (S)  
      mux_pe_out_valid[0][5]_114_54     bmux_32                                     1      6.434     0.000        6.434 ZeroWireload (S)  
      mux_pe_out_valid[0][5]_111_6      bmux_32                                     1      6.434     0.000        6.434 ZeroWireload (S)  
      mux_pe_out_valid[0][6]_114_54     bmux_32                                     1      6.434     0.000        6.434 ZeroWireload (S)  
      mux_pe_out_valid[0][6]_111_6      bmux_32                                     1      6.434     0.000        6.434 ZeroWireload (S)  
      mux_pe_out_valid[0][7]_114_54     bmux_32                                     1      6.434     0.000        6.434 ZeroWireload (S)  
      mux_pe_out_valid[0][7]_111_6      bmux_32                                     1      6.434     0.000        6.434 ZeroWireload (S)  
      mux_pe_out_valid[1][0]_114_54     bmux_32                                     1      6.434     0.000        6.434 ZeroWireload (S)  
      mux_pe_out_valid[1][0]_111_6      bmux_32                                     1      6.434     0.000        6.434 ZeroWireload (S)  
      mux_pe_out_valid[1][1]_114_54     bmux_32                                     1      6.434     0.000        6.434 ZeroWireload (S)  
      mux_pe_out_valid[1][1]_111_6      bmux_32                                     1      6.434     0.000        6.434 ZeroWireload (S)  
      mux_pe_out_valid[1][2]_114_54     bmux_32                                     1      6.434     0.000        6.434 ZeroWireload (S)  
      mux_pe_out_valid[1][2]_111_6      bmux_32                                     1      6.434     0.000        6.434 ZeroWireload (S)  
      mux_pe_out_valid[1][3]_114_54     bmux_32                                     1      6.434     0.000        6.434 ZeroWireload (S)  
      mux_pe_out_valid[1][3]_111_6      bmux_32                                     1      6.434     0.000        6.434 ZeroWireload (S)  
      mux_pe_out_valid[1][4]_114_54     bmux_32                                     1      6.434     0.000        6.434 ZeroWireload (S)  
      mux_pe_out_valid[1][4]_111_6      bmux_32                                     1      6.434     0.000        6.434 ZeroWireload (S)  
      mux_pe_out_valid[1][5]_114_54     bmux_32                                     1      6.434     0.000        6.434 ZeroWireload (S)  
      mux_pe_out_valid[1][5]_111_6      bmux_32                                     1      6.434     0.000        6.434 ZeroWireload (S)  
      mux_pe_out_valid[1][6]_114_54     bmux_32                                     1      6.434     0.000        6.434 ZeroWireload (S)  
      mux_pe_out_valid[1][6]_111_6      bmux_32                                     1      6.434     0.000        6.434 ZeroWireload (S)  
      mux_pe_out_valid[1][7]_114_54     bmux_32                                     1      6.434     0.000        6.434 ZeroWireload (S)  
      mux_pe_out_valid[1][7]_111_6      bmux_32                                     1      6.434     0.000        6.434 ZeroWireload (S)  
      mux_pe_out_valid[2][0]_114_54     bmux_32                                     1      6.434     0.000        6.434 ZeroWireload (S)  
      mux_pe_out_valid[2][0]_111_6      bmux_32                                     1      6.434     0.000        6.434 ZeroWireload (S)  
      mux_pe_out_valid[2][1]_114_54     bmux_32                                     1      6.434     0.000        6.434 ZeroWireload (S)  
      mux_pe_out_valid[2][1]_111_6      bmux_32                                     1      6.434     0.000        6.434 ZeroWireload (S)  
      mux_pe_out_valid[2][2]_114_54     bmux_32                                     1      6.434     0.000        6.434 ZeroWireload (S)  
      mux_pe_out_valid[2][2]_111_6      bmux_32                                     1      6.434     0.000        6.434 ZeroWireload (S)  
      mux_pe_out_valid[2][3]_114_54     bmux_32                                     1      6.434     0.000        6.434 ZeroWireload (S)  
      mux_pe_out_valid[2][3]_111_6      bmux_32                                     1      6.434     0.000        6.434 ZeroWireload (S)  
      mux_pe_out_valid[2][4]_114_54     bmux_32                                     1      6.434     0.000        6.434 ZeroWireload (S)  
      mux_pe_out_valid[2][4]_111_6      bmux_32                                     1      6.434     0.000        6.434 ZeroWireload (S)  
      mux_pe_out_valid[2][5]_114_54     bmux_32                                     1      6.434     0.000        6.434 ZeroWireload (S)  
      mux_pe_out_valid[2][5]_111_6      bmux_32                                     1      6.434     0.000        6.434 ZeroWireload (S)  
      mux_pe_out_valid[2][6]_114_54     bmux_32                                     1      6.434     0.000        6.434 ZeroWireload (S)  
      mux_pe_out_valid[2][6]_111_6      bmux_32                                     1      6.434     0.000        6.434 ZeroWireload (S)  
      mux_pe_out_valid[2][7]_114_54     bmux_32                                     1      6.434     0.000        6.434 ZeroWireload (S)  
      mux_pe_out_valid[2][7]_111_6      bmux_32                                     1      6.434     0.000        6.434 ZeroWireload (S)  
      mux_pe_out_valid[3][0]_114_54     bmux_32                                     1      6.434     0.000        6.434 ZeroWireload (S)  
      mux_pe_out_valid[3][0]_111_6      bmux_32                                     1      6.434     0.000        6.434 ZeroWireload (S)  
      mux_pe_out_valid[3][1]_114_54     bmux_32                                     1      6.434     0.000        6.434 ZeroWireload (S)  
      mux_pe_out_valid[3][1]_111_6      bmux_32                                     1      6.434     0.000        6.434 ZeroWireload (S)  
      mux_pe_out_valid[3][2]_114_54     bmux_32                                     1      6.434     0.000        6.434 ZeroWireload (S)  
      mux_pe_out_valid[3][2]_111_6      bmux_32                                     1      6.434     0.000        6.434 ZeroWireload (S)  
      mux_pe_out_valid[3][3]_114_54     bmux_32                                     1      6.434     0.000        6.434 ZeroWireload (S)  
      mux_pe_out_valid[3][3]_111_6      bmux_32                                     1      6.434     0.000        6.434 ZeroWireload (S)  
      mux_pe_out_valid[3][4]_114_54     bmux_32                                     1      6.434     0.000        6.434 ZeroWireload (S)  
      mux_pe_out_valid[3][4]_111_6      bmux_32                                     1      6.434     0.000        6.434 ZeroWireload (S)  
      mux_pe_out_valid[3][5]_114_54     bmux_32                                     1      6.434     0.000        6.434 ZeroWireload (S)  
      mux_pe_out_valid[3][5]_111_6      bmux_32                                     1      6.434     0.000        6.434 ZeroWireload (S)  
      mux_pe_out_valid[3][6]_114_54     bmux_32                                     1      6.434     0.000        6.434 ZeroWireload (S)  
      mux_pe_out_valid[3][6]_111_6      bmux_32                                     1      6.434     0.000        6.434 ZeroWireload (S)  
      mux_pe_out_valid[3][7]_114_54     bmux_32                                     1      6.434     0.000        6.434 ZeroWireload (S)  
      mux_pe_out_valid[3][7]_111_6      bmux_32                                     1      6.434     0.000        6.434 ZeroWireload (S)  
      mux_pe_out_valid[4][0]_114_54     bmux_32                                     1      6.434     0.000        6.434 ZeroWireload (S)  
      mux_pe_out_valid[4][0]_111_6      bmux_32                                     1      6.434     0.000        6.434 ZeroWireload (S)  
      mux_pe_out_valid[4][1]_114_54     bmux_32                                     1      6.434     0.000        6.434 ZeroWireload (S)  
      mux_pe_out_valid[4][1]_111_6      bmux_32                                     1      6.434     0.000        6.434 ZeroWireload (S)  
      mux_pe_out_valid[4][2]_114_54     bmux_32                                     1      6.434     0.000        6.434 ZeroWireload (S)  
      mux_pe_out_valid[4][2]_111_6      bmux_32                                     1      6.434     0.000        6.434 ZeroWireload (S)  
      mux_pe_out_valid[4][3]_114_54     bmux_32                                     1      6.434     0.000        6.434 ZeroWireload (S)  
      mux_pe_out_valid[4][3]_111_6      bmux_32                                     1      6.434     0.000        6.434 ZeroWireload (S)  
      mux_pe_out_valid[4][4]_114_54     bmux_32                                     1      6.434     0.000        6.434 ZeroWireload (S)  
      mux_pe_out_valid[4][4]_111_6      bmux_32                                     1      6.434     0.000        6.434 ZeroWireload (S)  
      mux_pe_out_valid[4][5]_114_54     bmux_32                                     1      6.434     0.000        6.434 ZeroWireload (S)  
      mux_pe_out_valid[4][5]_111_6      bmux_32                                     1      6.434     0.000        6.434 ZeroWireload (S)  
      mux_pe_out_valid[4][6]_114_54     bmux_32                                     1      6.434     0.000        6.434 ZeroWireload (S)  
      mux_pe_out_valid[4][6]_111_6      bmux_32                                     1      6.434     0.000        6.434 ZeroWireload (S)  
      mux_pe_out_valid[4][7]_114_54     bmux_32                                     1      6.434     0.000        6.434 ZeroWireload (S)  
      mux_pe_out_valid[4][7]_111_6      bmux_32                                     1      6.434     0.000        6.434 ZeroWireload (S)  
      mux_pe_out_valid[5][0]_114_54     bmux_32                                     1      6.434     0.000        6.434 ZeroWireload (S)  
      mux_pe_out_valid[5][0]_111_6      bmux_32                                     1      6.434     0.000        6.434 ZeroWireload (S)  
      mux_pe_out_valid[5][1]_114_54     bmux_32                                     1      6.434     0.000        6.434 ZeroWireload (S)  
      mux_pe_out_valid[5][1]_111_6      bmux_32                                     1      6.434     0.000        6.434 ZeroWireload (S)  
      mux_pe_out_valid[5][2]_114_54     bmux_32                                     1      6.434     0.000        6.434 ZeroWireload (S)  
      mux_pe_out_valid[5][2]_111_6      bmux_32                                     1      6.434     0.000        6.434 ZeroWireload (S)  
      mux_pe_out_valid[5][3]_114_54     bmux_32                                     1      6.434     0.000        6.434 ZeroWireload (S)  
      mux_pe_out_valid[5][3]_111_6      bmux_32                                     1      6.434     0.000        6.434 ZeroWireload (S)  
      mux_pe_out_valid[5][4]_114_54     bmux_32                                     1      6.434     0.000        6.434 ZeroWireload (S)  
      mux_pe_out_valid[5][4]_111_6      bmux_32                                     1      6.434     0.000        6.434 ZeroWireload (S)  
      mux_pe_out_valid[5][5]_114_54     bmux_32                                     1      6.434     0.000        6.434 ZeroWireload (S)  
      mux_pe_out_valid[5][5]_111_6      bmux_32                                     1      6.434     0.000        6.434 ZeroWireload (S)  
      mux_pe_out_valid[5][6]_114_54     bmux_32                                     1      6.434     0.000        6.434 ZeroWireload (S)  
      mux_pe_out_valid[5][6]_111_6      bmux_32                                     1      6.434     0.000        6.434 ZeroWireload (S)  
      mux_pe_out_valid[5][7]_114_54     bmux_32                                     1      6.434     0.000        6.434 ZeroWireload (S)  
      mux_pe_out_valid[5][7]_111_6      bmux_32                                     1      6.434     0.000        6.434 ZeroWireload (S)  
      mux_pe_out_valid[6][0]_114_54     bmux_32                                     1      6.434     0.000        6.434 ZeroWireload (S)  
      mux_pe_out_valid[6][0]_111_6      bmux_32                                     1      6.434     0.000        6.434 ZeroWireload (S)  
      mux_pe_out_valid[6][1]_114_54     bmux_32                                     1      6.434     0.000        6.434 ZeroWireload (S)  
      mux_pe_out_valid[6][1]_111_6      bmux_32                                     1      6.434     0.000        6.434 ZeroWireload (S)  
      mux_pe_out_valid[6][2]_114_54     bmux_32                                     1      6.434     0.000        6.434 ZeroWireload (S)  
      mux_pe_out_valid[6][2]_111_6      bmux_32                                     1      6.434     0.000        6.434 ZeroWireload (S)  
      mux_pe_out_valid[6][3]_114_54     bmux_32                                     1      6.434     0.000        6.434 ZeroWireload (S)  
      mux_pe_out_valid[6][3]_111_6      bmux_32                                     1      6.434     0.000        6.434 ZeroWireload (S)  
      mux_pe_out_valid[6][4]_114_54     bmux_32                                     1      6.434     0.000        6.434 ZeroWireload (S)  
      mux_pe_out_valid[6][4]_111_6      bmux_32                                     1      6.434     0.000        6.434 ZeroWireload (S)  
      mux_pe_out_valid[6][5]_114_54     bmux_32                                     1      6.434     0.000        6.434 ZeroWireload (S)  
      mux_pe_out_valid[6][5]_111_6      bmux_32                                     1      6.434     0.000        6.434 ZeroWireload (S)  
      mux_pe_out_valid[6][6]_114_54     bmux_32                                     1      6.434     0.000        6.434 ZeroWireload (S)  
      mux_pe_out_valid[6][6]_111_6      bmux_32                                     1      6.434     0.000        6.434 ZeroWireload (S)  
      mux_pe_out_valid[6][7]_114_54     bmux_32                                     1      6.434     0.000        6.434 ZeroWireload (S)  
      mux_pe_out_valid[6][7]_111_6      bmux_32                                     1      6.434     0.000        6.434 ZeroWireload (S)  
      mux_pe_out_valid[7][0]_114_54     bmux_32                                     1      6.434     0.000        6.434 ZeroWireload (S)  
      mux_pe_out_valid[7][0]_111_6      bmux_32                                     1      6.434     0.000        6.434 ZeroWireload (S)  
      mux_pe_out_valid[7][1]_114_54     bmux_32                                     1      6.434     0.000        6.434 ZeroWireload (S)  
      mux_pe_out_valid[7][1]_111_6      bmux_32                                     1      6.434     0.000        6.434 ZeroWireload (S)  
      mux_pe_out_valid[7][2]_114_54     bmux_32                                     1      6.434     0.000        6.434 ZeroWireload (S)  
      mux_pe_out_valid[7][2]_111_6      bmux_32                                     1      6.434     0.000        6.434 ZeroWireload (S)  
      mux_pe_out_valid[7][3]_114_54     bmux_32                                     1      6.434     0.000        6.434 ZeroWireload (S)  
      mux_pe_out_valid[7][3]_111_6      bmux_32                                     1      6.434     0.000        6.434 ZeroWireload (S)  
      mux_pe_out_valid[7][4]_114_54     bmux_32                                     1      6.434     0.000        6.434 ZeroWireload (S)  
      mux_pe_out_valid[7][4]_111_6      bmux_32                                     1      6.434     0.000        6.434 ZeroWireload (S)  
      mux_pe_out_valid[7][5]_114_54     bmux_32                                     1      6.434     0.000        6.434 ZeroWireload (S)  
      mux_pe_out_valid[7][5]_111_6      bmux_32                                     1      6.434     0.000        6.434 ZeroWireload (S)  
      mux_pe_out_valid[7][6]_114_54     bmux_32                                     1      6.434     0.000        6.434 ZeroWireload (S)  
      mux_pe_out_valid[7][6]_111_6      bmux_32                                     1      6.434     0.000        6.434 ZeroWireload (S)  
      mux_pe_out_valid[7][7]_114_54     bmux_32                                     1      6.434     0.000        6.434 ZeroWireload (S)  
      mux_pe_out_valid[7][7]_111_6      bmux_32                                     1      6.434     0.000        6.434 ZeroWireload (S)  
      mux_matrix_index_172_24           bmux_7773                                   4     25.736     0.000       25.736 ZeroWireload (S)  
      mux_matrix_mul_2D_nx[0][0]_120_10 bmux_7777                                  32    205.888     0.000      205.888 ZeroWireload (S)  
      mux_matrix_mul_2D_nx[0][0]_128_28 bmux_7777                                  32    205.888     0.000      205.888 ZeroWireload (S)  
      mux_matrix_mul_2D_nx[0][0]_114_54 bmux_7777                                  32    205.888     0.000      205.888 ZeroWireload (S)  
      mux_matrix_mul_2D_nx[0][0]_111_6  bmux_7777                                  32    205.888     0.000      205.888 ZeroWireload (S)  
      mux_matrix_mul_2D_nx[0][1]_120_10 bmux_7777                                  32    205.888     0.000      205.888 ZeroWireload (S)  
      mux_matrix_mul_2D_nx[0][1]_128_28 bmux_7777                                  32    205.888     0.000      205.888 ZeroWireload (S)  
      mux_matrix_mul_2D_nx[0][1]_114_54 bmux_7777                                  32    205.888     0.000      205.888 ZeroWireload (S)  
      mux_matrix_mul_2D_nx[0][1]_111_6  bmux_7777                                  32    205.888     0.000      205.888 ZeroWireload (S)  
      mux_matrix_mul_2D_nx[0][2]_120_10 bmux_7777                                  32    205.888     0.000      205.888 ZeroWireload (S)  
      mux_matrix_mul_2D_nx[0][2]_128_28 bmux_7777                                  32    205.888     0.000      205.888 ZeroWireload (S)  
      mux_matrix_mul_2D_nx[0][2]_114_54 bmux_7777                                  32    205.888     0.000      205.888 ZeroWireload (S)  
      mux_matrix_mul_2D_nx[0][2]_111_6  bmux_7777                                  32    205.888     0.000      205.888 ZeroWireload (S)  
      mux_matrix_mul_2D_nx[0][3]_120_10 bmux_7777                                  32    205.888     0.000      205.888 ZeroWireload (S)  
      mux_matrix_mul_2D_nx[0][3]_128_28 bmux_7777                                  32    205.888     0.000      205.888 ZeroWireload (S)  
      mux_matrix_mul_2D_nx[0][3]_114_54 bmux_7777                                  32    205.888     0.000      205.888 ZeroWireload (S)  
      mux_matrix_mul_2D_nx[0][3]_111_6  bmux_7777                                  32    205.888     0.000      205.888 ZeroWireload (S)  
      mux_matrix_mul_2D_nx[0][4]_120_10 bmux_7777                                  32    205.888     0.000      205.888 ZeroWireload (S)  
      mux_matrix_mul_2D_nx[0][4]_128_28 bmux_7777                                  32    205.888     0.000      205.888 ZeroWireload (S)  
      mux_matrix_mul_2D_nx[0][4]_114_54 bmux_7777                                  32    205.888     0.000      205.888 ZeroWireload (S)  
      mux_matrix_mul_2D_nx[0][4]_111_6  bmux_7777                                  32    205.888     0.000      205.888 ZeroWireload (S)  
      mux_matrix_mul_2D_nx[0][5]_120_10 bmux_7777                                  32    205.888     0.000      205.888 ZeroWireload (S)  
      mux_matrix_mul_2D_nx[0][5]_128_28 bmux_7777                                  32    205.888     0.000      205.888 ZeroWireload (S)  
      mux_matrix_mul_2D_nx[0][5]_114_54 bmux_7777                                  32    205.888     0.000      205.888 ZeroWireload (S)  
      mux_matrix_mul_2D_nx[0][5]_111_6  bmux_7777                                  32    205.888     0.000      205.888 ZeroWireload (S)  
      mux_matrix_mul_2D_nx[0][6]_120_10 bmux_7777                                  32    205.888     0.000      205.888 ZeroWireload (S)  
      mux_matrix_mul_2D_nx[0][6]_128_28 bmux_7777                                  32    205.888     0.000      205.888 ZeroWireload (S)  
      mux_matrix_mul_2D_nx[0][6]_114_54 bmux_7777                                  32    205.888     0.000      205.888 ZeroWireload (S)  
      mux_matrix_mul_2D_nx[0][6]_111_6  bmux_7777                                  32    205.888     0.000      205.888 ZeroWireload (S)  
      mux_matrix_mul_2D_nx[0][7]_120_10 bmux_7777                                  32    205.888     0.000      205.888 ZeroWireload (S)  
      mux_matrix_mul_2D_nx[0][7]_128_28 bmux_7777                                  32    205.888     0.000      205.888 ZeroWireload (S)  
      mux_matrix_mul_2D_nx[0][7]_114_54 bmux_7777                                  32    205.888     0.000      205.888 ZeroWireload (S)  
      mux_matrix_mul_2D_nx[0][7]_111_6  bmux_7777                                  32    205.888     0.000      205.888 ZeroWireload (S)  
      mux_matrix_mul_2D_nx[1][0]_120_10 bmux_7777                                  32    205.888     0.000      205.888 ZeroWireload (S)  
      mux_matrix_mul_2D_nx[1][0]_128_28 bmux_7777                                  32    205.888     0.000      205.888 ZeroWireload (S)  
      mux_matrix_mul_2D_nx[1][0]_114_54 bmux_7777                                  32    205.888     0.000      205.888 ZeroWireload (S)  
      mux_matrix_mul_2D_nx[1][0]_111_6  bmux_7777                                  32    205.888     0.000      205.888 ZeroWireload (S)  
      mux_matrix_mul_2D_nx[1][1]_120_10 bmux_7777                                  32    205.888     0.000      205.888 ZeroWireload (S)  
      mux_matrix_mul_2D_nx[1][1]_128_28 bmux_7777                                  32    205.888     0.000      205.888 ZeroWireload (S)  
      mux_matrix_mul_2D_nx[1][1]_114_54 bmux_7777                                  32    205.888     0.000      205.888 ZeroWireload (S)  
      mux_matrix_mul_2D_nx[1][1]_111_6  bmux_7777                                  32    205.888     0.000      205.888 ZeroWireload (S)  
      mux_matrix_mul_2D_nx[1][2]_120_10 bmux_7777                                  32    205.888     0.000      205.888 ZeroWireload (S)  
      mux_matrix_mul_2D_nx[1][2]_128_28 bmux_7777                                  32    205.888     0.000      205.888 ZeroWireload (S)  
      mux_matrix_mul_2D_nx[1][2]_114_54 bmux_7777                                  32    205.888     0.000      205.888 ZeroWireload (S)  
      mux_matrix_mul_2D_nx[1][2]_111_6  bmux_7777                                  32    205.888     0.000      205.888 ZeroWireload (S)  
      mux_matrix_mul_2D_nx[1][3]_120_10 bmux_7777                                  32    205.888     0.000      205.888 ZeroWireload (S)  
      mux_matrix_mul_2D_nx[1][3]_128_28 bmux_7777                                  32    205.888     0.000      205.888 ZeroWireload (S)  
      mux_matrix_mul_2D_nx[1][3]_114_54 bmux_7777                                  32    205.888     0.000      205.888 ZeroWireload (S)  
      mux_matrix_mul_2D_nx[1][3]_111_6  bmux_7777                                  32    205.888     0.000      205.888 ZeroWireload (S)  
      mux_matrix_mul_2D_nx[1][4]_120_10 bmux_7777                                  32    205.888     0.000      205.888 ZeroWireload (S)  
      mux_matrix_mul_2D_nx[1][4]_128_28 bmux_7777                                  32    205.888     0.000      205.888 ZeroWireload (S)  
      mux_matrix_mul_2D_nx[1][4]_114_54 bmux_7777                                  32    205.888     0.000      205.888 ZeroWireload (S)  
      mux_matrix_mul_2D_nx[1][4]_111_6  bmux_7777                                  32    205.888     0.000      205.888 ZeroWireload (S)  
      mux_matrix_mul_2D_nx[1][5]_120_10 bmux_7777                                  32    205.888     0.000      205.888 ZeroWireload (S)  
      mux_matrix_mul_2D_nx[1][5]_128_28 bmux_7777                                  32    205.888     0.000      205.888 ZeroWireload (S)  
      mux_matrix_mul_2D_nx[1][5]_114_54 bmux_7777                                  32    205.888     0.000      205.888 ZeroWireload (S)  
      mux_matrix_mul_2D_nx[1][5]_111_6  bmux_7777                                  32    205.888     0.000      205.888 ZeroWireload (S)  
      mux_matrix_mul_2D_nx[1][6]_120_10 bmux_7777                                  32    205.888     0.000      205.888 ZeroWireload (S)  
      mux_matrix_mul_2D_nx[1][6]_128_28 bmux_7777                                  32    205.888     0.000      205.888 ZeroWireload (S)  
      mux_matrix_mul_2D_nx[1][6]_114_54 bmux_7777                                  32    205.888     0.000      205.888 ZeroWireload (S)  
      mux_matrix_mul_2D_nx[1][6]_111_6  bmux_7777                                  32    205.888     0.000      205.888 ZeroWireload (S)  
      mux_matrix_mul_2D_nx[1][7]_120_10 bmux_7777                                  32    205.888     0.000      205.888 ZeroWireload (S)  
      mux_matrix_mul_2D_nx[1][7]_128_28 bmux_7777                                  32    205.888     0.000      205.888 ZeroWireload (S)  
      mux_matrix_mul_2D_nx[1][7]_114_54 bmux_7777                                  32    205.888     0.000      205.888 ZeroWireload (S)  
      mux_matrix_mul_2D_nx[1][7]_111_6  bmux_7777                                  32    205.888     0.000      205.888 ZeroWireload (S)  
      mux_matrix_mul_2D_nx[2][0]_120_10 bmux_7777                                  32    205.888     0.000      205.888 ZeroWireload (S)  
      mux_matrix_mul_2D_nx[2][0]_128_28 bmux_7777                                  32    205.888     0.000      205.888 ZeroWireload (S)  
      mux_matrix_mul_2D_nx[2][0]_114_54 bmux_7777                                  32    205.888     0.000      205.888 ZeroWireload (S)  
      mux_matrix_mul_2D_nx[2][0]_111_6  bmux_7777                                  32    205.888     0.000      205.888 ZeroWireload (S)  
      mux_matrix_mul_2D_nx[2][1]_120_10 bmux_7777                                  32    205.888     0.000      205.888 ZeroWireload (S)  
      mux_matrix_mul_2D_nx[2][1]_128_28 bmux_7777                                  32    205.888     0.000      205.888 ZeroWireload (S)  
      mux_matrix_mul_2D_nx[2][1]_114_54 bmux_7777                                  32    205.888     0.000      205.888 ZeroWireload (S)  
      mux_matrix_mul_2D_nx[2][1]_111_6  bmux_7777                                  32    205.888     0.000      205.888 ZeroWireload (S)  
      mux_matrix_mul_2D_nx[2][2]_120_10 bmux_7777                                  32    205.888     0.000      205.888 ZeroWireload (S)  
      mux_matrix_mul_2D_nx[2][2]_128_28 bmux_7777                                  32    205.888     0.000      205.888 ZeroWireload (S)  
      mux_matrix_mul_2D_nx[2][2]_114_54 bmux_7777                                  32    205.888     0.000      205.888 ZeroWireload (S)  
      mux_matrix_mul_2D_nx[2][2]_111_6  bmux_7777                                  32    205.888     0.000      205.888 ZeroWireload (S)  
      mux_matrix_mul_2D_nx[2][3]_120_10 bmux_7777                                  32    205.888     0.000      205.888 ZeroWireload (S)  
      mux_matrix_mul_2D_nx[2][3]_128_28 bmux_7777                                  32    205.888     0.000      205.888 ZeroWireload (S)  
      mux_matrix_mul_2D_nx[2][3]_114_54 bmux_7777                                  32    205.888     0.000      205.888 ZeroWireload (S)  
      mux_matrix_mul_2D_nx[2][3]_111_6  bmux_7777                                  32    205.888     0.000      205.888 ZeroWireload (S)  
      mux_matrix_mul_2D_nx[2][4]_120_10 bmux_7777                                  32    205.888     0.000      205.888 ZeroWireload (S)  
      mux_matrix_mul_2D_nx[2][4]_128_28 bmux_7777                                  32    205.888     0.000      205.888 ZeroWireload (S)  
      mux_matrix_mul_2D_nx[2][4]_114_54 bmux_7777                                  32    205.888     0.000      205.888 ZeroWireload (S)  
      mux_matrix_mul_2D_nx[2][4]_111_6  bmux_7777                                  32    205.888     0.000      205.888 ZeroWireload (S)  
      mux_matrix_mul_2D_nx[2][5]_120_10 bmux_7777                                  32    205.888     0.000      205.888 ZeroWireload (S)  
      mux_matrix_mul_2D_nx[2][5]_128_28 bmux_7777                                  32    205.888     0.000      205.888 ZeroWireload (S)  
      mux_matrix_mul_2D_nx[2][5]_114_54 bmux_7777                                  32    205.888     0.000      205.888 ZeroWireload (S)  
      mux_matrix_mul_2D_nx[2][5]_111_6  bmux_7777                                  32    205.888     0.000      205.888 ZeroWireload (S)  
      mux_matrix_mul_2D_nx[2][6]_120_10 bmux_7777                                  32    205.888     0.000      205.888 ZeroWireload (S)  
      mux_matrix_mul_2D_nx[2][6]_128_28 bmux_7777                                  32    205.888     0.000      205.888 ZeroWireload (S)  
      mux_matrix_mul_2D_nx[2][6]_114_54 bmux_7777                                  32    205.888     0.000      205.888 ZeroWireload (S)  
      mux_matrix_mul_2D_nx[2][6]_111_6  bmux_7777                                  32    205.888     0.000      205.888 ZeroWireload (S)  
      mux_matrix_mul_2D_nx[2][7]_120_10 bmux_7777                                  32    205.888     0.000      205.888 ZeroWireload (S)  
      mux_matrix_mul_2D_nx[2][7]_128_28 bmux_7777                                  32    205.888     0.000      205.888 ZeroWireload (S)  
      mux_matrix_mul_2D_nx[2][7]_114_54 bmux_7777                                  32    205.888     0.000      205.888 ZeroWireload (S)  
      mux_matrix_mul_2D_nx[2][7]_111_6  bmux_7777                                  32    205.888     0.000      205.888 ZeroWireload (S)  
      mux_matrix_mul_2D_nx[3][0]_120_10 bmux_7777                                  32    205.888     0.000      205.888 ZeroWireload (S)  
      mux_matrix_mul_2D_nx[3][0]_128_28 bmux_7777                                  32    205.888     0.000      205.888 ZeroWireload (S)  
      mux_matrix_mul_2D_nx[3][0]_114_54 bmux_7777                                  32    205.888     0.000      205.888 ZeroWireload (S)  
      mux_matrix_mul_2D_nx[3][0]_111_6  bmux_7777                                  32    205.888     0.000      205.888 ZeroWireload (S)  
      mux_matrix_mul_2D_nx[3][1]_120_10 bmux_7777                                  32    205.888     0.000      205.888 ZeroWireload (S)  
      mux_matrix_mul_2D_nx[3][1]_128_28 bmux_7777                                  32    205.888     0.000      205.888 ZeroWireload (S)  
      mux_matrix_mul_2D_nx[3][1]_114_54 bmux_7777                                  32    205.888     0.000      205.888 ZeroWireload (S)  
      mux_matrix_mul_2D_nx[3][1]_111_6  bmux_7777                                  32    205.888     0.000      205.888 ZeroWireload (S)  
      mux_matrix_mul_2D_nx[3][2]_120_10 bmux_7777                                  32    205.888     0.000      205.888 ZeroWireload (S)  
      mux_matrix_mul_2D_nx[3][2]_128_28 bmux_7777                                  32    205.888     0.000      205.888 ZeroWireload (S)  
      mux_matrix_mul_2D_nx[3][2]_114_54 bmux_7777                                  32    205.888     0.000      205.888 ZeroWireload (S)  
      mux_matrix_mul_2D_nx[3][2]_111_6  bmux_7777                                  32    205.888     0.000      205.888 ZeroWireload (S)  
      mux_matrix_mul_2D_nx[3][3]_120_10 bmux_7777                                  32    205.888     0.000      205.888 ZeroWireload (S)  
      mux_matrix_mul_2D_nx[3][3]_128_28 bmux_7777                                  32    205.888     0.000      205.888 ZeroWireload (S)  
      mux_matrix_mul_2D_nx[3][3]_114_54 bmux_7777                                  32    205.888     0.000      205.888 ZeroWireload (S)  
      mux_matrix_mul_2D_nx[3][3]_111_6  bmux_7777                                  32    205.888     0.000      205.888 ZeroWireload (S)  
      mux_matrix_mul_2D_nx[3][4]_120_10 bmux_7777                                  32    205.888     0.000      205.888 ZeroWireload (S)  
      mux_matrix_mul_2D_nx[3][4]_128_28 bmux_7777                                  32    205.888     0.000      205.888 ZeroWireload (S)  
      mux_matrix_mul_2D_nx[3][4]_114_54 bmux_7777                                  32    205.888     0.000      205.888 ZeroWireload (S)  
      mux_matrix_mul_2D_nx[3][4]_111_6  bmux_7777                                  32    205.888     0.000      205.888 ZeroWireload (S)  
      mux_matrix_mul_2D_nx[3][5]_120_10 bmux_7777                                  32    205.888     0.000      205.888 ZeroWireload (S)  
      mux_matrix_mul_2D_nx[3][5]_128_28 bmux_7777                                  32    205.888     0.000      205.888 ZeroWireload (S)  
      mux_matrix_mul_2D_nx[3][5]_114_54 bmux_7777                                  32    205.888     0.000      205.888 ZeroWireload (S)  
      mux_matrix_mul_2D_nx[3][5]_111_6  bmux_7777                                  32    205.888     0.000      205.888 ZeroWireload (S)  
      mux_matrix_mul_2D_nx[3][6]_120_10 bmux_7777                                  32    205.888     0.000      205.888 ZeroWireload (S)  
      mux_matrix_mul_2D_nx[3][6]_128_28 bmux_7777                                  32    205.888     0.000      205.888 ZeroWireload (S)  
      mux_matrix_mul_2D_nx[3][6]_114_54 bmux_7777                                  32    205.888     0.000      205.888 ZeroWireload (S)  
      mux_matrix_mul_2D_nx[3][6]_111_6  bmux_7777                                  32    205.888     0.000      205.888 ZeroWireload (S)  
      mux_matrix_mul_2D_nx[3][7]_120_10 bmux_7777                                  32    205.888     0.000      205.888 ZeroWireload (S)  
      mux_matrix_mul_2D_nx[3][7]_128_28 bmux_7777                                  32    205.888     0.000      205.888 ZeroWireload (S)  
      mux_matrix_mul_2D_nx[3][7]_114_54 bmux_7777                                  32    205.888     0.000      205.888 ZeroWireload (S)  
      mux_matrix_mul_2D_nx[3][7]_111_6  bmux_7777                                  32    205.888     0.000      205.888 ZeroWireload (S)  
      mux_matrix_mul_2D_nx[4][0]_120_10 bmux_7777                                  32    205.888     0.000      205.888 ZeroWireload (S)  
      mux_matrix_mul_2D_nx[4][0]_128_28 bmux_7777                                  32    205.888     0.000      205.888 ZeroWireload (S)  
      mux_matrix_mul_2D_nx[4][0]_114_54 bmux_7777                                  32    205.888     0.000      205.888 ZeroWireload (S)  
      mux_matrix_mul_2D_nx[4][0]_111_6  bmux_7777                                  32    205.888     0.000      205.888 ZeroWireload (S)  
      mux_matrix_mul_2D_nx[4][1]_120_10 bmux_7777                                  32    205.888     0.000      205.888 ZeroWireload (S)  
      mux_matrix_mul_2D_nx[4][1]_128_28 bmux_7777                                  32    205.888     0.000      205.888 ZeroWireload (S)  
      mux_matrix_mul_2D_nx[4][1]_114_54 bmux_7777                                  32    205.888     0.000      205.888 ZeroWireload (S)  
      mux_matrix_mul_2D_nx[4][1]_111_6  bmux_7777                                  32    205.888     0.000      205.888 ZeroWireload (S)  
      mux_matrix_mul_2D_nx[4][2]_120_10 bmux_7777                                  32    205.888     0.000      205.888 ZeroWireload (S)  
      mux_matrix_mul_2D_nx[4][2]_128_28 bmux_7777                                  32    205.888     0.000      205.888 ZeroWireload (S)  
      mux_matrix_mul_2D_nx[4][2]_114_54 bmux_7777                                  32    205.888     0.000      205.888 ZeroWireload (S)  
      mux_matrix_mul_2D_nx[4][2]_111_6  bmux_7777                                  32    205.888     0.000      205.888 ZeroWireload (S)  
      mux_matrix_mul_2D_nx[4][3]_120_10 bmux_7777                                  32    205.888     0.000      205.888 ZeroWireload (S)  
      mux_matrix_mul_2D_nx[4][3]_128_28 bmux_7777                                  32    205.888     0.000      205.888 ZeroWireload (S)  
      mux_matrix_mul_2D_nx[4][3]_114_54 bmux_7777                                  32    205.888     0.000      205.888 ZeroWireload (S)  
      mux_matrix_mul_2D_nx[4][3]_111_6  bmux_7777                                  32    205.888     0.000      205.888 ZeroWireload (S)  
      mux_matrix_mul_2D_nx[4][4]_120_10 bmux_7777                                  32    205.888     0.000      205.888 ZeroWireload (S)  
      mux_matrix_mul_2D_nx[4][4]_128_28 bmux_7777                                  32    205.888     0.000      205.888 ZeroWireload (S)  
      mux_matrix_mul_2D_nx[4][4]_114_54 bmux_7777                                  32    205.888     0.000      205.888 ZeroWireload (S)  
      mux_matrix_mul_2D_nx[4][4]_111_6  bmux_7777                                  32    205.888     0.000      205.888 ZeroWireload (S)  
      mux_matrix_mul_2D_nx[4][5]_120_10 bmux_7777                                  32    205.888     0.000      205.888 ZeroWireload (S)  
      mux_matrix_mul_2D_nx[4][5]_128_28 bmux_7777                                  32    205.888     0.000      205.888 ZeroWireload (S)  
      mux_matrix_mul_2D_nx[4][5]_114_54 bmux_7777                                  32    205.888     0.000      205.888 ZeroWireload (S)  
      mux_matrix_mul_2D_nx[4][5]_111_6  bmux_7777                                  32    205.888     0.000      205.888 ZeroWireload (S)  
      mux_matrix_mul_2D_nx[4][6]_120_10 bmux_7777                                  32    205.888     0.000      205.888 ZeroWireload (S)  
      mux_matrix_mul_2D_nx[4][6]_128_28 bmux_7777                                  32    205.888     0.000      205.888 ZeroWireload (S)  
      mux_matrix_mul_2D_nx[4][6]_114_54 bmux_7777                                  32    205.888     0.000      205.888 ZeroWireload (S)  
      mux_matrix_mul_2D_nx[4][6]_111_6  bmux_7777                                  32    205.888     0.000      205.888 ZeroWireload (S)  
      mux_matrix_mul_2D_nx[4][7]_120_10 bmux_7777                                  32    205.888     0.000      205.888 ZeroWireload (S)  
      mux_matrix_mul_2D_nx[4][7]_128_28 bmux_7777                                  32    205.888     0.000      205.888 ZeroWireload (S)  
      mux_matrix_mul_2D_nx[4][7]_114_54 bmux_7777                                  32    205.888     0.000      205.888 ZeroWireload (S)  
      mux_matrix_mul_2D_nx[4][7]_111_6  bmux_7777                                  32    205.888     0.000      205.888 ZeroWireload (S)  
      mux_matrix_mul_2D_nx[5][0]_120_10 bmux_7777                                  32    205.888     0.000      205.888 ZeroWireload (S)  
      mux_matrix_mul_2D_nx[5][0]_128_28 bmux_7777                                  32    205.888     0.000      205.888 ZeroWireload (S)  
      mux_matrix_mul_2D_nx[5][0]_114_54 bmux_7777                                  32    205.888     0.000      205.888 ZeroWireload (S)  
      mux_matrix_mul_2D_nx[5][0]_111_6  bmux_7777                                  32    205.888     0.000      205.888 ZeroWireload (S)  
      mux_matrix_mul_2D_nx[5][1]_120_10 bmux_7777                                  32    205.888     0.000      205.888 ZeroWireload (S)  
      mux_matrix_mul_2D_nx[5][1]_128_28 bmux_7777                                  32    205.888     0.000      205.888 ZeroWireload (S)  
      mux_matrix_mul_2D_nx[5][1]_114_54 bmux_7777                                  32    205.888     0.000      205.888 ZeroWireload (S)  
      mux_matrix_mul_2D_nx[5][1]_111_6  bmux_7777                                  32    205.888     0.000      205.888 ZeroWireload (S)  
      mux_matrix_mul_2D_nx[5][2]_120_10 bmux_7777                                  32    205.888     0.000      205.888 ZeroWireload (S)  
      mux_matrix_mul_2D_nx[5][2]_128_28 bmux_7777                                  32    205.888     0.000      205.888 ZeroWireload (S)  
      mux_matrix_mul_2D_nx[5][2]_114_54 bmux_7777                                  32    205.888     0.000      205.888 ZeroWireload (S)  
      mux_matrix_mul_2D_nx[5][2]_111_6  bmux_7777                                  32    205.888     0.000      205.888 ZeroWireload (S)  
      mux_matrix_mul_2D_nx[5][3]_120_10 bmux_7777                                  32    205.888     0.000      205.888 ZeroWireload (S)  
      mux_matrix_mul_2D_nx[5][3]_128_28 bmux_7777                                  32    205.888     0.000      205.888 ZeroWireload (S)  
      mux_matrix_mul_2D_nx[5][3]_114_54 bmux_7777                                  32    205.888     0.000      205.888 ZeroWireload (S)  
      mux_matrix_mul_2D_nx[5][3]_111_6  bmux_7777                                  32    205.888     0.000      205.888 ZeroWireload (S)  
      mux_matrix_mul_2D_nx[5][4]_120_10 bmux_7777                                  32    205.888     0.000      205.888 ZeroWireload (S)  
      mux_matrix_mul_2D_nx[5][4]_128_28 bmux_7777                                  32    205.888     0.000      205.888 ZeroWireload (S)  
      mux_matrix_mul_2D_nx[5][4]_114_54 bmux_7777                                  32    205.888     0.000      205.888 ZeroWireload (S)  
      mux_matrix_mul_2D_nx[5][4]_111_6  bmux_7777                                  32    205.888     0.000      205.888 ZeroWireload (S)  
      mux_matrix_mul_2D_nx[5][5]_120_10 bmux_7777                                  32    205.888     0.000      205.888 ZeroWireload (S)  
      mux_matrix_mul_2D_nx[5][5]_128_28 bmux_7777                                  32    205.888     0.000      205.888 ZeroWireload (S)  
      mux_matrix_mul_2D_nx[5][5]_114_54 bmux_7777                                  32    205.888     0.000      205.888 ZeroWireload (S)  
      mux_matrix_mul_2D_nx[5][5]_111_6  bmux_7777                                  32    205.888     0.000      205.888 ZeroWireload (S)  
      mux_matrix_mul_2D_nx[5][6]_120_10 bmux_7777                                  32    205.888     0.000      205.888 ZeroWireload (S)  
      mux_matrix_mul_2D_nx[5][6]_128_28 bmux_7777                                  32    205.888     0.000      205.888 ZeroWireload (S)  
      mux_matrix_mul_2D_nx[5][6]_114_54 bmux_7777                                  32    205.888     0.000      205.888 ZeroWireload (S)  
      mux_matrix_mul_2D_nx[5][6]_111_6  bmux_7777                                  32    205.888     0.000      205.888 ZeroWireload (S)  
      mux_matrix_mul_2D_nx[5][7]_120_10 bmux_7777                                  32    205.888     0.000      205.888 ZeroWireload (S)  
      mux_matrix_mul_2D_nx[5][7]_128_28 bmux_7777                                  32    205.888     0.000      205.888 ZeroWireload (S)  
      mux_matrix_mul_2D_nx[5][7]_114_54 bmux_7777                                  32    205.888     0.000      205.888 ZeroWireload (S)  
      mux_matrix_mul_2D_nx[5][7]_111_6  bmux_7777                                  32    205.888     0.000      205.888 ZeroWireload (S)  
      mux_matrix_mul_2D_nx[6][0]_120_10 bmux_7777                                  32    205.888     0.000      205.888 ZeroWireload (S)  
      mux_matrix_mul_2D_nx[6][0]_128_28 bmux_7777                                  32    205.888     0.000      205.888 ZeroWireload (S)  
      mux_matrix_mul_2D_nx[6][0]_114_54 bmux_7777                                  32    205.888     0.000      205.888 ZeroWireload (S)  
      mux_matrix_mul_2D_nx[6][0]_111_6  bmux_7777                                  32    205.888     0.000      205.888 ZeroWireload (S)  
      mux_matrix_mul_2D_nx[6][1]_120_10 bmux_7777                                  32    205.888     0.000      205.888 ZeroWireload (S)  
      mux_matrix_mul_2D_nx[6][1]_128_28 bmux_7777                                  32    205.888     0.000      205.888 ZeroWireload (S)  
      mux_matrix_mul_2D_nx[6][1]_114_54 bmux_7777                                  32    205.888     0.000      205.888 ZeroWireload (S)  
      mux_matrix_mul_2D_nx[6][1]_111_6  bmux_7777                                  32    205.888     0.000      205.888 ZeroWireload (S)  
      mux_matrix_mul_2D_nx[6][2]_120_10 bmux_7777                                  32    205.888     0.000      205.888 ZeroWireload (S)  
      mux_matrix_mul_2D_nx[6][2]_128_28 bmux_7777                                  32    205.888     0.000      205.888 ZeroWireload (S)  
      mux_matrix_mul_2D_nx[6][2]_114_54 bmux_7777                                  32    205.888     0.000      205.888 ZeroWireload (S)  
      mux_matrix_mul_2D_nx[6][2]_111_6  bmux_7777                                  32    205.888     0.000      205.888 ZeroWireload (S)  
      mux_matrix_mul_2D_nx[6][3]_120_10 bmux_7777                                  32    205.888     0.000      205.888 ZeroWireload (S)  
      mux_matrix_mul_2D_nx[6][3]_128_28 bmux_7777                                  32    205.888     0.000      205.888 ZeroWireload (S)  
      mux_matrix_mul_2D_nx[6][3]_114_54 bmux_7777                                  32    205.888     0.000      205.888 ZeroWireload (S)  
      mux_matrix_mul_2D_nx[6][3]_111_6  bmux_7777                                  32    205.888     0.000      205.888 ZeroWireload (S)  
      mux_matrix_mul_2D_nx[6][4]_120_10 bmux_7777                                  32    205.888     0.000      205.888 ZeroWireload (S)  
      mux_matrix_mul_2D_nx[6][4]_128_28 bmux_7777                                  32    205.888     0.000      205.888 ZeroWireload (S)  
      mux_matrix_mul_2D_nx[6][4]_114_54 bmux_7777                                  32    205.888     0.000      205.888 ZeroWireload (S)  
      mux_matrix_mul_2D_nx[6][4]_111_6  bmux_7777                                  32    205.888     0.000      205.888 ZeroWireload (S)  
      mux_matrix_mul_2D_nx[6][5]_120_10 bmux_7777                                  32    205.888     0.000      205.888 ZeroWireload (S)  
      mux_matrix_mul_2D_nx[6][5]_128_28 bmux_7777                                  32    205.888     0.000      205.888 ZeroWireload (S)  
      mux_matrix_mul_2D_nx[6][5]_114_54 bmux_7777                                  32    205.888     0.000      205.888 ZeroWireload (S)  
      mux_matrix_mul_2D_nx[6][5]_111_6  bmux_7777                                  32    205.888     0.000      205.888 ZeroWireload (S)  
      mux_matrix_mul_2D_nx[6][6]_120_10 bmux_7777                                  32    205.888     0.000      205.888 ZeroWireload (S)  
      mux_matrix_mul_2D_nx[6][6]_128_28 bmux_7777                                  32    205.888     0.000      205.888 ZeroWireload (S)  
      mux_matrix_mul_2D_nx[6][6]_114_54 bmux_7777                                  32    205.888     0.000      205.888 ZeroWireload (S)  
      mux_matrix_mul_2D_nx[6][6]_111_6  bmux_7777                                  32    205.888     0.000      205.888 ZeroWireload (S)  
      mux_matrix_mul_2D_nx[6][7]_120_10 bmux_7777                                  32    205.888     0.000      205.888 ZeroWireload (S)  
      mux_matrix_mul_2D_nx[6][7]_128_28 bmux_7777                                  32    205.888     0.000      205.888 ZeroWireload (S)  
      mux_matrix_mul_2D_nx[6][7]_114_54 bmux_7777                                  32    205.888     0.000      205.888 ZeroWireload (S)  
      mux_matrix_mul_2D_nx[6][7]_111_6  bmux_7777                                  32    205.888     0.000      205.888 ZeroWireload (S)  
      mux_matrix_mul_2D_nx[7][0]_120_10 bmux_7777                                  32    205.888     0.000      205.888 ZeroWireload (S)  
      mux_matrix_mul_2D_nx[7][0]_128_28 bmux_7777                                  32    205.888     0.000      205.888 ZeroWireload (S)  
      mux_matrix_mul_2D_nx[7][0]_114_54 bmux_7777                                  32    205.888     0.000      205.888 ZeroWireload (S)  
      mux_matrix_mul_2D_nx[7][0]_111_6  bmux_7777                                  32    205.888     0.000      205.888 ZeroWireload (S)  
      mux_matrix_mul_2D_nx[7][1]_120_10 bmux_7777                                  32    205.888     0.000      205.888 ZeroWireload (S)  
      mux_matrix_mul_2D_nx[7][1]_128_28 bmux_7777                                  32    205.888     0.000      205.888 ZeroWireload (S)  
      mux_matrix_mul_2D_nx[7][1]_114_54 bmux_7777                                  32    205.888     0.000      205.888 ZeroWireload (S)  
      mux_matrix_mul_2D_nx[7][1]_111_6  bmux_7777                                  32    205.888     0.000      205.888 ZeroWireload (S)  
      mux_matrix_mul_2D_nx[7][2]_120_10 bmux_7777                                  32    205.888     0.000      205.888 ZeroWireload (S)  
      mux_matrix_mul_2D_nx[7][2]_128_28 bmux_7777                                  32    205.888     0.000      205.888 ZeroWireload (S)  
      mux_matrix_mul_2D_nx[7][2]_114_54 bmux_7777                                  32    205.888     0.000      205.888 ZeroWireload (S)  
      mux_matrix_mul_2D_nx[7][2]_111_6  bmux_7777                                  32    205.888     0.000      205.888 ZeroWireload (S)  
      mux_matrix_mul_2D_nx[7][3]_120_10 bmux_7777                                  32    205.888     0.000      205.888 ZeroWireload (S)  
      mux_matrix_mul_2D_nx[7][3]_128_28 bmux_7777                                  32    205.888     0.000      205.888 ZeroWireload (S)  
      mux_matrix_mul_2D_nx[7][3]_114_54 bmux_7777                                  32    205.888     0.000      205.888 ZeroWireload (S)  
      mux_matrix_mul_2D_nx[7][3]_111_6  bmux_7777                                  32    205.888     0.000      205.888 ZeroWireload (S)  
      mux_matrix_mul_2D_nx[7][4]_120_10 bmux_7777                                  32    205.888     0.000      205.888 ZeroWireload (S)  
      mux_matrix_mul_2D_nx[7][4]_128_28 bmux_7777                                  32    205.888     0.000      205.888 ZeroWireload (S)  
      mux_matrix_mul_2D_nx[7][4]_114_54 bmux_7777                                  32    205.888     0.000      205.888 ZeroWireload (S)  
      mux_matrix_mul_2D_nx[7][4]_111_6  bmux_7777                                  32    205.888     0.000      205.888 ZeroWireload (S)  
      mux_matrix_mul_2D_nx[7][5]_120_10 bmux_7777                                  32    205.888     0.000      205.888 ZeroWireload (S)  
      mux_matrix_mul_2D_nx[7][5]_128_28 bmux_7777                                  32    205.888     0.000      205.888 ZeroWireload (S)  
      mux_matrix_mul_2D_nx[7][5]_114_54 bmux_7777                                  32    205.888     0.000      205.888 ZeroWireload (S)  
      mux_matrix_mul_2D_nx[7][5]_111_6  bmux_7777                                  32    205.888     0.000      205.888 ZeroWireload (S)  
      mux_matrix_mul_2D_nx[7][6]_120_10 bmux_7777                                  32    205.888     0.000      205.888 ZeroWireload (S)  
      mux_matrix_mul_2D_nx[7][6]_128_28 bmux_7777                                  32    205.888     0.000      205.888 ZeroWireload (S)  
      mux_matrix_mul_2D_nx[7][6]_114_54 bmux_7777                                  32    205.888     0.000      205.888 ZeroWireload (S)  
      mux_matrix_mul_2D_nx[7][6]_111_6  bmux_7777                                  32    205.888     0.000      205.888 ZeroWireload (S)  
      mux_matrix_mul_2D_nx[7][7]_120_10 bmux_7777                                  32    205.888     0.000      205.888 ZeroWireload (S)  
      mux_matrix_mul_2D_nx[7][7]_128_28 bmux_7777                                  32    205.888     0.000      205.888 ZeroWireload (S)  
      mux_matrix_mul_2D_nx[7][7]_114_54 bmux_7777                                  32    205.888     0.000      205.888 ZeroWireload (S)  
      mux_matrix_mul_2D_nx[7][7]_111_6  bmux_7777                                  32    205.888     0.000      205.888 ZeroWireload (S)  
      mux_mul_outcome_183_8             bmux_8223                                 256  13176.832     0.000    13176.832 ZeroWireload (S)  
    input_offset_substract              input_offset_substract                   1440   3937.608     0.000     3937.608 ZeroWireload (S)  
      sub_31_73_I1                      sub_signed                                 90    246.101     0.000      246.101 ZeroWireload (S)  
      sub_31_73_I2                      sub_signed                                 90    246.101     0.000      246.101 ZeroWireload (S)  
      sub_31_73_I3                      sub_signed                                 90    246.101     0.000      246.101 ZeroWireload (S)  
      sub_31_73_I4                      sub_signed                                 90    246.101     0.000      246.101 ZeroWireload (S)  
      sub_32_73_I1                      sub_signed                                 90    246.101     0.000      246.101 ZeroWireload (S)  
      sub_32_73_I2                      sub_signed                                 90    246.101     0.000      246.101 ZeroWireload (S)  
      sub_32_73_I3                      sub_signed                                 90    246.101     0.000      246.101 ZeroWireload (S)  
      sub_32_73_I4                      sub_signed                                 90    246.101     0.000      246.101 ZeroWireload (S)  
      sub_33_73_I1                      sub_signed                                 90    246.101     0.000      246.101 ZeroWireload (S)  
      sub_33_73_I2                      sub_signed                                 90    246.101     0.000      246.101 ZeroWireload (S)  
      sub_33_73_I3                      sub_signed                                 90    246.101     0.000      246.101 ZeroWireload (S)  
      sub_33_73_I4                      sub_signed                                 90    246.101     0.000      246.101 ZeroWireload (S)  
      sub_34_73_I1                      sub_signed                                 90    246.101     0.000      246.101 ZeroWireload (S)  
      sub_34_73_I2                      sub_signed                                 90    246.101     0.000      246.101 ZeroWireload (S)  
      sub_34_73_I3                      sub_signed                                 90    246.101     0.000      246.101 ZeroWireload (S)  
      sub_34_73_I4                      sub_signed                                 90    246.101     0.000      246.101 ZeroWireload (S)  
    a_buffer                            input_buffer                              253   2839.003     0.000     2839.003 ZeroWireload (S)  
    b_buffer                            input_buffer                              253   2839.003     0.000     2839.003 ZeroWireload (S)  
    output_buffer                       output_buffer                             927  10260.621     0.000    10260.621 ZeroWireload (S)  
      add_30_59                         add_unsigned_8287                           9     22.519     0.000       22.519 ZeroWireload (S)  
      mux_out_valid_pipe[0]_46_16       bmux_32                                     1      6.434     0.000        6.434 ZeroWireload (S)  
      mux_out_valid_pipe[1]_46_16       bmux_32                                     1      6.434     0.000        6.434 ZeroWireload (S)  
      mux_out_valid_pipe[2]_46_16       bmux_32                                     1      6.434     0.000        6.434 ZeroWireload (S)  
      mux_out_valid_pipe[3]_46_16       bmux_32                                     1      6.434     0.000        6.434 ZeroWireload (S)  
      mux_out_valid_pipe[4]_46_16       bmux_32                                     1      6.434     0.000        6.434 ZeroWireload (S)  
      mux_out_valid_pipe[5]_46_16       bmux_32                                     1      6.434     0.000        6.434 ZeroWireload (S)  
      mux_out_valid_pipe[6]_46_16       bmux_32                                     1      6.434     0.000        6.434 ZeroWireload (S)  
    add_63_39                           add_unsigned_8331                          80    201.062     0.000      201.062 ZeroWireload (S)  
    mux_a0_buffer_77_13                 bmux_8334                                  36    231.624     0.000      231.624 ZeroWireload (S)  
    mux_a1_buffer_77_13                 bmux_8334                                  36    231.624     0.000      231.624 ZeroWireload (S)  
    mux_b0_buffer_77_13                 bmux_8334                                  36    231.624     0.000      231.624 ZeroWireload (S)  
    mux_b1_buffer_77_13                 bmux_8334                                  36    231.624     0.000      231.624 ZeroWireload (S)  
  output_idx_controller                 output_idx_controller                     609   2099.093     0.000     2099.093 ZeroWireload (S)  
    u_out_ac                            out_ac_mode_controller                    364   1261.064     0.000     1261.064 ZeroWireload (S)  
      eq_29_30                          equal_unsigned                             14     53.081     0.000       53.081 ZeroWireload (S)  
      sub_29_40                         sub_unsigned_4                             54    147.982     0.000      147.982 ZeroWireload (S)  
      add_40_29                         add_unsigned_6                             52    141.548     0.000      141.548 ZeroWireload (S)  
      eq_28_30                          equal_unsigned                             14     53.081     0.000       53.081 ZeroWireload (S)  
      sub_28_40                         sub_unsigned_4                             54    147.982     0.000      147.982 ZeroWireload (S)  
      add_50_29                         add_unsigned_6                             52    141.548     0.000      141.548 ZeroWireload (S)  
      add_33_26                         add_unsigned_23                            80    230.016     0.000      230.016 ZeroWireload (S)  
      mux_j_nx_39_12                    bmux                                        9     57.906     0.000       57.906 ZeroWireload (S)  
      mux_i_nx_49_12                    bmux                                        9     57.906     0.000       57.906 ZeroWireload (S)  
    sub_33_86                           sub_unsigned_21                            24     62.731     0.000       62.731 ZeroWireload (S)  
    add_72_34                           add_unsigned_23                            80    230.016     0.000      230.016 ZeroWireload (S)  
    add_73_46                           add_unsigned_27                            27     67.557     0.000       67.557 ZeroWireload (S)  
    add_35_39                           add_unsigned_23                            80    230.016     0.000      230.016 ZeroWireload (S)  
  bias_adder                            bias_adder                               3977  15854.985     0.000    15854.985 ZeroWireload (S)  
    add_60_84_I1                        add_signed_8374                           428   1204.766     0.000     1204.766 ZeroWireload (S)  
    add_60_84_I2                        add_signed_8374                           428   1204.766     0.000     1204.766 ZeroWireload (S)  
    add_60_84_I3                        add_signed_8374                           428   1204.766     0.000     1204.766 ZeroWireload (S)  
    add_60_84_I4                        add_signed_8374                           428   1204.766     0.000     1204.766 ZeroWireload (S)  
    add_60_84_I5                        add_signed_8374                           428   1204.766     0.000     1204.766 ZeroWireload (S)  
    add_60_84_I6                        add_signed_8374                           428   1204.766     0.000     1204.766 ZeroWireload (S)  
    add_60_84_I7                        add_signed_8374                           428   1204.766     0.000     1204.766 ZeroWireload (S)  
    add_60_84_I8                        add_signed_8374                           428   1204.766     0.000     1204.766 ZeroWireload (S)  
  scale_multiplier                      scale_multiplier                        41717 139407.087     0.000   139407.087 ZeroWireload (S)  
    GEN_SCALE[0].u_scale                scale_multiplier_32x16                   5179  17025.972     0.000    17025.972 ZeroWireload (S)  
      g1                                or_op                                      11     57.906     0.000       57.906 ZeroWireload (S)  
      mul_11_42                         mult_signed_8646                         3252  10435.948     0.000    10435.948 ZeroWireload (S)  
      add_17_73                         add_signed_8648                           717   2007.408     0.000     2007.408 ZeroWireload (S)  
      sub_15_47                         sub_unsigned_8943                         738   2012.234     0.000     2012.234 ZeroWireload (S)  
      add_13_30                         add_unsigned_8945                          35    102.944     0.000      102.944 ZeroWireload (S)  
      sub_15_41                         sub_unsigned_8947                          24     61.123     0.000       61.123 ZeroWireload (S)  
      sll_15_31                         shift_left_vlog_unsigned                   70    241.275     0.000      241.275 ZeroWireload (S)  
      mux_15_31                         bmux_8949                                  48    308.832     0.000      308.832 ZeroWireload (S)  
      sra_19_45                         arith_shift_right_vlog_signed_901         284   1798.303     0.000     1798.303 ZeroWireload (S)  
    GEN_SCALE[1].u_scale                scale_multiplier_32x16                   5179  17025.972     0.000    17025.972 ZeroWireload (S)  
      g1                                or_op                                      11     57.906     0.000       57.906 ZeroWireload (S)  
      mul_11_42                         mult_signed_8646                         3252  10435.948     0.000    10435.948 ZeroWireload (S)  
      add_17_73                         add_signed_8648                           717   2007.408     0.000     2007.408 ZeroWireload (S)  
      sub_15_47                         sub_unsigned_8943                         738   2012.234     0.000     2012.234 ZeroWireload (S)  
      add_13_30                         add_unsigned_8945                          35    102.944     0.000      102.944 ZeroWireload (S)  
      sub_15_41                         sub_unsigned_8947                          24     61.123     0.000       61.123 ZeroWireload (S)  
      sll_15_31                         shift_left_vlog_unsigned                   70    241.275     0.000      241.275 ZeroWireload (S)  
      mux_15_31                         bmux_8949                                  48    308.832     0.000      308.832 ZeroWireload (S)  
      sra_19_45                         arith_shift_right_vlog_signed_901         284   1798.303     0.000     1798.303 ZeroWireload (S)  
    GEN_SCALE[2].u_scale                scale_multiplier_32x16                   5179  17025.972     0.000    17025.972 ZeroWireload (S)  
      g1                                or_op                                      11     57.906     0.000       57.906 ZeroWireload (S)  
      mul_11_42                         mult_signed_8646                         3252  10435.948     0.000    10435.948 ZeroWireload (S)  
      add_17_73                         add_signed_8648                           717   2007.408     0.000     2007.408 ZeroWireload (S)  
      sub_15_47                         sub_unsigned_8943                         738   2012.234     0.000     2012.234 ZeroWireload (S)  
      add_13_30                         add_unsigned_8945                          35    102.944     0.000      102.944 ZeroWireload (S)  
      sub_15_41                         sub_unsigned_8947                          24     61.123     0.000       61.123 ZeroWireload (S)  
      sll_15_31                         shift_left_vlog_unsigned                   70    241.275     0.000      241.275 ZeroWireload (S)  
      mux_15_31                         bmux_8949                                  48    308.832     0.000      308.832 ZeroWireload (S)  
      sra_19_45                         arith_shift_right_vlog_signed_901         284   1798.303     0.000     1798.303 ZeroWireload (S)  
    GEN_SCALE[3].u_scale                scale_multiplier_32x16                   5179  17025.972     0.000    17025.972 ZeroWireload (S)  
      g1                                or_op                                      11     57.906     0.000       57.906 ZeroWireload (S)  
      mul_11_42                         mult_signed_8646                         3252  10435.948     0.000    10435.948 ZeroWireload (S)  
      add_17_73                         add_signed_8648                           717   2007.408     0.000     2007.408 ZeroWireload (S)  
      sub_15_47                         sub_unsigned_8943                         738   2012.234     0.000     2012.234 ZeroWireload (S)  
      add_13_30                         add_unsigned_8945                          35    102.944     0.000      102.944 ZeroWireload (S)  
      sub_15_41                         sub_unsigned_8947                          24     61.123     0.000       61.123 ZeroWireload (S)  
      sll_15_31                         shift_left_vlog_unsigned                   70    241.275     0.000      241.275 ZeroWireload (S)  
      mux_15_31                         bmux_8949                                  48    308.832     0.000      308.832 ZeroWireload (S)  
      sra_19_45                         arith_shift_right_vlog_signed_901         284   1798.303     0.000     1798.303 ZeroWireload (S)  
    GEN_SCALE[4].u_scale                scale_multiplier_32x16                   5179  17025.972     0.000    17025.972 ZeroWireload (S)  
      g1                                or_op                                      11     57.906     0.000       57.906 ZeroWireload (S)  
      mul_11_42                         mult_signed_8646                         3252  10435.948     0.000    10435.948 ZeroWireload (S)  
      add_17_73                         add_signed_8648                           717   2007.408     0.000     2007.408 ZeroWireload (S)  
      sub_15_47                         sub_unsigned_8943                         738   2012.234     0.000     2012.234 ZeroWireload (S)  
      add_13_30                         add_unsigned_8945                          35    102.944     0.000      102.944 ZeroWireload (S)  
      sub_15_41                         sub_unsigned_8947                          24     61.123     0.000       61.123 ZeroWireload (S)  
      sll_15_31                         shift_left_vlog_unsigned                   70    241.275     0.000      241.275 ZeroWireload (S)  
      mux_15_31                         bmux_8949                                  48    308.832     0.000      308.832 ZeroWireload (S)  
      sra_19_45                         arith_shift_right_vlog_signed_901         284   1798.303     0.000     1798.303 ZeroWireload (S)  
    GEN_SCALE[5].u_scale                scale_multiplier_32x16                   5179  17025.972     0.000    17025.972 ZeroWireload (S)  
      g1                                or_op                                      11     57.906     0.000       57.906 ZeroWireload (S)  
      mul_11_42                         mult_signed_8646                         3252  10435.948     0.000    10435.948 ZeroWireload (S)  
      add_17_73                         add_signed_8648                           717   2007.408     0.000     2007.408 ZeroWireload (S)  
      sub_15_47                         sub_unsigned_8943                         738   2012.234     0.000     2012.234 ZeroWireload (S)  
      add_13_30                         add_unsigned_8945                          35    102.944     0.000      102.944 ZeroWireload (S)  
      sub_15_41                         sub_unsigned_8947                          24     61.123     0.000       61.123 ZeroWireload (S)  
      sll_15_31                         shift_left_vlog_unsigned                   70    241.275     0.000      241.275 ZeroWireload (S)  
      mux_15_31                         bmux_8949                                  48    308.832     0.000      308.832 ZeroWireload (S)  
      sra_19_45                         arith_shift_right_vlog_signed_901         284   1798.303     0.000     1798.303 ZeroWireload (S)  
    GEN_SCALE[6].u_scale                scale_multiplier_32x16                   5179  17025.972     0.000    17025.972 ZeroWireload (S)  
      g1                                or_op                                      11     57.906     0.000       57.906 ZeroWireload (S)  
      mul_11_42                         mult_signed_8646                         3252  10435.948     0.000    10435.948 ZeroWireload (S)  
      add_17_73                         add_signed_8648                           717   2007.408     0.000     2007.408 ZeroWireload (S)  
      sub_15_47                         sub_unsigned_8943                         738   2012.234     0.000     2012.234 ZeroWireload (S)  
      add_13_30                         add_unsigned_8945                          35    102.944     0.000      102.944 ZeroWireload (S)  
      sub_15_41                         sub_unsigned_8947                          24     61.123     0.000       61.123 ZeroWireload (S)  
      sll_15_31                         shift_left_vlog_unsigned                   70    241.275     0.000      241.275 ZeroWireload (S)  
      mux_15_31                         bmux_8949                                  48    308.832     0.000      308.832 ZeroWireload (S)  
      sra_19_45                         arith_shift_right_vlog_signed_901         284   1798.303     0.000     1798.303 ZeroWireload (S)  
    GEN_SCALE[7].u_scale                scale_multiplier_32x16                   5179  17025.972     0.000    17025.972 ZeroWireload (S)  
      g1                                or_op                                      11     57.906     0.000       57.906 ZeroWireload (S)  
      mul_11_42                         mult_signed_8646                         3252  10435.948     0.000    10435.948 ZeroWireload (S)  
      add_17_73                         add_signed_8648                           717   2007.408     0.000     2007.408 ZeroWireload (S)  
      sub_15_47                         sub_unsigned_8943                         738   2012.234     0.000     2012.234 ZeroWireload (S)  
      add_13_30                         add_unsigned_8945                          35    102.944     0.000      102.944 ZeroWireload (S)  
      sub_15_41                         sub_unsigned_8947                          24     61.123     0.000       61.123 ZeroWireload (S)  
      sll_15_31                         shift_left_vlog_unsigned                   70    241.275     0.000      241.275 ZeroWireload (S)  
      mux_15_31                         bmux_8949                                  48    308.832     0.000      308.832 ZeroWireload (S)  
      sra_19_45                         arith_shift_right_vlog_signed_901         284   1798.303     0.000     1798.303 ZeroWireload (S)  
  output_offset_adder                   output_offset_adder                      3632  10204.324     0.000    10204.324 ZeroWireload (S)  
    add_18_83_I1                        add_signed_8956                           454   1275.541     0.000     1275.541 ZeroWireload (S)  
    add_18_83_I2                        add_signed_8956                           454   1275.541     0.000     1275.541 ZeroWireload (S)  
    add_18_83_I3                        add_signed_8956                           454   1275.541     0.000     1275.541 ZeroWireload (S)  
    add_18_83_I4                        add_signed_8956                           454   1275.541     0.000     1275.541 ZeroWireload (S)  
    add_18_83_I5                        add_signed_8956                           454   1275.541     0.000     1275.541 ZeroWireload (S)  
    add_18_83_I6                        add_signed_8956                           454   1275.541     0.000     1275.541 ZeroWireload (S)  
    add_18_83_I7                        add_signed_8956                           454   1275.541     0.000     1275.541 ZeroWireload (S)  
    add_18_83_I8                        add_signed_8956                           454   1275.541     0.000     1275.541 ZeroWireload (S)  
  ReLU_clamp                            ReLU_clamp                               2320   7090.268     0.000     7090.268 ZeroWireload (S)  
    lt_20_31_I1                         lt_signed                                 197    566.192     0.000      566.192 ZeroWireload (S)  
    gt_23_36_I1                         gt_unsigned                                77    217.148     0.000      217.148 ZeroWireload (S)  
    lt_20_31_I2                         lt_signed                                 197    566.192     0.000      566.192 ZeroWireload (S)  
    gt_23_36_I2                         gt_unsigned                                77    217.148     0.000      217.148 ZeroWireload (S)  
    lt_20_31_I3                         lt_signed                                 197    566.192     0.000      566.192 ZeroWireload (S)  
    gt_23_36_I3                         gt_unsigned                                77    217.148     0.000      217.148 ZeroWireload (S)  
    lt_20_31_I4                         lt_signed                                 197    566.192     0.000      566.192 ZeroWireload (S)  
    gt_23_36_I4                         gt_unsigned                                77    217.148     0.000      217.148 ZeroWireload (S)  
    lt_20_31_I5                         lt_signed                                 197    566.192     0.000      566.192 ZeroWireload (S)  
    gt_23_36_I5                         gt_unsigned                                77    217.148     0.000      217.148 ZeroWireload (S)  
    lt_20_31_I6                         lt_signed                                 197    566.192     0.000      566.192 ZeroWireload (S)  
    gt_23_36_I6                         gt_unsigned                                77    217.148     0.000      217.148 ZeroWireload (S)  
    lt_20_31_I7                         lt_signed                                 197    566.192     0.000      566.192 ZeroWireload (S)  
    gt_23_36_I7                         gt_unsigned                                77    217.148     0.000      217.148 ZeroWireload (S)  
    lt_20_31_I8                         lt_signed                                 197    566.192     0.000      566.192 ZeroWireload (S)  
    gt_23_36_I8                         gt_unsigned                                77    217.148     0.000      217.148 ZeroWireload (S)  
    mux_out_val[0]_23_36                bmux_9015                                   8     51.472     0.000       51.472 ZeroWireload (S)  
    mux_out_val[0]_20_31                bmux_9015                                   8     51.472     0.000       51.472 ZeroWireload (S)  
    mux_out_val[1]_23_36                bmux_9015                                   8     51.472     0.000       51.472 ZeroWireload (S)  
    mux_out_val[1]_20_31                bmux_9015                                   8     51.472     0.000       51.472 ZeroWireload (S)  
    mux_out_val[2]_23_36                bmux_9015                                   8     51.472     0.000       51.472 ZeroWireload (S)  
    mux_out_val[2]_20_31                bmux_9015                                   8     51.472     0.000       51.472 ZeroWireload (S)  
    mux_out_val[3]_23_36                bmux_9015                                   8     51.472     0.000       51.472 ZeroWireload (S)  
    mux_out_val[3]_20_31                bmux_9015                                   8     51.472     0.000       51.472 ZeroWireload (S)  
    mux_out_val[4]_23_36                bmux_9015                                   8     51.472     0.000       51.472 ZeroWireload (S)  
    mux_out_val[4]_20_31                bmux_9015                                   8     51.472     0.000       51.472 ZeroWireload (S)  
    mux_out_val[5]_23_36                bmux_9015                                   8     51.472     0.000       51.472 ZeroWireload (S)  
    mux_out_val[5]_20_31                bmux_9015                                   8     51.472     0.000       51.472 ZeroWireload (S)  
    mux_out_val[6]_23_36                bmux_9015                                   8     51.472     0.000       51.472 ZeroWireload (S)  
    mux_out_val[6]_20_31                bmux_9015                                   8     51.472     0.000       51.472 ZeroWireload (S)  
    mux_out_val[7]_23_36                bmux_9015                                   8     51.472     0.000       51.472 ZeroWireload (S)  
    mux_out_val[7]_20_31                bmux_9015                                   8     51.472     0.000       51.472 ZeroWireload (S)  
  ADDR_CONVERTER                        addr_converter                           1685   5227.625     0.000     5227.625 ZeroWireload (S)  
    mul_31_46                           mult_unsigned                             228    728.650     0.000      728.650 ZeroWireload (S)  
    add_31_62                           add_unsigned_9055                          99    281.488     0.000      281.488 ZeroWireload (S)  
    mul_43_46                           mult_unsigned                             228    728.650     0.000      728.650 ZeroWireload (S)  
    mul_43_62                           mult_unsigned_9101                        352   1098.605     0.000     1098.605 ZeroWireload (S)  
    add_43_77                           add_unsigned_9055                          99    281.488     0.000      281.488 ZeroWireload (S)  
    mul_52_46                           mult_unsigned                             228    728.650     0.000      728.650 ZeroWireload (S)  
    mul_52_62                           mult_unsigned_9101                        352   1098.605     0.000     1098.605 ZeroWireload (S)  
    add_52_77                           add_unsigned_9055                          99    281.488     0.000      281.488 ZeroWireload (S)  
  sub_77_43                             sub_unsigned_21                            24     62.731     0.000       62.731 ZeroWireload (S)  
  (S) = wireload was automatically selected
