111111111100001000000101010110110
111111111100001000000101001001101
111111111100001000000100010010010
111111111100001000000110001111100
111111111100001000000100011101111
111111111100001000000101100100100
111111111100001000000101100111010
111111111100001000000100110000001
111111111100001000000011011010110
111111111100001000000010111110111
111111111100001000001000001010011
111111111100001000000101011011011
111111111100001000000010001101101
111111111100001000000100001000110
111111111100001000000000111010001
111111111100001000000110001111011
111111111100001000000110001001110
111111111100001000000010010101000
111111111100001000000100010110010
111111111100001000000111001101111
111111111100001000000101111101100
111111111100001000000101010010111
111111111100001000000010000010110
111111111100001000000100110110010
111111111100001000000110101010100
111111111100001000000011000011111
111111111100001000000110011010100
111111111100001000000110000100000
111111111100001000000110111010000
111111111100001000000110111100110
111111111100001000000011010011100
111111111100001000000110000010101
111111111100001000000101001001100
111111111100001000000101110100101
111111111100001000000011001101000
111111111100001000000010000000000
111111111100001000000101111101001
111111111100001000000010111001101
111111111100001000000110010110100
111111111100001000000101010001100
111111111100001000000111000111111
111111111100001000000100101010100
111111111100001000000111011000010
111111111100001000000100011111000
111111111100001000000100000100010
111111111100001000000101000010100
111111111100001000000011000000000
111111111100001000000011111110111
111111111100001000000111100000001
111111111100001000000101101100100
111111111100001000000101000110001
111111111100001000000100111001011
111111111100001000000110001000101
111111111100001000000101101001000
111111111100001000000111011110100
111111111100001000000100000000010
111111111100001000000101001101100
111111111100001000000111000011000
111111111100001000000001010000000
111111111100001000000100000110101
111111111100001000000110011010111
111111111100001000000010001101011
111111111100001000000010000101010
111111111100001000000100111010101
111111111011011001011101100111100
111111111011011001011110110100011
111111111011011001011111001011010
111111111011011001100000010011010
111111111011011001011110000111111
111111111011011001011110111000000
111111111011011001100000111001110
111111111011011001011010111100011
111111111011011001011110010101010
111111111011011001100000110101001
111111111011011001100011101100110
111111111011011001011110010110000
111111111011011001011111100111100
111111111011011001100000010101100
111111111011011001011111011110101
111111111011011001011110001110100
111111111011011001011111111010101
111111111011011001011111011001011
111111111011011001011110110001000
111111111011011001011111100100101
111111111011011001100000001101000
111111111011011001011111001110010
111111111011011001011010110101100
111111111011011001011111010110101
111111111011011001011110101111110
111111111011011001011110011100000
111111111011011001100010000110101
111111111011011001100000110010110
111111111011011001011111101010000
111111111011011001011111101000100
111111111011011001011110010110101
111111111011011001100001001010110
111111111011011001100000010010011
111111111011011001100001111100110
111111111011011001011110111110101
111111111011011001100001110110001
111111111011011001100000010100001
111111111011011001100001101000111
111111111011011001011111100000101
111111111011011001100010000101111
111111111011011001011111010000010
111111111011011001011111001111100
111111111011011001100010010010001
111111111011011001011110100010111
111111111011011001011111101111111
111111111011011001100000001011101
111111111011011001011101101110110
111111111011011001100001000011011
111111111011011001100001110111100
111111111011011001100000011100010
111111111011011001011111001000101
111111111011011001011111101110111
111111111011011001011110110101011
111111111011011001011110011111101
111111111011011001100001000001011
111111111011011001011110011110111
111111111011011001100011011010010
111111111011011001011101101100000
111111111011011001011101011010011
111111111011011001011100100000011
111111111011011001100010110000110
111111111011011001011100110011000
111111111011011001011110111000101
111111111011011001011111101001100
000000000100101101010110000100111
000000000100101101010110110100100
000000000100101101010100011000100
000000000100101101010111001010101
000000000100101101010011110100001
000000000100101101010111100011111
000000000100101101011000011001100
000000000100101101010101000011111
000000000100101101010101010111110
000000000100101101010100011110000
000000000100101101010101001000010
000000000100101101010101001000000
000000000100101101010111001101011
000000000100101101010101001101100
000000000100101101010100110010111
000000000100101101011000011111111
000000000100101101010101101000000
000000000100101101010111100010101
000000000100101101010110000101001
000000000100101101010110100111100
000000000100101101010101010000100
000000000100101101010110000000100
000000000100101101010101000111100
000000000100101101010101010100001
000000000100101101010111001110010
000000000100101101010011011011000
000000000100101101010100010011010
000000000100101101010100110100000
000000000100101101010011001100111
000000000100101101010101110000000
000000000100101101010111001011101
000000000100101101010101010100101
000000000100101101010100001111100
000000000100101101010110000001000
000000000100101101010010111001111
000000000100101101010111110110110
000000000100101101010100101111000
000000000100101101010110101000100
000000000100101101010110001001110
000000000100101101010110001011011
000000000100101101010011010011010
000000000100101101010110100000111
000000000100101101010011101001100
000000000100101101010110001010000
000000000100101101010101011010101
000000000100101101010101111110100
000000000100101101010101100010101
000000000100101101010100010001110
000000000100101101010101011100001
000000000100101101011011100011110
000000000100101101010100011011000
000000000100101101010101011001010
000000000100101101010011000010100
000000000100101101011010011000000
000000000100101101011000010111011
000000000100101101010110001100000
000000000100101101010101010111001
000000000100101101010101010010111
000000000100101101010101111010010
000000000100101101011010010111100
000000000100101101011000001000010
000000000100101101010101010111011
000000000100101101010110011000011
000000000100101101010100011000011
111111111001100111110110011001011
111111111001100111110111100001010
111111111001100111110010100010011
111111111001100111110110100110100
111111111001100111110111001111110
111111111001100111110110101110001
111111111001100111110101101111011
111111111001100111110101110101011
111111111001100111110101101011101
111111111001100111110110100011111
111111111001100111110110010000000
111111111001100111110010100000010
111111111001100111110100111110100
111111111001100111110101111010101
111111111001100111110110000101010
111111111001100111110100001001110
111111111001100111111000110011011
111111111001100111110111100000010
111111111001100111110110000000010
111111111001100111110101111111010
111111111001100111110110010100110
111111111001100111110110100101100
111111111001100111110100110010000
111111111001100111110111110010101
111111111001100111110111111110110
111111111001100111110101011111010
111111111001100111110101000111110
111111111001100111110111000100010
111111111001100111110101001101011
111111111001100111110111000101110
111111111001100111110100010111001
111111111001100111110011010011101
111111111001100111110100110000100
111111111001100111110110000010101
111111111001100111110011111101111
111111111001100111110101001011101
111111111001100111111000001001100
111111111001100111110100001101010
111111111001100111110110101010101
111111111001100111110110110111010
111111111001100111110011110001110
111111111001100111110010100000000
111111111001100111111000001010111
111111111001100111110010100011101
111111111001100111110100111011000
111111111001100111110101101110000
111111111001100111110101100010011
111111111001100111110110000100010
111111111001100111110101111100111
111111111001100111110011110100010
111111111001100111110110011010111
111111111001100111110111101110000
111111111001100111111010011111001
111111111001100111110101110111001
111111111001100111110010100111101
111111111001100111110111101010010
111111111001100111110111101010011
111111111001100111111001101100110
111111111001100111110101111111010
111111111001100111110100000111010
111111111001100111110110001110101
111111111001100111110111000000011
111111111001100111110101010011111
111111111001100111110111000101010
111111111110010010011101010101001
111111111110010010010111101100001
111111111110010010011001101000111
111111111110010010011101001100010
111111111110010010011001111001111
111111111110010010011011001101001
111111111110010010011001110111000
111111111110010010011010000000001
111111111110010010011011111011111
111111111110010010011100011001001
111111111110010010011011101101110
111111111110010010011010010101111
111111111110010010011010011110010
111111111110010010011010100100111
111111111110010010011001111010111
111111111110010010011010100001011
111111111110010010011011110010001
111111111110010010011000111000100
111111111110010010011001010100000
111111111110010010011100111101100
111111111110010010011011001101111
111111111110010010011011001000100
111111111110010010011100011011000
111111111110010010011101011110110
111111111110010010011001110011010
111111111110010010011000010011101
111111111110010010011000110010011
111111111110010010010111111111101
111111111110010010011001111000100
111111111110010010011010011100010
111111111110010010011011000000110
111111111110010010011110111100000
111111111110010010011010011000000
111111111110010010011001101011000
111111111110010010011011111110001
111111111110010010011011010001101
111111111110010010010111100110100
111111111110010010011101101111101
111111111110010010011010000001000
111111111110010010011001111001010
111111111110010010011011110011110
111111111110010010011010011000011
111111111110010010011101100110101
111111111110010010011010010111000
111111111110010010011001001111111
111111111110010010011010101011111
111111111110010010011001100011100
111111111110010010011100101010000
111111111110010010011000101100000
111111111110010010011011110111111
111111111110010010011100101011010
111111111110010010011100101100011
111111111110010010011011011110110
111111111110010010011110010110010
111111111110010010011011000011100
111111111110010010011011110100000
111111111110010010011110001111111
111111111110010010011011110001110
111111111110010010011011011101010
111111111110010010011011011000010
111111111110010010011111000110101
111111111110010010011010101111110
111111111110010010011011001100011
111111111110010010011010010010100
000000001001011111110010001100101
000000001001011111110001000110000
000000001001011111110011111111011
000000001001011111110101010000111
000000001001011111110100100110111
000000001001011111110110011100000
000000001001011111110011110101001
000000001001011111110000110110000
000000001001011111110010100110001
000000001001011111110101001010011
000000001001011111110010010000111
000000001001011111110100000100000
000000001001011111110101011110011
000000001001011111110001110101101
000000001001011111110010111111011
000000001001011111110100110001101
000000001001011111110101110110111
000000001001011111110010000001100
000000001001011111110010010111000
000000001001011111110011100100100
000000001001011111110010011101011
000000001001011111110001011101111
000000001001011111110100100011011
000000001001011111101111011110110
000000001001011111110010001010101
000000001001011111101111111000111
000000001001011111110100110110000
000000001001011111110011110001101
000000001001011111110010000101110
000000001001011111110010110000110
000000001001011111110101000101111
000000001001011111110011101010001
000000001001011111110011110110110
000000001001011111110100100100011
000000001001011111110001010001000
000000001001011111110100111110010
000000001001011111110100000110101
000000001001011111110010000011110
000000001001011111110011001010101
000000001001011111110011010110010
000000001001011111110101010001011
000000001001011111110110001011101
000000001001011111110010010010111
000000001001011111110100011010111
000000001001011111110100100111111
000000001001011111110001111110000
000000001001011111110010001011001
000000001001011111110100011111011
000000001001011111110100001011101
000000001001011111110101101011010
000000001001011111110011111111111
000000001001011111110111001100001
000000001001011111110011101011100
000000001001011111110010100001001
000000001001011111110011001110011
000000001001011111110010100111000
000000001001011111110001011000001
000000001001011111110110101011010
000000001001011111110010000101000
000000001001011111110110010111011
000000001001011111110101011000100
000000001001011111110100100001011
000000001001011111110011011100011
000000001001011111110010101011100
111111111000101000100110000101001
111111111000101000100111101100100
111111111000101000101001011010001
111111111000101000100111111001110
111111111000101000100110010100001
111111111000101000100111101001001
111111111000101000100110110001110
111111111000101000100110011000101
111111111000101000100010100011010
111111111000101000100110011000001
111111111000101000101000000111100
111111111000101000100110111011000
111111111000101000101000001001110
111111111000101000101001101001000
111111111000101000100110010011100
111111111000101000101010100011110
111111111000101000101001111101011
111111111000101000100101001001111
111111111000101000100111011000010
111111111000101000100111011100100
111111111000101000100110101001100
111111111000101000101000000000110
111111111000101000100110010111011
111111111000101000100101100100001
111111111000101000100111010101001
111111111000101000100111001111000
111111111000101000101000010101110
111111111000101000101010001100000
111111111000101000100110000100001
111111111000101000101001101111001
111111111000101000100110000110101
111111111000101000100111101111011
111111111000101000100110111100110
111111111000101000101000101111111
111111111000101000100111001011100
111111111000101000100111101001111
111111111000101000101000110000101
111111111000101000100110100010111
111111111000101000100101110010111
111111111000101000101000101110110
111111111000101000100101111000111
111111111000101000101000110001001
111111111000101000101000001111010
111111111000101000100110000100010
111111111000101000101001111101100
111111111000101000100110110110110
111111111000101000100111000010111
111111111000101000100101111010010
111111111000101000100111100010000
111111111000101000100111010001001
111111111000101000100110010011110
111111111000101000100101101100110
111111111000101000100110011101111
111111111000101000100110100001010
111111111000101000100110000001100
111111111000101000100100110001010
111111111000101000100110010110110
111111111000101000100111111000110
111111111000101000100101100111110
111111111000101000100110010011110
111111111000101000101000100111101
111111111000101000100111101001001
111111111000101000101000001110000
111111111000101000101000000101101
000000001000110101010110010011000
000000001000110101011001010100100
000000001000110101011010000010000
000000001000110101011001001000011
000000001000110101011110000101011
000000001000110101011100110101001
000000001000110101011100001000111
000000001000110101011000100001010
000000001000110101011000100001001
000000001000110101010110100011100
000000001000110101011000001111110
000000001000110101011000101001011
000000001000110101010111101100011
000000001000110101011010100010000
000000001000110101010111011111000
000000001000110101011011010011010
000000001000110101011001010001111
000000001000110101011000010001110
000000001000110101011000111011100
000000001000110101011011000000111
000000001000110101011011111001100
000000001000110101011010110101010
000000001000110101011010010100100
000000001000110101010011111101001
000000001000110101011100101110110
000000001000110101010110011011100
000000001000110101011000110110111
000000001000110101011000001110101
000000001000110101010111111001100
000000001000110101011011100000100
000000001000110101011100001011000
000000001000110101011010100001100
000000001000110101011001101011111
000000001000110101010111111010111
000000001000110101010110011011111
000000001000110101011011001101101
000000001000110101011010011011011
000000001000110101010111100010011
000000001000110101011010110011010
000000001000110101011001101001100
000000001000110101011001001010111
000000001000110101011011100101111
000000001000110101010111100000111
000000001000110101011010000001100
000000001000110101011011100000001
000000001000110101011001100011111
000000001000110101011000110001110
000000001000110101011001111001111
000000001000110101010110111111011
000000001000110101011011100000111
000000001000110101010111011010001
000000001000110101011011010100010
000000001000110101010111101000110
000000001000110101011010010010101
000000001000110101011010110101111
000000001000110101011001011111100
000000001000110101011001110001011
000000001000110101011011100011010
000000001000110101011010000000010
000000001000110101011100001010110
000000001000110101011011001111100
000000001000110101010111100000001
000000001000110101011100000011110
000000001000110101010111110010000
000000000111011110100111111011111
000000000111011110100111001110111
000000000111011110101000000000111
000000000111011110101000010101110
000000000111011110100101111110001
000000000111011110101000101101000
000000000111011110100111100110110
000000000111011110100101011010101
000000000111011110101011010010101
000000000111011110101010001101100
000000000111011110101000111111110
000000000111011110101010101000010
000000000111011110101000000100101
000000000111011110101011011010011
000000000111011110101001010110010
000000000111011110101000011001011
000000000111011110100111101101110
000000000111011110101010000010010
000000000111011110101000011111110
000000000111011110101010100010011
000000000111011110101000010101001
000000000111011110101010110101101
000000000111011110100110000110011
000000000111011110100110111111101
000000000111011110100110111111101
000000000111011110100101011010001
000000000111011110101010100001000
000000000111011110100101110110111
000000000111011110101001100001010
000000000111011110101001101110111
000000000111011110100110011111000
000000000111011110100111111000000
000000000111011110100110100010100
000000000111011110101000100111110
000000000111011110101001101100100
000000000111011110101011100001101
000000000111011110100111110100100
000000000111011110101010001110100
000000000111011110101001111110011
000000000111011110101000011101001
000000000111011110101010000000110
000000000111011110100111011011100
000000000111011110101000010101101
000000000111011110101000011000111
000000000111011110100111010011100
000000000111011110100100110001100
000000000111011110100110100011010
000000000111011110101101101111111
000000000111011110100101100110100
000000000111011110101000000111101
000000000111011110100111111011100
000000000111011110101001100110110
000000000111011110101001111001110
000000000111011110100111111110010
000000000111011110100111001110000
000000000111011110101000111011111
000000000111011110100111100101111
000000000111011110100101100010010
000000000111011110101000011101101
000000000111011110101101001010011
000000000111011110101011000000101
000000000111011110101000111100000
000000000111011110100101010101111
000000000111011110101000100110101
000000000110011011000111110111011
000000000110011011000111000010110
000000000110011011001000000100110
000000000110011011001010001111110
000000000110011011001010101101011
000000000110011011001011001010111
000000000110011011001000010000110
000000000110011011001000011100001
000000000110011011001010010100000
000000000110011011001011111001001
000000000110011011001010010110000
000000000110011011001001101100101
000000000110011011001000100001011
000000000110011011000111000101000
000000000110011011001000011101000
000000000110011011001010100101011
000000000110011011001010111011111
000000000110011011001001001110110
000000000110011011001000001001011
000000000110011011001000001101011
000000000110011011001001100000001
000000000110011011000111010100110
000000000110011011001000101101011
000000000110011011001000111101010
000000000110011011001000001111100
000000000110011011001001011110010
000000000110011011001001100111100
000000000110011011001011010110011
000000000110011011001000000011011
000000000110011011001010010111000
000000000110011011001000000110001
000000000110011011001001010110010
000000000110011011001011000101010
000000000110011011001001110011101
000000000110011011001001111010111
000000000110011011001001110101001
000000000110011011000111100000110
000000000110011011001010000110100
000000000110011011001001000100110
000000000110011011001101111100001
000000000110011011001011100101001
000000000110011011001000101011001
000000000110011011001010000011100
000000000110011011001010110000111
000000000110011011001001101100010
000000000110011011001011010000110
000000000110011011001000100000001
000000000110011011001100110001011
000000000110011011001001101111110
000000000110011011001000100010011
000000000110011011001001010010000
000000000110011011001100000101100
000000000110011011001100111101010
000000000110011011000110100000001
000000000110011011001011000001101
000000000110011011001000100110000
000000000110011011000111100101111
000000000110011011001011010100010
000000000110011011001010100010100
000000000110011011001000011111101
000000000110011011001011000000000
000000000110011011001000101101010
000000000110011011001001111101111
000000000110011011001010100000111
000000000000100001011011010001001
000000000000100001011010010111000
000000000000100001011011011101110
000000000000100001011011000000011
000000000000100001011001001001111
000000000000100001011011110000111
000000000000100001011011010100011
000000000000100001011000001101110
000000000000100001011010011010000
000000000000100001011101001000111
000000000000100001011010000001110
000000000000100001011001100101010
000000000000100001011100010000111
000000000000100001011001101100101
000000000000100001011110011011110
000000000000100001011101010101110
000000000000100001011000100100011
000000000000100001011000011011011
000000000000100001011010100011001
000000000000100001011001010110100
000000000000100001011011110001000
000000000000100001011010110011011
000000000000100001011001011001011
000000000000100001011010101010010
000000000000100001010111100100011
000000000000100001011010100111010
000000000000100001011000110110000
000000000000100001011000110011110
000000000000100001011000110001001
000000000000100001011000100010101
000000000000100001011100111011111
000000000000100001011000000001000
000000000000100001011010010100001
000000000000100001011010011101100
000000000000100001011000111011100
000000000000100001011011010110011
000000000000100001011010110110010
000000000000100001011001010100100
000000000000100001011011000110100
000000000000100001011001100001010
000000000000100001011011001000100
000000000000100001011000110100111
000000000000100001011010111001011
000000000000100001011011100101100
000000000000100001011010110010000
000000000000100001011011001001001
000000000000100001011010000100100
000000000000100001011010101110011
000000000000100001011010011101111
000000000000100001010111111101101
000000000000100001011001011101100
000000000000100001011011010101111
000000000000100001011110000000111
000000000000100001010101100101010
000000000000100001011000010110100
000000000000100001011001110001111
000000000000100001011000101011100
000000000000100001011001010101010
000000000000100001011010001000000
000000000000100001011010011111100
000000000000100001010111111101011
000000000000100001011100110011000
000000000000100001011010110111111
000000000000100001011100111111100
000000000110000000010110111000011
000000000110000000010100000011100
000000000110000000010101110011001
000000000110000000010111110101110
000000000110000000010100100110001
000000000110000000010100110101100
000000000110000000010010100001100
000000000110000000010111110111001
000000000110000000011000100010110
000000000110000000010011011000011
000000000110000000010001110000010
000000000110000000010110000011011
000000000110000000010101111010111
000000000110000000010101010111000
000000000110000000010110101001111
000000000110000000010100101100101
000000000110000000010110011011001
000000000110000000010101111010011
000000000110000000010110010110111
000000000110000000010100110100000
000000000110000000010100111110010
000000000110000000010101011011010
000000000110000000010110100010111
000000000110000000011011000100001
000000000110000000010011101101111
000000000110000000010110100011100
000000000110000000010101110101101
000000000110000000010100111111111
000000000110000000010101100100010
000000000110000000010100010000001
000000000110000000010110101111101
000000000110000000010101100011011
000000000110000000010101011001110
000000000110000000010110110000100
000000000110000000010110111010110
000000000110000000010010110011010
000000000110000000010101000011100
000000000110000000010100110001111
000000000110000000010101111011101
000000000110000000010100101011010
000000000110000000010011010101111
000000000110000000011000010100001
000000000110000000010010110000011
000000000110000000010110110101100
000000000110000000010101001011011
000000000110000000010100100110001
000000000110000000010100001101000
000000000110000000010101101110011
000000000110000000010101011110010
000000000110000000010100111011101
000000000110000000011001101111111
000000000110000000010101111001000
000000000110000000010101001011101
000000000110000000010100000010000
000000000110000000010101110110011
000000000110000000010101010001001
000000000110000000010100111001001
000000000110000000010101000101111
000000000110000000010110011100010
000000000110000000010100010010110
000000000110000000010011110000111
000000000110000000010111011111010
000000000110000000010100110011010
000000000110000000010011000001010
000000000111110101001010111011011
000000000111110101001001010000001
000000000111110101001110010010100
000000000111110101001110000010010
000000000111110101001110110001101
000000000111110101001100100001011
000000000111110101001011010010101
000000000111110101001000110110010
000000000111110101001101001010100
000000000111110101001100100100000
000000000111110101001110000000000
000000000111110101001010010000010
000000000111110101001011100011111
000000000111110101001010110010010
000000000111110101001101111100000
000000000111110101001010001101111
000000000111110101001100010100000
000000000111110101001100110010111
000000000111110101001100001010011
000000000111110101001100001011100
000000000111110101001010001101010
000000000111110101001011011111101
000000000111110101001011000011001
000000000111110101001001100000101
000000000111110101001101100101100
000000000111110101001100110110001
000000000111110101001010111011000
000000000111110101001011100101010
000000000111110101001001100001010
000000000111110101001010000010111
000000000111110101000111100111000
000000000111110101001100001100110
000000000111110101001011001101100
000000000111110101001100001010000
000000000111110101001000000111001
000000000111110101001011011000011
000000000111110101001010101101011
000000000111110101001000110011001
000000000111110101001100100011101
000000000111110101001010110010111
000000000111110101001011110011010
000000000111110101001100100110110
000000000111110101001010000001110
000000000111110101001000110000101
000000000111110101001010101010101
000000000111110101001110101110010
000000000111110101001100001001000
000000000111110101001100100001001
000000000111110101001100101001100
000000000111110101001100111101110
000000000111110101001001001000111
000000000111110101001101100001001
000000000111110101001100001100011
000000000111110101001011010011111
000000000111110101001100111110010
000000000111110101001100100110001
000000000111110101001100000101101
000000000111110101001010100101111
000000000111110101001010100001000
000000000111110101001100000110000
000000000111110101001011111001111
000000000111110101001011111000111
000000000111110101001010101110010
000000000111110101001101111100011
111111110111101000111001011010000
111111110111101000111000000111000
111111110111101000111001101110110
111111110111101000110110001110100
111111110111101000111000111111110
111111110111101000110111011110010
111111110111101000111001000100011
111111110111101000110101000000011
111111110111101000111000000110011
111111110111101000110100001110011
111111110111101000111000101011000
111111110111101000111000100011000
111111110111101000110110111010010
111111110111101000111001001100100
111111110111101000110111000000010
111111110111101000110011100110101
111111110111101000110101011100100
111111110111101000110101111111011
111111110111101000110111100110111
111111110111101000111001111010100
111111110111101000111001001010011
111111110111101000110110000100011
111111110111101000110101010100111
111111110111101000111001011100001
111111110111101000111000001100101
111111110111101000110111011110101
111111110111101000110110101100000
111111110111101000110101111110101
111111110111101000110110011100010
111111110111101000111000000010010
111111110111101000110101011111010
111111110111101000111001011011111
111111110111101000110101100000100
111111110111101000110111101011010
111111110111101000110011110110101
111111110111101000110111010001111
111111110111101000110111011100110
111111110111101000110101101011011
111111110111101000110111110011011
111111110111101000110100011011011
111111110111101000110110100100100
111111110111101000110111001101101
111111110111101000110110010011101
111111110111101000110110000001111
111111110111101000110100101110100
111111110111101000111001000100111
111111110111101000111000110110001
111111110111101000110111010001010
111111110111101000111000111110001
111111110111101000111001010011111
111111110111101000110100111001101
111111110111101000111000110111100
111111110111101000110111100000100
111111110111101000111010000000111
111111110111101000111001100111010
111111110111101000110110011111010
111111110111101000110101101001101
111111110111101000110110011110111
111111110111101000110110001110101
111111110111101000111000100010111
111111110111101000111001100110110
111111110111101000111001001111101
111111110111101000110100100011000
111111110111101000110101110001111
111111111011001010001100000010000
111111111011001010010000100001010
111111111011001010001110101101111
111111111011001010001011000101101
111111111011001010001101001110000
111111111011001010001110101110010
111111111011001010001110011111001
111111111011001010001010000111100
111111111011001010001100101000101
111111111011001010001010111111000
111111111011001010001001110001111
111111111011001010001110001111110
111111111011001010001110000010010
111111111011001010010000000110001
111111111011001010001010101010101
111111111011001010001101111110101
111111111011001010001101111010100
111111111011001010001111000100100
111111111011001010001100010100000
111111111011001010001110000110010
111111111011001010001110111100111
111111111011001010001101111011110
111111111011001010010000010111000
111111111011001010001110010100010
111111111011001010001100110111111
111111111011001010001010100110111
111111111011001010001110011111100
111111111011001010001011101011001
111111111011001010001100110110001
111111111011001010001110110001100
111111111011001010001111000100011
111111111011001010001111010011100
111111111011001010001100000100001
111111111011001010001101111101110
111111111011001010001011001101101
111111111011001010010000001001000
111111111011001010001011010001100
111111111011001010001111011010110
111111111011001010001011100110000
111111111011001010001100110000111
111111111011001010001011001001101
111111111011001010001101101010000
111111111011001010001100111100110
111111111011001010001110000100110
111111111011001010001101010011111
111111111011001010001010011110000
111111111011001010001111101110100
111111111011001010001100001110111
111111111011001010001110000101100
111111111011001010001110011110100
111111111011001010001111110110100
111111111011001010001110000101000
111111111011001010001100111011010
111111111011001010010000110101011
111111111011001010001100001000110
111111111011001010001111100100101
111111111011001010001110000110011
111111111011001010001110010001010
111111111011001010001111110001110
111111111011001010010000100100010
111111111011001010001111010011101
111111111011001010010000111001100
111111111011001010001101001100110
111111111011001010001001110111010
000000000111101100011000110011000
000000000111101100011000000101101
000000000111101100010110011111001
000000000111101100010111000010101
000000000111101100010101100101001
000000000111101100010101101010010
000000000111101100010101100010011
000000000111101100010101110010011
000000000111101100010011001100101
000000000111101100010100010100110
000000000111101100010010110010010
000000000111101100010100011101010
000000000111101100010110100111011
000000000111101100010111010010001
000000000111101100011001000100011
000000000111101100010110010011111
000000000111101100010100010110011
000000000111101100010111000010010
000000000111101100010111101110111
000000000111101100010101100101011
000000000111101100010111101011111
000000000111101100010110010110000
000000000111101100010110001111101
000000000111101100010100110101111
000000000111101100011000100000011
000000000111101100010111000010001
000000000111101100010101011011000
000000000111101100010110000100001
000000000111101100010100100100000
000000000111101100010111101111000
000000000111101100010101101010101
000000000111101100010110101011010
000000000111101100010101110000100
000000000111101100011000100110011
000000000111101100010111000100110
000000000111101100010101111011001
000000000111101100010111100110010
000000000111101100010001100001100
000000000111101100010110011000101
000000000111101100010100000001001
000000000111101100010111000000001
000000000111101100010111100011011
000000000111101100010110001000100
000000000111101100010101011000110
000000000111101100010101110011000
000000000111101100010110011011001
000000000111101100010110111110111
000000000111101100010000100101101
000000000111101100010101010010101
000000000111101100010111001011010
000000000111101100010101100110101
000000000111101100010011001111011
000000000111101100010011111010110
000000000111101100010101011001100
000000000111101100010110010001010
000000000111101100010101110001110
000000000111101100010101011011001
000000000111101100010101101101101
000000000111101100010111010000011
000000000111101100010111010000000
000000000111101100010100100101010
000000000111101100010111001011000
000000000111101100010110010111100
000000000111101100010110011101010
000000000100110011011011111111001
000000000100110011011001011011101
000000000100110011011110000001101
000000000100110011011011110110011
000000000100110011011110000010101
000000000100110011011111010001110
000000000100110011011010100101001
000000000100110011011101111011100
000000000100110011011010010101111
000000000100110011011100011001101
000000000100110011011010000100010
000000000100110011011101110011000
000000000100110011011110110101001
000000000100110011011100110001011
000000000100110011011011011011100
000000000100110011011110001111100
000000000100110011011111001010100
000000000100110011011100010001100
000000000100110011011110010110110
000000000100110011011111010100110
000000000100110011011001101111001
000000000100110011011100011001010
000000000100110011100001110011100
000000000100110011011011100101101
000000000100110011011011101111110
000000000100110011011010001001101
000000000100110011011111001111010
000000000100110011011011001110000
000000000100110011011101100000111
000000000100110011011110100101111
000000000100110011011011000111011
000000000100110011011010100001001
000000000100110011011101110110000
000000000100110011011001011000010
000000000100110011011110100010000
000000000100110011011100011110010
000000000100110011011011110101010
000000000100110011011110010101100
000000000100110011011110001001101
000000000100110011011111000100011
000000000100110011011100000111011
000000000100110011011110001010111
000000000100110011011100001000011
000000000100110011011101011100101
000000000100110011100000011010010
000000000100110011011101000110100
000000000100110011011100011111010
000000000100110011011100101000010
000000000100110011011100000010001
000000000100110011011010101110111
000000000100110011011101101001110
000000000100110011011011000110100
000000000100110011011100111010101
000000000100110011011101001111100
000000000100110011011011000011011
000000000100110011011011011000000
000000000100110011011010001111110
000000000100110011011111111000101
000000000100110011011110010101100
000000000100110011011111111100001
000000000100110011011100000001101
000000000100110011011010100010110
000000000100110011011101000111011
000000000100110011011101001110000
111111111100000101010111010111111
111111111100000101010100110000111
111111111100000101011000010011110
111111111100000101010111010001101
111111111100000101011000101101100
111111111100000101011001001001011
111111111100000101010100101101010
111111111100000101010110010100111
111111111100000101010101101100010
111111111100000101010111001010001
111111111100000101011001101110000
111111111100000101010110001111111
111111111100000101011000111101110
111111111100000101010110110101100
111111111100000101010101101010001
111111111100000101011000110111010
111111111100000101011001010001100
111111111100000101011001100010000
111111111100000101011011000011001
111111111100000101010111101001001
111111111100000101010110111110101
111111111100000101011010010010111
111111111100000101011000011110110
111111111100000101011010010101101
111111111100000101011000010111001
111111111100000101011000101101110
111111111100000101010110001000111
111111111100000101011001100000011
111111111100000101011001111000011
111111111100000101010100101111011
111111111100000101010111010011110
111111111100000101010111001111111
111111111100000101010111011000000
111111111100000101010101101111010
111111111100000101011001011100101
111111111100000101010110010001011
111111111100000101011001011001101
111111111100000101011000001101100
111111111100000101010111110110011
111111111100000101011001000100111
111111111100000101011010000000010
111111111100000101011001001101001
111111111100000101011010000010011
111111111100000101011000110011110
111111111100000101011001100010001
111111111100000101010111111101111
111111111100000101010110010011010
111111111100000101011010100100101
111111111100000101010111101000010
111111111100000101010111001000000
111111111100000101011011010011001
111111111100000101010111011001011
111111111100000101010111010111110
111111111100000101010100101110001
111111111100000101010101101100100
111111111100000101010111111100000
111111111100000101011010100111011
111111111100000101010101101011101
111111111100000101010111000110010
111111111100000101010110110110110
111111111100000101010110111100110
111111111100000101010111001100101
111111111100000101010111011111011
111111111100000101011000010000110
111111111110011111001110011100100
111111111110011111010010000110111
111111111110011111001110000011110
111111111110011111010010100110100
111111111110011111001101111010111
111111111110011111001111000010101
111111111110011111001110111110111
111111111110011111001101000101000
111111111110011111001110110111000
111111111110011111001111111100101
111111111110011111001111111001010
111111111110011111001111100011000
111111111110011111010000011111101
111111111110011111001110100100101
111111111110011111001111110111010
111111111110011111001111011101101
111111111110011111001101001100011
111111111110011111010000010111011
111111111110011111001110100110100
111111111110011111001110100011011
111111111110011111010010111101001
111111111110011111001101111100101
111111111110011111001100111011000
111111111110011111001110000011101
111111111110011111001111110011010
111111111110011111001101010100011
111111111110011111001110011000010
111111111110011111010000111110110
111111111110011111001110011110100
111111111110011111001111000111110
111111111110011111010000001101100
111111111110011111001111110111111
111111111110011111010000000011011
111111111110011111010000101110010
111111111110011111001101101011101
111111111110011111010010101000110
111111111110011111001110111111100
111111111110011111001110110000010
111111111110011111010000110001100
111111111110011111001110110111101
111111111110011111001110011111110
111111111110011111001111000100000
111111111110011111001111111100111
111111111110011111001111010100001
111111111110011111001110001101011
111111111110011111010000110110010
111111111110011111001110000000110
111111111110011111010010000101111
111111111110011111001111100000101
111111111110011111001110111111100
111111111110011111001011111110010
111111111110011111001110110000011
111111111110011111001101100000011
111111111110011111001110000100001
111111111110011111010010100000100
111111111110011111010000101100110
111111111110011111001111101000001
111111111110011111001101111110010
111111111110011111001110100110110
111111111110011111010001100111110
111111111110011111001111101111011
111111111110011111001100001101101
111111111110011111001100001000111
111111111110011111010010000000011
111111110111110010000010010111011
111111110111110010000010110000001
111111110111110010000110001011111
111111110111110010000101011100100
111111110111110010000101111001000
111111110111110010000011101010010
111111110111110010000100010010100
111111110111110010000010010010000
111111110111110010000001001100011
111111110111110010000001110101110
111111110111110010000101001101111
111111110111110010000010111101100
111111110111110010000011010111101
111111110111110010000011010101101
111111110111110010000010010111110
111111110111110010000100011111011
111111110111110010000110001000001
111111110111110010000011000111000
111111110111110010000111111001011
111111110111110010000011101001110
111111110111110010000010011011010
111111110111110010000101011011001
111111110111110010000001110110110
111111110111110010000110101011010
111111110111110010000010101101000
111111110111110010000100001101000
111111110111110010000010011001100
111111110111110010000010110100111
111111110111110010000011101011011
111111110111110010000011000000001
111111110111110010000101001110001
111111110111110010000010101101001
111111110111110010000101111000001
111111110111110010000010110011000
111111110111110010000011011110110
111111110111110010000011010000100
111111110111110010000101011110110
111111110111110010000011001001101
111111110111110010000101001100011
111111110111110010000010101001000
111111110111110010000010101000101
111111110111110010000101011111110
111111110111110010000010000101101
111111110111110010000010100011101
111111110111110010000010100111000
111111110111110010000101111010010
111111110111110010000001111111110
111111110111110010000010000100100
111111110111110010000011010010110
111111110111110010000101111000011
111111110111110010000100101010001
111111110111110010000011001010111
111111110111110010000010111010111
111111110111110010000010001000110
111111110111110010000101100101001
111111110111110010000011011110100
111111110111110010000100000110001
111111110111110010000011000010111
111111110111110001111111101110001
111111110111110010000100001100011
111111110111110010000010111111011
111111110111110010000010001100011
111111110111110010000100000011001
111111110111110010000100111011110
111111111000000010001000011011110
111111111000000010001000001111010
111111111000000010001000010101100
111111111000000010001000011111011
111111111000000010001001111011010
111111111000000010001010011001001
111111111000000010000110111110000
111111111000000010001010000111101
111111111000000010001001111110011
111111111000000010001001101110111
111111111000000010001011000011011
111111111000000010000111001101010
111111111000000010001000101000000
111111111000000010000111110101000
111111111000000010000101100110111
111111111000000010001010011100101
111111111000000010001010111101101
111111111000000010001010000100111
111111111000000010001001000110100
111111111000000010000111000100111
111111111000000010000111011011011
111111111000000010001001111101001
111111111000000010000101111100110
111111111000000010000110010101111
111111111000000010000111000100010
111111111000000010000110101100110
111111111000000010001000011011011
111111111000000010001000011110101
111111111000000010000111010100101
111111111000000010000111111000000
111111111000000010001000000101000
111111111000000010000110100110001
111111111000000010000110010101011
111111111000000010000100100010010
111111111000000010000101111001011
111111111000000010001000111100100
111111111000000010001000110010000
111111111000000010001001101011110
111111111000000010001000001010100
111111111000000010000111100011011
111111111000000010001000110001001
111111111000000010000111010111000
111111111000000010001010001101011
111111111000000010001001010011011
111111111000000010001011010111000
111111111000000010001000000101101
111111111000000010000100101001001
111111111000000010001100101001010
111111111000000010001000011101010
111111111000000010000011101000100
111111111000000010001001010000010
111111111000000010001010000100011
111111111000000010001010100100000
111111111000000010001001100011101
111111111000000010000110101011100
111111111000000010001001011001110
111111111000000010001000001110101
111111111000000010001000110100101
111111111000000010001000001010111
111111111000000010001011110100100
111111111000000010000111011000010
111111111000000010001000110111001
111111111000000010001000111110110
111111111000000010001000000010001
111111111011000110001111111101001
111111111011000110001111111010100
111111111011000110001100101100001
111111111011000110001100011010011
111111111011000110001100001001000
111111111011000110001111110000010
111111111011000110001110110101000
111111111011000110001101111000111
111111111011000110001110101100000
111111111011000110001101011110101
111111111011000110001111010010011
111111111011000110001111010010011
111111111011000110001101010110101
111111111011000110001010110011010
111111111011000110001101000000001
111111111011000110001100110101011
111111111011000110001101010111001
111111111011000110001100111110111
111111111011000110001110110000011
111111111011000110001110001010000
111111111011000110001110100010110
111111111011000110001101110101101
111111111011000110001011001110111
111111111011000110001110100111000
111111111011000110001111011101100
111111111011000110001010111110110
111111111011000110001011100000101
111111111011000110001110001011011
111111111011000110001110100100000
111111111011000110001110101000000
111111111011000110001101010110011
111111111011000110001100011010110
111111111011000110001110001101100
111111111011000110001100011100010
111111111011000110001000011110110
111111111011000110001111010010111
111111111011000110001101010101101
111111111011000110001100101000001
111111111011000110001111111111111
111111111011000110001110001100010
111111111011000110001101011011010
111111111011000110001100010001001
111111111011000110001100111101101
111111111011000110001110000111101
111111111011000110001011000000111
111111111011000110001111101100111
111111111011000110010000001110010
111111111011000110001100011101001
111111111011000110010000111110100
111111111011000110010000100001110
111111111011000110001110001110100
111111111011000110001111000011100
111111111011000110010001100100000
111111111011000110001010011001010
111111111011000110001101100110010
111111111011000110001101100011101
111111111011000110001110001000100
111111111011000110001111110110011
111111111011000110001100000001110
111111111011000110001111110001010
111111111011000110001101110010110
111111111011000110001110001110101
111111111011000110001111001001001
111111111011000110001111000110010
000000000010111101011010011100001
000000000010111101011111101010011
000000000010111101011100110100011
000000000010111101011110100100101
000000000010111101011101011101001
000000000010111101011110000100000
000000000010111101011101001111001
000000000010111101011110101010010
000000000010111101011101101101010
000000000010111101011100111100000
000000000010111101011111010110100
000000000010111101011011010001001
000000000010111101011100001000011
000000000010111101011110110101100
000000000010111101011100110000011
000000000010111101011110010000111
000000000010111101011101110011001
000000000010111101100000001110111
000000000010111101011011111111001
000000000010111101011110001011101
000000000010111101011101100111111
000000000010111101011111000001010
000000000010111101011010100110111
000000000010111101100000000001001
000000000010111101011010110100000
000000000010111101011111010011001
000000000010111101011101101101110
000000000010111101011101010011101
000000000010111101011110110111100
000000000010111101011010111010011
000000000010111101011101110011101
000000000010111101011110001110001
000000000010111101011100111101001
000000000010111101011101001011111
000000000010111101011011001111100
000000000010111101011100101010110
000000000010111101011100000010000
000000000010111101011101000000111
000000000010111101011100110100010
000000000010111101011101010010101
000000000010111101011110010101101
000000000010111101011111101001010
000000000010111101011111001100111
000000000010111101011100110011101
000000000010111101011100101101100
000000000010111101011110011000101
000000000010111101011101010100100
000000000010111101100000000110100
000000000010111101011111100111101
000000000010111101100000100110000
000000000010111101011111010101111
000000000010111101100000011110011
000000000010111101011110110000011
000000000010111101011110011000010
000000000010111101011101101010100
000000000010111101011111010100011
000000000010111101011110101011001
000000000010111101011010011100001
000000000010111101011100001110101
000000000010111101011100000001100
000000000010111101011111001001011
000000000010111101011111000000000
000000000010111101011010001001111
000000000010111101011110111010100
000000000110101110111101010101110
000000000110101110111111011011100
000000000110101110111010101001111
000000000110101110111100010001101
000000000110101111000000110110111
000000000110101110111111110100111
000000000110101110111100011001011
000000000110101110111111000001000
000000000110101110111110011101111
000000000110101110111100110000100
000000000110101110111110000010000
000000000110101110111101000001111
000000000110101110111100111001101
000000000110101110111101001010001
000000000110101110111111101010000
000000000110101110111011001101110
000000000110101110111100101100000
000000000110101110111100010010001
000000000110101110111011110000000
000000000110101110111101010111000
000000000110101111000000011011010
000000000110101110111011011110010
000000000110101110111101100000000
000000000110101110111100001111001
000000000110101110111101110010100
000000000110101110111111001001110
000000000110101110111100110100100
000000000110101110111110100111111
000000000110101110111100010000010
000000000110101110111101101100011
000000000110101110111101111110101
000000000110101110111100010000101
000000000110101111000001001010111
000000000110101110111010010110010
000000000110101110111011111110111
000000000110101110111110010011101
000000000110101110111101010110101
000000000110101110111100000010010
000000000110101110111111001110000
000000000110101110111111110101011
000000000110101110111110001001001
000000000110101110111110001111011
000000000110101110111011011101100
000000000110101110111011011000010
000000000110101110111110100010111
000000000110101110111111011000001
000000000110101111000000010101010
000000000110101110111111001110110
000000000110101110111101000011101
000000000110101110111110010011011
000000000110101110111100000111001
000000000110101110111111001010000
000000000110101111000001011001011
000000000110101110111010110001110
000000000110101110111101101101101
000000000110101110111100110111000
000000000110101110111010010100010
000000000110101110111101110110011
000000000110101110111101011011110
000000000110101110111111001101011
000000000110101110111011100011001
000000000110101110111111000110011
000000000110101110111100110000100
000000000110101110111111011101001
000000000011100011010100100001000
000000000011100011001110111010011
000000000011100011010100100100100
000000000011100011010100100110111
000000000011100011010011001010001
000000000011100011010111011101010
000000000011100011010010010111000
000000000011100011010100011001011
000000000011100011010100011101111
000000000011100011010010110100000
000000000011100011010011110001010
000000000011100011010110000011101
000000000011100011010011011001110
000000000011100011010100100110011
000000000011100011010000100011101
000000000011100011010101101111010
000000000011100011011000101101010
000000000011100011010100111110100
000000000011100011011000111011011
000000000011100011010111011111001
000000000011100011010010001110101
000000000011100011010110111011011
000000000011100011010100011000011
000000000011100011010110101101110
000000000011100011010011100011111
000000000011100011010101110011001
000000000011100011010001110100110
000000000011100011010011000001110
000000000011100011010111100011101
000000000011100011010110101110111
000000000011100011010010010000010
000000000011100011010100010001011
000000000011100011010101011110011
000000000011100011010101100001100
000000000011100011010001101110011
000000000011100011010100010001011
000000000011100011010010001001110
000000000011100011010110100001111
000000000011100011010010100011111
000000000011100011010100100101100
000000000011100011010100000000001
000000000011100011010110000011010
000000000011100011010111001111110
000000000011100011010010001100001
000000000011100011010100011100111
000000000011100011010010010101111
000000000011100011010010110011000
000000000011100011010101100111011
000000000011100011010010010001111
000000000011100011010011010100110
000000000011100011010100011001100
000000000011100011010101111011101
000000000011100011010110001101001
000000000011100011010100111011000
000000000011100011010100101101110
000000000011100011010101001111001
000000000011100011010101000101111
000000000011100011010010110101010
000000000011100011010100011101110
000000000011100011010110000011011
000000000011100011010100001101101
000000000011100011010100001011111
000000000011100011010010001000100
000000000011100011010011001101001
000000000111011101101011111000111
000000000111011101101100010011010
000000000111011101101100110101101
000000000111011101101100010001001
000000000111011101101110111010111
000000000111011101101101000111001
000000000111011101101001001001111
000000000111011101101010001101110
000000000111011101101011110101111
000000000111011101101010111000101
000000000111011101101100110010010
000000000111011101101100011010101
000000000111011101101011110111101
000000000111011101101100101001111
000000000111011101101101000010000
000000000111011101101101011111111
000000000111011101101011010111011
000000000111011101101100010101111
000000000111011101101110101001000
000000000111011101101100111111111
000000000111011101101010101110110
000000000111011101101110000011111
000000000111011101101010100101110
000000000111011101101100011101010
000000000111011101101110000101111
000000000111011101101101100111100
000000000111011101101110001001000
000000000111011101101011110111101
000000000111011101101100000010001
000000000111011101101001001011110
000000000111011101101100010011110
000000000111011101101101011001010
000000000111011101101011100000001
000000000111011101101010110110101
000000000111011101101011011011101
000000000111011101101101100001100
000000000111011101101110000000110
000000000111011101101001111110000
000000000111011101101110101001011
000000000111011101101010011000000
000000000111011101101000010111110
000000000111011101101101110110111
000000000111011101100111101101010
000000000111011101101100011010000
000000000111011101101000000011001
000000000111011101101101101000001
000000000111011101101010000010100
000000000111011101101100010101111
000000000111011101101001000101010
000000000111011101101011100101110
000000000111011101101100111001010
000000000111011101101100010100100
000000000111011101100111101000010
000000000111011101101010111001011
000000000111011101101011001111100
000000000111011101101111001001001
000000000111011101101010000001101
000000000111011101101010000010111
000000000111011101101100000000101
000000000111011101101100010111101
000000000111011101101010100110011
000000000111011101101100000111111
000000000111011101101011100001101
000000000111011101101011111111000
000000000000111100110001010100100
000000000000111100110010000111101
000000000000111100110001101100111
000000000000111100110001011111111
000000000000111100110011001101011
000000000000111100110011010011001
000000000000111100110001110000001
000000000000111100110011111001011
000000000000111100110000111000000
000000000000111100110010101111001
000000000000111100110101101110010
000000000000111100110011000110011
000000000000111100110000111010101
000000000000111100110011101001000
000000000000111100101101101010000
000000000000111100110001110010000
000000000000111100110110000011011
000000000000111100110010010011100
000000000000111100110110111010010
000000000000111100110011011001110
000000000000111100110001011011010
000000000000111100110011000101100
000000000000111100110001010111000
000000000000111100110011001010101
000000000000111100110010100111010
000000000000111100110000101011111
000000000000111100110001110110110
000000000000111100110101011010011
000000000000111100110011010111000
000000000000111100110010100110010
000000000000111100101111101011110
000000000000111100101111110111100
000000000000111100110011110111011
000000000000111100110011100101010
000000000000111100110001011101010
000000000000111100110101010111001
000000000000111100110010000101000
000000000000111100110000100101010
000000000000111100110001100000010
000000000000111100110011110110110
000000000000111100110000010101110
000000000000111100101111111110001
000000000000111100110010010000100
000000000000111100110001100001011
000000000000111100101111010110100
000000000000111100110001010000010
000000000000111100110001010100010
000000000000111100110100010101110
000000000000111100110011100100010
000000000000111100110000101000110
000000000000111100110010110000010
000000000000111100110011100110000
000000000000111100110001011111001
000000000000111100101111101001110
000000000000111100110000000000101
000000000000111100110011101000000
000000000000111100110000101011011
000000000000111100110000101010010
000000000000111100110011101100010
000000000000111100110011101000111
000000000000111100110001001000100
000000000000111100110000110010100
000000000000111100110010100000000
000000000000111100110100001101110
111111111011000000011011001111111
111111111011000000011010110011110
111111111011000000011001011101111
111111111011000000011000001100011
111111111011000000010111010100111
111111111011000000011001000000000
111111111011000000011000101011110
111111111011000000011001001000001
111111111011000000011001111011011
111111111011000000011010000000011
111111111011000000010110101100111
111111111011000000011000111001000
111111111011000000011010101011111
111111111011000000011001010000111
111111111011000000011100011110001
111111111011000000010111100001010
111111111011000000011001100000011
111111111011000000010110101100111
111111111011000000011000010001011
111111111011000000011000000001111
111111111011000000011010101001100
111111111011000000010110101111011
111111111011000000010111101110101
111111111011000000011101101100011
111111111011000000010111010110111
111111111011000000011001110111101
111111111011000000011010011000010
111111111011000000010100100110110
111111111011000000011011001011101
111111111011000000010111010001111
111111111011000000011011010001011
111111111011000000011011101111010
111111111011000000011010000001011
111111111011000000011001111010111
111111111011000000011011100111111
111111111011000000010101111111111
111111111011000000011000100000011
111111111011000000011001011001111
111111111011000000011011001101101
111111111011000000011010111100010
111111111011000000011001100001101
111111111011000000011010100001110
111111111011000000011001001101001
111111111011000000011011110100101
111111111011000000011001100110100
111111111011000000010110000011011
111111111011000000011010000001011
111111111011000000010101000001110
111111111011000000011010010101100
111111111011000000011011001111000
111111111011000000011010110110110
111111111011000000011001110000000
111111111011000000011011101010110
111111111011000000010111100010111
111111111011000000011001101010111
111111111011000000011000011101011
111111111011000000011001011100001
111111111011000000011010111011011
111111111011000000011000100111011
111111111011000000010110001101110
111111111011000000011000010100101
111111111011000000011010011001000
111111111011000000011001101111111
111111111011000000010101100101110
111111110110110110001100000001011
111111110110110110001101101110110
111111110110110110001100001010111
111111110110110110001010010100101
111111110110110110001100000000001
111111110110110110001011111101000
111111110110110110001110101011111
111111110110110110001101000111010
111111110110110110001010010111101
111111110110110110001100010100001
111111110110110110001100011001100
111111110110110110001101101001101
111111110110110110001101010111000
111111110110110110001101111010110
111111110110110110001010111011011
111111110110110110001010110000000
111111110110110110001011100110011
111111110110110110010000001100100
111111110110110110001100010101010
111111110110110110001100011011011
111111110110110110001100101010101
111111110110110110001101000010001
111111110110110110001101101010101
111111110110110110001101000001110
111111110110110110001010010111001
111111110110110110001110000010101
111111110110110110001011111010100
111111110110110110001110111111101
111111110110110110001101010001110
111111110110110110001101010011101
111111110110110110001101000011100
111111110110110110001101110101111
111111110110110110001010100010110
111111110110110110001011001001101
111111110110110110001011110001001
111111110110110110001101100110100
111111110110110110001010010110101
111111110110110110001110010011101
111111110110110110001010111001010
111111110110110110001101100000001
111111110110110110001011000010111
111111110110110110001011001000100
111111110110110110001110010100001
111111110110110110001110100001011
111111110110110110001110000010101
111111110110110110001111001111100
111111110110110110010000011110000
111111110110110110001100010010110
111111110110110110001100011000110
111111110110110110001111011011100
111111110110110110001011011010000
111111110110110110001101011001111
111111110110110110001101011111100
111111110110110110001101100001011
111111110110110110001100001110100
111111110110110110001011111010111
111111110110110110001101000010101
111111110110110110001110100110101
111111110110110110001010011001111
111111110110110110001011100111110
111111110110110110001110001111110
111111110110110110001101110111010
111111110110110110001110010111010
111111110110110110001011001011110
000000001001111110100100111101011
000000001001111110100011110101100
000000001001111110100010011100100
000000001001111110100001101100100
000000001001111110100011001000001
000000001001111110100100111100010
000000001001111110100100100110101
000000001001111110100101010000101
000000001001111110100110001010100
000000001001111110100011011111101
000000001001111110100110000101000
000000001001111110100111011011000
000000001001111110100101101001100
000000001001111110100101000100001
000000001001111110100011010100001
000000001001111110100101110011101
000000001001111110100001011000001
000000001001111110100110011101100
000000001001111110100100111000110
000000001001111110100100000011100
000000001001111110100001111000111
000000001001111110100100111011000
000000001001111110100011000111101
000000001001111110100000101111010
000000001001111110100110011101000
000000001001111110100110110011011
000000001001111110101000100010010
000000001001111110100101000111110
000000001001111110100100010100001
000000001001111110100101010011001
000000001001111110100010011000111
000000001001111110100011001010001
000000001001111110100011100100010
000000001001111110100101001111101
000000001001111110100010001100001
000000001001111110100110001011111
000000001001111110100100110001100
000000001001111110100110010101100
000000001001111110100011100010101
000000001001111110100101000001011
000000001001111110100011010101110
000000001001111110100101000111110
000000001001111110100001111011111
000000001001111110100010111110011
000000001001111110100011001001010
000000001001111110100101011000011
000000001001111110100110010110010
000000001001111110100010110110010
000000001001111110100100011011000
000000001001111110100100101010011
000000001001111110100100011110010
000000001001111110100100110000010
000000001001111110100110110010110
000000001001111110100101110000111
000000001001111110100100111111011
000000001001111110100101100011100
000000001001111110100110101001111
000000001001111110100001111111001
000000001001111110100100011110011
000000001001111110100101011000001
000000001001111110100101000000101
000000001001111110100010011001100
000000001001111110100100001110011
000000001001111110100100110100100
111111110110110010000000001010111
111111110110110001111111010001011
111111110110110010000001101001000
111111110110110010000100011111110
111111110110110010000010101101100
111111110110110010000010100011110
111111110110110001111111010001101
111111110110110001111110111011111
111111110110110010000000000110000
111111110110110010000001001000110
111111110110110001111111001001001
111111110110110010000011110101111
111111110110110001111110011011111
111111110110110001111111100111011
111111110110110010000010001101100
111111110110110010000001111101011
111111110110110010000010101111001
111111110110110001111111101010000
111111110110110010000001111000011
111111110110110010000010100111011
111111110110110001111101110011010
111111110110110010000011000010110
111111110110110001111110111001100
111111110110110010000000000010001
111111110110110010000001010100000
111111110110110010000010100100111
111111110110110010000010001010001
111111110110110001111110111100101
111111110110110001111111111010011
111111110110110010000001110011110
111111110110110010000001110110100
111111110110110010000101010010100
111111110110110010000010101110011
111111110110110010000001011101010
111111110110110001111100010110101
111111110110110010000001100001111
111111110110110010000000111011001
111111110110110001111111110000111
111111110110110010000000011001100
111111110110110001111101101101100
111111110110110010000001000100011
111111110110110010000001010001100
111111110110110010000010000110100
111111110110110001111111010100000
111111110110110001111101101101110
111111110110110010000000111100001
111111110110110001111111110001111
111111110110110001111100101110011
111111110110110010000000011101110
111111110110110010000011011011011
111111110110110010000011100101000
111111110110110010000010001000100
111111110110110001111110111101100
111111110110110001111111110101000
111111110110110010000100101010001
111111110110110010000000111001000
111111110110110010000000001110000
111111110110110001111111001001000
111111110110110010000000100110100
111111110110110010000010110100010
111111110110110001111111000001010
111111110110110010000010100111111
111111110110110010000000110010001
111111110110110010000010111010011
000000000101011010000111100010001
000000000101011010000100001101001
000000000101011010000111000000110
000000000101011010000011011110111
000000000101011010000100010010111
000000000101011010000110111101110
000000000101011010000101000010011
000000000101011010000101111100100
000000000101011010000111110101000
000000000101011010001000001110101
000000000101011010000111100101001
000000000101011010000111011001110
000000000101011010000101000111011
000000000101011010000101110000100
000000000101011010001000110001011
000000000101011010000110110001001
000000000101011010000100110101101
000000000101011010001000100011101
000000000101011010000110000111100
000000000101011010000100101101011
000000000101011010000000101001101
000000000101011010000011101000110
000000000101011010000100101100111
000000000101011010000101111111000
000000000101011010000101101111100
000000000101011010000110111000111
000000000101011010000100110010100
000000000101011010000101101010100
000000000101011010000100110001100
000000000101011010000011100011101
000000000101011010000100101110010
000000000101011010000110101100001
000000000101011010000101000011110
000000000101011010001001111001011
000000000101011010001001000100101
000000000101011010000011010010111
000000000101011010000111001110110
000000000101011010000101111110110
000000000101011010000110001001011
000000000101011010000101100001111
000000000101011010001000110010000
000000000101011010000001100110100
000000000101011010000110110011010
000000000101011010000110010000011
000000000101011010000011101001010
000000000101011010000110101000001
000000000101011010001000111001001
000000000101011010000110010101011
000000000101011010000101000101010
000000000101011010000100110110111
000000000101011010000111101010011
000000000101011010000100111110010
000000000101011010000100100001001
000000000101011010000110111100110
000000000101011010000110100001100
000000000101011010000011110101101
000000000101011010000101110011000
000000000101011010000100011110101
000000000101011010000100011100000
000000000101011010000011110101110
000000000101011010000110111111110
000000000101011010000101111011111
000000000101011010001000111110100
000000000101011010000111001101100
000000000101101011000001110110100
000000000101101010111101101100001
000000000101101010111111000001011
000000000101101011000000111110001
000000000101101011000000011100000
000000000101101010111110110101001
000000000101101010111111111110100
000000000101101011000010001001101
000000000101101011000011101101111
000000000101101011000000100000110
000000000101101011000010101001111
000000000101101011000100000110100
000000000101101010111111110111101
000000000101101010111110111000000
000000000101101011000000001111111
000000000101101011000000100100111
000000000101101011000011000111011
000000000101101011000001001000101
000000000101101011000010000111010
000000000101101011000001110011110
000000000101101010111111111111011
000000000101101011000011111110110
000000000101101011000000001000010
000000000101101011000010101101110
000000000101101010111111110111111
000000000101101011000000000101011
000000000101101011000010111010011
000000000101101011000001001100111
000000000101101011000100001000001
000000000101101010111110100011110
000000000101101011000000010110100
000000000101101011000001010100001
000000000101101011000001000101110
000000000101101010111110111001001
000000000101101011000010100100000
000000000101101010111101100100010
000000000101101011000000011110000
000000000101101011000011010110001
000000000101101011000100001010011
000000000101101011000000001000011
000000000101101011000001111000001
000000000101101011000000111110110
000000000101101011000000001001110
000000000101101011000001100000010
000000000101101011000001110101000
000000000101101010111110001101010
000000000101101010111110000001010
000000000101101011000011001011111
000000000101101010111110101100100
000000000101101011000000000100100
000000000101101011000011001010001
000000000101101011000000111100010
000000000101101010111111101111101
000000000101101011000000110011011
000000000101101011000010100010101
000000000101101011000010000101100
000000000101101011000001011110110
000000000101101010111111000000001
000000000101101011000000001011011
000000000101101011000000100101011
000000000101101010111111010101010
000000000101101010111110001010000
000000000101101011000000101000100
000000000101101010111011100010010
000000000100100100110000110101110
000000000100100100110000010010111
000000000100100100110011011110011
000000000100100100110001100011011
000000000100100100110000111011100
000000000100100100110000100111100
000000000100100100110000110110101
000000000100100100101110010011010
000000000100100100110000011100001
000000000100100100101111100010101
000000000100100100110000001000000
000000000100100100101111101111111
000000000100100100110000111110100
000000000100100100110010000101100
000000000100100100110001010111010
000000000100100100101111110010011
000000000100100100110000111100100
000000000100100100101110011000101
000000000100100100110001101100110
000000000100100100101111111111111
000000000100100100110000111001100
000000000100100100110000010011011
000000000100100100110010011010000
000000000100100100110101011100101
000000000100100100101110010101001
000000000100100100110010001000100
000000000100100100101100001111010
000000000100100100101111101011110
000000000100100100110000011011110
000000000100100100110000110101101
000000000100100100110000001111011
000000000100100100110010110010000
000000000100100100110001010011110
000000000100100100110100111011101
000000000100100100110001111101001
000000000100100100110010100101111
000000000100100100101111110110101
000000000100100100101111100100111
000000000100100100110000111110001
000000000100100100110001110101100
000000000100100100110000010010000
000000000100100100101101000101111
000000000100100100110010000100010
000000000100100100101110011100000
000000000100100100110010001000101
000000000100100100110011111111001
000000000100100100110010011110000
000000000100100100101101100111001
000000000100100100110000010111010
000000000100100100101111001100111
000000000100100100101110101001101
000000000100100100101111101110000
000000000100100100110100111011001
000000000100100100101111011110100
000000000100100100101111111011111
000000000100100100110000010000110
000000000100100100101101010110100
000000000100100100110000111110110
000000000100100100110000100001000
000000000100100100110000001101101
000000000100100100110010000101000
000000000100100100110010011001000
000000000100100100110001001010111
000000000100100100110100001101101
111111111111110110011111110010011
111111111111110110100000101100000
111111111111110110011110001010001
111111111111110110011110110100111
111111111111110110100000111010000
111111111111110110011111111101010
111111111111110110011111101000001
111111111111110110011110000101010
111111111111110110011111001001010
111111111111110110100011100011101
111111111111110110100000000100111
111111111111110110011111110011111
111111111111110110011110100011010
111111111111110110100000010001110
111111111111110110100001100010010
111111111111110110011100000100010
111111111111110110100000110101101
111111111111110110011111111001110
111111111111110110011111001100010
111111111111110110011111000100110
111111111111110110100001000010111
111111111111110110011111000110111
111111111111110110011010111111101
111111111111110110011111001000000
111111111111110110100010101000011
111111111111110110100000100101011
111111111111110110011111110001100
111111111111110110011111001010111
111111111111110110100001111110101
111111111111110110100001100010110
111111111111110110011101110101000
111111111111110110100001001110000
111111111111110110100001001110011
111111111111110110100000100000101
111111111111110110011100110100010
111111111111110110100000001000101
111111111111110110011101101000000
111111111111110110011111001000111
111111111111110110100001101100001
111111111111110110011101110101001
111111111111110110100011011010111
111111111111110110100000101101011
111111111111110110100000000111101
111111111111110110100000011111000
111111111111110110011110010001101
111111111111110110100000010100000
111111111111110110011111010001101
111111111111110110100000111101010
111111111111110110011110000011100
111111111111110110100000111100010
111111111111110110100000000101011
111111111111110110100010000000110
111111111111110110011111000110110
111111111111110110011110101110000
111111111111110110011111001010101
111111111111110110100000110111011
111111111111110110011110001110000
111111111111110110011110000000010
111111111111110110011111011110100
111111111111110110011101000110001
111111111111110110011111010111110
111111111111110110100000111000001
111111111111110110011111000111010
111111111111110110100000010110000
111111111011101111101110010001100
111111111011101111101110100111000
111111111011101111101011001010111
111111111011101111101011011011010
111111111011101111101111100011000
111111111011101111101101100100011
111111111011101111101100110011111
111111111011101111101110011000101
111111111011101111101111111110110
111111111011101111101110101011101
111111111011101111101011000101010
111111111011101111101011001101001
111111111011101111101101100100110
111111111011101111101101000010011
111111111011101111101110110000111
111111111011101111101111101101111
111111111011101111101101101100001
111111111011101111110000100011000
111111111011101111101101101110111
111111111011101111101100000010001
111111111011101111101110101100011
111111111011101111101100101100011
111111111011101111101111001101010
111111111011101111101101100000110
111111111011101111101101101101001
111111111011101111101101010101110
111111111011101111101011111001110
111111111011101111110000001100100
111111111011101111101100011101010
111111111011101111110000110110101
111111111011101111101111010110000
111111111011101111101110001110101
111111111011101111101111110001011
111111111011101111101001110010000
111111111011101111110000010011001
111111111011101111101100010101111
111111111011101111101100101011101
111111111011101111101110100110110
111111111011101111101011111011001
111111111011101111110000000111001
111111111011101111101101001110011
111111111011101111101101011101101
111111111011101111101111000100001
111111111011101111101101010111101
111111111011101111110000001110010
111111111011101111101110110100001
111111111011101111101011001000001
111111111011101111110001011011000
111111111011101111101101101011101
111111111011101111101010101100010
111111111011101111101110101001111
111111111011101111101111011111101
111111111011101111101111110010011
111111111011101111101110001110101
111111111011101111110000000101110
111111111011101111101111011000110
111111111011101111101110000001011
111111111011101111101110010011010
111111111011101111110000000100100
111111111011101111101110001010100
111111111011101111101100111110010
111111111011101111101101011000101
111111111011101111110000011001100
111111111011101111101100111101011
000000000001111100111101100100011
000000000001111100111001101111010
000000000001111100111010011110001
000000000001111100111001110111010
000000000001111100111001010001111
000000000001111100111010100100000
000000000001111100111100010110000
000000000001111100111011101010010
000000000001111100111011111000000
000000000001111100111101101100010
000000000001111100111100001011110
000000000001111100111011101101110
000000000001111100111000001100001
000000000001111100111011110010100
000000000001111100111001100111011
000000000001111100111001111100000
000000000001111100111011000000010
000000000001111100110110110110010
000000000001111100111100000010011
000000000001111100111011101111101
000000000001111100111010000001000
000000000001111100111011111001010
000000000001111100111011000010110
000000000001111100111000111111110
000000000001111100111011010011110
000000000001111100111100111011110
000000000001111100111011010001110
000000000001111100111111001010001
000000000001111100111100110100101
000000000001111100111100011001000
000000000001111100111011101100110
000000000001111100111100001000010
000000000001111100111100101111010
000000000001111100111010000100111
000000000001111100111011010000001
000000000001111100111011010100101
000000000001111100111101001000000
000000000001111100111001101100100
000000000001111100111010000111010
000000000001111100111001010011000
000000000001111100111110111101101
000000000001111100111001101011011
000000000001111100111100100010100
000000000001111100111101010101111
000000000001111100110111111011000
000000000001111100111010110011110
000000000001111100111111000011000
000000000001111100111000001101001
000000000001111100111101000111111
000000000001111100111101101000110
000000000001111100111011110010111
000000000001111100111010000010111
000000000001111100111100100001000
000000000001111100111000111001001
000000000001111100111100000011111
000000000001111100111001010111101
000000000001111100111011010100000
000000000001111100111110010000110
000000000001111100111001111101000
000000000001111100111001011100110
000000000001111100111010100011011
000000000001111100111010110110010
000000000001111100111100110111000
000000000001111100111010100100110
000000000111100111001101100000101
000000000111100111010000100011110
000000000111100111001111011100000
000000000111100111001110110101110
000000000111100111001101001010101
000000000111100111001100111011001
000000000111100111001110111001111
000000000111100111001110001100001
000000000111100111001111010110111
000000000111100111001100011010110
000000000111100111001110101110110
000000000111100111010001101100101
000000000111100111001101111010100
000000000111100111001101110101000
000000000111100111001101010010101
000000000111100111001110110000010
000000000111100111001111000000100
000000000111100111001111011010101
000000000111100111010000000011010
000000000111100111001010111000000
000000000111100111010000011111110
000000000111100111001111110010101
000000000111100111001110001111010
000000000111100111001111001111010
000000000111100111001111111000110
000000000111100111001110001101101
000000000111100111001110000111001
000000000111100111010011101100011
000000000111100111001110000101001
000000000111100111010000011101101
000000000111100111001011101000101
000000000111100111001110001010111
000000000111100111001111011000010
000000000111100111010000010111011
000000000111100111001110001111000
000000000111100111001111011110011
000000000111100111001110000000010
000000000111100111001101110110001
000000000111100111001111100001100
000000000111100111001111010011001
000000000111100111001101111011010
000000000111100111001101110010101
000000000111100111001101010001010
000000000111100111001100011000010
000000000111100111010000010011010
000000000111100111001111011000010
000000000111100111001111001101100
000000000111100111001110100001111
000000000111100111010001111011101
000000000111100111001011100110101
000000000111100111001111101011101
000000000111100111001110111001110
000000000111100111010010011110111
000000000111100111001110011000100
000000000111100111001110011110011
000000000111100111001110010010111
000000000111100111001011111001110
000000000111100111001101101101100
000000000111100111001101100000000
000000000111100111001111001101111
000000000111100111001110011110100
000000000111100111010001000010001
000000000111100111001110001011000
000000000111100111010000100100100
111111111110101111111000101111101
111111111110101111110111101000101
111111111110101111110110101001011
111111111110101111111011101101101
111111111110101111111011101110001
111111111110101111111010010001001
111111111110101111111001100010010
111111111110101111110111000000010
111111111110101111110110101110001
111111111110101111111001110011101
111111111110101111111010001100010
111111111110101111110110010100110
111111111110101111111010001001100
111111111110101111111000011010110
111111111110101111110110111010011
111111111110101111111001011110001
111111111110101111111000111111111
111111111110101111111000010110011
111111111110101111111010010111111
111111111110101111110111111110010
111111111110101111110111111011100
111111111110101111110101110100101
111111111110101111110110111011111
111111111110101111110101001100001
111111111110101111111010011111000
111111111110101111111000001110111
111111111110101111110110111111000
111111111110101111111010111100111
111111111110101111111000010110011
111111111110101111111001100100011
111111111110101111110110110001111
111111111110101111110111010010100
111111111110101111111000101101010
111111111110101111111000111001100
111111111110101111111001011000000
111111111110101111111100011110001
111111111110101111111010000101111
111111111110101111110111111011010
111111111110101111111010011111010
111111111110101111111001010010000
111111111110101111111001110000011
111111111110101111111011110001001
111111111110101111110111110111011
111111111110101111110101110010010
111111111110101111111000100100000
111111111110101111111010010111011
111111111110101111111010001101001
111111111110101111111010010101101
111111111110101111111001101001011
111111111110101111111001101111011
111111111110101111110111010010011
111111111110101111110111111011110
111111111110101111111000001101010
111111111110101111110101100000101
111111111110101111111000110100100
111111111110101111111000001011111
111111111110101111111000110000010
111111111110101111111001100100101
111111111110101111111001011001101
111111111110101111111000110001010
111111111110101111111010010000010
111111111110101111110101000000110
111111111110101111110111100111101
111111111110101111111000001001000
111111111000100101011011100100111
111111111000100101011111100001100
111111111000100101100100101001100
111111111000100101100001000110100
111111111000100101100010000000001
111111111000100101011111111100100
111111111000100101011111101000101
111111111000100101011101100100001
111111111000100101011101011000100
111111111000100101100000100101110
111111111000100101100001010001010
111111111000100101011010111001111
111111111000100101100000100000011
111111111000100101100000000011110
111111111000100101100000000101101
111111111000100101100001100011001
111111111000100101011101110101111
111111111000100101011100110010101
111111111000100101011100011101100
111111111000100101100000100100011
111111111000100101100011101100010
111111111000100101011101010011110
111111111000100101100001010100000
111111111000100101011011111111100
111111111000100101100000011001010
111111111000100101011101110010111
111111111000100101011110111101111
111111111000100101011111101111011
111111111000100101011011011010111
111111111000100101011100001111010
111111111000100101011101100100011
111111111000100101011011110111011
111111111000100101011100001101100
111111111000100101011110111111111
111111111000100101100001011100010
111111111000100101100000100111001
111111111000100101100100010010001
111111111000100101011101001110010
111111111000100101011111100000111
111111111000100101100001000111010
111111111000100101011101111100011
111111111000100101100001010011011
111111111000100101011110000110001
111111111000100101100000101011000
111111111000100101011110111110111
111111111000100101100000001011110
111111111000100101011100110100110
111111111000100101100010111011000
111111111000100101100011101110001
111111111000100101011111111001000
111111111000100101011010111001100
111111111000100101011101111111011
111111111000100101011111010111001
111111111000100101011111111111001
111111111000100101011011111011100
111111111000100101011110111111011
111111111000100101011110100011000
111111111000100101011110011111100
111111111000100101011110101011101
111111111000100101011111110010110
111111111000100101011111001101001
111111111000100101100001011000001
111111111000100101011101100111000
111111111000100101100100101001001
000000000101101100110001111010111
000000000101101100110100110011100
000000000101101100110111001011011
000000000101101100110100110000110
000000000101101100110101010101000
000000000101101100110110001101011
000000000101101100110110011111011
000000000101101100110100100101100
000000000101101100110101011100101
000000000101101100110101010010010
000000000101101100110111000100111
000000000101101100110100101010101
000000000101101100110101100001101
000000000101101100110111011111101
000000000101101100110111001101110
000000000101101100110111011000010
000000000101101100110010110010111
000000000101101100110110100000010
000000000101101100110101011110011
000000000101101100110101001010110
000000000101101100110110111011010
000000000101101100110110000110000
000000000101101100110100101000000
000000000101101100110101011101111
000000000101101100110111010000111
000000000101101100110100001011110
000000000101101100110101101100011
000000000101101100110101000000111
000000000101101100111000001111001
000000000101101100110110010111101
000000000101101100110100011110011
000000000101101100110101100000101
000000000101101100111000100000001
000000000101101100110111101100111
000000000101101100111000001111001
000000000101101100110011101010010
000000000101101100110100101101110
000000000101101100110101000110011
000000000101101100110100101010001
000000000101101100111000011001111
000000000101101100110111000011111
000000000101101100110011111000000
000000000101101100110100110110101
000000000101101100110101000011111
000000000101101100110111100010001
000000000101101100110111110111110
000000000101101100110101100110011
000000000101101100110101110111111
000000000101101100110101010110100
000000000101101100110110001010001
000000000101101100110000100110000
000000000101101100110111000010100
000000000101101100110110011011100
000000000101101100110101001111011
000000000101101100110111111010101
000000000101101100110011010000011
000000000101101100110101010101100
000000000101101100110010100000101
000000000101101100110100001101000
000000000101101100110100001111110
000000000101101100111000110000111
000000000101101100110010111101001
000000000101101100110100100000111
000000000101101100110110101010000
000000000000111010010000000110000
000000000000111010001101110101111
000000000000111010001011011001110
000000000000111010010000111001010
000000000000111010001111100100000
000000000000111010001100010110110
000000000000111010001001101011111
000000000000111010001010010101111
000000000000111010001110110010000
000000000000111010001101110011111
000000000000111010010000101100111
000000000000111010001110000001101
000000000000111010001111011100101
000000000000111010001110111010001
000000000000111010001100101100010
000000000000111010001010010010011
000000000000111010001100101101010
000000000000111010001011011010011
000000000000111010001101000001101
000000000000111010001100101001101
000000000000111010001101010100000
000000000000111010001011011011000
000000000000111010001011111101011
000000000000111010001110000100111
000000000000111010010000111001100
000000000000111010001101010100101
000000000000111010001111001001011
000000000000111010010001011010110
000000000000111010001100001011001
000000000000111010001100110000011
000000000000111010001000101101001
000000000000111010001111111011100
000000000000111010001111001111001
000000000000111010001110111101100
000000000000111010001111011100001
000000000000111010010000100110110
000000000000111010010000001110100
000000000000111010001110111001101
000000000000111010001101000010101
000000000000111010001101001101011
000000000000111010001110000010100
000000000000111010001101101001010
000000000000111010001011011001100
000000000000111010001001111011101
000000000000111010010000010010010
000000000000111010001111011101100
000000000000111010001110001101000
000000000000111010001101001111111
000000000000111010001100000101101
000000000000111010001101100011010
000000000000111010001101001010010
000000000000111010001100000111010
000000000000111010001110010101000
000000000000111010001100111000101
000000000000111010001101011110110
000000000000111010001100000011111
000000000000111010001101100000100
000000000000111010001011000010010
000000000000111010001110101011101
000000000000111010001111000001110
000000000000111010001111000000110
000000000000111010001001111110101
000000000000111010001100011001011
000000000000111010001111001101111
000000000001101001111101001100101
000000000001101001111110001000001
000000000001101001111111111110101
000000000001101010000000101010110
000000000001101001111100010011000
000000000001101001111110001011110
000000000001101010000001100111011
000000000001101001111110011001110
000000000001101001111101011100000
000000000001101001111111001110111
000000000001101001111101101001001
000000000001101001111111100011101
000000000001101001111100000100110
000000000001101001111100100010101
000000000001101010000000010010110
000000000001101001111111111001101
000000000001101001111101100110000
000000000001101001111100110111011
000000000001101001111110000111011
000000000001101001111101101111110
000000000001101001111110001100011
000000000001101001111111011001000
000000000001101001111101101011110
000000000001101001111101010111000
000000000001101001111101000001101
000000000001101001111100110101100
000000000001101001111110100101110
000000000001101001111011110101101
000000000001101010000000000101101
000000000001101001111100010000011
000000000001101001111110101100010
000000000001101001111110011001100
000000000001101001111111000010000
000000000001101001111101101111000
000000000001101001111110011001001
000000000001101001111101000010010
000000000001101001111011100010101
000000000001101001111011010111111
000000000001101001111111111011000
000000000001101001111010111110010
000000000001101001111110000101101
000000000001101001111100001010001
000000000001101001111111110110111
000000000001101010000000010100110
000000000001101001111011110100000
000000000001101001111111100111000
000000000001101001111110110011100
000000000001101001111101000010001
000000000001101001111111100000110
000000000001101001111101100111010
000000000001101001111111011110110
000000000001101010000000101111101
000000000001101001111101101100010
000000000001101001111100100000100
000000000001101001111101100100110
000000000001101001111101000001100
000000000001101001111101010010100
000000000001101001111101000001111
000000000001101001111101011011110
000000000001101001111011100001011
000000000001101001111110010100000
000000000001101001111110011111000
000000000001101010000000110100100
000000000001101001111111000100111
111111111011010011000110010101101
111111111011010011000101101011000
111111111011010011000011100110110
111111111011010011000100010010110
111111111011010011000110111111011
111111111011010011000110110011010
111111111011010011000110011110010
111111111011010011000010100011011
111111111011010011000101110000001
111111111011010011000110001000100
111111111011010011000101110100010
111111111011010011000010100011001
111111111011010011000100111011111
111111111011010011000100011010011
111111111011010011000100010110000
111111111011010011000001111000110
111111111011010011000110101010100
111111111011010011000100011011111
111111111011010011000101001100110
111111111011010011000101111110001
111111111011010011000110011001010
111111111011010011000011101110011
111111111011010011000110101100000
111111111011010011000111001011000
111111111011010011000111100011000
111111111011010011000000111010010
111111111011010011000101110100001
111111111011010011000100011011001
111111111011010011000110101100001
111111111011010011000101000101101
111111111011010011000001100110011
111111111011010011000100001001110
111111111011010011000100100010000
111111111011010011000011110000101
111111111011010011000111001001001
111111111011010011000111010010001
111111111011010011000110111100100
111111111011010011001000001101111
111111111011010011000110111010001
111111111011010011000111011101001
111111111011010011000101110011101
111111111011010011000100100010100
111111111011010011000101101000000
111111111011010011000011000111101
111111111011010011001000000001111
111111111011010011000101000110000
111111111011010011000101011100010
111111111011010011000111010000000
111111111011010011000111000101000
111111111011010011000101110100100
111111111011010011000110110100100
111111111011010011000110000010110
111111111011010011000111010011001
111111111011010011000100111010110
111111111011010011000010010101011
111111111011010011000110010100101
111111111011010011000110110000110
111111111011010011000101010000110
111111111011010011000110110101101
111111111011010011000110001100000
111111111011010011000101010111001
111111111011010011000101010001111
111111111011010011000110101101110
111111111011010011000101110011011
111111111111110101010011111111000
111111111111110101010010011000110
111111111111110101010001111011011
111111111111110101010011000000100
111111111111110101010001011100011
111111111111110101010001100001110
111111111111110101010001110010101
111111111111110101010100001000100
111111111111110101010100010111101
111111111111110101010011101010110
111111111111110101010100000011010
111111111111110101010110011000111
111111111111110101010000111111111
111111111111110101010100000111000
111111111111110101010001101101111
111111111111110101010011011010010
111111111111110101010010101010101
111111111111110101010011001011011
111111111111110101010101101001001
111111111111110101010011100000001
111111111111110101010001010101001
111111111111110101010101101001110
111111111111110101010100001100110
111111111111110101010011001111100
111111111111110101010100011011111
111111111111110101010001100001000
111111111111110101010000110111011
111111111111110101010100101100011
111111111111110101010010101100011
111111111111110101010110000111010
111111111111110101010010110101110
111111111111110101010100111010001
111111111111110101010010111100100
111111111111110101010001110110011
111111111111110101010001101000101
111111111111110101010010111000001
111111111111110101010001101011001
111111111111110101010100011001000
111111111111110101010001110010011
111111111111110101010000001011001
111111111111110101010011110100111
111111111111110101010011001011101
111111111111110101010001101011010
111111111111110101010010111000111
111111111111110101010010001001111
111111111111110101010101100111101
111111111111110101010010111100100
111111111111110101010101000010101
111111111111110101010010101110011
111111111111110101010010011111010
111111111111110101010010110101100
111111111111110101010100010100000
111111111111110101010000010111110
111111111111110101010100010100111
111111111111110101010011111111011
111111111111110101010100111111001
111111111111110101010000001001100
111111111111110101010010101110110
111111111111110101010010101010011
111111111111110101010010000110010
111111111111110101010011010110001
111111111111110101001111100001111
111111111111110101010001101101000
111111111111110101010010000110111
000000000101000010000110010001010
000000000101000010000111010000010
000000000101000010000111100110010
000000000101000010000101100110001
000000000101000010000111011111001
000000000101000010001000000001111
000000000101000010001001111111110
000000000101000010000111110010010
000000000101000010001010111101000
000000000101000010000111101001000
000000000101000010000101110011100
000000000101000010000101110110001
000000000101000010001000010111101
000000000101000010000100000010010
000000000101000010001001110110001
000000000101000010000110110000101
000000000101000010000110000010111
000000000101000010001010010101010
000000000101000010001000111111011
000000000101000010001010100111001
000000000101000010000100111100100
000000000101000010000110001011111
000000000101000010001001010011101
000000000101000010001010000101011
000000000101000010000110011011111
000000000101000010001000101110000
000000000101000010001000101011000
000000000101000010000110010110010
000000000101000010000111110110110
000000000101000010000110100010001
000000000101000010000111011011011
000000000101000010000110010101010
000000000101000010000111011110110
000000000101000010000110100001011
000000000101000010001010000001101
000000000101000010000101101100110
000000000101000010001001100101000
000000000101000010001001011011011
000000000101000010001001010001101
000000000101000010001011001100110
000000000101000010000111001101101
000000000101000010000111010111111
000000000101000010001000001000000
000000000101000010000100111010000
000000000101000010001001010101111
000000000101000010000111100010000
000000000101000010000111000011001
000000000101000010001010001101111
000000000101000010001011010000011
000000000101000010001010010011001
000000000101000010000110110100110
000000000101000010000101110011100
000000000101000010001000111000100
000000000101000010001010111111110
000000000101000010001000110110000
000000000101000010001001000100110
000000000101000010001011010010010
000000000101000010001000010010111
000000000101000010000101111101100
000000000101000010000111100110011
000000000101000010000110110111111
000000000101000010001001000001100
000000000101000010001000000000111
000000000101000010000111111011101
000000000111100111001000010101100
000000000111100111000011101001010
000000000111100111000101011110001
000000000111100111000001110001111
000000000111100111000110011111000
000000000111100111000100100111010
000000000111100111000001110101010
000000000111100111000110000100001
000000000111100111000011100000011
000000000111100111000010111110101
000000000111100111000110111111110
000000000111100111000011111111100
000000000111100111000011111101000
000000000111100111000101110100100
000000000111100111000010000011111
000000000111100111000100010100101
000000000111100111000011011001111
000000000111100111000010000010101
000000000111100111000011011011001
000000000111100111000001110110111
000000000111100111000111001101000
000000000111100111000001110111100
000000000111100111000100111011000
000000000111100111000101101110100
000000000111100111000101001100101
000000000111100111000101111110000
000000000111100111000101111100101
000000000111100111000011111110110
000000000111100111000100001011001
000000000111100111000000100000101
000000000111100111000010101100100
000000000111100111000010101101100
000000000111100111000011101101100
000000000111100111000011101101101
000000000111100111000101111000101
000000000111100111000000110001010
000000000111100111000110101110101
000000000111100111000010000101011
000000000111100111000011111110101
000000000111100111000011000000110
000000000111100111000011101000000
000000000111100111000101110000111
000000000111100111000001110000001
000000000111100111000101010010100
000000000111100111000001110100001
000000000111100111000110000001100
000000000111100111000100001011000
000000000111100111000010010010000
000000000111100111000011101110010
000000000111100111000100000010101
000000000111100111000011110001001
000000000111100111000010001001111
000000000111100111000110010101101
000000000111100111000100100010100
000000000111100111000101110010000
000000000111100111000011100101110
000000000111100111000110100101000
000000000111100111000010010100101
000000000111100111000100011001111
000000000111100111000101001001001
000000000111100111000010011011110
000000000111100111000010010001011
000000000111100111000011110110010
000000000111100111000100110111010
000000001000010010001010000011110
000000001000010010001011011010010
000000001000010010001001100110110
000000001000010010001011011000001
000000001000010010001001110011001
000000001000010010001001100100010
000000001000010010001001110111100
000000001000010010001010101111011
000000001000010010001000010001110
000000001000010010001001000001100
000000001000010010001010011010110
000000001000010010001011110001110
000000001000010010001101000101100
000000001000010010001010011111110
000000001000010010001001101010101
000000001000010010001011100010111
000000001000010010001011001010010
000000001000010010001100010100011
000000001000010010001001101001000
000000001000010010001001111110000
000000001000010010001010001011101
000000001000010010001011010010101
000000001000010010001011111011110
000000001000010010000110100111000
000000001000010010001100101100110
000000001000010010001100000100100
000000001000010010001011001111101
000000001000010010001110000100100
000000001000010010001001110110101
000000001000010010001101110001000
000000001000010010001001100001000
000000001000010010001010011111001
000000001000010010001001101110111
000000001000010010001011111110010
000000001000010010001000101110111
000000001000010010001101111001011
000000001000010010001000001100100
000000001000010010001011001110111
000000001000010010001010000111110
000000001000010010001010000010101
000000001000010010001100011000011
000000001000010010001110010101101
000000001000010010001000111110100
000000001000010010001001011110101
000000001000010010001011001010011
000000001000010010001010001111110
000000001000010010001010110101011
000000001000010010001001011000010
000000001000010010001011101110111
000000001000010010001000001010110
000000001000010010001011001101110
000000001000010010001001110100100
000000001000010010001000111011010
000000001000010010001001101010011
000000001000010010001011000011000
000000001000010010001011101011010
000000001000010010001010101000011
000000001000010010001000110010101
000000001000010010001011011110010
000000001000010010001010111010010
000000001000010010001010100010110
000000001000010010001011001010111
000000001000010010001001111110011
000000001000010010001100010011111
111111111111100010110011010100010
111111111111100010110110101001110
111111111111100010110111000111001
111111111111100010110111011010010
111111111111100010111000001110010
111111111111100010110111011010100
111111111111100010110111111100101
111111111111100010111000101010011
111111111111100010110111001011011
111111111111100010111010001011100
111111111111100010110100110110010
111111111111100010110110010111000
111111111111100010111000100010100
111111111111100010111000000011100
111111111111100010111000101010011
111111111111100010110111011011100
111111111111100010110111010001101
111111111111100010110111100111100
111111111111100010110101101010100
111111111111100010111000000001100
111111111111100010110110001011100
111111111111100010110110001100111
111111111111100010110110100110101
111111111111100010110110000110100
111111111111100010110101010111100
111111111111100010110111101111010
111111111111100010110111011110011
111111111111100010110110001000000
111111111111100010110101101110011
111111111111100010110111100010101
111111111111100010110110110011010
111111111111100010110110010100001
111111111111100010110111100100001
111111111111100010111000000011101
111111111111100010111000010000111
111111111111100010111000110010000
111111111111100010110100101010001
111111111111100010111100110111101
111111111111100010110111010100101
111111111111100010111001100000001
111111111111100010110111111011011
111111111111100010110101101101000
111111111111100010110110010001000
111111111111100010110110111110000
111111111111100010110111111100110
111111111111100010110110110011100
111111111111100010111010001001011
111111111111100010111001111011111
111111111111100010110101000001110
111111111111100010110110101101110
111111111111100010110101111110110
111111111111100010110111010011010
111111111111100010110111001000101
111111111111100010111000011000111
111111111111100010110111100100100
111111111111100010110110010010100
111111111111100010111001000001100
111111111111100010110111100000010
111111111111100010111000011100000
111111111111100010110100110001110
111111111111100010111001011111000
111111111111100010111001011010011
111111111111100010111001000011010
111111111111100010110010111100101
111111111110110010100101001000111
111111111110110010100011100101000
111111111110110010100011010000100
111111111110110010100100111010110
111111111110110010100010111110111
111111111110110010100011000011000
111111111110110010100001010011110
111111111110110010100101100010011
111111111110110010100011110111010
111111111110110010100010010010001
111111111110110010100000000010101
111111111110110010100100110011111
111111111110110010100001110100000
111111111110110010100001101011111
111111111110110010100100011000101
111111111110110010100100001111000
111111111110110010100001011011101
111111111110110010100011110011010
111111111110110010100011000001001
111111111110110010100100110010001
111111111110110010100001011000010
111111111110110010100001100111000
111111111110110010100100011100101
111111111110110010100100011001001
111111111110110010100100100011010
111111111110110010100011011011001
111111111110110010100011001100111
111111111110110010100010011010110
111111111110110010100011001010001
111111111110110010100110100100001
111111111110110010100101010110101
111111111110110010100011111100111
111111111110110010100001111100110
111111111110110010100011100111000
111111111110110010100110100011100
111111111110110010100011011010111
111111111110110010100100110100011
111111111110110010100110101000001
111111111110110010011111101011101
111111111110110010100011100010100
111111111110110010100011010011001
111111111110110010100011001100100
111111111110110010100010100111011
111111111110110010100101011110101
111111111110110010100011101001000
111111111110110010100101101010110
111111111110110010100011001110010
111111111110110010100001111010001
111111111110110010100000011111001
111111111110110010100010010010111
111111111110110010100110111110011
111111111110110010100100001101011
111111111110110010100011000110110
111111111110110010100010001100001
111111111110110010100100011000001
111111111110110010011111000110001
111111111110110010100010110011100
111111111110110010100101010101101
111111111110110010100010110011100
111111111110110010100011000111000
111111111110110010100100110001001
111111111110110010100100101010110
111111111110110010100100111011100
111111111110110010100010111010011
000000000001110100111110101011010
000000000001110100111100111000111
000000000001110100111110111100010
000000000001110100111011110101100
000000000001110100111100100011110
000000000001110100111100111000000
000000000001110100111100011110010
000000000001110100111110001101010
000000000001110100111110101010010
000000000001110100111110010001101
000000000001110100111111000110010
000000000001110100111111000100111
000000000001110100111011000110111
000000000001110100111011010101110
000000000001110100111101101100011
000000000001110100111100111011101
000000000001110100111011000000011
000000000001110100111101110100110
000000000001110100111111001111100
000000000001110100111110110010111
000000000001110100111001101010100
000000000001110100111100010000100
000000000001110100111001011010110
000000000001110100111100011101101
000000000001110100111100010110100
000000000001110100111110011100111
000000000001110100111101100011010
000000000001110100111010101000010
000000000001110100111101000000011
000000000001110100111100101011110
000000000001110100111111010000001
000000000001110100111101011100000
000000000001110100111011110110100
000000000001110100111110111100010
000000000001110100111100100011111
000000000001110100111011110010000
000000000001110100111110010101010
000000000001110100111100111100001
000000000001110100111011010100110
000000000001110100111110010001010
000000000001110100111110100101110
000000000001110100111010011010001
000000000001110100111110101000010
000000000001110101000000011101000
000000000001110100111100110111000
000000000001110100111110010000000
000000000001110101000000000010101
000000000001110100111010001010000
000000000001110100111110010100100
000000000001110100111110001000101
000000000001110100111100110011100
000000000001110100111001101110000
000000000001110100111110111110110
000000000001110100111100000110010
000000000001110100111111001100101
000000000001110100111011011011010
000000000001110100111111011111010
000000000001110100111100111111101
000000000001110100111011000101011
000000000001110100111101100111001
000000000001110100111010101100110
000000000001110100111011111010100
000000000001110100111110110111011
000000000001110100111110011110111
000000000001111111101001000111110
000000000001111111101011111001101
000000000001111111101100011001011
000000000001111111101011110000110
000000000001111111101100010110110
000000000001111111101011101100000
000000000001111111101011011110111
000000000001111111101011001111110
000000000001111111101010110101100
000000000001111111101010011000110
000000000001111111101001001110001
000000000001111111101010110110011
000000000001111111101000111010010
000000000001111111101010000001101
000000000001111111110000000001000
000000000001111111101100111101101
000000000001111111101001011000000
000000000001111111101010001100110
000000000001111111101010110100111
000000000001111111101011010111110
000000000001111111101011111000000
000000000001111111101110000110111
000000000001111111101001111100000
000000000001111111101011010110100
000000000001111111101011101100000
000000000001111111101110000010011
000000000001111111101001001001010
000000000001111111101011011001000
000000000001111111101011001000111
000000000001111111101000111011001
000000000001111111101101011010001
000000000001111111101100101011011
000000000001111111101110000000111
000000000001111111101011011111100
000000000001111111101010010111111
000000000001111111101001001111101
000000000001111111101011111101001
000000000001111111101000110000010
000000000001111111101100000001111
000000000001111111101001000001101
000000000001111111101100011010001
000000000001111111101100111101011
000000000001111111101011011101101
000000000001111111101001110110111
000000000001111111101010010011011
000000000001111111101100101111001
000000000001111111101100000000111
000000000001111111101000000010100
000000000001111111101010101101111
000000000001111111101011110100100
000000000001111111101010100111010
000000000001111111101011011110110
000000000001111111101010001000101
000000000001111111101010101011011
000000000001111111101100011010011
000000000001111111101010100001001
000000000001111111101100110100001
000000000001111111101000100111011
000000000001111111101011001111111
000000000001111111100111011110110
000000000001111111101000101111000
000000000001111111101100010010000
000000000001111111101011011001111
000000000001111111101100011111011
111111111111111001111001101110011
111111111111111001111011011010101
111111111111111001111010001100010
111111111111111001110011100000100
111111111111111001111001100001101
111111111111111001111011000000100
111111111111111001111010000100011
111111111111111001111011110000101
111111111111111001111000010000110
111111111111111001110100011010000
111111111111111001110111111111100
111111111111111001111001011010010
111111111111111001110101100010100
111111111111111001110111111111000
111111111111111001110111010110001
111111111111111001110110010010010
111111111111111001111001101000000
111111111111111001111001011001010
111111111111111001111000011110110
111111111111111001110111111101011
111111111111111001111011110111001
111111111111111001111001010110100
111111111111111001111000101011110
111111111111111001110111111110010
111111111111111001111000111000010
111111111111111001110111001011000
111111111111111001110101111111011
111111111111111001111000011001101
111111111111111001111010010101010
111111111111111001111011001010011
111111111111111001111000011010000
111111111111111001110111111001000
111111111111111001110111001111010
111111111111111001111001101100101
111111111111111001111000010100110
111111111111111001111001111000111
111111111111111001111001111111110
111111111111111001110110101101101
111111111111111001111001111010111
111111111111111001111001100110011
111111111111111001111010000011101
111111111111111001110111011000011
111111111111111001111000100010001
111111111111111001111000100110010
111111111111111001111000010111100
111111111111111001110110010110111
111111111111111001111000100000001
111111111111111001110111011011101
111111111111111001111000011100100
111111111111111001111000100000010
111111111111111001110111001001011
111111111111111001111001100000001
111111111111111001111001001001110
111111111111111001110111111001111
111111111111111001111000000100100
111111111111111001111001101001000
111111111111111001111000000111111
111111111111111001111010101000011
111111111111111001111000110101010
111111111111111001111011100000100
111111111111111001111000100101011
111111111111111001111010000100110
111111111111111001111011001100101
111111111111111001110111001110110
000000000000101010000001111011101
000000000000101001111111111010011
000000000000101001111110010110101
000000000000101010000001111001011
000000000000101010000000101110011
000000000000101001111111100001001
000000000000101001111110100111110
000000000000101001111110000000101
000000000000101010000001001000000
000000000000101001111111100110001
000000000000101010000001010110100
000000000000101010000000111001011
000000000000101001111110111111000
000000000000101010000001010101001
000000000000101001111101101011011
000000000000101001111110100100001
000000000000101010000001010101111
000000000000101001111111110110100
000000000000101010000000001011110
000000000000101010000001100100010
000000000000101001111101111101100
000000000000101001111111001111010
000000000000101001111110111100001
000000000000101001111111001111010
000000000000101010000000011010100
000000000000101001111110100110010
000000000000101010000010000100111
000000000000101010000011000110110
000000000000101010000001101011010
000000000000101001111111001100010
000000000000101010000000001000001
000000000000101001111111011001111
000000000000101001111111010100011
000000000000101001111110101011001
000000000000101010000001001010001
000000000000101001111110110110111
000000000000101010000001000001011
000000000000101001111110111110111
000000000000101001111111111010000
000000000000101001111110000101100
000000000000101010000000110110100
000000000000101001111111000001000
000000000000101001111111101111101
000000000000101010000000110101111
000000000000101010000100000110100
000000000000101010000010101000001
000000000000101001111111000100100
000000000000101010000100010011000
000000000000101001111110100101111
000000000000101010000000010100111
000000000000101010000000101100011
000000000000101010000000111000110
000000000000101001111101011111001
000000000000101001111110111110011
000000000000101010000000010010111
000000000000101001111011101001111
000000000000101001111110010111111
000000000000101010000000110111000
000000000000101001111101000010111
000000000000101001111111101000010
000000000000101010000001100011110
000000000000101001111101100001111
000000000000101010000001000100000
000000000000101010000001110000010
111111110110000111110101100011101
111111110110000111111001011100110
111111110110000111111001101010011
111111110110000111111001101011110
111111110110000111111000011010011
111111110110000111111011111011011
111111110110000111111011000010001
111111110110000111111000101101100
111111110110000111111001011101101
111111110110000111111010010010010
111111110110000111110111000110010
111111110110000111111001001100000
111111110110000111111000000111101
111111110110000111111000011100100
111111110110000111111010101011011
111111110110000111111001101011000
111111110110000111110111100110010
111111110110000111111010011010001
111111110110000111111001110101100
111111110110000111111001010110000
111111110110000111111001101000010
111111110110000111111000001111010
111111110110000111110111010000101
111111110110000111110111101001101
111111110110000111110111011001100
111111110110000111111001111001010
111111110110000111111001100110101
111111110110000111110111101100011
111111110110000111110111000110110
111111110110000111110110111111110
111111110110000111111011011000011
111111110110000111111000110010111
111111110110000111111010000010100
111111110110000111111010101000000
111111110110000111110111100010000
111111110110000111111001110010000
111111110110000111111010010110101
111111110110000111110111111001101
111111110110000111111010110011000
111111110110000111111010000110000
111111110110000111111000000101101
111111110110000111110111011101111
111111110110000111111011001110001
111111110110000111111000110011010
111111110110000111111000101111011
111111110110000111111001111011000
111111110110000111111010000010011
111111110110000111111010111001001
111111110110000111111100011011110
111111110110000111111100100001111
111111110110000111111000101011111
111111110110000111111000011011000
111111110110000111111011100011101
111111110110000111111011101000001
111111110110000111111010000110111
111111110110000111111010100010000
111111110110000111111010100010001
111111110110000111110110010101100
111111110110000111110110101000111
111111110110000111111001110110010
111111110110000111111000111100101
111111110110000111111010001001111
111111110110000111111010000000110
111111110110000111111011110110110
000000000100001010011000111001111
000000000100001010011001100000100
000000000100001010011001111111111
000000000100001010011001010001110
000000000100001010010100111000000
000000000100001010011000110011110
000000000100001010011001010111101
000000000100001010010110010100001
000000000100001010011000100001101
000000000100001010010101010110101
000000000100001010010110001101100
000000000100001010011010010011000
000000000100001010010111000011000
000000000100001010010111101110110
000000000100001010010111010111100
000000000100001010010111110011110
000000000100001010010101110010101
000000000100001010010111011111100
000000000100001010011000110100001
000000000100001010011010001000110
000000000100001010011000010111001
000000000100001010010111101011100
000000000100001010010111100100011
000000000100001010011001111100111
000000000100001010011001000010011
000000000100001010010111001010101
000000000100001010011000101111000
000000000100001010011010010000100
000000000100001010011000000110000
000000000100001010011001101001000
000000000100001010011010101000111
000000000100001010011000011011001
000000000100001010010101011110010
000000000100001010011010000010100
000000000100001010010110000110010
000000000100001010011000100001001
000000000100001010011011011110101
000000000100001010010111110011000
000000000100001010010110100000001
000000000100001010010101101011101
000000000100001010011000111100100
000000000100001010011001100001100
000000000100001010011010011011111
000000000100001010011011111001001
000000000100001010011001100010001
000000000100001010011011101001000
000000000100001010010111011001001
000000000100001010011000100010000
000000000100001010011101101110010
000000000100001010011011011001010
000000000100001010011010110011100
000000000100001010011000011111111
000000000100001010011001011110100
000000000100001010011100000011001
000000000100001010011001001001110
000000000100001010011000011011101
000000000100001010010110000111010
000000000100001010010111111100101
000000000100001010010101100001000
000000000100001010010111110010100
000000000100001010011000101110011
000000000100001010010111100100011
000000000100001010010101010111101
000000000100001010011100000010000
000000001010011001101011101110011
000000001010011001101100000000101
000000001010011001101011011111011
000000001010011001101110010000011
000000001010011001101011111101101
000000001010011001101001111011010
000000001010011001101101101010010
000000001010011001101011011000101
000000001010011001101011101100000
000000001010011001101101110000000
000000001010011001101101110110111
000000001010011001101100000101010
000000001010011001101110110000111
000000001010011001101111010011101
000000001010011001101100100000111
000000001010011001101100110101101
000000001010011001101011010110010
000000001010011001101101010011010
000000001010011001101010101100101
000000001010011001101101010110100
000000001010011001101010100111001
000000001010011001101011011010000
000000001010011001101100000000000
000000001010011001101010110110101
000000001010011001101100010111101
000000001010011001101011110100101
000000001010011001101111001011000
000000001010011001101101101100011
000000001010011001101001001110110
000000001010011001101011000011000
000000001010011001101100101011111
000000001010011001101001000011100
000000001010011001101100010011010
000000001010011001101111101011111
000000001010011001101110110101001
000000001010011001101010110101101
000000001010011001101100111000110
000000001010011001101010111111110
000000001010011001101100110010100
000000001010011001101100010100010
000000001010011001101101011011100
000000001010011001101101010010011
000000001010011001101000111101110
000000001010011001101011100000000
000000001010011001101100000010101
000000001010011001101110000001001
000000001010011001101101001110101
000000001010011001101111010110101
000000001010011001101101101011011
000000001010011001101110011011111
000000001010011001101011111101100
000000001010011001101010001010110
000000001010011001101010000011001
000000001010011001110000011001010
000000001010011001101100111011100
000000001010011001101010101110100
000000001010011001101011010111001
000000001010011001100111111110001
000000001010011001101010111110111
000000001010011001101100000111010
000000001010011001101111111000100
000000001010011001101100011010111
000000001010011001101011001000100
000000001010011001101110111110100
111111111101110001111111011111111
111111111101110001111111110101110
111111111101110010000100100010100
111111111101110001111110111110001
111111111101110010000011000001000
111111111101110010000110000110001
111111111101110001111101010011010
111111111101110001111111001110001
111111111101110001111101010110011
111111111101110001111111100011000
111111111101110010000000111001001
111111111101110010000000110010001
111111111101110001111110010100100
111111111101110010000010110011100
111111111101110001111111000111001
111111111101110010000011010000110
111111111101110010000010000101000
111111111101110001111111111010101
111111111101110010000010001110111
111111111101110010000010001100101
111111111101110010000000100010111
111111111101110010000000111010000
111111111101110010000001010100111
111111111101110001111111101010010
111111111101110010000000110000000
111111111101110001111111110010011
111111111101110001111111100110011
111111111101110010000010100010100
111111111101110010000000011010011
111111111101110010000010011101010
111111111101110010000000110011001
111111111101110010000001000111101
111111111101110010000000100010010
111111111101110010000010001001011
111111111101110001111111011100101
111111111101110010000001011010110
111111111101110010000011110011110
111111111101110001111111010100101
111111111101110001111100110101010
111111111101110010000010010011011
111111111101110010000001100001011
111111111101110001111111110110111
111111111101110010000011010100111
111111111101110010000000001101110
111111111101110010000001100101001
111111111101110010000000111011111
111111111101110010000000100011000
111111111101110010000000110101101
111111111101110010000001110101111
111111111101110010000001000110011
111111111101110001111111010110110
111111111101110010000000101111101
111111111101110010000001110011111
111111111101110010000000111101101
111111111101110010000000100110110
111111111101110010000000101000101
111111111101110010000001110111111
111111111101110010000010101111011
111111111101110001111111000100010
111111111101110010000010011100110
111111111101110010000001110000001
111111111101110001111111011110110
111111111101110001111111111100100
111111111101110010000011001011100
000000000100111011010110101100001
000000000100111011011001010101111
000000000100111011011010111011101
000000000100111011011001100010110
000000000100111011011000111110110
000000000100111011011000110010100
000000000100111011011001110001110
000000000100111011011101110011110
000000000100111011010111011110001
000000000100111011011010000111110
000000000100111011011000111110101
000000000100111011010111100100001
000000000100111011011000011011110
000000000100111011011001011100010
000000000100111011010111101110011
000000000100111011011000101100101
000000000100111011011010110001001
000000000100111011011010011100111
000000000100111011011000011011000
000000000100111011010110100000110
000000000100111011011100010000010
000000000100111011011001110100110
000000000100111011011001100110111
000000000100111011011001110001110
000000000100111011011000001111011
000000000100111011010110010000001
000000000100111011011001111111100
000000000100111011011000111011001
000000000100111011011010101011000
000000000100111011010110111001001
000000000100111011011001100101011
000000000100111011010110111011111
000000000100111011011000000111100
000000000100111011011001011011001
000000000100111011011100011111011
000000000100111011011000101110001
000000000100111011011001100100111
000000000100111011011000100100111
000000000100111011011011110010000
000000000100111011011001011000100
000000000100111011011010000010100
000000000100111011010111111100010
000000000100111011011010001010010
000000000100111011011110101001011
000000000100111011011000111100010
000000000100111011011000100000111
000000000100111011010110010100001
000000000100111011011010101101101
000000000100111011011001101001111
000000000100111011010111010010100
000000000100111011011011110111001
000000000100111011010111000111010
000000000100111011011010010110010
000000000100111011011010000101101
000000000100111011010111011001011
000000000100111011011100100110111
000000000100111011011011101010000
000000000100111011011000100110110
000000000100111011011001010100000
000000000100111011011000000110111
000000000100111011010111101100001
000000000100111011011001000100110
000000000100111011011100101010010
000000000100111011011000101001000
000000001001011100101000001010100
000000001001011100101000101000110
000000001001011100100101110110000
000000001001011100100110110111110
000000001001011100101001001010110
000000001001011100100111100100101
000000001001011100100110000101001
000000001001011100100110110010110
000000001001011100100100001011001
000000001001011100100111001111000
000000001001011100100110101011101
000000001001011100100110110011001
000000001001011100100111010110001
000000001001011100100111110011110
000000001001011100100100010111011
000000001001011100101000110101110
000000001001011100100110000100100
000000001001011100100010111011111
000000001001011100100111100011001
000000001001011100100101110110101
000000001001011100100110111100110
000000001001011100100101011110010
000000001001011100100101101000011
000000001001011100100110001010101
000000001001011100100101100100100
000000001001011100100100100000011
000000001001011100100111100010101
000000001001011100101000011100101
000000001001011100100100111011011
000000001001011100100111010100001
000000001001011100100110001110001
000000001001011100100110100000011
000000001001011100100101101111011
000000001001011100100011000110001
000000001001011100100011001000100
000000001001011100100111110010101
000000001001011100101000101010011
000000001001011100101001101100000
000000001001011100100011001100110
000000001001011100100101010111000
000000001001011100100010110101100
000000001001011100100011111001010
000000001001011100100101110100001
000000001001011100100110010011001
000000001001011100100110111000100
000000001001011100101000011011110
000000001001011100101000010111100
000000001001011100100110011101001
000000001001011100100110111010001
000000001001011100100101100001100
000000001001011100100111101001011
000000001001011100100110111010011
000000001001011100100111001100101
000000001001011100101000000100100
000000001001011100100100111110110
000000001001011100100101000101001
000000001001011100100110111001001
000000001001011100101000011100101
000000001001011100100111001011100
000000001001011100100110011111101
000000001001011100100110111111001
000000001001011100100110001011100
000000001001011100101000010110000
000000001001011100100011001010011
000000000001010101010101001101100
000000000001010101010011110100010
000000000001010101010010000001111
000000000001010101010001110010101
000000000001010101010011000011110
000000000001010101010101101010100
000000000001010101010010001111101
000000000001010101010011111110011
000000000001010101010100000010010
000000000001010101010000010010001
000000000001010101010001110101100
000000000001010101010011100011001
000000000001010101010010101010101
000000000001010101010000011110000
000000000001010101010011100100011
000000000001010101010001001010011
000000000001010101010010011111100
000000000001010101010011001111101
000000000001010101010101000101000
000000000001010101010010111010000
000000000001010101010010110010110
000000000001010101010010000100111
000000000001010101010001101010101
000000000001010101010010100010100
000000000001010101010010101111111
000000000001010101010010110000001
000000000001010101010100000111111
000000000001010101010011011100101
000000000001010101010001011000111
000000000001010101010011101110000
000000000001010101010010101100011
000000000001010101010100111011111
000000000001010101010011110111010
000000000001010101010010101111011
000000000001010101010010100000010
000000000001010101010011110001100
000000000001010101010100001011000
000000000001010101010011110010110
000000000001010101010001101100110
000000000001010101010100100101110
000000000001010101010001011010100
000000000001010101010001011101101
000000000001010101010100000101100
000000000001010101010000011010011
000000000001010101010101011001001
000000000001010101010001011010011
000000000001010101010010011000011
000000000001010101010001100010101
000000000001010101010011101111011
000000000001010101010011010010100
000000000001010101010000010111101
000000000001010101010100010001111
000000000001010101010001111001011
000000000001010101010010011110010
000000000001010101010101110100001
000000000001010101010001101001010
000000000001010101010100100111000
000000000001010101010110000011000
000000000001010101010001000000111
000000000001010101010101110001010
000000000001010101010001010001100
000000000001010101001110110110101
000000000001010101010101011000010
000000000001010101010001010001011
000000000100000001010011010011110
000000000100000001010011010010001
000000000100000001010011110111011
000000000100000001010110101101011
000000000100000001010010100111110
000000000100000001010100111001011
000000000100000001010010100111001
000000000100000001010011100010000
000000000100000001010010000000010
000000000100000001010011110010000
000000000100000001001111100111011
000000000100000001010101000100000
000000000100000001010001111101110
000000000100000001010011111011001
000000000100000001010100110000010
000000000100000001010011001010110
000000000100000001010011100011100
000000000100000001010010110011000
000000000100000001010000101101011
000000000100000001010100001000010
000000000100000001010100101011001
000000000100000001010011100011110
000000000100000001010101001110100
000000000100000001010101011011101
000000000100000001010011000101000
000000000100000001001111000001110
000000000100000001010011111111111
000000000100000001010010010011000
000000000100000001010101000001100
000000000100000001010111101100110
000000000100000001010101000000101
000000000100000001010100010000110
000000000100000001010010111011011
000000000100000001010100100111011
000000000100000001010101010111101
000000000100000001010100111100100
000000000100000001001111111001101
000000000100000001010100110010000
000000000100000001010011011000011
000000000100000001010010001110001
000000000100000001010101110100011
000000000100000001010011111101001
000000000100000001010001111011001
000000000100000001010101111111100
000000000100000001010100111110100
000000000100000001010101101111101
000000000100000001010011011011010
000000000100000001010101000101101
000000000100000001010001111110011
000000000100000001010100111011110
000000000100000001010110110001111
000000000100000001010110101011011
000000000100000001010100111101010
000000000100000001010100000101010
000000000100000001010000110110110
000000000100000001010010110000010
000000000100000001010011101010010
000000000100000001010100001100110
000000000100000001010010011101110
000000000100000001010010011110010
000000000100000001011001101010101
000000000100000001010100000000101
000000000100000001010011111110011
000000000100000001010101001011011
000000000001011100101000100110011
000000000001011100101001111110001
000000000001011100101000101100110
000000000001011100101000101101101
000000000001011100101000100011001
000000000001011100101001101100010
000000000001011100100101101110011
000000000001011100101000101100000
000000000001011100100111010101101
000000000001011100100100101100010
000000000001011100101000010111010
000000000001011100101000101000100
000000000001011100100110111001001
000000000001011100101010011111100
000000000001011100101000011011101
000000000001011100100111010011110
000000000001011100100111100011110
000000000001011100101001010100111
000000000001011100100111100111000
000000000001011100101010110001101
000000000001011100101001001001110
000000000001011100101001001101100
000000000001011100100111111010011
000000000001011100101010110100111
000000000001011100101000100101101
000000000001011100100111000011001
000000000001011100101010100111011
000000000001011100100111110001100
000000000001011100101010001011100
000000000001011100101000110001011
000000000001011100100111111010010
000000000001011100100110110110100
000000000001011100101000000010010
000000000001011100101001001010010
000000000001011100101011001110000
000000000001011100101000001111001
000000000001011100101000100000001
000000000001011100101001001101001
000000000001011100101000000110110
000000000001011100101010001000010
000000000001011100100111110001011
000000000001011100100111011100110
000000000001011100100111001011011
000000000001011100101000001100010
000000000001011100101001010000100
000000000001011100100110010011111
000000000001011100100111111111001
000000000001011100100111101000111
000000000001011100101001010101011
000000000001011100101010001101111
000000000001011100101011100100001
000000000001011100100110011101100
000000000001011100101000001000111
000000000001011100101011010101000
000000000001011100100110110101100
000000000001011100101010000111111
000000000001011100101011100000010
000000000001011100101000000111000
000000000001011100101000010000101
000000000001011100101000100111100
000000000001011100101011101000000
000000000001011100101001101011110
000000000001011100100111010101100
000000000001011100100111011111111
000000001000011011010111000101010
000000001000011011010011000010010
000000001000011011010000111100001
000000001000011011010100000101010
000000001000011011001111100011011
000000001000011011010011011100100
000000001000011011010100001011110
000000001000011011010011111000000
000000001000011011010011101000100
000000001000011011010011000110101
000000001000011011010001101101100
000000001000011011010101000010101
000000001000011011010100100110110
000000001000011011010011110100110
000000001000011011010010011011111
000000001000011011010010001100100
000000001000011011010001101011000
000000001000011011010010100010011
000000001000011011010000101011111
000000001000011011010010011101000
000000001000011011010010010000100
000000001000011011010000000100000
000000001000011011010100110011011
000000001000011011010100100100101
000000001000011011010010011011101
000000001000011011010001101000101
000000001000011011010110100111000
000000001000011011010011110010100
000000001000011011010100000001000
000000001000011011010001111101101
000000001000011011010011001111010
000000001000011011010010001101110
000000001000011011010001111011100
000000001000011011010100101101101
000000001000011011010101110101100
000000001000011011010110011010011
000000001000011011010010001001001
000000001000011011010101011000100
000000001000011011010110101010101
000000001000011011010011011010110
000000001000011011010011010010011
000000001000011011010101010111110
000000001000011011001110100100110
000000001000011011010111000000111
000000001000011011010001010000010
000000001000011011010100110111000
000000001000011011010101111100000
000000001000011011010001111010011
000000001000011011010100010010010
000000001000011011010110110101100
000000001000011011010111110101100
000000001000011011010010110110010
000000001000011011010011000100111
000000001000011011010001111000000
000000001000011011010001101110010
000000001000011011010010100100101
000000001000011011010001110100000
000000001000011011010100111001011
000000001000011011010001100001100
000000001000011011010010100100100
000000001000011011010101100001001
000000001000011011010011011110110
000000001000011011010110100001101
000000001000011011010101000001011
