*----------------------------------------------------------------------------------------
*	Innovus 21.16-s078_1 (64bit) 12/07/2022 12:07 (Linux 3.10.0-693.el7.x86_64)
*	
*
* 	Date & Time:	2026-Apr-06 21:24:19 (2026-Apr-07 01:24:19 GMT)
*
*----------------------------------------------------------------------------------------
*
*	Design: sram_wrapper
*
*	Liberty Libraries used: 
*	        av_normal_max: /courses/ee6350/pdk2023/T-N65-CM-SP-018-K3_MOM/digital/Front_End/timing_power_noise/NLDM/tcbn65gplus_200a/tcbn65gpluswc.lib
*	        av_normal_max: ../../../SRAM00_gen/sram00_nldm_ss_0p90v_0p90v_125c_syn.lib
*
*	Power Domain used: 
*              Rail:       DVDD      Voltage:        0.9 
*
*       Power View : av_normal_max
*
*       User-Defined Activity : N.A.
*
*       Activity File: N.A.
*
*       Hierarchical Global Activity: N.A.
*
*       Global Activity: N.A.
*
*       Sequential Element Activity: 0.200000
*
*       Primary Input Activity: 0.200000
*
*       Default icg ratio: N.A.
*
*       Global Comb ClockGate Ratio: N.A.
*
*	Power Units = 1mW
*
*	Time Units = 1e-09 secs 
*
*       report_power -outfile ../report/postRoute.power_instances.rpt -instances {*}
*
-----------------------------------------------------------------------------------------


Total Power 
-----------------------------------------------------------------------------------------
Total Internal Power:        0.14858901 	   24.9714%
Total Switching Power:       0.03437425 	    5.7768%
Total Leakage Power:         0.41207302 	   69.2517%
Total Glitch Power:          0.00000000 	    0.0000%
Total Power:                 0.59503628 
-----------------------------------------------------------------------------------------


Group                           Internal   Switching     Leakage       Glitch       Total  Percentage 
                                Power      Power         Power         Power        Power  (%)        
-----------------------------------------------------------------------------------------
Sequential                        0.0105   0.0002759     0.00472           0     0.01549       2.604 
Macro                              0.127    0.000198      0.3784           0      0.5057       84.98 
IO                                     0           0   1.451e-06           0   1.451e-06   0.0002438 
Combinational                    0.01084     0.03186     0.02868           0     0.07137       11.99 
Clock (Combinational)           0.000217    0.002041   0.0002608           0    0.002518      0.4232 
Clock (Sequential)                     0           0           0           0           0           0 
-----------------------------------------------------------------------------------------
Total                             0.1486     0.03437      0.4121           0       0.595         100 
-----------------------------------------------------------------------------------------


Clock                           Internal   Switching     Leakage       Glitch       Total  Percentage 
                                Power      Power         Power         Power        Power  (%)        
-----------------------------------------------------------------------------------------
Clk                             0.000217    0.002041   0.0002608           0    0.002518      0.4232 
-----------------------------------------------------------------------------------------
Total (excluding duplicates)    0.000217    0.002041   0.0002608           0    0.002518      0.4232 
-----------------------------------------------------------------------------------------
Clock: Clk
Clock Period: 0.100000 usec 
Clock Toggle Rate:    20.0000 Mhz 
Clock Static Probability:  0.5000



Rail                  Voltage   Internal   Switching     Leakage       Glitch       Total  Percentage 
                                Power      Power         Power         Power        Power  (%)        
-----------------------------------------------------------------------------------------
DVDD                      0.9     0.1486     0.03437      0.4121           0       0.595         100 


Instance                      Max Toggles   Total Toggles   Internal   Switching     Leakage       Glitch       Total  Percentage    Cell
                              Input Pins    Output Pins     Power      Power         Power         Power        Power  (%)           Name
-----------------------------------------------------------------------------------------------------------------------------------------
u_sram                              2e+07       1.392e+08      0.127    0.000198      0.3784           0      0.5057       84.98    sram00
FE_PHC386_tpu_dout_14           2.175e+06       2.175e+06  2.786e-05   0.0004504   0.0001724           0   0.0006506      0.1093    CKBD12
FE_PHC380_tpu_dout_11           2.175e+06       2.175e+06  2.789e-05   0.0004502   0.0001724           0   0.0006505      0.1093    CKBD12
FE_PHC384_tpu_dout_13           2.175e+06       2.175e+06  2.784e-05   0.0004498   0.0001724           0   0.0006501      0.1092    CKBD12
FE_PHC382_tpu_dout_12           2.175e+06       2.175e+06  2.784e-05   0.0004476   0.0001724           0   0.0006479      0.1089    CKBD12
CTS_ccl_a_inv_00005                 2e+07           2e+07  5.039e-05   0.0005335   6.188e-05           0   0.0006458      0.1085    CKND6
FE_PHC67_tpu_dout_55            2.175e+06       2.175e+06  2.784e-05   0.0004448   0.0001724           0    0.000645      0.1084    CKBD12
FE_PHC47_tpu_dout_54            2.175e+06       2.175e+06  2.787e-05   0.0004444   0.0001724           0   0.0006447      0.1083    CKBD12
FE_PHC39_tpu_dout_52            2.175e+06       2.175e+06  2.789e-05   0.0004444   0.0001724           0   0.0006447      0.1083    CKBD12
FE_PHC25_tpu_dout_59            2.175e+06       2.175e+06  2.783e-05   0.0004441   0.0001724           0   0.0006443      0.1083    CKBD12
FE_PHC31_tpu_dout_57            2.175e+06       2.175e+06  2.786e-05   0.0004439   0.0001724           0   0.0006442      0.1083    CKBD12
FE_PDC397_tpu_dout_56           2.175e+06       2.175e+06  2.767e-05   0.0004441   0.0001724           0   0.0006442      0.1083    CKBD12
FE_PHC49_tpu_dout_61            2.175e+06       2.175e+06  2.784e-05   0.0004438   0.0001724           0    0.000644      0.1082    CKBD12
FE_PHC69_tpu_dout_58            2.175e+06       2.175e+06  2.785e-05   0.0004437   0.0001724           0    0.000644      0.1082    CKBD12
FE_PHC51_tpu_dout_60            2.175e+06       2.175e+06  2.783e-05   0.0004437   0.0001724           0   0.0006439      0.1082    CKBD12
FE_PHC43_tpu_dout_48            2.175e+06       2.175e+06  2.786e-05   0.0004436   0.0001724           0   0.0006439      0.1082    CKBD12
FE_PHC37_tpu_dout_47            2.175e+06       2.175e+06  2.783e-05   0.0004435   0.0001724           0   0.0006438      0.1082    CKBD12
FE_PHC45_tpu_dout_50            2.175e+06       2.175e+06  2.784e-05   0.0004435   0.0001724           0   0.0006437      0.1082    CKBD12
FE_PHC29_tpu_dout_62            2.175e+06       2.175e+06  2.785e-05   0.0004435   0.0001724           0   0.0006437      0.1082    CKBD12
FE_PHC27_tpu_dout_63            2.175e+06       2.175e+06  2.784e-05   0.0004435   0.0001724           0   0.0006437      0.1082    CKBD12
FE_PHC65_tpu_dout_51            2.175e+06       2.175e+06  2.787e-05   0.0004434   0.0001724           0   0.0006436      0.1082    CKBD12
FE_PHC79_tpu_dout_38            2.175e+06       2.175e+06  2.785e-05   0.0004432   0.0001724           0   0.0006435      0.1081    CKBD12
FE_PHC59_tpu_dout_7             2.175e+06       2.175e+06  2.784e-05   0.0004431   0.0001724           0   0.0006433      0.1081    CKBD12
FE_PHC105_tpu_dout_4            2.175e+06       2.175e+06  2.093e-05   0.0004446   0.0001309           0   0.0005965      0.1002    BUFFD8
FE_PHC139_tpu_dout_5            2.175e+06       2.175e+06  2.094e-05   0.0004441   0.0001309           0    0.000596      0.1002    BUFFD8
FE_PHC57_tpu_dout_2             2.175e+06       2.175e+06  2.097e-05   0.0004437   0.0001309           0   0.0005956      0.1001    BUFFD8
FE_PHC121_tpu_dout_6            2.175e+06       2.175e+06  2.099e-05   0.0004437   0.0001309           0   0.0005956      0.1001    BUFFD8
FE_PHC133_tpu_dout_25           2.175e+06       2.175e+06    2.1e-05   0.0004436   0.0001309           0   0.0005955      0.1001    BUFFD8
FE_PHC53_tpu_dout_16            2.175e+06       2.175e+06    2.1e-05   0.0004433   0.0001309           0   0.0005952         0.1    BUFFD8
FE_PHC63_tpu_dout_45            2.175e+06       2.175e+06  2.103e-05   0.0004432   0.0001309           0   0.0005951         0.1    BUFFD8
FE_PHC103_tpu_dout_0            2.175e+06       2.175e+06  2.098e-05   0.0004432   0.0001309           0   0.0005951         0.1    BUFFD8
FE_PHC81_tpu_dout_41            2.175e+06       2.175e+06    2.1e-05   0.0004432   0.0001309           0   0.0005951         0.1    BUFFD8
FE_PHC111_tpu_dout_46           2.175e+06       2.175e+06  2.098e-05   0.0004431   0.0001309           0    0.000595     0.09999    BUFFD8
FE_PHC89_tpu_dout_1             2.175e+06       2.175e+06  2.096e-05   0.0004431   0.0001309           0    0.000595     0.09999    BUFFD8
FE_PHC95_tpu_dout_19            2.175e+06       2.175e+06  2.103e-05   0.0004429   0.0001309           0   0.0005948     0.09996    BUFFD8
FE_PHC107_tpu_dout_42           2.175e+06       2.175e+06  2.103e-05   0.0004429   0.0001309           0   0.0005948     0.09996    BUFFD8
FE_PHC41_tpu_dout_49            2.175e+06       2.175e+06  2.099e-05   0.0004428   0.0001309           0   0.0005947     0.09995    BUFFD8
FE_PHC85_tpu_dout_10            2.175e+06       2.175e+06  2.095e-05   0.0004429   0.0001309           0   0.0005947     0.09995    BUFFD8
FE_PHC73_tpu_dout_32            2.175e+06       2.175e+06  2.097e-05   0.0004427   0.0001309           0   0.0005946     0.09993    BUFFD8
FE_PHC71_tpu_dout_35            2.175e+06       2.175e+06  2.096e-05   0.0004426   0.0001309           0   0.0005945     0.09991    BUFFD8
FE_PHC109_tpu_dout_44           2.175e+06       2.175e+06  2.106e-05   0.0004425   0.0001309           0   0.0005945      0.0999    BUFFD8
FE_PHC91_tpu_dout_34            2.175e+06       2.175e+06  2.096e-05   0.0004425   0.0001309           0   0.0005944     0.09989    BUFFD8
FE_PHC127_tpu_dout_15           2.175e+06       2.175e+06  2.085e-05   0.0004426   0.0001309           0   0.0005944     0.09989    BUFFD8
FE_PHC35_tpu_dout_53            2.175e+06       2.175e+06  2.102e-05   0.0004424   0.0001309           0   0.0005944     0.09989    BUFFD8
FE_PHC117_tpu_dout_18           2.175e+06       2.175e+06    2.1e-05   0.0004423   0.0001309           0   0.0005943     0.09987    BUFFD8
FE_PHC101_tpu_dout_9            2.175e+06       2.175e+06  2.096e-05   0.0004423   0.0001309           0   0.0005942     0.09985    BUFFD8
FE_PHC123_tpu_dout_3            2.175e+06       2.175e+06  2.101e-05   0.0004422   0.0001309           0   0.0005942     0.09985    BUFFD8
FE_PHC61_tpu_dout_43            2.175e+06       2.175e+06  2.105e-05   0.0004422   0.0001309           0   0.0005942     0.09985    BUFFD8
FE_PHC87_tpu_dout_8             2.175e+06       2.175e+06  2.095e-05   0.0004423   0.0001309           0   0.0005941     0.09985    BUFFD8
FE_PHC147_tpu_dout_20           2.175e+06       2.175e+06  2.096e-05   0.0004422   0.0001309           0    0.000594     0.09983    BUFFD8
FE_PHC119_tpu_dout_17           2.175e+06       2.175e+06  2.099e-05   0.0004421   0.0001309           0    0.000594     0.09982    BUFFD8
FE_PHC145_tpu_dout_30           2.175e+06       2.175e+06  2.097e-05    0.000442   0.0001309           0   0.0005939     0.09981    BUFFD8
FE_PHC131_tpu_dout_27           2.175e+06       2.175e+06    2.1e-05   0.0004419   0.0001309           0   0.0005939      0.0998    BUFFD8
FE_PHC125_tpu_dout_33           2.175e+06       2.175e+06  2.098e-05   0.0004419   0.0001309           0   0.0005938      0.0998    BUFFD8
FE_PHC137_tpu_dout_28           2.175e+06       2.175e+06  2.098e-05   0.0004416   0.0001309           0   0.0005935     0.09975    BUFFD8
FE_PHC141_tpu_dout_24           2.175e+06       2.175e+06  2.098e-05   0.0004415   0.0001309           0   0.0005934     0.09973    BUFFD8
FE_PHC149_tpu_dout_29           2.175e+06       2.175e+06  2.096e-05   0.0004415   0.0001309           0   0.0005934     0.09973    BUFFD8
FE_PHC143_tpu_dout_26           2.175e+06       2.175e+06  2.095e-05   0.0004415   0.0001309           0   0.0005934     0.09972    BUFFD8
FE_PHC115_tpu_dout_23           2.175e+06       2.175e+06  2.084e-05   0.0004415   0.0001309           0   0.0005932     0.09969    BUFFD8
FE_PHC378_tpu_dout_31           2.175e+06       2.175e+06  2.095e-05   0.0004409   0.0001309           0   0.0005928     0.09962    BUFFD8
FE_PHC83_tpu_dout_22            2.175e+06       2.175e+06  1.903e-05   0.0004433   0.0001152           0   0.0005776     0.09706    CKBD8
FE_PHC135_tpu_dout_21           2.175e+06       2.175e+06  1.897e-05    0.000443   0.0001152           0   0.0005772     0.09699    CKBD8
FE_PHC75_tpu_dout_37            2.175e+06       2.175e+06  1.901e-05   0.0004427   0.0001152           0   0.0005769     0.09696    CKBD8
FE_PHC33_tpu_dout_39            2.175e+06       2.175e+06  1.905e-05   0.0004426   0.0001152           0   0.0005768     0.09694    CKBD8
FE_PHC77_tpu_dout_36            2.175e+06       2.175e+06  1.905e-05   0.0004425   0.0001152           0   0.0005768     0.09693    CKBD8
FE_PHC93_tpu_dout_40            2.175e+06       2.175e+06  1.902e-05   0.0004423   0.0001152           0   0.0005766      0.0969    CKBD8
CTS_ccl_a_inv_00006                 2e+07           2e+07  5.148e-05   0.0003418   6.188e-05           0   0.0004552      0.0765    CKND6
CTS_ccl_a_inv_00002                 2e+07           2e+07  2.687e-05   0.0002934   3.007e-05           0   0.0003503     0.05888    CKND3
CTS_ccl_a_inv_00003                 2e+07           2e+07  1.562e-05   0.0002713   1.909e-05           0    0.000306     0.05143    CKND2
CTS_ccl_a_inv_00001                 2e+07           2e+07  1.555e-05   0.0002441   1.909e-05           0   0.0002787     0.04684    CKND2
CTS_ccl_a_inv_00004                 2e+07           2e+07  1.555e-05   0.0002423   1.909e-05           0    0.000277     0.04655    CKND2
last_byte_sel_reg[1]                2e+07           2e+06   0.000126   1.955e-06   0.0001188           0   0.0002468     0.04147    EDFCNQD4
bus_wbuf_reg[0]                     2e+07           2e+06   0.000108   1.861e-05   4.673e-05           0   0.0001733     0.02913    DFCNQD1
last_word_addr_reg[3]               2e+07           2e+06  0.0001106    3.06e-06   5.753e-05           0   0.0001712     0.02877    EDFCNQD1
last_word_addr_reg[4]               2e+07           2e+06  0.0001106   2.715e-06   5.753e-05           0   0.0001709     0.02872    EDFCNQD1
last_word_addr_reg[2]               2e+07           2e+06  0.0001106   2.404e-06   5.753e-05           0   0.0001705     0.02866    EDFCNQD1
last_word_addr_reg[8]               2e+07           2e+06  0.0001106   2.268e-06   5.753e-05           0   0.0001704     0.02864    EDFCNQD1
last_word_addr_reg[7]               2e+07           2e+06  0.0001106   2.052e-06   5.753e-05           0   0.0001702     0.02861    EDFCNQD1
last_word_addr_reg[5]               2e+07           2e+06  0.0001106   1.851e-06   5.753e-05           0     0.00017     0.02857    EDFCNQD1
last_word_addr_reg[6]               2e+07           2e+06  0.0001106     1.4e-06   5.753e-05           0   0.0001695     0.02849    EDFCNQD1
last_word_addr_reg[1]               2e+07           2e+06  0.0001099   1.643e-06   5.753e-05           0   0.0001691     0.02841    EDFCNQD1
last_word_addr_reg[0]               2e+07           2e+06  0.0001099   1.397e-06   5.753e-05           0   0.0001688     0.02837    EDFCNQD1
last_byte_sel_reg[2]                2e+07           2e+06    0.00011    1.18e-06   5.753e-05           0   0.0001687     0.02835    EDFCNQD1
last_byte_sel_reg[0]                2e+07           2e+06    0.00011   9.415e-07   5.753e-05           0   0.0001684     0.02831    EDFCNQD1
bus_wbuf_reg[6]                     2e+07           2e+06   0.000108    1.25e-05   4.673e-05           0   0.0001672      0.0281    DFCNQD1
bus_wbuf_reg[4]                     2e+07           2e+06   0.000108   1.205e-05   4.673e-05           0   0.0001667     0.02802    DFCNQD1
bus_wbuf_reg[5]                     2e+07           2e+06   0.000108   1.149e-05   4.673e-05           0   0.0001662     0.02793    DFCNQD1
bus_wbuf_reg[7]                     2e+07           2e+06   0.000108   1.136e-05   4.673e-05           0   0.0001661     0.02791    DFCNQD1
bus_wbuf_reg[20]                    2e+07           2e+06  0.0001081   1.077e-05   4.667e-05           0   0.0001656     0.02783    DFCNQD1
bus_wbuf_reg[21]                    2e+07           2e+06  0.0001082   9.272e-06   4.667e-05           0   0.0001641     0.02758    DFCNQD1
bus_wbuf_reg[19]                    2e+07           2e+06  0.0001081   9.268e-06   4.667e-05           0   0.0001641     0.02758    DFCNQD1
bus_wbuf_reg[23]                    2e+07           2e+06  0.0001081   8.573e-06   4.667e-05           0   0.0001633     0.02745    DFCNQD1
FE_PHC55_tpu_dout_14            2.175e+06       2.175e+06  1.974e-05   1.265e-05   0.0001309           0   0.0001633     0.02744    BUFFD8
FE_PHC99_tpu_dout_11            2.175e+06       2.175e+06  1.972e-05   1.237e-05   0.0001309           0    0.000163     0.02739    BUFFD8
bus_wbuf_reg[24]                    2e+07           2e+06  0.0001079   8.063e-06   4.667e-05           0   0.0001626     0.02733    DFCNQD1
bus_wbuf_reg[3]                     2e+07           2e+06  0.0001079   7.201e-06   4.673e-05           0   0.0001619      0.0272    DFCNQD1
FE_PHC129_tpu_dout_13           2.175e+06       2.175e+06  1.969e-05   1.088e-05   0.0001309           0   0.0001615     0.02714    BUFFD8
FE_PHC97_tpu_dout_12            2.175e+06       2.175e+06  1.968e-05    1.08e-05   0.0001309           0   0.0001614     0.02712    BUFFD8
bus_wbuf_reg[22]                    2e+07           2e+06   0.000108    6.18e-06   4.667e-05           0   0.0001608     0.02703    DFCNQD1
bus_wbuf_reg[2]                     2e+07           2e+06  0.0001079   5.912e-06   4.673e-05           0   0.0001606     0.02698    DFCNQD1
bus_wbuf_reg[27]                    2e+07           2e+06   0.000108   5.548e-06   4.667e-05           0   0.0001603     0.02693    DFCNQD1
bus_wbuf_reg[28]                    2e+07           2e+06   0.000108   4.817e-06   4.667e-05           0   0.0001595     0.02681    DFCNQD1
bus_wbuf_reg[1]                     2e+07           2e+06  0.0001079   4.086e-06   4.673e-05           0   0.0001587     0.02667    DFCNQD1
FE_OFC0_rstn                        2e+06           2e+06  7.551e-06   0.0001105   4.027e-05           0   0.0001583     0.02661    CKBD3
bus_wbuf_reg[29]                    2e+07           2e+06  0.0001082   3.232e-06   4.667e-05           0   0.0001581     0.02657    DFCNQD1
bus_wbuf_reg[26]                    2e+07           2e+06  0.0001079   3.077e-06   4.667e-05           0   0.0001577      0.0265    DFCNQD1
bus_wbuf_reg[31]                    2e+07           2e+06  0.0001081   2.607e-06   4.667e-05           0   0.0001574     0.02646    DFCNQD1
bus_wbuf_reg[8]                     2e+07           2e+06  0.0001079   2.814e-06   4.667e-05           0   0.0001574     0.02645    DFCNQD1
bus_wbuf_reg[15]                    2e+07           2e+06  0.0001079   2.729e-06   4.667e-05           0   0.0001573     0.02643    DFCNQD1
bus_wbuf_reg[17]                    2e+07           2e+06  0.0001081   2.301e-06   4.667e-05           0    0.000157     0.02639    DFCNQD1
bus_wbuf_reg[14]                    2e+07           2e+06  0.0001079   2.382e-06   4.667e-05           0   0.0001569     0.02637    DFCNQD1
bus_wbuf_reg[38]                    2e+07           2e+06  0.0001081   2.166e-06   4.667e-05           0   0.0001569     0.02637    DFCNQD1
bus_wbuf_reg[30]                    2e+07           2e+06  0.0001081   1.991e-06   4.667e-05           0   0.0001568     0.02635    DFCNQD1
bus_wbuf_reg[9]                     2e+07           2e+06  0.0001079   2.189e-06   4.667e-05           0   0.0001568     0.02634    DFCNQD1
bus_wbuf_reg[11]                    2e+07           2e+06  0.0001079   2.195e-06   4.667e-05           0   0.0001567     0.02634    DFCNQD1
bus_wbuf_reg[16]                    2e+07           2e+06  0.0001079   2.138e-06   4.667e-05           0   0.0001567     0.02633    DFCNQD1
bus_wbuf_reg[44]                    2e+07           2e+06  0.0001079   1.863e-06   4.669e-05           0   0.0001564     0.02629    DFCNQD1
bus_wbuf_reg[18]                    2e+07           2e+06  0.0001079   1.859e-06   4.667e-05           0   0.0001564     0.02629    DFCNQD1
bus_wbuf_reg[37]                    2e+07           2e+06   0.000108    1.61e-06   4.667e-05           0   0.0001563     0.02627    DFCNQD1
bus_wbuf_reg[63]                    2e+07           2e+06  0.0001079   1.692e-06   4.669e-05           0   0.0001563     0.02626    DFCNQD1
bus_wbuf_reg[41]                    2e+07           2e+06  0.0001079   1.679e-06   4.669e-05           0   0.0001563     0.02626    DFCNQD1
bus_wbuf_reg[42]                    2e+07           2e+06  0.0001079   1.656e-06   4.669e-05           0   0.0001562     0.02625    DFCNQD1
bus_wbuf_reg[59]                    2e+07           2e+06   0.000108   1.506e-06   4.669e-05           0   0.0001562     0.02625    DFCNQD1
bus_wbuf_reg[10]                    2e+07           2e+06  0.0001079   1.609e-06   4.667e-05           0   0.0001562     0.02624    DFCNQD1
bus_wbuf_reg[12]                    2e+07           2e+06  0.0001078   1.601e-06   4.667e-05           0   0.0001561     0.02624    DFCNQD1
bus_wbuf_reg[43]                    2e+07           2e+06  0.0001079   1.556e-06   4.669e-05           0   0.0001561     0.02624    DFCNQD1
bus_wbuf_reg[33]                    2e+07           2e+06   0.000108   1.413e-06   4.667e-05           0   0.0001561     0.02623    DFCNQD1
bus_wbuf_reg[39]                    2e+07           2e+06   0.000108   1.358e-06   4.667e-05           0    0.000156     0.02622    DFCNQD1
flush_addr_reg[0]                   2e+07           2e+06  0.0001071   2.138e-06   4.676e-05           0    0.000156     0.02622    DFCNQD1
bus_wbuf_reg[58]                    2e+07           2e+06   0.000108   1.325e-06   4.669e-05           0    0.000156     0.02622    DFCNQD1
bus_wbuf_reg[50]                    2e+07           2e+06  0.0001079   1.463e-06   4.666e-05           0    0.000156     0.02622    DFCNQD1
bus_wbuf_reg[46]                    2e+07           2e+06  0.0001079   1.426e-06   4.669e-05           0    0.000156     0.02622    DFCNQD1
bus_wbuf_reg[13]                    2e+07           2e+06  0.0001079   1.458e-06   4.667e-05           0    0.000156     0.02622    DFCNQD1
bus_wbuf_reg[60]                    2e+07           2e+06  0.0001079   1.388e-06   4.669e-05           0    0.000156     0.02621    DFCNQD1
bus_waddr_d1_reg[2]                 2e+07           2e+06  0.0001072   2.045e-06   4.676e-05           0    0.000156     0.02621    DFCNQD1
bus_wbuf_reg[35]                    2e+07           2e+06   0.000108   1.266e-06   4.667e-05           0    0.000156     0.02621    DFCNQD1
bus_wbuf_reg[34]                    2e+07           2e+06   0.000108   1.246e-06   4.667e-05           0   0.0001559     0.02621    DFCNQD1
bus_wbuf_reg[57]                    2e+07           2e+06   0.000108    1.24e-06   4.669e-05           0   0.0001559      0.0262    DFCNQD1
bus_wbuf_reg[53]                    2e+07           2e+06  0.0001079   1.371e-06   4.666e-05           0   0.0001559      0.0262    DFCNQD1
bus_wbuf_reg[40]                    2e+07           2e+06  0.0001078   1.385e-06   4.669e-05           0   0.0001559      0.0262    DFCNQD1
bus_waddr_d1_reg[4]                 2e+07           2e+06  0.0001071   1.941e-06   4.676e-05           0   0.0001559     0.02619    DFCNQD1
bus_wbuf_reg[32]                    2e+07           2e+06   0.000108    1.13e-06   4.667e-05           0   0.0001558     0.02618    DFCNQD1
bus_wbuf_reg[56]                    2e+07           2e+06   0.000108   1.107e-06   4.669e-05           0   0.0001558     0.02618    DFCNQD1
bus_wbuf_reg[54]                    2e+07           2e+06  0.0001079   1.221e-06   4.666e-05           0   0.0001558     0.02618    DFCNQD1
bus_waddr_d1_reg[5]                 2e+07           2e+06  0.0001072   1.839e-06   4.676e-05           0   0.0001558     0.02618    DFCNQD1
bus_wbuf_reg[47]                    2e+07           2e+06  0.0001079   1.209e-06   4.669e-05           0   0.0001558     0.02617    DFCNQD1
bus_wbuf_reg[36]                    2e+07           2e+06   0.000108   1.058e-06   4.667e-05           0   0.0001557     0.02617    DFCNQD1
bus_wbuf_reg[48]                    2e+07           2e+06  0.0001078   1.234e-06   4.666e-05           0   0.0001557     0.02617    DFCNQD1
bus_wbuf_reg[55]                    2e+07           2e+06  0.0001079   1.215e-06   4.666e-05           0   0.0001557     0.02617    DFCNQD1
bus_wbuf_reg[49]                    2e+07           2e+06  0.0001079   1.091e-06   4.666e-05           0   0.0001556     0.02616    DFCNQD1
bus_wbuf_reg[62]                    2e+07           2e+06  0.0001079   1.084e-06   4.669e-05           0   0.0001556     0.02616    DFCNQD1
bus_wbuf_reg[45]                    2e+07           2e+06  0.0001079   1.075e-06   4.669e-05           0   0.0001556     0.02615    DFCNQD1
bus_wbuf_reg[61]                    2e+07           2e+06  0.0001079   1.074e-06   4.669e-05           0   0.0001556     0.02615    DFCNQD1
bus_wbuf_reg[52]                    2e+07           2e+06  0.0001079   1.044e-06   4.666e-05           0   0.0001556     0.02615    DFCNQD1
bus_wbuf_reg[51]                    2e+07           2e+06  0.0001079   1.018e-06   4.666e-05           0   0.0001555     0.02614    DFCNQD1
bus_wbuf_reg[25]                    2e+07           2e+06   0.000108   8.689e-07   4.667e-05           0   0.0001555     0.02613    DFCNQD1
flush_addr_reg[3]                   2e+07           2e+06  0.0001071   1.488e-06   4.676e-05           0   0.0001554     0.02611    DFCNQD1
bus_waddr_d1_reg[0]                 2e+07           2e+06  0.0001071   1.444e-06   4.676e-05           0   0.0001553     0.02611    DFCNQD1
bus_waddr_d1_reg[1]                 2e+07           2e+06  0.0001071   1.395e-06   4.676e-05           0   0.0001553      0.0261    DFCNQD1
flush_addr_reg[4]                   2e+07           2e+06  0.0001071   1.391e-06   4.676e-05           0   0.0001553     0.02609    DFCNQD1
bus_waddr_d1_reg[3]                 2e+07           2e+06  0.0001071   1.367e-06   4.676e-05           0   0.0001552     0.02609    DFCNQD1
flush_addr_reg[7]                   2e+07           2e+06   0.000107   1.356e-06   4.676e-05           0   0.0001551     0.02607    DFCNQD1
bus_waddr_d1_reg[8]                 2e+07           2e+06   0.000107   1.319e-06   4.676e-05           0   0.0001551     0.02607    DFCNQD1
flush_d1_reg                        2e+07           2e+06  0.0001072   1.672e-06   4.621e-05           0   0.0001551     0.02607    DFCNQD1
flush_addr_reg[1]                   2e+07           2e+06  0.0001071   1.236e-06   4.676e-05           0   0.0001551     0.02607    DFCNQD1
flush_addr_reg[5]                   2e+07           2e+06  0.0001071   1.166e-06   4.676e-05           0    0.000155     0.02605    DFCNQD1
flush_addr_reg[2]                   2e+07           2e+06  0.0001071   1.109e-06   4.676e-05           0    0.000155     0.02604    DFCNQD1
bus_we_prev_reg                     2e+07           2e+06   0.000107   1.091e-06   4.676e-05           0   0.0001549     0.02603    DFCNQD1
flush_addr_reg[6]                   2e+07           2e+06  0.0001071   9.615e-07   4.676e-05           0   0.0001548     0.02602    DFCNQD1
bus_waddr_d1_reg[6]                 2e+07           2e+06   0.000107   1.029e-06   4.676e-05           0   0.0001548     0.02602    DFCNQD1
flush_addr_reg[8]                   2e+07           2e+06   0.000107   9.882e-07   4.676e-05           0   0.0001548     0.02601    DFCNQD1
bus_waddr_d1_reg[7]                 2e+07           2e+06   0.000107   8.307e-07   4.676e-05           0   0.0001546     0.02599    DFCNQD1
FE_PHC113_tpu_dout_31           2.175e+06       2.175e+06   1.93e-05   4.121e-06   0.0001309           0   0.0001543     0.02594    BUFFD8
bus_we_d1_reg                       2e+07           2e+06  0.0001055   1.341e-06    4.59e-05           0   0.0001527     0.02566    DFCNQD1
CTS_ccl_a_inv_00007                 2e+07           2e+07  3.055e-05   8.129e-05   4.059e-05           0   0.0001524     0.02562    CKND4
FE_PHC313_tpu_dout_31           2.175e+06       2.175e+06  1.924e-05   1.787e-06   0.0001309           0   0.0001519     0.02553    BUFFD8
FE_PHC218_rstn                      2e+06           2e+06  4.873e-06   9.298e-05   2.943e-05           0   0.0001273     0.02139    CKBD2
FE_PHC612_n_77                    2.5e+06         2.5e+06  5.742e-05   9.681e-06   5.221e-05           0   0.0001193     0.02005    DEL2
FE_PHC16_last_word_addr_8           2e+06           2e+06  4.637e-05   1.837e-06   5.219e-05           0   0.0001004     0.01687    DEL2
FE_PHC13_last_word_addr_0           2e+06           2e+06  4.639e-05   1.761e-06   5.219e-05           0   0.0001003     0.01686    DEL2
FE_PHC19_last_word_addr_4           2e+06           2e+06  4.638e-05   1.709e-06   5.219e-05           0   0.0001003     0.01685    DEL2
FE_PHC17_last_word_addr_7           2e+06           2e+06   4.64e-05   1.655e-06   5.219e-05           0   0.0001002     0.01685    DEL2
FE_PHC21_last_word_addr_3           2e+06           2e+06  4.639e-05   1.587e-06   5.219e-05           0   0.0001002     0.01683    DEL2
FE_PHC20_last_word_addr_6           2e+06           2e+06  4.643e-05   1.492e-06   5.219e-05           0   0.0001001     0.01683    DEL2
FE_PHC18_last_word_addr_2           2e+06           2e+06  4.643e-05   1.448e-06   5.219e-05           0   0.0001001     0.01682    DEL2
FE_PHC14_last_word_addr_1           2e+06           2e+06  4.647e-05   1.293e-06   5.219e-05           0   9.996e-05      0.0168    DEL2
FE_PHC15_last_word_addr_5           2e+06           2e+06  4.648e-05   1.256e-06   5.219e-05           0   9.993e-05     0.01679    DEL2
FE_PHC151_bus_addr_2                2e+06           2e+06  3.047e-05   2.537e-05   4.142e-05           0   9.727e-05     0.01635    DEL1
FE_PHC150_bus_addr_0                2e+06           2e+06  3.038e-05   2.273e-05   4.142e-05           0   9.453e-05     0.01589    DEL1
FE_PHC527_n_30                    2.5e+06         2.5e+06  3.821e-05   1.312e-05   4.151e-05           0   9.284e-05      0.0156    DEL1
FE_PHC526_n_34                    2.5e+06         2.5e+06  3.823e-05   1.131e-05   4.151e-05           0   9.105e-05      0.0153    DEL1
FE_PHC528_n_32                    2.5e+06         2.5e+06  3.826e-05   1.114e-05   4.151e-05           0   9.091e-05     0.01528    DEL1
FE_PHC234_sram_addr_7             2.5e+06         2.5e+06  3.829e-05    1.05e-05   4.157e-05           0   9.036e-05     0.01519    DEL1
FE_PHC235_sram_addr_8             2.5e+06         2.5e+06   3.83e-05   1.047e-05   4.157e-05           0   9.034e-05     0.01518    DEL1
FE_PHC525_n_31                    2.5e+06         2.5e+06  3.835e-05   1.012e-05   4.151e-05           0   8.998e-05     0.01512    DEL1
FE_PHC529_n_28                    2.5e+06         2.5e+06  3.856e-05   9.189e-06   4.151e-05           0   8.926e-05       0.015    DEL1
FE_PHC542_n_73                    2.5e+06         2.5e+06   3.83e-05   8.789e-06   4.151e-05           0   8.859e-05     0.01489    DEL1
FE_PHC540_n_71                    2.5e+06         2.5e+06   3.83e-05   8.358e-06   4.151e-05           0   8.817e-05     0.01482    DEL1
FE_PHC541_n_72                    2.5e+06         2.5e+06  3.839e-05   7.096e-06   4.151e-05           0   8.699e-05     0.01462    DEL1
FE_PHC219_bus_wbuf_6                2e+06           2e+06  3.047e-05   1.455e-05   4.142e-05           0   8.643e-05     0.01453    DEL1
FE_PHC616_bus_din_1                 2e+06           2e+06  3.046e-05   1.445e-05   4.142e-05           0   8.632e-05     0.01451    DEL1
FE_PHC233_sram_addr_0             2.5e+06         2.5e+06  3.846e-05   6.271e-06   4.157e-05           0    8.63e-05      0.0145    DEL1
FE_PHC216_bus_wbuf_4                2e+06           2e+06  3.047e-05   1.425e-05   4.142e-05           0   8.614e-05     0.01448    DEL1
FE_PHC220_bus_wbuf_7                2e+06           2e+06  3.048e-05   1.354e-05   4.142e-05           0   8.544e-05     0.01436    DEL1
FE_PHC537_n_93                    2.5e+06         2.5e+06  3.856e-05    4.85e-06   4.152e-05           0   8.494e-05     0.01427    DEL1
FE_PHC215_bus_wbuf_3                2e+06           2e+06   3.05e-05   1.299e-05   4.142e-05           0   8.491e-05     0.01427    DEL1
FE_PHC230_sram_addr_1             2.5e+06         2.5e+06  3.857e-05   4.561e-06   4.157e-05           0    8.47e-05     0.01424    DEL1
FE_PHC232_sram_addr_2             2.5e+06         2.5e+06  3.859e-05   4.469e-06   4.157e-05           0   8.463e-05     0.01422    DEL1
FE_PHC538_n_90                    2.5e+06         2.5e+06  3.872e-05   4.076e-06   4.152e-05           0   8.432e-05     0.01417    DEL1
FE_PHC228_bus_wbuf_56               2e+06           2e+06  3.055e-05   1.222e-05   4.142e-05           0   8.419e-05     0.01415    DEL1
FE_PHC213_bus_wbuf_2                2e+06           2e+06   3.05e-05   1.224e-05   4.142e-05           0   8.416e-05     0.01414    DEL1
FE_PHC231_sram_addr_3             2.5e+06         2.5e+06  3.864e-05   3.848e-06   4.157e-05           0   8.406e-05     0.01413    DEL1
FE_PHC227_bus_wbuf_57               2e+06           2e+06  3.056e-05   1.198e-05   4.142e-05           0   8.396e-05     0.01411    DEL1
FE_PHC212_bus_wbuf_0                2e+06           2e+06  3.051e-05     1.2e-05   4.142e-05           0   8.393e-05     0.01411    DEL1
FE_PHC524_n_54                    2.5e+06         2.5e+06  3.869e-05   3.723e-06   4.149e-05           0    8.39e-05      0.0141    DEL1
FE_PHC229_sram_addr_4             2.5e+06         2.5e+06  3.869e-05   3.505e-06   4.157e-05           0   8.376e-05     0.01408    DEL1
FE_PHC543_n_89                    2.5e+06         2.5e+06  3.872e-05   3.449e-06   4.152e-05           0   8.369e-05     0.01406    DEL1
FE_PHC237_sram_addr_5             2.5e+06         2.5e+06  3.893e-05   3.104e-06   4.157e-05           0    8.36e-05     0.01405    DEL1
FE_PHC532_n_82                    2.5e+06         2.5e+06  3.873e-05   3.339e-06   4.149e-05           0   8.356e-05     0.01404    DEL1
FE_PHC214_bus_wbuf_5                2e+06           2e+06  3.053e-05   1.158e-05   4.142e-05           0   8.353e-05     0.01404    DEL1
FE_PHC535_n_92                    2.5e+06         2.5e+06  3.874e-05   3.255e-06   4.152e-05           0   8.352e-05     0.01404    DEL1
FE_PHC521_n_62                    2.5e+06         2.5e+06  3.876e-05   3.208e-06   4.149e-05           0   8.346e-05     0.01403    DEL1
FE_PHC236_sram_addr_6             2.5e+06         2.5e+06   3.89e-05   2.833e-06   4.157e-05           0    8.33e-05       0.014    DEL1
FE_PHC536_n_88                    2.5e+06         2.5e+06  3.879e-05   2.968e-06   4.152e-05           0   8.328e-05       0.014    DEL1
FE_PHC514_n_45                  1.813e+06       1.813e+06   2.76e-05   1.493e-05    4.07e-05           0   8.323e-05     0.01399    DEL1
FE_PHC539_n_87                    2.5e+06         2.5e+06  3.882e-05   2.761e-06   4.152e-05           0   8.311e-05     0.01397    DEL1
FE_PHC523_n_61                    2.5e+06         2.5e+06  3.888e-05    2.44e-06   4.149e-05           0   8.281e-05     0.01392    DEL1
FE_PHC522_n_57                    2.5e+06         2.5e+06  3.891e-05   2.317e-06   4.149e-05           0   8.272e-05      0.0139    DEL1
FE_PHC520_n_56                    2.5e+06         2.5e+06  3.892e-05   2.239e-06   4.149e-05           0   8.265e-05     0.01389    DEL1
FE_PHC531_n_80                    2.5e+06         2.5e+06  3.888e-05   2.268e-06   4.149e-05           0   8.264e-05     0.01389    DEL1
FE_PHC519_n_60                    2.5e+06         2.5e+06  3.892e-05   2.172e-06   4.149e-05           0   8.259e-05     0.01388    DEL1
FE_PHC533_n_81                    2.5e+06         2.5e+06  3.892e-05   1.992e-06   4.149e-05           0   8.241e-05     0.01385    DEL1
FE_PHC534_n_91                    2.5e+06         2.5e+06  3.905e-05   1.537e-06   4.152e-05           0   8.211e-05      0.0138    DEL1
FE_PHC518_n_53                    2.5e+06         2.5e+06  3.909e-05   1.434e-06   4.149e-05           0   8.202e-05     0.01378    DEL1
FE_PHC206_bus_wbuf_11               2e+06           2e+06  3.064e-05   9.274e-06   4.142e-05           0   8.133e-05     0.01367    DEL1
FE_PHC203_bus_wbuf_13               2e+06           2e+06  3.068e-05   8.882e-06   4.142e-05           0   8.098e-05     0.01361    DEL1
FE_PHC574_n_1                       2e+06           2e+06  2.103e-05   2.441e-05   3.499e-05           0   8.042e-05     0.01352    DEL0
FE_PHC201_bus_wbuf_18               2e+06           2e+06   3.07e-05   8.079e-06   4.142e-05           0   8.019e-05     0.01348    DEL1
FE_PHC204_bus_wbuf_12               2e+06           2e+06  3.068e-05   7.988e-06   4.142e-05           0   8.009e-05     0.01346    DEL1
FE_PHC179_bus_wbuf_25               2e+06           2e+06   3.07e-05   6.808e-06   4.142e-05           0   7.893e-05     0.01326    DEL1
FE_PHC12_bus_din_0                  2e+06           2e+06  3.084e-05   5.975e-06   4.142e-05           0   7.823e-05     0.01315    DEL1
FE_PHC208_bus_wbuf_15               2e+06           2e+06  3.077e-05    5.79e-06   4.142e-05           0   7.798e-05     0.01311    DEL1
FE_PHC211_bus_wbuf_1                2e+06           2e+06  3.078e-05    5.65e-06   4.142e-05           0   7.785e-05     0.01308    DEL1
FE_PHC159_bus_addr_7                2e+06           2e+06  3.079e-05   5.552e-06   4.142e-05           0   7.776e-05     0.01307    DEL1
FE_PHC202_bus_wbuf_14               2e+06           2e+06   3.08e-05   5.306e-06   4.142e-05           0   7.753e-05     0.01303    DEL1
FE_PHC198_bus_wbuf_17               2e+06           2e+06  3.082e-05   5.242e-06   4.142e-05           0   7.748e-05     0.01302    DEL1
FE_PHC154_bus_addr_9                2e+06           2e+06  3.084e-05   4.757e-06   4.142e-05           0   7.701e-05     0.01294    DEL1
FE_PHC197_bus_wbuf_16               2e+06           2e+06  3.084e-05   4.695e-06   4.142e-05           0   7.696e-05     0.01293    DEL1
FE_PHC162_n_97                  2.125e+06       2.125e+06  3.316e-05   1.356e-06   4.198e-05           0   7.649e-05     0.01286    DEL1
FE_PHC199_bus_wbuf_10               2e+06           2e+06  3.088e-05   4.121e-06   4.142e-05           0   7.642e-05     0.01284    DEL1
FE_PHC182_bus_wbuf_26               2e+06           2e+06   3.09e-05   4.039e-06   4.142e-05           0   7.636e-05     0.01283    DEL1
FE_PHC158_bus_addr_4                2e+06           2e+06  3.089e-05   3.966e-06   4.142e-05           0   7.628e-05     0.01282    DEL1
FE_PHC507_n_12                      2e+06           2e+06  3.083e-05   4.369e-06   4.092e-05           0   7.612e-05     0.01279    DEL1
FE_PHC2_flush_d1                    2e+06           2e+06  3.093e-05   3.695e-06   4.142e-05           0   7.604e-05     0.01278    DEL1
FE_PHC156_bus_addr_3                2e+06           2e+06  3.091e-05   3.689e-06   4.142e-05           0   7.602e-05     0.01278    DEL1
FE_PHC513_n_46                  1.609e+06       1.609e+06  2.452e-05   1.081e-05   4.064e-05           0   7.597e-05     0.01277    DEL1
FE_PHC604_bus_din_5                 2e+06           2e+06  2.105e-05   1.987e-05   3.499e-05           0   7.591e-05     0.01276    DEL0
FE_PHC207_bus_wbuf_19               2e+06           2e+06  3.087e-05   3.489e-06   4.142e-05           0   7.578e-05     0.01274    DEL1
FE_PHC163_bus_addr_10               2e+06           2e+06   3.09e-05   3.292e-06   4.142e-05           0   7.561e-05     0.01271    DEL1
FE_PHC164_bus_wbuf_27               2e+06           2e+06  3.092e-05   3.247e-06   4.142e-05           0   7.559e-05      0.0127    DEL1
FE_PHC192_bus_wbuf_20               2e+06           2e+06  3.092e-05   3.069e-06   4.142e-05           0   7.541e-05     0.01267    DEL1
FE_PHC165_bus_wbuf_28               2e+06           2e+06  3.095e-05   3.002e-06   4.142e-05           0   7.537e-05     0.01267    DEL1
FE_PHC177_bus_wbuf_40               2e+06           2e+06  3.101e-05   2.934e-06   4.142e-05           0   7.537e-05     0.01267    DEL1
FE_PHC224_bus_wbuf_59               2e+06           2e+06  3.101e-05   2.934e-06   4.142e-05           0   7.536e-05     0.01266    DEL1
FE_PHC153_bus_addr_11               2e+06           2e+06  3.099e-05   2.953e-06   4.142e-05           0   7.536e-05     0.01266    DEL1
FE_PHC221_bus_wbuf_60               2e+06           2e+06  3.101e-05   2.927e-06   4.142e-05           0   7.535e-05     0.01266    DEL1
FE_PHC155_bus_addr_6                2e+06           2e+06  3.099e-05   2.924e-06   4.142e-05           0   7.533e-05     0.01266    DEL1
FE_PHC187_bus_wbuf_21               2e+06           2e+06  3.094e-05   2.963e-06   4.142e-05           0   7.532e-05     0.01266    DEL1
FE_PHC184_bus_wbuf_22               2e+06           2e+06  3.095e-05   2.858e-06   4.142e-05           0   7.523e-05     0.01264    DEL1
FE_PHC183_bus_wbuf_53               2e+06           2e+06  3.105e-05   2.733e-06   4.142e-05           0    7.52e-05     0.01264    DEL1
FE_PHC186_bus_wbuf_24               2e+06           2e+06  3.098e-05   2.771e-06   4.142e-05           0   7.517e-05     0.01263    DEL1
FE_PHC193_bus_wbuf_49               2e+06           2e+06  3.103e-05   2.686e-06   4.142e-05           0   7.514e-05     0.01263    DEL1
FE_PHC178_bus_wbuf_46               2e+06           2e+06  3.105e-05   2.633e-06   4.142e-05           0   7.511e-05     0.01262    DEL1
FE_PHC223_bus_wbuf_61               2e+06           2e+06  3.106e-05   2.607e-06   4.142e-05           0   7.509e-05     0.01262    DEL1
FE_PHC200_bus_wbuf_54               2e+06           2e+06  3.105e-05   2.597e-06   4.142e-05           0   7.507e-05     0.01262    DEL1
FE_PHC166_bus_wbuf_43               2e+06           2e+06  3.107e-05   2.538e-06   4.142e-05           0   7.502e-05     0.01261    DEL1
FE_PHC181_bus_wbuf_39               2e+06           2e+06  3.107e-05   2.529e-06   4.142e-05           0   7.501e-05     0.01261    DEL1
FE_PHC189_bus_wbuf_38               2e+06           2e+06  3.106e-05   2.504e-06   4.142e-05           0   7.498e-05      0.0126    DEL1
FE_PHC188_bus_wbuf_33               2e+06           2e+06  3.109e-05   2.478e-06   4.142e-05           0   7.498e-05      0.0126    DEL1
FE_PHC191_bus_wbuf_37               2e+06           2e+06  3.107e-05   2.473e-06   4.142e-05           0   7.497e-05      0.0126    DEL1
FE_PHC225_bus_wbuf_63               2e+06           2e+06  3.107e-05   2.459e-06   4.142e-05           0   7.495e-05      0.0126    DEL1
FE_PHC157_bus_addr_5                2e+06           2e+06  3.105e-05    2.47e-06   4.142e-05           0   7.494e-05     0.01259    DEL1
FE_PHC167_bus_wbuf_44               2e+06           2e+06  3.105e-05   2.466e-06   4.142e-05           0   7.494e-05     0.01259    DEL1
FE_PHC160_bus_addr_8                2e+06           2e+06  3.106e-05   2.456e-06   4.142e-05           0   7.493e-05     0.01259    DEL1
FE_PHC196_bus_wbuf_55               2e+06           2e+06   3.11e-05   2.388e-06   4.142e-05           0    7.49e-05     0.01259    DEL1
FE_PHC175_bus_wbuf_29               2e+06           2e+06  3.105e-05   2.426e-06   4.142e-05           0    7.49e-05     0.01259    DEL1
FE_PHC185_bus_wbuf_23               2e+06           2e+06  3.103e-05   2.428e-06   4.142e-05           0   7.488e-05     0.01258    DEL1
FE_PHC174_bus_wbuf_42               2e+06           2e+06  3.109e-05   2.359e-06   4.142e-05           0   7.487e-05     0.01258    DEL1
FE_PHC226_bus_wbuf_58               2e+06           2e+06  3.109e-05   2.351e-06   4.142e-05           0   7.486e-05     0.01258    DEL1
FE_PHC176_bus_wbuf_41               2e+06           2e+06  3.109e-05   2.309e-06   4.142e-05           0   7.482e-05     0.01257    DEL1
FE_PHC190_bus_wbuf_51               2e+06           2e+06  3.111e-05   2.286e-06   4.142e-05           0   7.481e-05     0.01257    DEL1
FE_PHC171_bus_wbuf_45               2e+06           2e+06  3.111e-05   2.199e-06   4.142e-05           0   7.473e-05     0.01256    DEL1
FE_PHC170_bus_wbuf_31               2e+06           2e+06  3.108e-05   2.217e-06   4.142e-05           0   7.472e-05     0.01256    DEL1
FE_PHC205_bus_wbuf_9                2e+06           2e+06  3.106e-05   2.207e-06   4.142e-05           0   7.468e-05     0.01255    DEL1
FE_PHC169_bus_wbuf_47               2e+06           2e+06  3.114e-05   2.037e-06   4.142e-05           0    7.46e-05     0.01254    DEL1
FE_PHC398_sram_wen                  2e+06           2e+06  3.115e-05   1.529e-06   4.192e-05           0    7.46e-05     0.01254    DEL1
FE_PHC311_rstn                      2e+06           2e+06  3.113e-05   2.042e-06   4.142e-05           0   7.459e-05     0.01254    DEL1
FE_PHC172_bus_wbuf_30               2e+06           2e+06  3.113e-05   2.005e-06   4.142e-05           0   7.455e-05     0.01253    DEL1
FE_PHC180_bus_wbuf_52               2e+06           2e+06  3.108e-05   2.027e-06   4.142e-05           0   7.453e-05     0.01253    DEL1
FE_PHC195_bus_wbuf_32               2e+06           2e+06  3.114e-05   1.955e-06   4.142e-05           0   7.452e-05     0.01252    DEL1
FE_PHC173_bus_wbuf_34               2e+06           2e+06  3.115e-05   1.931e-06   4.142e-05           0    7.45e-05     0.01252    DEL1
FE_PHC161_bus_wbuf_36               2e+06           2e+06  3.116e-05   1.885e-06   4.142e-05           0   7.446e-05     0.01251    DEL1
FE_PHC209_bus_wbuf_8                2e+06           2e+06  3.115e-05   1.863e-06   4.142e-05           0   7.443e-05     0.01251    DEL1
FE_PHC168_bus_wbuf_35               2e+06           2e+06  3.118e-05   1.784e-06   4.142e-05           0   7.438e-05      0.0125    DEL1
FE_PHC194_bus_wbuf_50               2e+06           2e+06  3.118e-05   1.755e-06   4.142e-05           0   7.435e-05      0.0125    DEL1
FE_PHC210_bus_wbuf_48               2e+06           2e+06   3.12e-05   1.692e-06   4.142e-05           0   7.431e-05     0.01249    DEL1
FE_PHC222_bus_wbuf_62               2e+06           2e+06  3.119e-05   1.691e-06   4.142e-05           0    7.43e-05     0.01249    DEL1
FE_PHC372_rstn                      2e+06           2e+06  3.115e-05   1.592e-06   4.142e-05           0   7.416e-05     0.01246    DEL1
FE_PHC511_n_97                  2.125e+06       2.125e+06  1.471e-05   1.208e-05   4.654e-05           0   7.332e-05     0.01232    DEL01
FE_PHC637_bus_din_4                 2e+06           2e+06  1.367e-05    1.28e-05   4.651e-05           0   7.298e-05     0.01227    DEL01
FE_PHC590_n_76                    2.5e+06         2.5e+06  2.638e-05    1.06e-05   3.499e-05           0   7.197e-05     0.01209    DEL0
FE_PHC416_bus_wbuf_19               2e+06           2e+06  1.361e-05   1.139e-05   4.651e-05           0    7.15e-05     0.01202    DEL01
FE_PHC613_n_29                    2.5e+06         2.5e+06  2.636e-05   1.007e-05   3.499e-05           0   7.143e-05       0.012    DEL0
FE_PHC547_sram_addr_2             2.5e+06         2.5e+06  1.699e-05   7.737e-06   4.651e-05           0   7.124e-05     0.01197    DEL01
FE_PHC351_sram_addr_2             2.5e+06         2.5e+06  1.704e-05   7.525e-06   4.651e-05           0   7.108e-05     0.01194    DEL01
FE_PHC606_bus_din_3                 2e+06           2e+06  2.116e-05   1.443e-05   3.499e-05           0   7.058e-05     0.01186    DEL0
FE_PHC545_sram_addr_1             2.5e+06         2.5e+06  1.707e-05   6.932e-06   4.651e-05           0   7.052e-05     0.01185    DEL01
FE_PHC446_bus_wbuf_21               2e+06           2e+06   1.36e-05   9.999e-06   4.651e-05           0   7.011e-05     0.01178    DEL01
FE_PHC552_bus_wbuf_59               2e+06           2e+06  2.104e-05   1.381e-05   3.499e-05           0   6.984e-05     0.01174    DEL0
FE_PHC605_bus_din_2                 2e+06           2e+06  5.218e-06   3.142e-05   3.311e-05           0   6.975e-05     0.01172    BUFFD2
FE_PHC447_sram_addr_8             2.5e+06         2.5e+06  1.725e-05    5.85e-06   4.651e-05           0   6.961e-05      0.0117    DEL01
FE_PHC432_bus_wbuf_20               2e+06           2e+06  1.361e-05   9.418e-06   4.651e-05           0   6.953e-05     0.01169    DEL01
FE_PHC320_sram_addr_4             2.5e+06         2.5e+06    1.7e-05   5.911e-06   4.651e-05           0   6.943e-05     0.01167    DEL01
FE_PHC509_bus_addr_2                2e+06           2e+06  1.437e-05   8.326e-06   4.651e-05           0    6.92e-05     0.01163    DEL01
FE_PHC445_bus_wbuf_22               2e+06           2e+06  1.361e-05   9.054e-06   4.651e-05           0   6.916e-05     0.01162    DEL01
FE_PHC345_sram_addr_3             2.5e+06         2.5e+06    1.7e-05   5.503e-06   4.651e-05           0   6.902e-05      0.0116    DEL01
FE_PHC551_bus_wbuf_58               2e+06           2e+06  2.105e-05   1.297e-05   3.499e-05           0   6.901e-05      0.0116    DEL0
FE_PHC553_bus_wbuf_63               2e+06           2e+06  2.105e-05   1.242e-05   3.499e-05           0   6.846e-05      0.0115    DEL0
FE_PHC361_bus_wbuf_13               2e+06           2e+06   1.38e-05   8.047e-06   4.651e-05           0   6.835e-05     0.01149    DEL01
FE_PHC217_sram_cen                1.5e+06         1.5e+06  2.316e-05   2.921e-06   4.217e-05           0   6.825e-05     0.01147    DEL1
FE_PHC352_sram_addr_1             2.5e+06         2.5e+06    1.7e-05   4.698e-06   4.651e-05           0   6.821e-05     0.01146    DEL01
FE_PHC358_bus_wbuf_18               2e+06           2e+06  1.377e-05   7.521e-06   4.651e-05           0    6.78e-05     0.01139    DEL01
FE_PHC363_bus_wbuf_11               2e+06           2e+06  1.381e-05   7.144e-06   4.651e-05           0   6.746e-05     0.01134    DEL01
FE_PHC6_bus_din_7                   2e+06           2e+06  5.317e-06   2.876e-05   3.311e-05           0   6.719e-05     0.01129    BUFFD2
FE_PHC359_bus_wbuf_12               2e+06           2e+06  1.377e-05   6.813e-06   4.651e-05           0   6.709e-05     0.01127    DEL01
FE_PHC448_bus_wbuf_24               2e+06           2e+06  1.359e-05   6.673e-06   4.651e-05           0   6.677e-05     0.01122    DEL01
FE_PHC373_bus_addr_10               2e+06           2e+06  2.125e-05   1.016e-05   3.499e-05           0    6.64e-05     0.01116    DEL0
FE_PHC631_bus_din_6                 2e+06           2e+06  1.365e-05   5.941e-06   4.651e-05           0    6.61e-05     0.01111    DEL01
FE_PHC353_bus_wbuf_25               2e+06           2e+06  1.372e-05   5.865e-06   4.651e-05           0   6.609e-05     0.01111    DEL01
FE_PHC515_n_17                      1e+06           1e+06  1.522e-05   8.398e-06   4.229e-05           0   6.591e-05     0.01108    DEL1
FE_PHC422_bus_wbuf_28               2e+06           2e+06   1.36e-05   5.733e-06   4.651e-05           0   6.583e-05     0.01106    DEL01
FE_PHC431_bus_wbuf_23               2e+06           2e+06  1.358e-05   5.662e-06   4.651e-05           0   6.575e-05     0.01105    DEL01
FE_PHC429_bus_wbuf_27               2e+06           2e+06  1.358e-05   5.399e-06   4.651e-05           0   6.549e-05     0.01101    DEL01
FE_PHC346_bus_wbuf_26               2e+06           2e+06  1.363e-05   5.103e-06   4.651e-05           0   6.523e-05     0.01096    DEL01
FE_PHC152_bus_addr_1                2e+06           2e+06  5.315e-06   2.677e-05   3.311e-05           0   6.519e-05     0.01096    BUFFD2
FE_PHC354_sram_addr_0             2.5e+06         2.5e+06  1.698e-05   1.456e-06   4.651e-05           0   6.495e-05     0.01091    DEL01
FE_PHC355_bus_wbuf_17               2e+06           2e+06  1.365e-05   4.649e-06   4.651e-05           0   6.481e-05     0.01089    DEL01
FE_PHC275_tpu_dout_44           2.175e+06       2.175e+06  2.309e-05   6.566e-06   3.499e-05           0   6.464e-05     0.01086    DEL0
FE_PHC344_bus_wbuf_32               2e+06           2e+06  1.359e-05   4.539e-06   4.651e-05           0   6.464e-05     0.01086    DEL01
FE_PHC516_n_18                      1e+06           1e+06  1.525e-05   7.018e-06   4.229e-05           0   6.456e-05     0.01085    DEL1
FE_PHC360_bus_wbuf_54               2e+06           2e+06   1.36e-05   4.404e-06   4.651e-05           0   6.451e-05     0.01084    DEL01
FE_PHC267_tpu_dout_43           2.175e+06       2.175e+06  2.307e-05   6.409e-06   3.499e-05           0   6.447e-05     0.01083    DEL0
FE_PHC621_n_90                    2.5e+06         2.5e+06  1.687e-05   1.086e-06   4.651e-05           0   6.446e-05     0.01083    DEL01
FE_PHC347_bus_wbuf_49               2e+06           2e+06  1.359e-05    4.01e-06   4.651e-05           0   6.411e-05     0.01077    DEL01
FE_PHC329_bus_wbuf_29               2e+06           2e+06  1.359e-05   3.798e-06   4.651e-05           0   6.389e-05     0.01074    DEL01
FE_PHC322_bus_wbuf_30               2e+06           2e+06  1.358e-05   3.786e-06   4.651e-05           0   6.388e-05     0.01073    DEL01
FE_PHC284_tpu_dout_52           2.175e+06       2.175e+06  2.304e-05   5.818e-06   3.499e-05           0   6.385e-05     0.01073    DEL0
FE_PHC459_bus_wbuf_50               2e+06           2e+06  1.358e-05   3.758e-06   4.651e-05           0   6.384e-05     0.01073    DEL01
FE_PHC393_tpu_dout_11           2.175e+06       2.175e+06  2.309e-05   5.759e-06   3.499e-05           0   6.384e-05     0.01073    DEL0
FE_PHC337_bus_wbuf_23               2e+06           2e+06  1.359e-05   3.729e-06   4.651e-05           0   6.382e-05     0.01073    DEL01
FE_PHC277_tpu_dout_45           2.175e+06       2.175e+06  2.311e-05   5.704e-06   3.499e-05           0   6.381e-05     0.01072    DEL0
FE_PHC417_bus_wbuf_29               2e+06           2e+06   1.36e-05   3.675e-06   4.651e-05           0   6.378e-05     0.01072    DEL01
FE_PHC348_bus_wbuf_55               2e+06           2e+06  1.359e-05    3.68e-06   4.651e-05           0   6.377e-05     0.01072    DEL01
FE_PHC268_tpu_dout_42           2.175e+06       2.175e+06   2.31e-05   5.651e-06   3.499e-05           0   6.374e-05     0.01071    DEL0
FE_PHC349_bus_wbuf_50               2e+06           2e+06  1.359e-05   3.541e-06   4.651e-05           0   6.364e-05     0.01069    DEL01
FE_PHC262_tpu_dout_19           2.175e+06       2.175e+06   2.31e-05   5.544e-06   3.499e-05           0   6.364e-05     0.01069    DEL0
FE_PHC296_tpu_dout_54           2.175e+06       2.175e+06  2.309e-05   5.554e-06   3.499e-05           0   6.363e-05     0.01069    DEL0
FE_PHC339_bus_wbuf_37               2e+06           2e+06  1.358e-05   3.533e-06   4.651e-05           0   6.362e-05     0.01069    DEL01
FE_PHC333_bus_wbuf_22               2e+06           2e+06  1.359e-05   3.507e-06   4.651e-05           0    6.36e-05     0.01069    DEL01
FE_PHC342_bus_wbuf_38               2e+06           2e+06  1.358e-05   3.488e-06   4.651e-05           0   6.358e-05     0.01068    DEL01
FE_PHC282_tpu_dout_51           2.175e+06       2.175e+06  2.305e-05   5.519e-06   3.499e-05           0   6.356e-05     0.01068    DEL0
FE_PHC334_bus_wbuf_46               2e+06           2e+06  1.359e-05   3.467e-06   4.651e-05           0   6.356e-05     0.01068    DEL01
FE_PHC343_bus_wbuf_20               2e+06           2e+06  1.359e-05   3.433e-06   4.651e-05           0   6.353e-05     0.01068    DEL01
FE_PHC626_bus_din_4                 2e+06           2e+06  1.518e-05   1.693e-05   3.141e-05           0   6.352e-05     0.01067    DEL015
FE_PHC340_bus_wbuf_33               2e+06           2e+06  1.358e-05   3.411e-06   4.651e-05           0    6.35e-05     0.01067    DEL01
FE_PHC331_bus_wbuf_40               2e+06           2e+06  1.359e-05   3.402e-06   4.651e-05           0   6.349e-05     0.01067    DEL01
FE_PHC335_bus_wbuf_52               2e+06           2e+06  1.358e-05   3.408e-06   4.651e-05           0   6.349e-05     0.01067    DEL01
FE_PHC332_bus_wbuf_41               2e+06           2e+06  1.358e-05   3.386e-06   4.651e-05           0   6.347e-05     0.01067    DEL01
FE_PHC283_tpu_dout_48           2.175e+06       2.175e+06  2.305e-05   5.423e-06   3.499e-05           0   6.346e-05     0.01067    DEL0
FE_PHC294_tpu_dout_57           2.175e+06       2.175e+06  2.308e-05   5.355e-06   3.499e-05           0   6.342e-05     0.01066    DEL0
FE_PHC336_bus_wbuf_21               2e+06           2e+06  1.359e-05   3.316e-06   4.651e-05           0   6.341e-05     0.01066    DEL01
FE_PHC628_bus_din_2                 2e+06           2e+06  1.359e-05   3.302e-06   4.651e-05           0    6.34e-05     0.01066    DEL01
FE_PHC629_bus_din_4                 2e+06           2e+06  1.366e-05   3.225e-06   4.651e-05           0   6.339e-05     0.01065    DEL01
FE_PHC271_tpu_dout_38           2.175e+06       2.175e+06  2.312e-05   5.262e-06   3.499e-05           0   6.337e-05     0.01065    DEL0
FE_PHC330_bus_wbuf_39               2e+06           2e+06  1.358e-05   3.245e-06   4.651e-05           0   6.333e-05     0.01064    DEL01
FE_PHC390_tpu_dout_14           2.175e+06       2.175e+06   2.31e-05   5.212e-06   3.499e-05           0   6.331e-05     0.01064    DEL0
FE_PHC317_bus_wbuf_27               2e+06           2e+06  1.359e-05    3.16e-06   4.651e-05           0   6.325e-05     0.01063    DEL01
FE_PHC291_tpu_dout_62           2.175e+06       2.175e+06  2.309e-05   5.165e-06   3.499e-05           0   6.325e-05     0.01063    DEL0
FE_PHC295_tpu_dout_58           2.175e+06       2.175e+06  2.307e-05   5.184e-06   3.499e-05           0   6.325e-05     0.01063    DEL0
FE_PHC321_bus_wbuf_31               2e+06           2e+06  1.358e-05   3.163e-06   4.651e-05           0   6.325e-05     0.01063    DEL01
FE_PHC278_tpu_dout_53           2.175e+06       2.175e+06  2.309e-05   5.102e-06   3.499e-05           0   6.319e-05     0.01062    DEL0
FE_PHC258_tpu_dout_3            2.175e+06       2.175e+06  2.311e-05   5.056e-06   3.499e-05           0   6.316e-05     0.01061    DEL0
FE_PHC328_bus_wbuf_28               2e+06           2e+06  1.358e-05   3.054e-06   4.651e-05           0   6.314e-05     0.01061    DEL01
FE_PHC292_tpu_dout_61           2.175e+06       2.175e+06  2.309e-05   5.007e-06   3.499e-05           0   6.308e-05      0.0106    DEL0
FE_PHC338_bus_wbuf_53               2e+06           2e+06  1.358e-05   2.999e-06   4.651e-05           0   6.308e-05      0.0106    DEL01
FE_PHC392_tpu_dout_12           2.175e+06       2.175e+06  2.312e-05   4.963e-06   3.499e-05           0   6.307e-05      0.0106    DEL0
FE_PHC288_tpu_dout_55           2.175e+06       2.175e+06  2.309e-05   4.993e-06   3.499e-05           0   6.307e-05      0.0106    DEL0
FE_PHC325_bus_wbuf_44               2e+06           2e+06  1.358e-05   2.985e-06   4.651e-05           0   6.307e-05      0.0106    DEL01
FE_PHC280_tpu_dout_7            2.175e+06       2.175e+06   2.31e-05    4.97e-06   3.499e-05           0   6.306e-05      0.0106    DEL0
FE_PHC290_tpu_dout_63           2.175e+06       2.175e+06  2.308e-05   4.985e-06   3.499e-05           0   6.305e-05      0.0106    DEL0
FE_PHC318_bus_wbuf_34               2e+06           2e+06  1.357e-05   2.973e-06   4.651e-05           0   6.305e-05      0.0106    DEL01
FE_PHC289_tpu_dout_50           2.175e+06       2.175e+06  2.306e-05   4.993e-06   3.499e-05           0   6.305e-05      0.0106    DEL0
FE_PHC293_tpu_dout_60           2.175e+06       2.175e+06  2.309e-05   4.912e-06   3.499e-05           0   6.299e-05     0.01059    DEL0
FE_PHC319_bus_wbuf_35               2e+06           2e+06  1.357e-05   2.913e-06   4.651e-05           0   6.299e-05     0.01059    DEL01
FE_PHC287_tpu_dout_59           2.175e+06       2.175e+06  2.308e-05   4.914e-06   3.499e-05           0   6.299e-05     0.01059    DEL0
FE_PHC323_bus_wbuf_43               2e+06           2e+06  1.357e-05   2.888e-06   4.651e-05           0   6.297e-05     0.01058    DEL01
FE_PHC279_tpu_dout_47           2.175e+06       2.175e+06  2.309e-05   4.876e-06   3.499e-05           0   6.296e-05     0.01058    DEL0
FE_PHC391_tpu_dout_13           2.175e+06       2.175e+06  2.312e-05   4.792e-06   3.499e-05           0    6.29e-05     0.01057    DEL0
FE_PHC327_bus_wbuf_45               2e+06           2e+06  1.357e-05    2.81e-06   4.651e-05           0   6.289e-05     0.01057    DEL01
FE_PHC250_tpu_dout_18           2.175e+06       2.175e+06   2.31e-05   4.786e-06   3.499e-05           0   6.288e-05     0.01057    DEL0
FE_PHC244_tpu_dout_27           2.175e+06       2.175e+06   2.31e-05   4.786e-06   3.499e-05           0   6.288e-05     0.01057    DEL0
FE_PHC326_bus_wbuf_42               2e+06           2e+06  1.357e-05     2.8e-06   4.651e-05           0   6.288e-05     0.01057    DEL01
FE_PHC307_bus_wbuf_16               2e+06           2e+06  1.354e-05   2.733e-06   4.651e-05           0   6.278e-05     0.01055    DEL01
FE_PHC253_tpu_dout_16           2.175e+06       2.175e+06  2.313e-05   4.625e-06   3.499e-05           0   6.274e-05     0.01054    DEL0
FE_PHC350_bus_wbuf_24               2e+06           2e+06  1.357e-05   2.661e-06   4.651e-05           0   6.274e-05     0.01054    DEL01
FE_PHC316_bus_wbuf_36               2e+06           2e+06  1.356e-05   2.642e-06   4.651e-05           0   6.271e-05     0.01054    DEL01
FE_PHC308_bus_wbuf_14               2e+06           2e+06  1.364e-05   2.562e-06   4.651e-05           0   6.271e-05     0.01054    DEL01
FE_PHC247_tpu_dout_25           2.175e+06       2.175e+06  2.314e-05   4.534e-06   3.499e-05           0   6.266e-05     0.01053    DEL0
FE_PHC659_n_6                       2e+06           2e+06  2.118e-05   6.483e-06   3.499e-05           0   6.265e-05     0.01053    DEL0
FE_PHC269_tpu_dout_41           2.175e+06       2.175e+06  2.314e-05   4.439e-06   3.499e-05           0   6.256e-05     0.01051    DEL0
FE_PHC324_bus_wbuf_47               2e+06           2e+06  1.356e-05   2.496e-06   4.651e-05           0   6.256e-05     0.01051    DEL01
FE_PHC415_bus_wbuf_30               2e+06           2e+06  1.361e-05   2.407e-06   4.651e-05           0   6.252e-05     0.01051    DEL01
FE_PHC356_bus_wbuf_10               2e+06           2e+06  1.358e-05   2.425e-06   4.651e-05           0   6.251e-05     0.01051    DEL01
FE_PHC281_tpu_dout_49           2.175e+06       2.175e+06  2.313e-05   4.368e-06   3.499e-05           0   6.249e-05      0.0105    DEL0
FE_PHC254_tpu_dout_15           2.175e+06       2.175e+06  2.315e-05   4.304e-06   3.499e-05           0   6.244e-05     0.01049    DEL0
FE_PHC249_tpu_dout_17           2.175e+06       2.175e+06  2.314e-05   4.206e-06   3.499e-05           0   6.234e-05     0.01048    DEL0
FE_PHC265_tpu_dout_36           2.175e+06       2.175e+06  2.315e-05   4.188e-06   3.499e-05           0   6.233e-05     0.01048    DEL0
FE_PHC252_tpu_dout_33           2.175e+06       2.175e+06  2.316e-05   4.173e-06   3.499e-05           0   6.232e-05     0.01047    DEL0
FE_PHC246_tpu_dout_28           2.175e+06       2.175e+06  2.314e-05   4.172e-06   3.499e-05           0    6.23e-05     0.01047    DEL0
FE_PHC517_n_96                      1e+06           1e+06  1.533e-05   4.633e-06   4.229e-05           0   6.226e-05     0.01046    DEL1
FE_PHC441_bus_wbuf_49               2e+06           2e+06  1.363e-05   2.117e-06   4.651e-05           0   6.225e-05     0.01046    DEL01
FE_PHC241_tpu_dout_24           2.175e+06       2.175e+06  2.312e-05   4.116e-06   3.499e-05           0   6.223e-05     0.01046    DEL0
FE_PHC276_tpu_dout_39           2.175e+06       2.175e+06  2.316e-05   4.082e-06   3.499e-05           0   6.223e-05     0.01046    DEL0
FE_PHC273_tpu_dout_6            2.175e+06       2.175e+06  2.312e-05   4.103e-06   3.499e-05           0   6.221e-05     0.01046    DEL0
FE_PHC263_tpu_dout_0            2.175e+06       2.175e+06  2.313e-05   4.035e-06   3.499e-05           0   6.215e-05     0.01045    DEL0
FE_PHC274_tpu_dout_46           2.175e+06       2.175e+06  2.311e-05   4.049e-06   3.499e-05           0   6.215e-05     0.01044    DEL0
FE_PHC423_bus_wbuf_38               2e+06           2e+06  1.359e-05   2.024e-06   4.651e-05           0   6.212e-05     0.01044    DEL01
FE_PHC238_bus_addr_10               2e+06           2e+06  2.113e-05   5.914e-06   3.499e-05           0   6.203e-05     0.01042    DEL0
FE_PHC426_bus_wbuf_41               2e+06           2e+06   1.36e-05   1.844e-06   4.651e-05           0   6.195e-05     0.01041    DEL01
FE_PHC414_bus_wbuf_32               2e+06           2e+06  1.362e-05   1.797e-06   4.651e-05           0   6.192e-05     0.01041    DEL01
FE_PHC434_bus_wbuf_54               2e+06           2e+06  1.361e-05   1.798e-06   4.651e-05           0   6.192e-05     0.01041    DEL01
FE_PHC261_tpu_dout_32           2.175e+06       2.175e+06  2.316e-05   3.756e-06   3.499e-05           0   6.191e-05      0.0104    DEL0
FE_PHC272_tpu_dout_2            2.175e+06       2.175e+06  2.314e-05   3.706e-06   3.499e-05           0   6.184e-05     0.01039    DEL0
FE_PHC248_tpu_dout_22           2.175e+06       2.175e+06  2.317e-05   3.655e-06   3.499e-05           0   6.181e-05     0.01039    DEL0
FE_PHC270_tpu_dout_40           2.175e+06       2.175e+06  2.317e-05     3.6e-06   3.499e-05           0   6.176e-05     0.01038    DEL0
FE_PHC239_tpu_dout_30           2.175e+06       2.175e+06  2.317e-05    3.59e-06   3.499e-05           0   6.175e-05     0.01038    DEL0
FE_PHC645_n_3                       2e+06           2e+06  2.117e-05   5.543e-06   3.499e-05           0    6.17e-05     0.01037    DEL0
FE_PHC425_bus_wbuf_45               2e+06           2e+06  1.362e-05   1.567e-06   4.651e-05           0   6.169e-05     0.01037    DEL01
FE_PHC260_tpu_dout_34           2.175e+06       2.175e+06  2.318e-05    3.51e-06   3.499e-05           0   6.168e-05     0.01037    DEL0
FE_PHC410_bus_wbuf_36               2e+06           2e+06  1.362e-05   1.539e-06   4.651e-05           0   6.166e-05     0.01036    DEL01
FE_PHC266_tpu_dout_1            2.175e+06       2.175e+06  2.311e-05     3.5e-06   3.499e-05           0    6.16e-05     0.01035    DEL0
FE_PHC259_tpu_dout_35           2.175e+06       2.175e+06  2.318e-05   3.414e-06   3.499e-05           0   6.159e-05     0.01035    DEL0
FE_PHC630_bus_we                    2e+06           2e+06  1.359e-05   1.462e-06   4.651e-05           0   6.156e-05     0.01035    DEL01
FE_PHC419_bus_wbuf_37               2e+06           2e+06  1.359e-05    1.45e-06   4.651e-05           0   6.155e-05     0.01034    DEL01
FE_PHC411_bus_wbuf_34               2e+06           2e+06   1.36e-05   1.438e-06   4.651e-05           0   6.155e-05     0.01034    DEL01
FE_PHC257_tpu_dout_9            2.175e+06       2.175e+06  2.316e-05   3.391e-06   3.499e-05           0   6.154e-05     0.01034    DEL0
FE_PHC620_bus_we                    2e+06           2e+06  3.172e-06   3.928e-05   1.908e-05           0   6.153e-05     0.01034    CKBD1
FE_PHC264_tpu_dout_37           2.175e+06       2.175e+06  2.318e-05   3.354e-06   3.499e-05           0   6.152e-05     0.01034    DEL0
FE_PHC421_bus_wbuf_39               2e+06           2e+06   1.36e-05    1.41e-06   4.651e-05           0   6.151e-05     0.01034    DEL01
FE_PHC245_tpu_dout_20           2.175e+06       2.175e+06  2.316e-05   3.331e-06   3.499e-05           0   6.149e-05     0.01033    DEL0
FE_PHC240_tpu_dout_29           2.175e+06       2.175e+06  2.316e-05    3.32e-06   3.499e-05           0   6.147e-05     0.01033    DEL0
FE_PHC243_tpu_dout_26           2.175e+06       2.175e+06  2.317e-05   3.301e-06   3.499e-05           0   6.147e-05     0.01033    DEL0
FE_PHC409_bus_wbuf_35               2e+06           2e+06   1.36e-05   1.335e-06   4.651e-05           0   6.144e-05     0.01033    DEL01
FE_PHC255_tpu_dout_8            2.175e+06       2.175e+06  2.317e-05   3.255e-06   3.499e-05           0   6.141e-05     0.01032    DEL0
FE_PHC428_bus_wbuf_43               2e+06           2e+06  1.359e-05   1.314e-06   4.651e-05           0   6.141e-05     0.01032    DEL01
FE_PHC449_bus_wbuf_46               2e+06           2e+06  1.359e-05   1.294e-06   4.651e-05           0   6.139e-05     0.01032    DEL01
FE_PHC427_bus_wbuf_42               2e+06           2e+06  1.359e-05   1.264e-06   4.651e-05           0   6.136e-05     0.01031    DEL01
FE_PHC394_tpu_dout_31           2.175e+06       2.175e+06  2.322e-05   3.137e-06   3.499e-05           0   6.135e-05     0.01031    DEL0
FE_PHC418_bus_wbuf_47               2e+06           2e+06   1.36e-05   1.239e-06   4.651e-05           0   6.134e-05     0.01031    DEL01
FE_PHC256_tpu_dout_10           2.175e+06       2.175e+06  2.317e-05   3.131e-06   3.499e-05           0   6.129e-05      0.0103    DEL0
FE_PHC453_bus_wbuf_40               2e+06           2e+06  1.359e-05   1.123e-06   4.651e-05           0   6.122e-05     0.01029    DEL01
FE_PHC406_bus_wbuf_48               2e+06           2e+06   1.36e-05    1.07e-06   4.651e-05           0   6.117e-05     0.01028    DEL01
FE_PHC286_tpu_dout_5            2.175e+06       2.175e+06  2.321e-05    2.84e-06   3.499e-05           0   6.104e-05     0.01026    DEL0
FE_PHC430_bus_wbuf_55               2e+06           2e+06  1.359e-05   8.688e-07   4.651e-05           0   6.096e-05     0.01025    DEL01
FE_PHC442_bus_wbuf_53               2e+06           2e+06  1.358e-05   8.711e-07   4.651e-05           0   6.096e-05     0.01024    DEL01
FE_PHC420_bus_wbuf_33               2e+06           2e+06  1.358e-05   8.712e-07   4.651e-05           0   6.096e-05     0.01024    DEL01
FE_PHC546_sram_addr_4             2.5e+06         2.5e+06  1.901e-05   1.043e-05   3.141e-05           0   6.085e-05     0.01023    DEL015
FE_PHC285_tpu_dout_4            2.175e+06       2.175e+06  2.323e-05   2.576e-06   3.499e-05           0   6.079e-05     0.01022    DEL0
FE_PHC251_tpu_dout_21           2.175e+06       2.175e+06  2.324e-05   2.472e-06   3.499e-05           0    6.07e-05      0.0102    DEL0
FE_PHC591_sram_addr_0             2.5e+06         2.5e+06  1.896e-05   1.025e-05   3.141e-05           0   6.062e-05     0.01019    DEL015
FE_PHC297_tpu_dout_56           2.175e+06       2.175e+06  2.325e-05   2.305e-06   3.499e-05           0   6.055e-05     0.01018    DEL0
FE_PHC242_tpu_dout_23           2.175e+06       2.175e+06  2.326e-05   2.249e-06   3.499e-05           0    6.05e-05     0.01017    DEL0
FE_PHC550_sram_addr_3             2.5e+06         2.5e+06  1.901e-05   9.759e-06   3.141e-05           0   6.018e-05     0.01011    DEL015
p96116A2177__4319                   2e+06         2.5e+06   8.18e-06   1.965e-05   3.157e-05           0    5.94e-05    0.009983    AO222D1
FE_PHC530_sram_addr_6             2.5e+06         2.5e+06  1.894e-05   8.724e-06   3.141e-05           0   5.907e-05    0.009927    DEL015
FE_PHC5_bus_din_1                   2e+06           2e+06   5.31e-06   2.031e-05   3.311e-05           0   5.873e-05    0.009871    BUFFD2
FE_PHC508_sram_addr_5             2.5e+06         2.5e+06  1.902e-05   8.152e-06   3.141e-05           0   5.858e-05    0.009845    DEL015
p96116A2178__8428                   2e+06         2.5e+06   8.18e-06   1.873e-05   3.157e-05           0   5.849e-05    0.009829    AO222D1
FE_PHC454_bus_wbuf_52               2e+06           2e+06  2.139e-05   1.769e-06   3.499e-05           0   5.815e-05    0.009772    DEL0
FE_PHC298_tpu_re                    2e+06           2e+06  2.155e-05   9.056e-07   3.499e-05           0   5.745e-05    0.009655    DEL0
p96116A2180__6783                   2e+06         2.5e+06   8.18e-06   1.762e-05   3.157e-05           0   5.738e-05    0.009643    AO222D1
FE_PHC407_sram_addr_7             2.5e+06         2.5e+06  1.897e-05   6.155e-06   3.141e-05           0   5.653e-05    0.009501    DEL015
FE_PHC544_bus_wbuf_62               2e+06           2e+06  1.521e-05   9.014e-06   3.141e-05           0   5.563e-05    0.009349    DEL015
p96110A__2398                       2e+06         2.5e+06  8.314e-06    1.62e-05   3.099e-05           0   5.551e-05    0.009329    AO222D1
p96186A3214__1666                   2e+06         2.5e+06  8.266e-06   1.491e-05   3.213e-05           0    5.53e-05    0.009294    MOAI22D1
FE_PHC460_bus_wbuf_0                2e+06           2e+06  1.521e-05   8.593e-06   3.141e-05           0   5.521e-05    0.009278    DEL015
FE_PHC465_bus_wbuf_2                2e+06           2e+06  1.515e-05   8.444e-06   3.141e-05           0     5.5e-05    0.009243    DEL015
FE_PHC651_n_4                       2e+06           2e+06  1.535e-05   8.058e-06   3.141e-05           0   5.482e-05    0.009212    DEL015
p96110A2182__1617                   2e+06         2.5e+06  8.314e-06   1.529e-05   3.099e-05           0    5.46e-05    0.009175    AO222D1
p96014A__2802                       2e+06           2e+06  3.192e-06   2.775e-05   2.358e-05           0   5.452e-05    0.009163    NR2D2
FE_PHC554_bus_wbuf_60               2e+06           2e+06  1.515e-05   7.863e-06   3.141e-05           0   5.443e-05    0.009147    DEL015
FE_PHC467_bus_wbuf_6                2e+06           2e+06  1.514e-05   6.897e-06   3.141e-05           0   5.345e-05    0.008982    DEL015
p96186A3213__2346                   2e+06         2.5e+06   8.26e-06   1.287e-05   3.213e-05           0   5.327e-05    0.008952    MOAI22D1
FE_PHC558_bus_addr_1                2e+06           2e+06  1.515e-05   6.629e-06   3.141e-05           0   5.319e-05    0.008938    DEL015
CTS_cmf_inv_00053                   2e+07           2e+07  1.096e-05   3.284e-05   9.143e-06           0   5.294e-05    0.008897    CKND1
p96186A3216__6417                   2e+06         2.5e+06   8.25e-06   1.225e-05   3.213e-05           0   5.263e-05    0.008846    MOAI22D1
FE_PHC462_bus_wbuf_4                2e+06           2e+06  1.513e-05   6.046e-06   3.141e-05           0   5.259e-05    0.008838    DEL015
FE_PHC402_bus_wbuf_5                2e+06           2e+06  1.513e-05   5.899e-06   3.141e-05           0   5.244e-05    0.008813    DEL015
FE_PHC404_bus_wbuf_7                2e+06           2e+06  1.513e-05   5.853e-06   3.141e-05           0   5.239e-05    0.008805    DEL015
FE_PHC8_bus_din_5                   2e+06           2e+06  5.298e-06   1.343e-05   3.311e-05           0   5.184e-05    0.008712    BUFFD2
FE_PHC395_bus_addr_10               2e+06           2e+06  1.513e-05   4.783e-06   3.141e-05           0   5.132e-05    0.008625    DEL015
FE_PHC624_bus_we                    2e+06           2e+06  1.526e-05   4.639e-06   3.141e-05           0   5.131e-05    0.008622    DEL015
FE_PHC401_bus_wbuf_3                2e+06           2e+06  1.514e-05   4.289e-06   3.141e-05           0   5.084e-05    0.008543    DEL015
FE_PHC549_bus_wbuf_61               2e+06           2e+06  1.513e-05   3.746e-06   3.141e-05           0   5.028e-05    0.008451    DEL015
p96186A3215__7410                   2e+06         2.5e+06  8.241e-06   9.335e-06   3.213e-05           0   4.971e-05    0.008354    MOAI22D1
FE_PHC424_bus_wbuf_31               2e+06           2e+06   1.52e-05   2.927e-06   3.141e-05           0   4.954e-05    0.008325    DEL015
FE_PHC623_bus_din_2                 2e+06           2e+06  1.512e-05   2.617e-06   3.141e-05           0   4.915e-05     0.00826    DEL015
FE_PHC303_bus_addr_3                2e+06           2e+06   1.52e-05   2.513e-06   3.141e-05           0   4.912e-05    0.008255    DEL015
FE_PHC305_bus_addr_8                2e+06           2e+06  1.538e-05   2.198e-06   3.141e-05           0   4.898e-05    0.008232    DEL015
FE_PHC302_bus_addr_5                2e+06           2e+06  1.521e-05   2.333e-06   3.141e-05           0   4.896e-05    0.008227    DEL015
FE_PHC455_bus_wbuf_44               2e+06           2e+06  1.522e-05   2.309e-06   3.141e-05           0   4.893e-05    0.008224    DEL015
FE_PHC304_bus_addr_4                2e+06           2e+06  1.523e-05   2.161e-06   3.141e-05           0    4.88e-05    0.008201    DEL015
FE_PHC299_bus_addr_11               2e+06           2e+06  1.521e-05   2.081e-06   3.141e-05           0    4.87e-05    0.008184    DEL015
FE_PHC301_bus_addr_6                2e+06           2e+06  1.522e-05   1.982e-06   3.141e-05           0   4.861e-05    0.008169    DEL015
FE_PHC300_bus_addr_9                2e+06           2e+06  1.522e-05   1.981e-06   3.141e-05           0   4.861e-05    0.008169    DEL015
FE_PHC399_bus_wbuf_56               2e+06           2e+06  1.524e-05   1.759e-06   3.141e-05           0    4.84e-05    0.008135    DEL015
FE_PHC627_n_4                       2e+06           2e+06   3.23e-06   2.564e-05   1.908e-05           0   4.795e-05    0.008059    CKBD1
FE_PHC11_bus_we_d1                  2e+06           2e+06  3.176e-06   2.549e-05   1.908e-05           0   4.775e-05    0.008024    CKBD1
FE_PHC306_bus_addr_7                2e+06           2e+06  1.521e-05   1.129e-06   3.141e-05           0   4.775e-05    0.008024    DEL015
FE_PHC400_bus_wbuf_57               2e+06           2e+06  1.523e-05   1.108e-06   3.141e-05           0   4.774e-05    0.008024    DEL015
p96186A3211__9945                   2e+06         2.5e+06  8.304e-06   6.638e-06   3.213e-05           0   4.707e-05    0.007911    MOAI22D1
FE_PHC654_n_6                       2e+06           2e+06   3.15e-06   2.244e-05   1.908e-05           0   4.467e-05    0.007507    CKBD1
FE_PHC622_bus_din_0                 2e+06           2e+06   3.16e-06   2.215e-05   1.908e-05           0    4.44e-05    0.007461    CKBD1
FE_PHC611_bus_we                    2e+06           2e+06  4.783e-06   8.892e-06   2.943e-05           0   4.311e-05    0.007245    CKBD2
FE_PHC341_bus_wbuf_51               2e+06           2e+06  1.216e-05   2.031e-06   2.719e-05           0   4.139e-05    0.006955    DEL02
FE_PHC638_n_3                       2e+06           2e+06  3.152e-06   1.908e-05   1.908e-05           0   4.132e-05    0.006943    CKBD1
FE_PHC9_bus_din_3                   2e+06           2e+06  5.131e-06   2.515e-06   3.311e-05           0   4.076e-05    0.006849    BUFFD2
FE_PHC4_bus_din_2                   2e+06           2e+06  5.121e-06   2.298e-06   3.311e-05           0   4.053e-05    0.006811    BUFFD2
FE_PHC7_bus_din_4                   2e+06           2e+06  4.882e-06   1.703e-06   3.311e-05           0    3.97e-05    0.006671    BUFFD2
FE_PHC10_bus_din_6                  2e+06           2e+06  5.058e-06   1.415e-06   3.311e-05           0   3.958e-05    0.006652    BUFFD2
FE_PHC643_bus_din_3                 2e+06           2e+06  3.149e-06   1.732e-05   1.908e-05           0   3.955e-05    0.006646    CKBD1
p96116A2181__3680                   2e+06         2.5e+06  5.803e-06   1.951e-05   1.374e-05           0   3.906e-05    0.006564    AO222D0
FE_PHC403_bus_we                    2e+06           2e+06   4.95e-06   8.811e-07   3.311e-05           0   3.894e-05    0.006544    BUFFD2
FE_PHC625_bus_din_6                 2e+06           2e+06  3.137e-06   1.603e-05   1.908e-05           0   3.825e-05    0.006429    CKBD1
p96110A2183__1705                   2e+06           2e+06  3.416e-06   1.795e-05   1.598e-05           0   3.734e-05    0.006276    INR2D1
FE_PDC690_n_34                    2.5e+06         2.5e+06  4.086e-06   1.402e-05   1.908e-05           0   3.718e-05    0.006249    CKBD1
FE_PHC619_bus_din_4                 2e+06           2e+06  3.206e-06   1.453e-05   1.908e-05           0   3.682e-05    0.006188    CKBD1
FE_PHC618_bus_din_6                 2e+06           2e+06  3.214e-06   1.409e-05   1.908e-05           0   3.638e-05    0.006115    CKBD1
p96116A__5107                       2e+06         2.5e+06  5.799e-06   1.663e-05   1.374e-05           0   3.618e-05    0.006079    AO222D0
Fp96541A3233                        2e+06           2e+06   1.19e-06    2.45e-05   1.029e-05           0   3.597e-05    0.006046    INVD1
FE_PHC314_sram_addr_7             2.5e+06         2.5e+06   6.24e-06   5.851e-06   2.351e-05           0    3.56e-05    0.005983    DEL005
Fp96541A                            2e+06           2e+06  1.157e-06   2.345e-05   1.029e-05           0   3.489e-05    0.005864    INVD1
FE_PHC642_n_3                       2e+06           2e+06   3.36e-06    1.23e-05   1.908e-05           0   3.474e-05    0.005839    CKBD1
p96116A2179__5526                   2e+06         2.5e+06  5.795e-06   1.504e-05   1.374e-05           0   3.457e-05     0.00581    AO222D0
Fp96541A3238                        2e+06           2e+06  1.134e-06   2.293e-05   1.029e-05           0   3.435e-05    0.005773    INVD1
FE_PHC687_bus_din_4                 2e+06           2e+06  5.105e-06   4.967e-06    2.35e-05           0   3.357e-05    0.005642    DEL005
Fp96541A3235                        2e+06           2e+06  1.058e-06   2.325e-05   9.143e-06           0   3.345e-05    0.005621    CKND1
FE_PHC684_bus_din_4                 2e+06           2e+06  4.873e-06   4.682e-06    2.35e-05           0   3.305e-05    0.005555    DEL005
FE_PHC557_bus_din_3                 2e+06           2e+06  4.793e-06   4.669e-06    2.35e-05           0   3.296e-05    0.005539    DEL005
FE_PHC678_bus_din_4                 2e+06           2e+06  4.795e-06   4.084e-06    2.35e-05           0   3.238e-05    0.005441    DEL005
FE_PHC576_bus_we                    2e+06           2e+06  4.746e-06   3.881e-06    2.35e-05           0   3.213e-05    0.005399    DEL005
FE_PHC572_bus_wbuf_15               2e+06           2e+06   4.81e-06   3.763e-06    2.35e-05           0   3.207e-05     0.00539    DEL005
FE_PHC663_n_6                       2e+06           2e+06   4.73e-06   3.451e-06    2.35e-05           0   3.168e-05    0.005324    DEL005
FE_PHC661_bus_din_4                 2e+06           2e+06  4.784e-06    3.19e-06    2.35e-05           0   3.147e-05    0.005289    DEL005
FE_PHC569_bus_addr_3                2e+06           2e+06  5.076e-06   2.888e-06    2.35e-05           0   3.146e-05    0.005288    DEL005
FE_PHC660_bus_din_3                 2e+06           2e+06  4.895e-06    3.04e-06    2.35e-05           0   3.144e-05    0.005283    DEL005
FE_PHC653_bus_din_3                 2e+06           2e+06  4.746e-06   3.174e-06    2.35e-05           0   3.142e-05     0.00528    DEL005
FE_PHC632_bus_din_3                 2e+06           2e+06  4.895e-06    2.98e-06    2.35e-05           0   3.137e-05    0.005273    DEL005
FE_PHC602_bus_we                    2e+06           2e+06   5.55e-06   2.229e-06    2.35e-05           0   3.128e-05    0.005257    DEL005
FE_PHC665_bus_din_4                 2e+06           2e+06  4.792e-06   2.981e-06    2.35e-05           0   3.127e-05    0.005256    DEL005
FE_PHC675_bus_din_4                 2e+06           2e+06  4.766e-06    2.88e-06    2.35e-05           0   3.115e-05    0.005234    DEL005
FE_PHC671_n_6                       2e+06           2e+06  4.764e-06   2.824e-06    2.35e-05           0   3.109e-05    0.005225    DEL005
FE_PHC639_bus_din_2                 2e+06           2e+06  4.792e-06   2.753e-06    2.35e-05           0   3.104e-05    0.005217    DEL005
FE_PHC669_bus_din_3                 2e+06           2e+06  4.787e-06   2.716e-06    2.35e-05           0     3.1e-05     0.00521    DEL005
FE_PHC580_bus_wbuf_8                2e+06           2e+06  4.789e-06     2.6e-06    2.35e-05           0   3.089e-05    0.005191    DEL005
FE_PHC565_bus_addr_5                2e+06           2e+06  5.057e-06   2.219e-06    2.35e-05           0   3.078e-05    0.005172    DEL005
FE_PHC593_bus_we                    2e+06           2e+06  4.733e-06   2.538e-06    2.35e-05           0   3.077e-05    0.005171    DEL005
FE_PHC667_bus_din_4                 2e+06           2e+06   4.79e-06   2.416e-06    2.35e-05           0   3.071e-05     0.00516    DEL005
FE_PHC655_bus_din_4                 2e+06           2e+06  4.759e-06   2.421e-06    2.35e-05           0   3.068e-05    0.005156    DEL005
FE_PHC438_bus_wbuf_11               2e+06           2e+06  4.779e-06   2.396e-06    2.35e-05           0   3.068e-05    0.005155    DEL005
FE_PHC561_bus_addr_7                2e+06           2e+06  5.052e-06   2.053e-06    2.35e-05           0    3.06e-05    0.005143    DEL005
FE_PHC310_sram_wen                  2e+06           2e+06  3.424e-06    8.06e-06   1.908e-05           0   3.057e-05    0.005137    CKBD1
FE_PHC567_bus_addr_6                2e+06           2e+06  5.054e-06       2e-06    2.35e-05           0   3.055e-05    0.005135    DEL005
FE_PHC662_bus_din_3                 2e+06           2e+06  4.697e-06   2.352e-06    2.35e-05           0   3.055e-05    0.005134    DEL005
FE_PHC568_bus_addr_11               2e+06           2e+06  4.697e-06    2.33e-06    2.35e-05           0   3.053e-05     0.00513    DEL005
FE_PHC566_bus_addr_9                2e+06           2e+06   5.05e-06   1.965e-06    2.35e-05           0   3.051e-05    0.005128    DEL005
FE_PHC633_bus_din_2                 2e+06           2e+06  4.748e-06   2.248e-06    2.35e-05           0    3.05e-05    0.005125    DEL005
FE_PHC564_bus_wbuf_8                2e+06           2e+06  4.757e-06   2.227e-06    2.35e-05           0   3.048e-05    0.005123    DEL005
FE_PHC556_bus_din_1                 2e+06           2e+06  4.691e-06   2.284e-06    2.35e-05           0   3.047e-05    0.005121    DEL005
FE_PHC413_bus_wbuf_17               2e+06           2e+06  4.767e-06   2.099e-06    2.35e-05           0   3.037e-05    0.005103    DEL005
FE_PHC562_bus_addr_4                2e+06           2e+06  5.044e-06   1.744e-06    2.35e-05           0   3.029e-05     0.00509    DEL005
FE_PHC463_bus_wbuf_26               2e+06           2e+06  4.746e-06   2.008e-06    2.35e-05           0   3.025e-05    0.005084    DEL005
FE_PHC474_tpu_dout_7            2.175e+06       2.175e+06  5.275e-06   1.459e-06    2.35e-05           0   3.024e-05    0.005081    DEL005
FE_PHC670_bus_din_4                 2e+06           2e+06  4.745e-06   1.961e-06    2.35e-05           0   3.021e-05    0.005076    DEL005
FE_PHC595_bus_we                    2e+06           2e+06   4.73e-06   1.924e-06    2.35e-05           0   3.015e-05    0.005068    DEL005
FE_PHC636_bus_we                    2e+06           2e+06  4.682e-06   1.933e-06    2.35e-05           0   3.011e-05    0.005061    DEL005
FE_PHC649_bus_din_6                 2e+06           2e+06  4.734e-06   1.759e-06    2.35e-05           0   2.999e-05    0.005041    DEL005
FE_PHC635_bus_din_3                 2e+06           2e+06  4.807e-06   1.614e-06    2.35e-05           0   2.992e-05    0.005028    DEL005
FE_PHC641_bus_din_6                 2e+06           2e+06  4.731e-06   1.583e-06    2.35e-05           0   2.981e-05     0.00501    DEL005
FE_PHC559_bus_din_4                 2e+06           2e+06  4.715e-06   1.535e-06    2.35e-05           0   2.975e-05       0.005    DEL005
p96186A3217__5477                   2e+06         2.5e+06  5.143e-06   1.113e-05   1.347e-05           0   2.974e-05    0.004998    MOAI22D0
FE_PHC652_bus_din_4                 2e+06           2e+06  4.746e-06   1.354e-06    2.35e-05           0    2.96e-05    0.004974    DEL005
FE_PHC479_bus_wbuf_14               2e+06           2e+06  4.741e-06   1.329e-06    2.35e-05           0   2.957e-05    0.004969    DEL005
FE_PDC691_bus_wbuf_2                2e+06           2e+06  2.991e-06   1.174e-05   1.483e-05           0   2.956e-05    0.004968    BUFFD1
FE_PHC412_bus_wbuf_18               2e+06           2e+06  4.754e-06   1.186e-06    2.35e-05           0   2.944e-05    0.004948    DEL005
FE_PHC309_bus_wbuf_15               2e+06           2e+06  4.725e-06   1.155e-06    2.35e-05           0   2.938e-05    0.004937    DEL005
p96178A3156__3680                   2e+06         2.5e+06  3.754e-06   1.201e-05    1.33e-05           0   2.906e-05    0.004884    AO22D0
FE_PDC692_n_77                    2.5e+06         2.5e+06  3.689e-06   8.347e-06   1.496e-05           0     2.7e-05    0.004537    BUFFD1
FE_PHC608_sram_addr_1             2.5e+06         2.5e+06   3.84e-06   2.745e-06   1.908e-05           0   2.567e-05    0.004313    CKBD1
p96178A3159__1705                   2e+06         2.5e+06  3.735e-06   8.138e-06    1.33e-05           0   2.517e-05     0.00423    AO22D0
FE_PHC689_bus_din_4                 2e+06           2e+06  3.083e-06   2.951e-06   1.908e-05           0   2.511e-05    0.004221    CKBD1
FE_PHC617_bus_din_0                 2e+06           2e+06  3.112e-06   2.566e-06   1.908e-05           0   2.476e-05    0.004161    CKBD1
FE_PHC375_bus_wbuf_15               2e+06           2e+06  3.131e-06   2.509e-06   1.908e-05           0   2.472e-05    0.004155    CKBD1
FE_PHC496_tpu_dout_27           2.175e+06       2.175e+06  3.414e-06   2.063e-06   1.908e-05           0   2.456e-05    0.004127    CKBD1
FE_PHC498_tpu_dout_18           2.175e+06       2.175e+06  3.415e-06   2.023e-06   1.908e-05           0   2.452e-05    0.004121    CKBD1
FE_PHC485_tpu_dout_24           2.175e+06       2.175e+06  3.411e-06   1.918e-06   1.908e-05           0   2.441e-05    0.004102    CKBD1
FE_PHC488_tpu_dout_0            2.175e+06       2.175e+06  3.416e-06   1.903e-06   1.908e-05           0    2.44e-05    0.004101    CKBD1
p96178A3161__8246                   2e+06         2.5e+06  3.728e-06   7.357e-06    1.33e-05           0   2.438e-05    0.004098    AO22D0
p96217A__5122                       2e+06       2.125e+06  3.772e-06    7.29e-06   1.332e-05           0   2.438e-05    0.004098    INR3D0
FE_PHC475_tpu_dout_10           2.175e+06       2.175e+06  3.405e-06   1.892e-06   1.908e-05           0   2.438e-05    0.004097    CKBD1
FE_PHC444_bus_wbuf_12               2e+06           2e+06  3.102e-06   2.128e-06   1.908e-05           0   2.431e-05    0.004086    CKBD1
FE_PHC483_tpu_dout_2            2.175e+06       2.175e+06  3.415e-06    1.77e-06   1.908e-05           0   2.427e-05    0.004078    CKBD1
p96178A3160__5122                   2e+06         2.5e+06  3.731e-06   7.227e-06    1.33e-05           0   2.425e-05    0.004076    AO22D0
FE_PHC471_tpu_dout_29           2.175e+06       2.175e+06  3.402e-06   1.664e-06   1.908e-05           0   2.415e-05    0.004058    CKBD1
FE_PHC473_tpu_dout_9            2.175e+06       2.175e+06  3.408e-06   1.657e-06   1.908e-05           0   2.415e-05    0.004058    CKBD1
p96389A__1617                       2e+06         2.5e+06  4.105e-06   4.264e-06   1.572e-05           0   2.409e-05    0.004049    MUX2ND0
FE_PHC491_tpu_dout_49           2.175e+06       2.175e+06  3.403e-06   1.608e-06   1.908e-05           0   2.409e-05    0.004049    CKBD1
FE_PHC575_bus_wbuf_16               2e+06           2e+06  3.087e-06   1.922e-06   1.908e-05           0   2.409e-05    0.004049    CKBD1
FE_PHC592_bus_addr_0                2e+06           2e+06   3.07e-06   1.937e-06   1.908e-05           0   2.409e-05    0.004048    CKBD1
FE_PHC505_tpu_dout_43           2.175e+06       2.175e+06  3.416e-06   1.582e-06   1.908e-05           0   2.408e-05    0.004047    CKBD1
FE_PHC486_tpu_dout_28           2.175e+06       2.175e+06   3.41e-06   1.585e-06   1.908e-05           0   2.408e-05    0.004046    CKBD1
FE_PHC499_tpu_dout_3            2.175e+06       2.175e+06  3.403e-06   1.538e-06   1.908e-05           0   2.402e-05    0.004037    CKBD1
FE_PHC23_tpu_dout_56            2.175e+06       2.175e+06  3.203e-06   5.933e-06   1.488e-05           0   2.401e-05    0.004035    BUFFD1
p96116A2176__6260                   2e+06         2.5e+06  5.748e-06   4.518e-06   1.374e-05           0   2.401e-05    0.004035    AO222D0
FE_PHC405_bus_din_0                 2e+06           2e+06   3.22e-06   1.686e-06   1.908e-05           0   2.399e-05    0.004031    CKBD1
FE_PHC503_tpu_dout_42           2.175e+06       2.175e+06  3.411e-06   1.475e-06   1.908e-05           0   2.397e-05    0.004028    CKBD1
FE_PHC585_bus_addr_4                2e+06           2e+06  3.154e-06    1.68e-06   1.908e-05           0   2.392e-05    0.004019    CKBD1
FE_PHC500_tpu_dout_19           2.175e+06       2.175e+06  3.413e-06   1.396e-06   1.908e-05           0   2.389e-05    0.004015    CKBD1
FE_PHC495_tpu_dout_16           2.175e+06       2.175e+06   3.41e-06   1.396e-06   1.908e-05           0   2.389e-05    0.004015    CKBD1
FE_PHC315_sram_addr_8             2.5e+06         2.5e+06  2.729e-06   1.354e-05   7.611e-06           0   2.388e-05    0.004013    CKBD0
FE_PHC489_tpu_dout_17           2.175e+06       2.175e+06  3.404e-06   1.391e-06   1.908e-05           0   2.388e-05    0.004013    CKBD1
FE_PHC468_tpu_dout_26           2.175e+06       2.175e+06  3.403e-06   1.386e-06   1.908e-05           0   2.387e-05    0.004011    CKBD1
FE_PHC469_tpu_dout_5            2.175e+06       2.175e+06  3.405e-06   1.368e-06   1.908e-05           0   2.385e-05    0.004009    CKBD1
FE_PHC494_tpu_dout_41           2.175e+06       2.175e+06  3.403e-06    1.36e-06   1.908e-05           0   2.384e-05    0.004007    CKBD1
FE_PHC614_bus_addr_0                2e+06           2e+06  3.097e-06   1.594e-06   1.908e-05           0   2.377e-05    0.003995    CKBD1
FE_PHC563_bus_wbuf_10               2e+06           2e+06  3.087e-06   1.565e-06   1.908e-05           0   2.373e-05    0.003989    CKBD1
FE_PHC368_sram_addr_5             2.5e+06         2.5e+06  3.673e-06   4.958e-06   1.505e-05           0   2.368e-05     0.00398    BUFFD1
FE_PHC584_bus_addr_3                2e+06           2e+06  3.143e-06   1.457e-06   1.908e-05           0   2.368e-05     0.00398    CKBD1
FE_PHC493_tpu_dout_25           2.175e+06       2.175e+06  3.406e-06    1.17e-06   1.908e-05           0   2.366e-05    0.003976    CKBD1
Fp96541A3236                        2e+06           2e+06  1.624e-06   8.286e-07   2.115e-05           0    2.36e-05    0.003966    INVD2
FE_PHC587_bus_addr_7                2e+06           2e+06  3.198e-06   1.163e-06   1.908e-05           0   2.344e-05     0.00394    CKBD1
FE_PHC506_tpu_dout_44           2.175e+06       2.175e+06  3.396e-06   9.354e-07   1.908e-05           0   2.341e-05    0.003935    CKBD1
FE_PHC501_tpu_dout_45           2.175e+06       2.175e+06  3.394e-06   9.351e-07   1.908e-05           0   2.341e-05    0.003934    CKBD1
FE_PHC477_tpu_dout_30           2.175e+06       2.175e+06  3.389e-06   9.361e-07   1.908e-05           0   2.341e-05    0.003934    CKBD1
FE_PHC492_tpu_dout_33           2.175e+06       2.175e+06  3.385e-06   9.353e-07   1.908e-05           0    2.34e-05    0.003933    CKBD1
FE_PHC478_tpu_dout_34           2.175e+06       2.175e+06  3.387e-06   9.321e-07   1.908e-05           0    2.34e-05    0.003933    CKBD1
FE_PHC481_tpu_dout_35           2.175e+06       2.175e+06  3.382e-06   9.313e-07   1.908e-05           0    2.34e-05    0.003932    CKBD1
FE_PHC439_bus_wbuf_13               2e+06           2e+06  3.082e-06   1.217e-06   1.908e-05           0   2.338e-05    0.003929    CKBD1
FE_PHC570_bus_addr_8                2e+06           2e+06  3.069e-06   1.202e-06   1.908e-05           0   2.335e-05    0.003925    CKBD1
FE_PHC610_rstn                      2e+06           2e+06  3.104e-06   5.375e-06   1.483e-05           0   2.331e-05    0.003917    BUFFD1
FE_PHC376_sram_addr_8             2.5e+06         2.5e+06  3.658e-06   4.204e-06   1.505e-05           0   2.291e-05    0.003851    BUFFD1
p96178A3140__4733                   2e+06         2.5e+06  3.704e-06   5.892e-06   1.324e-05           0   2.284e-05    0.003839    AO22D0
p96449A__6260                     2.5e+06         1.5e+06  1.404e-06   1.364e-05   7.718e-06           0   2.276e-05    0.003826    ND2D1
p96186A3150__5107                   2e+06         2.5e+06  5.157e-06   4.058e-06    1.35e-05           0   2.271e-05    0.003817    MOAI22D0
p96186A3151__6260                   2e+06         2.5e+06  5.145e-06   3.382e-06    1.35e-05           0   2.203e-05    0.003702    MOAI22D0
p96178A3155__6783                   2e+06         2.5e+06  3.736e-06   4.968e-06    1.33e-05           0     2.2e-05    0.003698    AO22D0
FE_PHC464_tpu_dout_48           2.175e+06       2.175e+06  3.288e-06   3.649e-06   1.488e-05           0   2.181e-05    0.003666    BUFFD1
FE_PHC374_bus_wbuf_48               2e+06           2e+06  2.934e-06   4.008e-06   1.483e-05           0   2.177e-05    0.003658    BUFFD1
FE_PHC466_tpu_dout_52           2.175e+06       2.175e+06  3.286e-06   3.393e-06   1.488e-05           0   2.155e-05    0.003622    BUFFD1
FE_PHC607_sram_wen                  2e+06           2e+06  2.253e-06   1.039e-05   8.894e-06           0   2.153e-05    0.003619    BUFFD0
FE_PHC387_bus_wbuf_9                2e+06           2e+06  2.959e-06   3.711e-06   1.483e-05           0    2.15e-05    0.003613    BUFFD1
p96178A3141__6161                   2e+06         2.5e+06  3.705e-06   4.475e-06   1.324e-05           0   2.142e-05      0.0036    AO22D0
FE_PHC389_bus_wbuf_8                2e+06           2e+06  2.937e-06   3.649e-06   1.483e-05           0   2.141e-05    0.003599    BUFFD1
FE_PHC482_tpu_dout_1            2.175e+06       2.175e+06  3.283e-06    3.21e-06   1.488e-05           0   2.137e-05    0.003591    BUFFD1
FE_PHC504_tpu_dout_15           2.175e+06       2.175e+06  3.178e-06    3.27e-06   1.488e-05           0   2.132e-05    0.003584    BUFFD1
p96178A3144__2883                   2e+06         2.5e+06  3.692e-06   4.328e-06   1.324e-05           0   2.126e-05    0.003574    AO22D0
FE_PHC388_bus_wbuf_19               2e+06           2e+06   2.97e-06   3.465e-06   1.483e-05           0   2.126e-05    0.003573    BUFFD1
p96186A3189__1666                   2e+06         2.5e+06  5.219e-06   2.395e-06   1.347e-05           0   2.108e-05    0.003543    MOAI22D0
p96186A3190__7410                   2e+06         2.5e+06  5.228e-06    2.35e-06   1.347e-05           0   2.104e-05    0.003536    MOAI22D0
FE_PHC484_tpu_dout_23           2.175e+06       2.175e+06  3.167e-06   2.981e-06   1.488e-05           0   2.102e-05    0.003533    BUFFD1
FE_PHC440_tpu_dout_63           2.175e+06       2.175e+06  3.271e-06   2.773e-06   1.488e-05           0   2.092e-05    0.003516    BUFFD1
FE_PHC656_n_6                       2e+06           2e+06  2.246e-06     1.1e-05   7.611e-06           0   2.086e-05    0.003506    CKBD0
p96178A3143__9945                   2e+06         2.5e+06  3.687e-06   3.904e-06   1.324e-05           0   2.084e-05    0.003501    AO22D0
p96186A3153__8428                   2e+06         2.5e+06  5.183e-06   2.122e-06    1.35e-05           0   2.081e-05    0.003497    MOAI22D0
FE_PHC451_tpu_dout_58           2.175e+06       2.175e+06  3.267e-06   2.652e-06   1.488e-05           0   2.079e-05    0.003495    BUFFD1
FE_PHC437_tpu_dout_59           2.175e+06       2.175e+06  3.266e-06   2.583e-06   1.488e-05           0   2.072e-05    0.003483    BUFFD1
p96186A3182__7482                   2e+06         2.5e+06  5.038e-06   2.161e-06   1.347e-05           0   2.066e-05    0.003473    MOAI22D0
p96186A3149__2398                   2e+06         2.5e+06  5.204e-06   1.959e-06    1.35e-05           0   2.066e-05    0.003472    MOAI22D0
p96186A3198__5526                   2e+06         2.5e+06   5.24e-06   1.903e-06   1.347e-05           0   2.061e-05    0.003463    MOAI22D0
p96178A3145__2346                   2e+06         2.5e+06  3.684e-06   3.639e-06   1.324e-05           0   2.057e-05    0.003457    AO22D0
p96186A3197__8428                   2e+06         2.5e+06  5.278e-06   1.803e-06   1.347e-05           0   2.055e-05    0.003453    MOAI22D0
p96186A3193__2398                   2e+06         2.5e+06  5.293e-06   1.778e-06   1.347e-05           0   2.054e-05    0.003451    MOAI22D0
p96414A3207__7482                 2.5e+06       1.625e+06  3.232e-06   8.317e-06   8.961e-06           0   2.051e-05    0.003447    IND3D0
FE_PHC487_tpu_dout_46           2.175e+06       2.175e+06  3.254e-06   2.363e-06   1.488e-05           0   2.049e-05    0.003444    BUFFD1
FE_PHC609_bus_addr_9                2e+06           2e+06  2.983e-06   2.599e-06   1.483e-05           0   2.041e-05     0.00343    BUFFD1
p96184A3204__8246                   2e+06         2.5e+06   4.72e-06   2.078e-06   1.361e-05           0    2.04e-05    0.003429    MOAI22D0
p96186A3212__2883                   2e+06         2.5e+06  5.177e-06   1.755e-06   1.347e-05           0    2.04e-05    0.003428    MOAI22D0
p96186A3183__4733                   2e+06         2.5e+06  5.215e-06   1.699e-06   1.347e-05           0   2.038e-05    0.003425    MOAI22D0
FE_PHC577_bus_wbuf_51               2e+06           2e+06  2.938e-06   2.604e-06   1.483e-05           0   2.037e-05    0.003423    BUFFD1
p96178A3194__5107                   2e+06         2.5e+06   3.65e-06   3.368e-06   1.335e-05           0   2.037e-05    0.003423    AO22D0
p96186A3165__5115                   2e+06         2.5e+06  5.025e-06   1.811e-06   1.347e-05           0    2.03e-05    0.003412    MOAI22D0
p96186A3148__5477                   2e+06         2.5e+06  5.185e-06    1.61e-06    1.35e-05           0    2.03e-05    0.003411    MOAI22D0
p96186A3196__4319                   2e+06         2.5e+06  5.277e-06   1.529e-06   1.347e-05           0   2.027e-05    0.003407    MOAI22D0
p96184A3205__7098                   2e+06         2.5e+06  4.743e-06   1.912e-06   1.361e-05           0   2.026e-05    0.003405    MOAI22D0
p96178A3186__9945                   2e+06         2.5e+06  3.648e-06   3.233e-06   1.335e-05           0   2.023e-05      0.0034    AO22D0
p96186A3210__9315                   2e+06         2.5e+06  5.134e-06   1.603e-06   1.347e-05           0    2.02e-05    0.003395    MOAI22D0
FE_PHC588_bus_wbuf_15               2e+06           2e+06  2.934e-06   2.433e-06   1.483e-05           0   2.019e-05    0.003394    BUFFD1
p96186A3152__4319                   2e+06         2.5e+06  5.137e-06    1.54e-06    1.35e-05           0   2.018e-05    0.003391    MOAI22D0
p96186A3164__1881                   2e+06         2.5e+06  5.027e-06   1.671e-06   1.347e-05           0   2.016e-05    0.003389    MOAI22D0
p96186A3147__6417                   2e+06         2.5e+06  5.239e-06   1.386e-06    1.35e-05           0   2.012e-05    0.003382    MOAI22D0
p96186A3163__6131                   2e+06         2.5e+06  5.035e-06   1.621e-06   1.347e-05           0   2.012e-05    0.003381    MOAI22D0
p96178A3146__1666                   2e+06         2.5e+06  3.679e-06   3.182e-06   1.324e-05           0   2.011e-05    0.003379    AO22D0
p96184A3208__4733                   2e+06         2.5e+06  4.733e-06   1.746e-06   1.361e-05           0   2.008e-05    0.003375    MOAI22D0
p96186A3199__6783                   2e+06         2.5e+06  5.243e-06   1.352e-06   1.347e-05           0   2.006e-05    0.003371    MOAI22D0
p96186A__7410                       2e+06         2.5e+06  5.242e-06   1.283e-06    1.35e-05           0   2.003e-05    0.003365    MOAI22D0
p96184A__2802                       2e+06         2.5e+06  4.718e-06    1.68e-06   1.361e-05           0       2e-05    0.003362    MOAI22D0
p96186A3162__7098                   2e+06         2.5e+06  5.034e-06   1.499e-06   1.347e-05           0       2e-05    0.003361    MOAI22D0
FE_PHC490_tpu_dout_6            2.175e+06       2.175e+06  3.245e-06   1.876e-06   1.488e-05           0       2e-05    0.003361    BUFFD1
p96184A3202__1705                   2e+06         2.5e+06  4.704e-06   1.682e-06   1.361e-05           0   1.999e-05     0.00336    MOAI22D0
FE_PHC502_tpu_dout_53           2.175e+06       2.175e+06  3.239e-06   1.837e-06   1.488e-05           0   1.995e-05    0.003353    BUFFD1
p96184A3203__5122                   2e+06         2.5e+06  4.701e-06   1.637e-06   1.361e-05           0   1.994e-05    0.003352    MOAI22D0
p96186A3201__1617                   2e+06         2.5e+06  5.027e-06   1.447e-06   1.347e-05           0   1.994e-05    0.003351    MOAI22D0
FE_PHC450_tpu_dout_62           2.175e+06       2.175e+06  3.245e-06   1.811e-06   1.488e-05           0   1.993e-05     0.00335    BUFFD1
FE_PHC615_bus_addr_10               2e+06           2e+06  2.901e-06   2.192e-06   1.483e-05           0   1.992e-05    0.003348    BUFFD1
p96186A3184__6161                   2e+06         2.5e+06  5.027e-06   1.358e-06   1.347e-05           0   1.985e-05    0.003336    MOAI22D0
FE_PHC688_n_6                       2e+06           2e+06  3.016e-06   1.985e-06   1.483e-05           0   1.983e-05    0.003332    BUFFD1
p96186A3200__3680                   2e+06         2.5e+06  5.025e-06   1.286e-06   1.347e-05           0   1.978e-05    0.003324    MOAI22D0
FE_PHC458_tpu_dout_54           2.175e+06       2.175e+06  3.233e-06   1.591e-06   1.488e-05           0    1.97e-05    0.003311    BUFFD1
p96184A3209__6161                   2e+06         2.5e+06   4.69e-06   1.382e-06   1.361e-05           0   1.968e-05    0.003307    MOAI22D0
FE_PHC476_tpu_dout_8            2.175e+06       2.175e+06   3.23e-06   1.488e-06   1.488e-05           0   1.959e-05    0.003293    BUFFD1
FE_PHC680_bus_din_3                 2e+06           2e+06  2.926e-06   1.799e-06   1.483e-05           0   1.955e-05    0.003286    BUFFD1
p96184A3206__6131                   2e+06         2.5e+06  4.622e-06   1.316e-06   1.361e-05           0   1.954e-05    0.003284    MOAI22D0
FE_PHC472_tpu_dout_20           2.175e+06       2.175e+06  3.229e-06   1.404e-06   1.488e-05           0   1.951e-05    0.003279    BUFFD1
p96178A3187__2883                   2e+06         2.5e+06  3.638e-06   2.461e-06   1.335e-05           0   1.945e-05    0.003269    AO22D0
p96178A3142__9315                   2e+06         2.5e+06  3.671e-06   2.465e-06   1.324e-05           0   1.938e-05    0.003257    AO22D0
FE_PHC461_tpu_dout_4            2.175e+06       2.175e+06  3.221e-06    1.17e-06   1.488e-05           0   1.927e-05    0.003238    BUFFD1
p96380A__1705                       2e+06           1e+06  2.645e-06   3.127e-06   1.346e-05           0   1.924e-05    0.003233    NR3D1
FE_PHC367_bus_wbuf_1                2e+06           2e+06  2.941e-06   1.347e-06   1.483e-05           0   1.911e-05    0.003212    BUFFD1
p96397A__4319                       2e+06         2.5e+06  2.777e-06   4.971e-06   1.132e-05           0   1.907e-05    0.003205    IND2D0
p96178A3188__2346                   2e+06         2.5e+06  3.633e-06    2.07e-06   1.335e-05           0   1.905e-05    0.003202    AO22D0
p96178A3185__9315                   2e+06         2.5e+06  3.633e-06    2.04e-06   1.335e-05           0   1.902e-05    0.003197    AO22D0
FE_PHC480_tpu_dout_32           2.175e+06       2.175e+06  3.211e-06   9.322e-07   1.488e-05           0   1.902e-05    0.003196    BUFFD1
p96407A__3680                       2e+06           1e+06  9.549e-07   1.155e-05   6.494e-06           0     1.9e-05    0.003193    ND2D1
FE_PHC555_sram_addr_0             2.5e+06         2.5e+06  2.756e-06   8.584e-06   7.611e-06           0   1.895e-05    0.003185    CKBD0
FE_PHC583_bus_addr_5                2e+06           2e+06  2.896e-06   1.162e-06   1.483e-05           0   1.889e-05    0.003174    BUFFD1
FE_PHC683_bus_din_4                 2e+06           2e+06  2.172e-06   9.074e-06   7.611e-06           0   1.886e-05    0.003169    CKBD0
p96178A3192__5477                   2e+06         2.5e+06  3.629e-06   1.847e-06   1.335e-05           0   1.883e-05    0.003164    AO22D0
FE_PHC582_bus_addr_9                2e+06           2e+06  2.921e-06   9.545e-07   1.483e-05           0    1.87e-05    0.003143    BUFFD1
p96178A3195__6260                   2e+06         2.5e+06  3.627e-06   1.717e-06   1.335e-05           0   1.869e-05    0.003142    AO22D0
p96178A3154__5526                   2e+06         2.5e+06  3.673e-06   1.661e-06    1.33e-05           0   1.863e-05    0.003131    AO22D0
p96178A3191__6417                   2e+06         2.5e+06  3.626e-06   1.643e-06   1.335e-05           0   1.862e-05    0.003129    AO22D0
FE_PHC370_bus_wbuf_61               2e+06           2e+06  2.254e-06   7.436e-06   8.893e-06           0   1.858e-05    0.003123    BUFFD0
FE_PHC3_bus_we                      2e+06           2e+06  2.879e-06   8.481e-07   1.483e-05           0   1.855e-05    0.003118    BUFFD1
p96178A3158__2802                   2e+06         2.5e+06  3.673e-06   1.409e-06    1.33e-05           0   1.838e-05    0.003089    AO22D0
p96178A3157__1617                   2e+06         2.5e+06  3.673e-06   1.402e-06    1.33e-05           0   1.837e-05    0.003088    AO22D0
p96178A__7482                       2e+06         2.5e+06  3.655e-06   1.414e-06   1.324e-05           0   1.831e-05    0.003078    AO22D0
FE_PHC548_bus_wbuf_1                2e+06           2e+06  2.201e-06   8.344e-06   7.611e-06           0   1.816e-05    0.003051    CKBD0
p96435A__5115                     2.5e+06       1.813e+06   1.59e-06   7.397e-06     9.1e-06           0   1.809e-05     0.00304    ND2D1
p96416A__5526                       2e+06           1e+06  9.161e-07   8.981e-06   7.407e-06           0    1.73e-05    0.002908    NR2D1
p96369A__2802                       2e+06           1e+06  2.835e-06   3.152e-06   1.127e-05           0   1.726e-05    0.002901    INR3D0
FE_PHC357_sram_addr_6             2.5e+06         2.5e+06  2.699e-06    6.89e-06   7.611e-06           0    1.72e-05    0.002891    CKBD0
p96372A__5122                       2e+06         1.5e+06  7.534e-07   1.291e-05   3.373e-06           0   1.704e-05    0.002863    CKND2D0
FE_PHC634_bus_din_6                 2e+06           2e+06  2.196e-06   7.185e-06   7.611e-06           0   1.699e-05    0.002856    CKBD0
p96454A__8428                       2e+06           1e+06  2.012e-06   6.672e-06   7.661e-06           0   1.634e-05    0.002747    IND2D0
FE_PHC650_n_4                       2e+06           2e+06  2.251e-06   6.335e-06   7.611e-06           0    1.62e-05    0.002722    CKBD0
FE_PHC369_bus_wbuf_60               2e+06           2e+06  2.237e-06     4.6e-06   8.893e-06           0   1.573e-05    0.002644    BUFFD0
FE_PHC647_bus_din_4                 2e+06           2e+06   2.16e-06   5.759e-06   7.611e-06           0   1.553e-05     0.00261    CKBD0
FE_PHC679_bus_din_4                 2e+06           2e+06  2.162e-06   5.402e-06   7.611e-06           0   1.518e-05     0.00255    CKBD0
FE_PHC646_bus_we                    2e+06           2e+06  2.354e-06   3.828e-06   8.893e-06           0   1.508e-05    0.002534    BUFFD0
g2205__1881                         2e+06           1e+06  2.004e-06   5.001e-06   7.849e-06           0   1.485e-05    0.002496    IND2D0
p96414A__1881                     2.5e+06       1.609e+06  2.354e-06    3.38e-06   9.098e-06           0   1.483e-05    0.002493    ND3D1
FE_PDC2_n_29                      2.5e+06         2.5e+06  2.749e-06   4.287e-06   7.611e-06           0   1.465e-05    0.002462    CKBD0
Fp96541A3234                        2e+06           2e+06  1.171e-06    3.04e-06   1.029e-05           0    1.45e-05    0.002436    INVD1
Fp96541A3239                        2e+06           2e+06  1.368e-06   2.711e-06   1.029e-05           0   1.437e-05    0.002414    INVD1
FE_PDC3_n_32                      2.5e+06         2.5e+06  2.751e-06   3.924e-06   7.611e-06           0   1.429e-05    0.002401    CKBD0
FE_PHC512_bus_addr_8                2e+06           2e+06  2.152e-06   4.375e-06   7.611e-06           0   1.414e-05    0.002376    CKBD0
FE_PHC573_bus_addr_0                2e+06           2e+06  2.279e-06    4.09e-06   7.611e-06           0   1.398e-05     0.00235    CKBD0
FE_PHC658_bus_din_3                 2e+06           2e+06  2.169e-06   4.169e-06   7.611e-06           0   1.395e-05    0.002344    CKBD0
p96480A__6783                       2e+06         1.5e+06  7.511e-07   9.628e-06   3.373e-06           0   1.375e-05    0.002311    CKND2D0
FE_PHC371_bus_wbuf_62               2e+06           2e+06  2.207e-06   2.421e-06   8.893e-06           0   1.352e-05    0.002272    BUFFD0
FE_PHC600_bus_we                    2e+06           2e+06  2.527e-06   2.019e-06   8.893e-06           0   1.344e-05    0.002259    BUFFD0
FE_PHC666_bus_din_3                 2e+06           2e+06  2.167e-06   3.493e-06   7.611e-06           0   1.327e-05     0.00223    CKBD0
FE_PHC640_bus_we                    2e+06           2e+06   2.14e-06   3.409e-06   7.611e-06           0   1.316e-05    0.002212    CKBD0
FE_PHC571_bus_wbuf_9                2e+06           2e+06  2.149e-06   3.166e-06   7.611e-06           0   1.293e-05    0.002172    CKBD0
Fp96438A                          1.5e+06         1.5e+06  5.292e-07   9.424e-06   2.958e-06           0   1.291e-05     0.00217    CKND0
FE_PHC579_bus_addr_11               2e+06           2e+06  2.279e-06   2.958e-06   7.611e-06           0   1.285e-05    0.002159    CKBD0
FE_PHC366_bus_wbuf_48               2e+06           2e+06  2.136e-06    2.95e-06   7.611e-06           0    1.27e-05    0.002134    CKBD0
FE_PHC497_bus_wbuf_16               2e+06           2e+06  2.184e-06   2.848e-06   7.611e-06           0   1.264e-05    0.002125    CKBD0
p96214A__7098                       2e+06         1.5e+06  2.433e-06   1.177e-06   9.001e-06           0   1.261e-05    0.002119    AN3D0
FE_PHC685_bus_din_4                 2e+06           2e+06  2.161e-06   2.695e-06   7.611e-06           0   1.247e-05    0.002095    CKBD0
FE_PHC598_bus_we                    2e+06           2e+06  2.522e-06   1.031e-06   8.893e-06           0   1.245e-05    0.002092    BUFFD0
Fp96541A3237                        2e+06           2e+06  1.247e-06   8.056e-07   1.029e-05           0   1.234e-05    0.002074    INVD1
FE_PHC599_bus_we                    2e+06           2e+06  2.156e-06   2.531e-06   7.611e-06           0    1.23e-05    0.002067    CKBD0
FE_PHC365_bus_wbuf_8                2e+06           2e+06  2.129e-06   2.528e-06   7.611e-06           0   1.227e-05    0.002062    CKBD0
FE_PHC682_bus_din_4                 2e+06           2e+06   2.13e-06   2.516e-06   7.611e-06           0   1.226e-05     0.00206    CKBD0
FE_PHC589_bus_we                    2e+06           2e+06   2.16e-06   2.302e-06   7.611e-06           0   1.207e-05    0.002029    CKBD0
p96329A__2398                       2e+06         2.5e+06   3.13e-06   1.991e-06   6.922e-06           0   1.204e-05    0.002024    AOI221D0
FE_PHC673_bus_din_4                 2e+06           2e+06  2.117e-06   2.219e-06   7.611e-06           0   1.195e-05    0.002008    CKBD0
FE_PHC578_bus_wbuf_9                2e+06           2e+06  2.161e-06   2.174e-06   7.611e-06           0   1.195e-05    0.002008    CKBD0
FE_PHC594_bus_we                    2e+06           2e+06  2.169e-06   2.087e-06   7.611e-06           0   1.187e-05    0.001994    CKBD0
FE_PHC677_n_6                       2e+06           2e+06   2.16e-06   2.079e-06   7.611e-06           0   1.185e-05    0.001992    CKBD0
FE_PHC603_bus_we                    2e+06           2e+06  2.124e-06   2.085e-06   7.611e-06           0   1.182e-05    0.001986    CKBD0
FE_PHC668_n_6                       2e+06           2e+06  2.135e-06   2.023e-06   7.611e-06           0   1.177e-05    0.001978    CKBD0
FE_PHC470_bus_wbuf_10               2e+06           2e+06  2.182e-06   1.863e-06   7.611e-06           0   1.166e-05    0.001959    CKBD0
FE_PHC436_tpu_dout_50           2.175e+06       2.175e+06  2.384e-06   1.648e-06   7.611e-06           0   1.164e-05    0.001957    CKBD0
FE_PHC644_bus_din_4                 2e+06           2e+06  2.114e-06   1.864e-06   7.611e-06           0   1.159e-05    0.001948    CKBD0
FE_PHC596_bus_we                    2e+06           2e+06  2.158e-06   1.814e-06   7.611e-06           0   1.158e-05    0.001947    CKBD0
FE_PHC452_tpu_dout_51           2.175e+06       2.175e+06  2.383e-06    1.58e-06   7.611e-06           0   1.157e-05    0.001945    CKBD0
FE_PHC364_bus_wbuf_9                2e+06           2e+06  2.118e-06   1.821e-06   7.611e-06           0   1.155e-05    0.001941    CKBD0
p96346A__7098                       2e+06           2e+06  1.119e-06   5.681e-06   4.646e-06           0   1.145e-05    0.001924    NR2D0
g2__5115                            2e+06         1.5e+06  2.355e-06   8.525e-07   8.187e-06           0    1.14e-05    0.001915    INR2D0
FE_PHC581_bus_addr_6                2e+06           2e+06  2.116e-06   1.646e-06   7.611e-06           0   1.137e-05    0.001911    CKBD0
Fp96342A                            2e+06           2e+06  6.943e-07   6.434e-06   4.216e-06           0   1.134e-05    0.001907    CKND0
FE_PHC586_bus_addr_0                2e+06           2e+06  2.337e-06   1.355e-06   7.611e-06           0    1.13e-05      0.0019    CKBD0
FE_PHC664_bus_din_3                 2e+06           2e+06  2.105e-06   1.544e-06   7.611e-06           0   1.126e-05    0.001892    CKBD0
FE_PHC674_n_6                       2e+06           2e+06  2.143e-06   1.485e-06   7.611e-06           0   1.124e-05    0.001889    CKBD0
FE_PHC648_bus_din_3                 2e+06           2e+06  2.165e-06   1.406e-06   7.611e-06           0   1.118e-05    0.001879    CKBD0
FE_PHC672_bus_din_3                 2e+06           2e+06  2.151e-06   1.419e-06   7.611e-06           0   1.118e-05    0.001879    CKBD0
FE_PHC408_bus_wbuf_25               2e+06           2e+06  2.174e-06   1.394e-06   7.611e-06           0   1.118e-05    0.001879    CKBD0
FE_PHC601_bus_we                    2e+06           2e+06  2.122e-06    1.35e-06   7.611e-06           0   1.108e-05    0.001863    CKBD0
FE_PHC362_bus_wbuf_19               2e+06           2e+06  2.112e-06   1.335e-06   7.611e-06           0   1.106e-05    0.001858    CKBD0
FE_PHC457_tpu_dout_57           2.175e+06       2.175e+06  2.365e-06   9.366e-07   7.611e-06           0   1.091e-05    0.001834    CKBD0
FE_PHC443_tpu_dout_61           2.175e+06       2.175e+06  2.366e-06   9.321e-07   7.611e-06           0   1.091e-05    0.001833    CKBD0
FE_PHC433_tpu_dout_47           2.175e+06       2.175e+06  2.362e-06    9.34e-07   7.611e-06           0   1.091e-05    0.001833    CKBD0
FE_PHC456_tpu_dout_55           2.175e+06       2.175e+06  2.364e-06   9.324e-07   7.611e-06           0   1.091e-05    0.001833    CKBD0
FE_PHC435_tpu_dout_60           2.175e+06       2.175e+06  2.364e-06    9.31e-07   7.611e-06           0   1.091e-05    0.001833    CKBD0
FE_PHC686_n_6                       2e+06           2e+06  2.148e-06    1.07e-06   7.611e-06           0   1.083e-05     0.00182    CKBD0
FE_PHC560_bus_wbuf_1                2e+06           2e+06  2.119e-06   1.084e-06   7.611e-06           0   1.081e-05    0.001817    CKBD0
FE_PHC676_bus_din_3                 2e+06           2e+06  2.155e-06   1.029e-06   7.611e-06           0    1.08e-05    0.001814    CKBD0
FE_PHC597_bus_we                    2e+06           2e+06  2.103e-06   1.013e-06   7.611e-06           0   1.073e-05    0.001803    CKBD0
FE_PHC681_n_6                       2e+06           2e+06  2.122e-06    9.33e-07   7.611e-06           0   1.067e-05    0.001793    CKBD0
p96404A__1881                       2e+06           2e+06  1.049e-06   5.646e-06    3.91e-06           0    1.06e-05    0.001782    CKND2D0
FE_PHC510_rstn                      2e+06           2e+06  2.097e-06   8.754e-07   7.611e-06           0   1.058e-05    0.001779    CKBD0
FE_PHC657_bus_din_3                 2e+06           2e+06  2.112e-06   7.399e-07   7.611e-06           0   1.046e-05    0.001758    CKBD0
p96361A__6131                       2e+06           2e+06  1.016e-06   5.276e-06    3.91e-06           0    1.02e-05    0.001715    CKND2D0
p96435A3230__5107                   2e+06           1e+06  5.012e-07   6.348e-06   3.105e-06           0   9.954e-06    0.001673    CKND2D0
Fp96510A                            1e+06           1e+06  3.579e-07   6.742e-06   2.832e-06           0   9.932e-06    0.001669    CKND0
p96329A3232__6131                   2e+06           2e+06  1.023e-06   4.602e-06    3.91e-06           0   9.534e-06    0.001602    CKND2D0
Fp96333A                            2e+06           2e+06  7.975e-07    4.32e-06   3.713e-06           0    8.83e-06    0.001484    CKND0
p96418A__8246                       2e+06         1.5e+06   7.86e-07   3.289e-06   4.047e-06           0   8.122e-06    0.001365    NR2D0
Fp96314A                            2e+06           2e+06  6.733e-07   3.328e-06   3.713e-06           0   7.714e-06    0.001296    CKND0
p96479A__8246                       2e+06           1e+06  5.736e-07   3.672e-06   3.121e-06           0   7.366e-06    0.001238    NR2D0
LTIELO                                  0               0          0           0   7.574e-07           0   7.574e-07   0.0001273    TIEL
LTIEHI                                  0               0          0           0   6.934e-07           0   6.934e-07   0.0001165    TIEH
----------------------------------------------------------------------------------------------------------------------------
Total                                                         0.1486     0.03437      0.4121           0       0.595         100    


-----------------------------------------------------------------------------------------
*	Power Distribution Summary: 
*                Highest Average Power:                    u_sram (sram00):           0.5057 
*                Highest Leakage Power:                    u_sram (sram00):           0.3784 
*          Total Cap:      3.72562e-11 F
*          Total instances in design:   844
*          Total instances in design with no power:     0
*          Total instances in design with no activity:     0
*          Total Fillers and Decap:     0
-----------------------------------------------------------------------------------------

