Cadence Genus(TM) Synthesis Solution.
Copyright 2022 Cadence Design Systems, Inc. All rights reserved worldwide.
Cadence and the Cadence logo are registered trademarks and Genus is a trademark
of Cadence Design Systems, Inc. in the United States and other countries.

[13:03:56.022417] Configured Lic search path (21.01-s002): 5280@bioeelincad.ee.columbia.edu

Version: 21.16-s062_1, built Tue Dec 13 14:16:30 PST 2022
Options: -no_gui -batch -files ../scripts/run_all.tcl 
Date:    Sun Mar 22 13:03:56 2026
Host:    cadpc19 (x86_64 w/Linux 4.18.0-553.111.1.el8_10.x86_64) (8cores*16cpus*1physical cpu*11th Gen Intel(R) Core(TM) i9-11900 @ 2.50GHz 16384KB) (65401516KB)
PID:     1434882
OS:      Red Hat Enterprise Linux release 8.10 (Ootpa)


[13:03:56.485674] Periodic Lic check successful
[13:03:56.485682] Feature usage summary:
[13:03:56.485683] Genus_Synthesis
Checking out license: Genus_Synthesis


***********************************************************************************************************
***********************************************************************************************************



Loading tool scripts...
Finished loading tool scripts (7 seconds elapsed).

#@ Processing -files option
@genus 1> source ../scripts/run_all.tcl
#@ Begin verbose source ../scripts/run_all.tcl
@file(run_all.tcl) 7: source load_etc.tcl	
Sourcing '/tools/cadence/GENUS/21.16/tools.lnx86/lib/etc/load_etc.tcl' (Sun Mar 22 13:04:03 EDT 2026)...
#@ Begin verbose source /tools/cadence/GENUS/21.16/tools.lnx86/lib/etc/load_etc.tcl
@file(load_etc.tcl) 13: if {[info exists ::env(CDN_SYNTH_ETC_ROOT)]} {
   set base $::env(CDN_SYNTH_ETC_ROOT)
} else {
    set base "$::env(CDN_SYNTH_ROOT)/lib/etc"
}
@file(load_etc.tcl) 19: load_files_under "$base/all"
@file(load_etc.tcl) 20: load_files_under "$base/stat"
@file(load_etc.tcl) 21: load_files_under "$base/toolbox"
Sourcing '/tools/cadence/GENUS/21.16/tools.lnx86/lib/etc/toolbox/insert_io_buffers.tcl' (Sun Mar 22 13:04:03 EDT 2026)...
#@ Begin verbose source /tools/cadence/GENUS/21.16/tools.lnx86/lib/etc/toolbox/insert_io_buffers.tcl
@file(insert_io_buffers.tcl) 20: namespace eval iobuf {
  variable instance_prefix ""
}
@file(insert_io_buffers.tcl) 24: proc iobuf::add_buffer ...
@file(insert_io_buffers.tcl) 75: proc iobuf::ra_port_needs_buffering ...
@file(insert_io_buffers.tcl) 107: proc iobuf::insert_io_buffers_helper ...
@file(insert_io_buffers.tcl) 154: proc iobuf::rename_subports ...
@file(insert_io_buffers.tcl) 178: proc insert_io_buffers ...
@file(insert_io_buffers.tcl) 348: proc hier_instance_replace ...
@file(insert_io_buffers.tcl) 433: proc iobuf::get_buffer ...
#@ End verbose source /tools/cadence/GENUS/21.16/tools.lnx86/lib/etc/toolbox/insert_io_buffers.tcl
Sourcing '/tools/cadence/GENUS/21.16/tools.lnx86/lib/etc/toolbox/performance_statistics.tcl' (Sun Mar 22 13:04:03 EDT 2026)...
#@ Begin verbose source /tools/cadence/GENUS/21.16/tools.lnx86/lib/etc/toolbox/performance_statistics.tcl
@file(performance_statistics.tcl) 2: proc performance_template ...
@file(performance_statistics.tcl) 26: proc get_cpu_info ...
@file(performance_statistics.tcl) 53: proc get_ple_scale ...
@file(performance_statistics.tcl) 56: proc get_clk_cnt ...
@file(performance_statistics.tcl) 60: proc get_exception_cnt ...
@file(performance_statistics.tcl) 64: proc get_file_row_col ...
@file(performance_statistics.tcl) 68: proc get_dp_info ...
@file(performance_statistics.tcl) 91: proc get_lec_exec ...
@file(performance_statistics.tcl) 102: proc get_stats_version ...
@file(performance_statistics.tcl) 110: proc get_elap_time ...
@file(performance_statistics.tcl) 115: proc get_st_rt ...
@file(performance_statistics.tcl) 120: proc get_st_total_rt ...
@file(performance_statistics.tcl) 125: proc get_st_server ...
@file(performance_statistics.tcl) 133: proc etc_get_clock_info ...
@file(performance_statistics.tcl) 147: proc get_user_name ...
@file(performance_statistics.tcl) 152: proc get_date ...
@file(performance_statistics.tcl) 157: proc get_effort_level ...
@file(performance_statistics.tcl) 165: proc get_target_data ...
@file(performance_statistics.tcl) 177: proc create_power_metrics ...
@file(performance_statistics.tcl) 182: proc create_target_metrics ...
@file(performance_statistics.tcl) 193: create_power_metrics
#@ End verbose source /tools/cadence/GENUS/21.16/tools.lnx86/lib/etc/toolbox/performance_statistics.tcl
#@ End verbose source /tools/cadence/GENUS/21.16/tools.lnx86/lib/etc/load_etc.tcl
@file(run_all.tcl) 9: source ../../input/project_setup.tcl
Sourcing '../../input/project_setup.tcl' (Sun Mar 22 13:04:03 EDT 2026)...
#@ Begin verbose source ../../input/project_setup.tcl
@file(project_setup.tcl) 21: namespace eval gn {}	
@file(project_setup.tcl) 23: namespace eval iv {}	
@file(project_setup.tcl) 28: set gn::RTLDir		../../input/RTL/
@file(project_setup.tcl) 29: set gn::SDCDir		../../input/SDC/
@file(project_setup.tcl) 30: set gn::OutDir		../output
@file(project_setup.tcl) 31: set gn::reportDir	../report
@file(project_setup.tcl) 32: set iv::OutDir		../output
@file(project_setup.tcl) 33: set iv::reportDir	../report
@file(project_setup.tcl) 37: set gn::SYN_EFFORT	medium
@file(project_setup.tcl) 38: set gn::MAP_EFFORT	high
@file(project_setup.tcl) 39: set gn::INCR_EFFORT	high
@file(project_setup.tcl) 41: set gn::SUPPRESS_MSG	{LBR-30 LBR-31 VLOGPT-35}
@file(project_setup.tcl) 48: set TOPCELL	  input_idx_controller	
@file(project_setup.tcl) 50: set gn::VERILOG_LIST	[glob ${gn::RTLDir}*.v]	
@file(project_setup.tcl) 51: set gn::SDC_LIST	[glob ${gn::SDCDir}*.sdc]
@file(project_setup.tcl) 53: set iv::node		65
@file(project_setup.tcl) 59: set iv::TEMPUS_ENGINE	1
@file(project_setup.tcl) 61: set iv::INCR_OPT	1
@file(project_setup.tcl) 63: set iv::PWR_name	DVDD
@file(project_setup.tcl) 64: set iv::GND_name	DVSS
@file(project_setup.tcl) 66: set iv::PWR_libname	VDD
@file(project_setup.tcl) 67: set iv::GND_libname	VSS
@file(project_setup.tcl) 69: set vars(fp,width)         550
@file(project_setup.tcl) 70: set vars(fp,height)         550
@file(project_setup.tcl) 71: set vars(fp,io_core_space)   27.5  
@file(project_setup.tcl) 74: set vars(ring,top_layer)        9  
@file(project_setup.tcl) 75: set vars(ring,bottom_layer)     9  
@file(project_setup.tcl) 76: set vars(ring,left_layer)       8  
@file(project_setup.tcl) 77: set vars(ring,right_layer)      8  
@file(project_setup.tcl) 79: set vars(ring,top_width)        9.06  
@file(project_setup.tcl) 80: set vars(ring,bottom_width)     9.06  
@file(project_setup.tcl) 81: set vars(ring,left_width)       9.06  
@file(project_setup.tcl) 82: set vars(ring,right_width)      9.06  
@file(project_setup.tcl) 84: set vars(ring,top_space)        4.44  
@file(project_setup.tcl) 85: set vars(ring,bottom_space)     4.44  
@file(project_setup.tcl) 86: set vars(ring,left_space)       4.44  
@file(project_setup.tcl) 87: set vars(ring,right_space)      4.44  
@file(project_setup.tcl) 89: set vars(ring,top_offset)       4.44  
@file(project_setup.tcl) 90: set vars(ring,bottom_offset)    4.44  
@file(project_setup.tcl) 91: set vars(ring,left_offset)      4.44  
@file(project_setup.tcl) 92: set vars(ring,right_offset)     4.44  
@file(project_setup.tcl) 95: set vars(stripe,dir)     vertical  
@file(project_setup.tcl) 97: set vars(stripe,space)          4.44  
@file(project_setup.tcl) 99: set vars(stripe,metal)          8  
@file(project_setup.tcl) 101: set vars(stripe,width)         9.06 
@file(project_setup.tcl) 106: set vars(stripe,setdist)	[expr { (($vars(fp,width))-$vars(stripe,width)-0.5*$vars(stripe,space)-0.5*$vars(fp,io_core_space))/3 }]
@file(project_setup.tcl) 108: set vars(cell,decaps) "DCAP64 DCAP32 DCAP16 DCAP8 DCAP4"
@file(project_setup.tcl) 109: set vars(cell,welltap) ""
@file(project_setup.tcl) 110: set vars(cell,welltap,gap) ""
@file(project_setup.tcl) 111: set vars(cell,tieHiLo) "TIEH TIEL"
@file(project_setup.tcl) 113: set vars(cell,filler) "DCAP64 DCAP32 DCAP16 DCAP8 DCAP4 FILL64 FILL32 FILL16 FILL8 FILL4 FILL2 FILL1"
@file(project_setup.tcl) 115: set vars(cell,filler_nosch) "FILL64 FILL32 FILL16 FILL8 FILL4 FILL2 FILL1"
@file(project_setup.tcl) 116: set vars(cell,antenna) "ANTENNA"
@file(project_setup.tcl) 118: set iv::TMRDIST		25
@file(project_setup.tcl) 120: set iv::data_bottom_routing_layer	1
@file(project_setup.tcl) 121: set iv::data_top_routing_layer		9
@file(project_setup.tcl) 125: set vars(cell,clk_bufs) {CKBD1 CKBD12 CKBD16 CKBD2 CKBD20 CKBD24 CKBD3 CKBD4 CKBD6 CKBD8}
@file(project_setup.tcl) 126: set vars(cell,clk_invs) {CKND1 CKND12 CKND16 CKND2 CKND20 CKND24 CKND3 CKND4 CKND6 CKND8}
@file(project_setup.tcl) 127: set iv::clk_bottom_routing_layer	2
@file(project_setup.tcl) 128: set iv::clk_top_routing_layer		7
@file(project_setup.tcl) 129: set iv::clk_maxfanout			20
@file(project_setup.tcl) 130: set iv::clk_maxcap			10pf
@file(project_setup.tcl) 132: set iv::setup_target_slack		0.15
@file(project_setup.tcl) 133: set iv::hold_target_slack		0.15
@file(project_setup.tcl) 145: set PDK_PATH		"/courses/ee6350/pdk2023/T-N65-CM-SP-018-K3_MOM/Base_PDK/PDK_CRN65GP_v1.0c_official_IC61_20101010"
@file(project_setup.tcl) 146: set PDK_DIGITAL		"/courses/ee6350/pdk2023/T-N65-CM-SP-018-K3_MOM/digital"
@file(project_setup.tcl) 149: set gn::NLDMLIB		[list "$PDK_DIGITAL/Front_End/timing_power_noise/NLDM/tcbn65gplus_200a/tcbn65gpluswc.lib"]
@file(project_setup.tcl) 157: set iv::OALIB		[list "tcbn65gplus_oalib" ]
@file(project_setup.tcl) 159: set iv::OATECH		"tcbn65gplus_oalib"
@file(project_setup.tcl) 161: set iv::OAPHYS		"tcbn65gplus"
@file(project_setup.tcl) 163: set iv::OAPHYSTECH		"tsmcN65"
@file(project_setup.tcl) 165: set iv::VERILOG_SUBCKT  "$PDK_DIGITAL/Front_End/verilog/tcbn65gplus_200a/tcbn65gplus_pwr.v"
@file(project_setup.tcl) 167: set iv::SPICE_SUBCKT    "$PDK_DIGITAL/Back_End/spice/tcbn65gplus_200a/tcbn65gplus_200a.spi"
#@ End verbose source ../../input/project_setup.tcl
@file(run_all.tcl) 14: source ../scripts/1_elaborate.tcl
Sourcing '../scripts/1_elaborate.tcl' (Sun Mar 22 13:04:03 EDT 2026)...
#@ Begin verbose source ../scripts/1_elaborate.tcl
@file(1_elaborate.tcl) 10: set_db max_cpus_per_server 8
  Setting attribute of root '/': 'max_cpus_per_server' = 8
@file(1_elaborate.tcl) 11: set_db super_thread_servers "localhost"
  Setting attribute of root '/': 'super_thread_servers' = localhost
@file(1_elaborate.tcl) 12: set_db map_fancy_names 1
  Setting attribute of root '/': 'map_fancy_names' = 1
@file(1_elaborate.tcl) 13: set_db information_level 9
  Setting attribute of root '/': 'information_level' = 9
@file(1_elaborate.tcl) 14: set_db hdl_max_loop_limit 1024
  Setting attribute of root '/': 'hdl_max_loop_limit' = 1024
@file(1_elaborate.tcl) 15: set_db hdl_unconnected_value none
  Setting attribute of root '/': 'hdl_unconnected_value' = none
@file(1_elaborate.tcl) 16: set_db hdl_reg_naming_style %s_reg%s
  Setting attribute of root '/': 'hdl_reg_naming_style' = %s_reg%s
@file(1_elaborate.tcl) 17: set_db iopt_force_constant_removal true
  Setting attribute of root '/': 'iopt_force_constant_removal' = true
@file(1_elaborate.tcl) 18: set_db use_scan_seqs_for_non_dft false
  Setting attribute of root '/': 'use_scan_seqs_for_non_dft' = false
@file(1_elaborate.tcl) 19: suppress_messages $gn::SUPPRESS_MSG
  Setting attribute of message 'LBR-30': 'max_print' = 0
  Setting attribute of message 'LBR-31': 'max_print' = 0
  Setting attribute of message 'VLOGPT-35': 'max_print' = 0
@file(1_elaborate.tcl) 20: set_db shrink_factor 1.0
  Setting attribute of root '/': 'shrink_factor' = 1.0
@file(1_elaborate.tcl) 27: set_db init_lib_search_path $PDK_PATH
  Setting attribute of root '/': 'init_lib_search_path' = /courses/ee6350/pdk2023/T-N65-CM-SP-018-K3_MOM/Base_PDK/PDK_CRN65GP_v1.0c_official_IC61_20101010
@file(1_elaborate.tcl) 28: set_db init_hdl_search_path $gn::RTLDir
  Setting attribute of root '/': 'init_hdl_search_path' = ../../input/RTL/
@file(1_elaborate.tcl) 34: set_db library $gn::NLDMLIB

Threads Configured:3
Info    : An unsupported construct was detected in this library. [LBR-40]
        : Unknown Liberty attribute 'library_features' encountered. Ignoring (File /courses/ee6350/pdk2023/T-N65-CM-SP-018-K3_MOM/digital/Front_End/timing_power_noise/NLDM/tcbn65gplus_200a/tcbn65gpluswc.lib, Line 69)
        : Check to see if this construct is really needed for synthesis. Many liberty constructs are not actually required.
Info    : Missing a function attribute in the output pin definition. [LBR-518]
        : Functionality is missing at pin 'Z' for the cell 'BHD'. (File /courses/ee6350/pdk2023/T-N65-CM-SP-018-K3_MOM/digital/Front_End/timing_power_noise/NLDM/tcbn65gplus_200a/tcbn65gpluswc.lib, Line 199625)

  Message Summary for Library tcbn65gpluswc.lib:
  **********************************************
  Missing a function attribute in the output pin definition. [LBR-518]: 1
  An unsupported construct was detected in this library. [LBR-40]: 1
  **********************************************
 
            Reading file '/courses/ee6350/pdk2023/T-N65-CM-SP-018-K3_MOM/digital/Front_End/timing_power_noise/NLDM/tcbn65gplus_200a/tcbn65gpluswc.lib'
Info    : Created nominal operating condition. [LBR-412]
        : Operating condition '_nominal_' was created for the PVT values (1.000000, 0.900000, 125.000000) in library 'tcbn65gpluswc.lib'.
        : The nominal operating condition is represented, either by the nominal PVT values specified in the library source (via nom_process,nom_voltage and nom_temperature respectively), or by the default PVT values (1.0,1.0,1.0).
Warning : Library cell has no output pins defined. [LBR-9]
        : Library cell 'ANTENNA' must have an output pin.
        : Add the missing output pin(s), then reload the library. Else the library cell will be marked as timing model i.e. unusable. Timing_model means that the cell does not have any defined function. If there is no output pin, Genus will mark library cell as unusable i.e. the attribute 'usable' will be marked to 'false' on the libcell. Therefore, the cell is not used for mapping and it will not be picked up from the library for synthesis. If you query the attribute 'unusable_reason' on the libcell; result will be: 'Library cell has no output pins.'Note: The message LBR-9 is only for the logical pins and not for the power_ground pins. Genus will depend upon the output function defined in the pin group (output pin) of the cell, to use it for mapping. The pg_pin will not have any function defined.
Warning : Library cell has no output pins defined. [LBR-9]
        : Library cell 'ANTENNA' must have an output pin.
Info    : An output library pin lacks a function attribute. [LBR-41]
        : Output pin 'BHD/Z' has no function.
        : If the remainder of this library cell's semantic checks are successful, it will be considered as a timing-model (because one of its outputs does not have a valid function.
Warning : Unusable clock gating integrated cell found at the time of loading libraries. This warning happens because a particular library cell is defined as 'clock_gating_integrated_cell', but 'dont_use' attribute is defined as true in the liberty library. To make Genus use this cell for clock gating insertion, 'dont_use' attribute should be set to false. [LBR-101]
        : Clock gating integrated cell name: 'CKLHQD20'
        : To make the cell usable, change the value of 'dont_use' attribute to false.
Warning : Unusable clock gating integrated cell found at the time of loading libraries. This warning happens because a particular library cell is defined as 'clock_gating_integrated_cell', but 'dont_use' attribute is defined as true in the liberty library. To make Genus use this cell for clock gating insertion, 'dont_use' attribute should be set to false. [LBR-101]
        : Clock gating integrated cell name: 'CKLHQD24'
Warning : Unusable clock gating integrated cell found at the time of loading libraries. This warning happens because a particular library cell is defined as 'clock_gating_integrated_cell', but 'dont_use' attribute is defined as true in the liberty library. To make Genus use this cell for clock gating insertion, 'dont_use' attribute should be set to false. [LBR-101]
        : Clock gating integrated cell name: 'CKLNQD20'
Warning : Unusable clock gating integrated cell found at the time of loading libraries. This warning happens because a particular library cell is defined as 'clock_gating_integrated_cell', but 'dont_use' attribute is defined as true in the liberty library. To make Genus use this cell for clock gating insertion, 'dont_use' attribute should be set to false. [LBR-101]
        : Clock gating integrated cell name: 'CKLNQD24'
Warning : Library cell has no output pins defined. [LBR-9]
        : Library cell 'DCAP' must have an output pin.
Warning : Library cell has no output pins defined. [LBR-9]
        : Library cell 'DCAP' must have an output pin.
Warning : Library cell has no output pins defined. [LBR-9]
        : Library cell 'DCAP16' must have an output pin.
Warning : Library cell has no output pins defined. [LBR-9]
        : Library cell 'DCAP16' must have an output pin.
Warning : Library cell has no output pins defined. [LBR-9]
        : Library cell 'DCAP32' must have an output pin.
Warning : Library cell has no output pins defined. [LBR-9]
        : Library cell 'DCAP32' must have an output pin.
Warning : Library cell has no output pins defined. [LBR-9]
        : Library cell 'DCAP4' must have an output pin.
Warning : Library cell has no output pins defined. [LBR-9]
        : Library cell 'DCAP4' must have an output pin.
Warning : Library cell has no output pins defined. [LBR-9]
        : Library cell 'DCAP64' must have an output pin.
Warning : Library cell has no output pins defined. [LBR-9]
        : Library cell 'DCAP64' must have an output pin.
Warning : Library cell has no output pins defined. [LBR-9]
        : Library cell 'DCAP8' must have an output pin.
Warning : Library cell has no output pins defined. [LBR-9]
        : Library cell 'DCAP8' must have an output pin.
Warning : Library cell has no output pins defined. [LBR-9]
        : Library cell 'GDCAP' must have an output pin.
Warning : Library cell has no output pins defined. [LBR-9]
        : Library cell 'GDCAP' must have an output pin.
Warning : Library cell has no output pins defined. [LBR-9]
        : Library cell 'GDCAP10' must have an output pin.
Warning : Library cell has no output pins defined. [LBR-9]
        : Library cell 'GDCAP10' must have an output pin.
Warning : Library cell has no output pins defined. [LBR-9]
        : Library cell 'GDCAP2' must have an output pin.
Warning : Library cell has no output pins defined. [LBR-9]
        : Library cell 'GDCAP2' must have an output pin.
Warning : Maximum message print count reached. [MESG-11]
        : Maximum print count of '20' reached for message 'LBR-9'.
  Setting attribute of root '/': 'library' = /courses/ee6350/pdk2023/T-N65-CM-SP-018-K3_MOM/digital/Front_End/timing_power_noise/NLDM/tcbn65gplus_200a/tcbn65gpluswc.lib
@file(1_elaborate.tcl) 36: set_db lp_insert_clock_gating false
  Setting attribute of root '/': 'lp_insert_clock_gating' = false
@file(1_elaborate.tcl) 37: set_db lp_clock_gating_prefix lpg
  Setting attribute of root '/': 'lp_clock_gating_prefix' = lpg
@file(1_elaborate.tcl) 38: set_db hdl_track_filename_row_col true
Info   : Enabled hdl_track_filename_row_col attribute.
       : Setting this attribute to 'true' can have an impact on the run time. Use this attribute only when filename, line number, and column information are needed in reports.
  Setting attribute of root '/': 'hdl_track_filename_row_col' = true
@file(1_elaborate.tcl) 39: set_db leakage_power_effort low
Warning : This attribute will be obsolete in a next major release. [TUI-32]
        : attribute: 'leakage_power_effort', object type: 'root'
        : This attribute is obsolete. Use design_power_effort attribute instead.
  Setting attribute of root '/': 'leakage_power_effort' = low
@file(1_elaborate.tcl) 44: set_db hdl_language v2001
  Setting attribute of root '/': 'hdl_language' = v2001
@file(1_elaborate.tcl) 45: read_hdl $gn::VERILOG_LIST
            Reading Verilog file '../../input/RTL/../../input/RTL/ReLU_clamp.v'
            Reading Verilog file '../../input/RTL/../../input/RTL/addr_converter.v'
            Reading Verilog file '../../input/RTL/../../input/RTL/bias_adder.v'
            Reading Verilog file '../../input/RTL/../../input/RTL/input_buffer.v'
            Reading Verilog file '../../input/RTL/../../input/RTL/in_ac_mode_controller.v'
            Reading Verilog file '../../input/RTL/../../input/RTL/input_idx_controller.v'
            Reading Verilog file '../../input/RTL/../../input/RTL/input_offset_substract.v'
            Reading Verilog file '../../input/RTL/../../input/RTL/output_buffer.v'
            Reading Verilog file '../../input/RTL/../../input/RTL/out_ac_mode_controller.v'
            Reading Verilog file '../../input/RTL/../../input/RTL/output_idx_controller.v'
            Reading Verilog file '../../input/RTL/../../input/RTL/output_offset_adder.v'
            Reading Verilog file '../../input/RTL/../../input/RTL/scale_multiplier_32x16.v'
            Reading Verilog file '../../input/RTL/../../input/RTL/scale_multiplier.v'
            Reading Verilog file '../../input/RTL/../../input/RTL/sram00.v'
  initial CREN_legal = 1'b1;
        |
Warning : Ignoring unsynthesizable construct. [VLOGPT-37]
        : Initial in file '../../input/RTL/../../input/RTL/sram00.v' on line 476, column 9.
        : For example, the following constructs will be ignored:
    - initial block
    - final block
    - program block
    - property block
    - sequence block
    - covergroup
    - checker block
    - gate drive strength
    - system task enable
    - reg declaration with initial value
    - specify block.
  initial globalNotifier0 = 1'b0;
        |
Warning : Ignoring unsynthesizable construct. [VLOGPT-37]
        : Initial in file '../../input/RTL/../../input/RTL/sram00.v' on line 794, column 9.
    if ($realtime == 0) begin
                   |
Warning : Unsupported system task or function: assuming value 1'b1. [VLOGPT-31]
        : System function '$realtime' in file '../../input/RTL/../../input/RTL/sram00.v' on line 797, column 20.
        : The $signed and $unsigned system functions are always supported, and synthesizable SystemVerilog system functions are supported when SystemVerilog parsing is enabled.  No other system functions are supported.
  specify
        |
Warning : Ignoring unsynthesizable declaration. [VLOGPT-33]
        : Specify block in file '../../input/RTL/../../input/RTL/sram00.v' on line 1162, column 9.
            Reading Verilog file '../../input/RTL/../../input/RTL/sram_wrapper.v'
            Reading Verilog file '../../input/RTL/../../input/RTL/systolic_array_8x8.v'
            Reading Verilog file '../../input/RTL/../../input/RTL/systolic_array_wrapper.v'
            Reading Verilog file '../../input/RTL/../../input/RTL/tpu_core.v'
@file(1_elaborate.tcl) 50: elaborate $TOPCELL
Info    : Both 'pos_unate' and 'neg_unate' timing_sense arcs have been processed. [LBR-162]
        : Non_unate 'timing_sense' inferred between pin 'M1' and 'X2' in libcell 'BENCD1'.
        : Setting the 'timing_sense' to non_unate.
Info    : Both 'pos_unate' and 'neg_unate' timing_sense arcs have been processed. [LBR-162]
        : Non_unate 'timing_sense' inferred between pin 'M0' and 'X2' in libcell 'BENCD1'.
Info    : Both 'pos_unate' and 'neg_unate' timing_sense arcs have been processed. [LBR-162]
        : Non_unate 'timing_sense' inferred between pin 'M1' and 'X2' in libcell 'BENCD2'.
Info    : Both 'pos_unate' and 'neg_unate' timing_sense arcs have been processed. [LBR-162]
        : Non_unate 'timing_sense' inferred between pin 'M0' and 'X2' in libcell 'BENCD2'.
Info    : Both 'pos_unate' and 'neg_unate' timing_sense arcs have been processed. [LBR-162]
        : Non_unate 'timing_sense' inferred between pin 'M1' and 'X2' in libcell 'BENCD4'.
Info    : Both 'pos_unate' and 'neg_unate' timing_sense arcs have been processed. [LBR-162]
        : Non_unate 'timing_sense' inferred between pin 'M0' and 'X2' in libcell 'BENCD4'.
Info    : Both 'pos_unate' and 'neg_unate' timing_sense arcs have been processed. [LBR-162]
        : Non_unate 'timing_sense' inferred between pin 'X2' and 'PP' in libcell 'BMLD1'.
Info    : Both 'pos_unate' and 'neg_unate' timing_sense arcs have been processed. [LBR-162]
        : Non_unate 'timing_sense' inferred between pin 'M1' and 'PP' in libcell 'BMLD1'.
Info    : Both 'pos_unate' and 'neg_unate' timing_sense arcs have been processed. [LBR-162]
        : Non_unate 'timing_sense' inferred between pin 'M0' and 'PP' in libcell 'BMLD1'.
Info    : Both 'pos_unate' and 'neg_unate' timing_sense arcs have been processed. [LBR-162]
        : Non_unate 'timing_sense' inferred between pin 'X2' and 'PP' in libcell 'BMLD2'.
Info    : Both 'pos_unate' and 'neg_unate' timing_sense arcs have been processed. [LBR-162]
        : Non_unate 'timing_sense' inferred between pin 'M1' and 'PP' in libcell 'BMLD2'.
Info    : Both 'pos_unate' and 'neg_unate' timing_sense arcs have been processed. [LBR-162]
        : Non_unate 'timing_sense' inferred between pin 'M0' and 'PP' in libcell 'BMLD2'.
Info    : Both 'pos_unate' and 'neg_unate' timing_sense arcs have been processed. [LBR-162]
        : Non_unate 'timing_sense' inferred between pin 'X2' and 'PP' in libcell 'BMLD4'.
Info    : Both 'pos_unate' and 'neg_unate' timing_sense arcs have been processed. [LBR-162]
        : Non_unate 'timing_sense' inferred between pin 'M1' and 'PP' in libcell 'BMLD4'.
Info    : Both 'pos_unate' and 'neg_unate' timing_sense arcs have been processed. [LBR-162]
        : Non_unate 'timing_sense' inferred between pin 'M0' and 'PP' in libcell 'BMLD4'.
Info    : Both 'pos_unate' and 'neg_unate' timing_sense arcs have been processed. [LBR-162]
        : Non_unate 'timing_sense' inferred between pin 'S' and 'Z' in libcell 'CKMUX2D0'.
Info    : Both 'pos_unate' and 'neg_unate' timing_sense arcs have been processed. [LBR-162]
        : Non_unate 'timing_sense' inferred between pin 'S' and 'Z' in libcell 'CKMUX2D1'.
Info    : Both 'pos_unate' and 'neg_unate' timing_sense arcs have been processed. [LBR-162]
        : Non_unate 'timing_sense' inferred between pin 'S' and 'Z' in libcell 'CKMUX2D2'.
Info    : Both 'pos_unate' and 'neg_unate' timing_sense arcs have been processed. [LBR-162]
        : Non_unate 'timing_sense' inferred between pin 'S' and 'Z' in libcell 'CKMUX2D4'.
Info    : Both 'pos_unate' and 'neg_unate' timing_sense arcs have been processed. [LBR-162]
        : Non_unate 'timing_sense' inferred between pin 'A2' and 'Z' in libcell 'CKXOR2D0'.
Warning : Maximum message print count reached. [MESG-11]
        : Maximum print count of '20' reached for message 'LBR-162'.
  Library has 441 usable logic and 280 usable sequential lib-cells.
Info    : Unusable library cells found at the time of loading a library.  [LBR-415]
        : Library: 'tcbn65gpluswc.lib', Total cells: 816, Unusable cells: 77.
	List of unusable cells: 'ANTENNA BHD BUFFD20 BUFFD24 BUFTD20 BUFTD24 CKBD20 CKBD24 CKLHQD20 CKLHQD24 CKLNQD20 CKLNQD24 CKND20 CKND24 DCAP DCAP16 DCAP32 DCAP4 DCAP64 DCAP8 GAN2D1 GAN2D2 GAOI21D1 GAOI21D2 GAOI22D1 GBUFFD1 GBUFFD2 GBUFFD3 GBUFFD4 GBUFFD8 GDCAP GDCAP10 GDCAP2 GDCAP3 GDCAP4 GDFCNQD1 GDFQD1 GFILL GFILL10 GFILL2 GFILL3 GFILL4 GINVD1 GINVD2 GINVD3 GINVD4 GINVD8 GMUX2D1 GMUX2D2 GMUX2ND1 GMUX2ND2 GND2D1 GND2D2 GND2D3 GND2D4 GND3D1 GND3D2 GNR2D1 GNR2D2 GNR3D1 GNR3D2 GOAI21D1 GOAI21D2 GOR2D1 GOR2D2 GSDFCNQD1 GTIEH GTIEL GXNR2D1 GXNR2D2 GXOR2D1 GXOR2D2 INVD20 INVD24 OD18DCAP16 OD18DCAP32 OD18DCAP64 .'
        : For  more  information, refer to 'Cells Identified as Unusable' in the 'User Guide'. To know the reason why a cell is considered as unusable, check 'unusable_reason' libcell attribute.
                  INLINE_INFO: Skipping marking small hierarchies inline as the variable 'hdl_dissolve_primitive_instance_hierarchy_threshold' has not been set to a positive value.
Info    : Elaborating Design. [ELAB-1]
        : Elaborating top-level block 'input_idx_controller' from file '../../input/RTL/../../input/RTL/input_idx_controller.v'.
Warning : Using default parameter value for module elaboration. [CDFG-818]
        : Elaborating block 'input_idx_controller' with default parameters value.
Info    : Elaborating Subdesign. [ELAB-2]
        : Elaborating block 'in_ac_mode_controller' from file '../../input/RTL/../../input/RTL/in_ac_mode_controller.v'.
Info    : An implementation was inferred. [CWD-19]
        : The implementation 'hdl_implementation:GB/equal_unsigned/very_fast' was inferred through the binding 'b1' for the call to synthetic operator 'EQ_UNS_OP' (pin widths: A=10 B=10 Z=1) at line 30 in the file '../../input/RTL/../../input/RTL/in_ac_mode_controller.v'.
Info    : Sorted the set of valid implementations for synthetic operator. [CWD-36]
        : The implementations for the call to synthetic operator 'EQ_UNS_OP' (pin widths: A=10 B=10 Z=1) at line 30 in the file '../../input/RTL/../../input/RTL/in_ac_mode_controller.v' will be considered in the following order: {'hdl_implementation:GB/equal_unsigned/very_fast' (priority 1)}
Info    : An implementation was inferred. [CWD-19]
        : The implementation 'hdl_implementation:GB/sub_unsigned/very_fast' was inferred through the binding 'b1' for the call to synthetic operator 'SUB_UNS_OP' (pin widths: A=10 B=1 Z=10) at line 30 in the file '../../input/RTL/../../input/RTL/in_ac_mode_controller.v'.
Info    : Sorted the set of valid implementations for synthetic operator. [CWD-36]
        : The implementations for the call to synthetic operator 'SUB_UNS_OP' (pin widths: A=10 B=1 Z=10) at line 30 in the file '../../input/RTL/../../input/RTL/in_ac_mode_controller.v' will be considered in the following order: {'hdl_implementation:GB/sub_unsigned/very_fast' (priority 1), 'hdl_implementation:GB/sub_unsigned/medium' (priority 1), 'hdl_implementation:GB/sub_unsigned/slow' (priority 1)}
Info    : An implementation was inferred. [CWD-19]
        : The implementation 'hdl_implementation:GB/add_unsigned/very_fast' was inferred through the binding 'b1' for the call to synthetic operator 'ADD_UNS_OP' (pin widths: A=9 B=1 Z=9) at line 45 in the file '../../input/RTL/../../input/RTL/in_ac_mode_controller.v'.
Info    : Sorted the set of valid implementations for synthetic operator. [CWD-36]
        : The implementations for the call to synthetic operator 'ADD_UNS_OP' (pin widths: A=9 B=1 Z=9) at line 45 in the file '../../input/RTL/../../input/RTL/in_ac_mode_controller.v' will be considered in the following order: {'hdl_implementation:GB/add_unsigned/very_fast' (priority 1), 'hdl_implementation:GB/add_unsigned/medium' (priority 1), 'hdl_implementation:GB/add_unsigned/slow' (priority 1)}
Info    : An implementation was inferred. [CWD-19]
        : The implementation 'hdl_implementation:GB/equal_unsigned/very_fast' was inferred through the binding 'b1' for the call to synthetic operator 'EQ_UNS_OP' (pin widths: A=10 B=10 Z=1) at line 31 in the file '../../input/RTL/../../input/RTL/in_ac_mode_controller.v'.
Info    : Sorted the set of valid implementations for synthetic operator. [CWD-36]
        : The implementations for the call to synthetic operator 'EQ_UNS_OP' (pin widths: A=10 B=10 Z=1) at line 31 in the file '../../input/RTL/../../input/RTL/in_ac_mode_controller.v' will be considered in the following order: {'hdl_implementation:GB/equal_unsigned/very_fast' (priority 1)}
Info    : An implementation was inferred. [CWD-19]
        : The implementation 'hdl_implementation:GB/sub_unsigned/very_fast' was inferred through the binding 'b1' for the call to synthetic operator 'SUB_UNS_OP' (pin widths: A=10 B=4 Z=10) at line 31 in the file '../../input/RTL/../../input/RTL/in_ac_mode_controller.v'.
Info    : Sorted the set of valid implementations for synthetic operator. [CWD-36]
        : The implementations for the call to synthetic operator 'SUB_UNS_OP' (pin widths: A=10 B=4 Z=10) at line 31 in the file '../../input/RTL/../../input/RTL/in_ac_mode_controller.v' will be considered in the following order: {'hdl_implementation:GB/sub_unsigned/very_fast' (priority 1), 'hdl_implementation:GB/sub_unsigned/medium' (priority 1), 'hdl_implementation:GB/sub_unsigned/slow' (priority 1)}
Info    : An implementation was inferred. [CWD-19]
        : The implementation 'hdl_implementation:GB/add_unsigned/very_fast' was inferred through the binding 'b1' for the call to synthetic operator 'ADD_UNS_OP' (pin widths: A=9 B=4 Z=9) at line 57 in the file '../../input/RTL/../../input/RTL/in_ac_mode_controller.v'.
Info    : Sorted the set of valid implementations for synthetic operator. [CWD-36]
        : The implementations for the call to synthetic operator 'ADD_UNS_OP' (pin widths: A=9 B=4 Z=9) at line 57 in the file '../../input/RTL/../../input/RTL/in_ac_mode_controller.v' will be considered in the following order: {'hdl_implementation:GB/add_unsigned/very_fast' (priority 1), 'hdl_implementation:GB/add_unsigned/medium' (priority 1), 'hdl_implementation:GB/add_unsigned/slow' (priority 1)}
Info    : An implementation was inferred. [CWD-19]
        : The implementation 'hdl_implementation:GB/equal_unsigned/very_fast' was inferred through the binding 'b1' for the call to synthetic operator 'EQ_UNS_OP' (pin widths: A=10 B=10 Z=1) at line 32 in the file '../../input/RTL/../../input/RTL/in_ac_mode_controller.v'.
Info    : Sorted the set of valid implementations for synthetic operator. [CWD-36]
        : The implementations for the call to synthetic operator 'EQ_UNS_OP' (pin widths: A=10 B=10 Z=1) at line 32 in the file '../../input/RTL/../../input/RTL/in_ac_mode_controller.v' will be considered in the following order: {'hdl_implementation:GB/equal_unsigned/very_fast' (priority 1)}
Info    : An implementation was inferred. [CWD-19]
        : The implementation 'hdl_implementation:GB/sub_unsigned/very_fast' was inferred through the binding 'b1' for the call to synthetic operator 'SUB_UNS_OP' (pin widths: A=10 B=4 Z=10) at line 32 in the file '../../input/RTL/../../input/RTL/in_ac_mode_controller.v'.
Info    : Sorted the set of valid implementations for synthetic operator. [CWD-36]
        : The implementations for the call to synthetic operator 'SUB_UNS_OP' (pin widths: A=10 B=4 Z=10) at line 32 in the file '../../input/RTL/../../input/RTL/in_ac_mode_controller.v' will be considered in the following order: {'hdl_implementation:GB/sub_unsigned/very_fast' (priority 1), 'hdl_implementation:GB/sub_unsigned/medium' (priority 1), 'hdl_implementation:GB/sub_unsigned/slow' (priority 1)}
Info    : An implementation was inferred. [CWD-19]
        : The implementation 'hdl_implementation:GB/add_unsigned/very_fast' was inferred through the binding 'b1' for the call to synthetic operator 'ADD_UNS_OP' (pin widths: A=9 B=4 Z=9) at line 69 in the file '../../input/RTL/../../input/RTL/in_ac_mode_controller.v'.
Info    : Sorted the set of valid implementations for synthetic operator. [CWD-36]
        : The implementations for the call to synthetic operator 'ADD_UNS_OP' (pin widths: A=9 B=4 Z=9) at line 69 in the file '../../input/RTL/../../input/RTL/in_ac_mode_controller.v' will be considered in the following order: {'hdl_implementation:GB/add_unsigned/very_fast' (priority 1), 'hdl_implementation:GB/add_unsigned/medium' (priority 1), 'hdl_implementation:GB/add_unsigned/slow' (priority 1)}
Info    : Common subexpression eliminated. [CDFG-738]
        : Eliminated '-' in file '../../input/RTL/../../input/RTL/input_idx_controller.v' on line 98.
Info    : Common subexpression kept. [CDFG-739]
        : Kept '-' in file '../../input/RTL/../../input/RTL/input_idx_controller.v' on line 62.
Info    : An implementation was inferred. [CWD-19]
        : The implementation 'hdl_implementation:GB/equal_unsigned/very_fast' was inferred through the binding 'b1' for the call to synthetic operator 'EQ_UNS_OP' (pin widths: A=7 B=7 Z=1) at line 62 in the file '../../input/RTL/../../input/RTL/input_idx_controller.v'.
Info    : Sorted the set of valid implementations for synthetic operator. [CWD-36]
        : The implementations for the call to synthetic operator 'EQ_UNS_OP' (pin widths: A=7 B=7 Z=1) at line 62 in the file '../../input/RTL/../../input/RTL/input_idx_controller.v' will be considered in the following order: {'hdl_implementation:GB/equal_unsigned/very_fast' (priority 1)}
Info    : An implementation was inferred. [CWD-19]
        : The implementation 'hdl_implementation:GB/nequal_unsigned/very_fast' was inferred through the binding 'b1' for the call to synthetic operator 'NE_UNS_OP' (pin widths: A=7 B=7 Z=1) at line 98 in the file '../../input/RTL/../../input/RTL/input_idx_controller.v'.
Info    : Sorted the set of valid implementations for synthetic operator. [CWD-36]
        : The implementations for the call to synthetic operator 'NE_UNS_OP' (pin widths: A=7 B=7 Z=1) at line 98 in the file '../../input/RTL/../../input/RTL/input_idx_controller.v' will be considered in the following order: {'hdl_implementation:GB/nequal_unsigned/very_fast' (priority 1)}
Info    : An implementation was inferred. [CWD-19]
        : The implementation 'hdl_implementation:GB/sub_unsigned/very_fast' was inferred through the binding 'b1' for the call to synthetic operator 'SUB_UNS_OP' (pin widths: A=7 B=1 Z=7) at line 62 in the file '../../input/RTL/../../input/RTL/input_idx_controller.v'.
Info    : Sorted the set of valid implementations for synthetic operator. [CWD-36]
        : The implementations for the call to synthetic operator 'SUB_UNS_OP' (pin widths: A=7 B=1 Z=7) at line 62 in the file '../../input/RTL/../../input/RTL/input_idx_controller.v' will be considered in the following order: {'hdl_implementation:GB/sub_unsigned/very_fast' (priority 1), 'hdl_implementation:GB/sub_unsigned/medium' (priority 1), 'hdl_implementation:GB/sub_unsigned/slow' (priority 1)}
Info    : An implementation was inferred. [CWD-19]
        : The implementation 'hdl_implementation:GB/add_unsigned/very_fast' was inferred through the binding 'b1' for the call to synthetic operator 'ADD_UNS_OP' (pin widths: A=9 B=9 Z=9) at line 108 in the file '../../input/RTL/../../input/RTL/input_idx_controller.v'.
Info    : Sorted the set of valid implementations for synthetic operator. [CWD-36]
        : The implementations for the call to synthetic operator 'ADD_UNS_OP' (pin widths: A=9 B=9 Z=9) at line 108 in the file '../../input/RTL/../../input/RTL/input_idx_controller.v' will be considered in the following order: {'hdl_implementation:GB/add_unsigned/very_fast' (priority 1), 'hdl_implementation:GB/add_unsigned/medium' (priority 1), 'hdl_implementation:GB/add_unsigned/slow' (priority 1)}
Info    : An implementation was inferred. [CWD-19]
        : The implementation 'hdl_implementation:GB/add_unsigned/very_fast' was inferred through the binding 'b1' for the call to synthetic operator 'ADD_UNS_OP' (pin widths: A=9 B=9 Z=9) at line 109 in the file '../../input/RTL/../../input/RTL/input_idx_controller.v'.
Info    : Sorted the set of valid implementations for synthetic operator. [CWD-36]
        : The implementations for the call to synthetic operator 'ADD_UNS_OP' (pin widths: A=9 B=9 Z=9) at line 109 in the file '../../input/RTL/../../input/RTL/input_idx_controller.v' will be considered in the following order: {'hdl_implementation:GB/add_unsigned/very_fast' (priority 1), 'hdl_implementation:GB/add_unsigned/medium' (priority 1), 'hdl_implementation:GB/add_unsigned/slow' (priority 1)}
Info    : An implementation was inferred. [CWD-19]
        : The implementation 'hdl_implementation:GB/add_unsigned/very_fast' was inferred through the binding 'b1' for the call to synthetic operator 'ADD_UNS_OP' (pin widths: A=7 B=1 Z=7) at line 110 in the file '../../input/RTL/../../input/RTL/input_idx_controller.v'.
Info    : Sorted the set of valid implementations for synthetic operator. [CWD-36]
        : The implementations for the call to synthetic operator 'ADD_UNS_OP' (pin widths: A=7 B=1 Z=7) at line 110 in the file '../../input/RTL/../../input/RTL/input_idx_controller.v' will be considered in the following order: {'hdl_implementation:GB/add_unsigned/very_fast' (priority 1), 'hdl_implementation:GB/add_unsigned/medium' (priority 1), 'hdl_implementation:GB/add_unsigned/slow' (priority 1)}
Info    : An implementation was inferred. [CWD-19]
        : The implementation 'hdl_implementation:GB/add_unsigned/very_fast' was inferred through the binding 'b1' for the call to synthetic operator 'ADD_UNS_OP' (pin widths: A=9 B=9 Z=9) at line 41 in the file '../../input/RTL/../../input/RTL/input_idx_controller.v'.
Info    : Sorted the set of valid implementations for synthetic operator. [CWD-36]
        : The implementations for the call to synthetic operator 'ADD_UNS_OP' (pin widths: A=9 B=9 Z=9) at line 41 in the file '../../input/RTL/../../input/RTL/input_idx_controller.v' will be considered in the following order: {'hdl_implementation:GB/add_unsigned/very_fast' (priority 1), 'hdl_implementation:GB/add_unsigned/medium' (priority 1), 'hdl_implementation:GB/add_unsigned/slow' (priority 1)}
Info    : An implementation was inferred. [CWD-19]
        : The implementation 'hdl_implementation:GB/add_unsigned/very_fast' was inferred through the binding 'b1' for the call to synthetic operator 'ADD_UNS_OP' (pin widths: A=9 B=9 Z=9) at line 42 in the file '../../input/RTL/../../input/RTL/input_idx_controller.v'.
Info    : Sorted the set of valid implementations for synthetic operator. [CWD-36]
        : The implementations for the call to synthetic operator 'ADD_UNS_OP' (pin widths: A=9 B=9 Z=9) at line 42 in the file '../../input/RTL/../../input/RTL/input_idx_controller.v' will be considered in the following order: {'hdl_implementation:GB/add_unsigned/very_fast' (priority 1), 'hdl_implementation:GB/add_unsigned/medium' (priority 1), 'hdl_implementation:GB/add_unsigned/slow' (priority 1)}
Info    : Done Elaborating Design. [ELAB-3]
        : Done elaborating 'input_idx_controller'.
Checking for analog nets...
Check completed for analog nets.
Checking for source RTL...
Check completed for source RTL.
Running Unified Mux Engine Tricks...
Completed Unified Mux Engine Tricks

Stage: post_elab
--------------------------------------------------------
| Trick             | Accepts | Rejects | Runtime (ms) | 
--------------------------------------------------------
| ume_constant_bmux |       0 |       0 |         0.00 | 
--------------------------------------------------------
Starting clip mux common data inputs [v1.0] (stage: post_elab, startdef: input_idx_controller, recur: true)
Completed clip mux common data inputs (accepts: 0, rejects: 0, runtime: 0.000s)
Starting clip the non-user hierarchies [v2.0] (stage: post_elab, startdef: input_idx_controller, recur: true)
Completed clip the non-user hierarchies (accepts: 0, rejects: 0, runtime: 0.000s)

Stage: post_elab
---------------------------------------------------------
| Transform          | Accepts | Rejects | Runtime (ms) | 
---------------------------------------------------------
| hlo_clip_mux_input |       0 |       0 |         0.00 | 
| hlo_clip           |       0 |       0 |         0.00 | 
---------------------------------------------------------
        Applying wireload models.
        Computing net loads.
UM:   flow.cputime  flow.realtime  timing.setup.tns  timing.setup.wns  snapshot
UM:*                                                                   elaborate
@file(1_elaborate.tcl) 56: create_mode -default -name default_mode -design $TOPCELL
@file(1_elaborate.tcl) 59: foreach gn::SDC_FILE $gn::SDC_LIST {
    read_sdc [file join $gn::SDCDir $gn::SDC_FILE] -mode default_mode
}
Statistics for commands executed by read_sdc:
 "all_clocks"               - successful      2 , failed      0 (runtime  0.00)
 "all_inputs"               - successful      1 , failed      0 (runtime  0.00)
 "all_outputs"              - successful      2 , failed      0 (runtime  0.00)
 "create_clock"             - successful      1 , failed      0 (runtime  0.00)
 "current_design"           - successful      1 , failed      0 (runtime  0.00)
 "get_ports"                - successful      3 , failed      0 (runtime  0.00)
 "remove_from_collection"   - successful      1 , failed      0 (runtime  0.00)
 "set_clock_transition"     - successful      1 , failed      0 (runtime  0.00)
 "set_clock_uncertainty"    - successful      1 , failed      0 (runtime  0.00)
 "set_input_delay"          - successful      2 , failed      0 (runtime  0.00)
 "set_load"                 - successful      1 , failed      0 (runtime  0.00)
 "set_output_delay"         - successful      2 , failed      0 (runtime  0.00)
read_sdc completed in 00:00:00 (hh:mm:ss)
@file(1_elaborate.tcl) 63: report_timing -lint
        Applying wireload models.
        Computing net loads.
        Tracing clock networks.
Info    : Multimode clock gating check is disabled. [TIM-1000]
        Levelizing the circuit.
        Computing delays.
        Computing arrivals and requireds.
Info    : Timing analysis will be done for this view. [TUI-744]
        : View is 'analysis_view:input_idx_controller/default_mode'.
        : Worst paths will be shown in this view.
============================================================
  Generated by:           Genus(TM) Synthesis Solution 21.16-s062_1
  Generated on:           Mar 22 2026  01:04:04 pm
  Module:                 input_idx_controller
  Technology library:     tcbn65gpluswc 200
  Operating conditions:   WCCOM (balanced_tree)
  Wireload mode:          segmented
  Area mode:              timing library
============================================================

-------------------------------------------------------------------------------
Inputs without external driver/transition

The following primary inputs have no external driver or input transition set.   
As a result the transition on the ports will be assumed as zero. The            
'external_driver' attribute is used to add and external driver or the           
'fixed_slew' attribute to add an external transition.                           

port:input_idx_controller/k[0]
port:input_idx_controller/k[1]
port:input_idx_controller/k[2]
  ... 27 other warnings in this category.
 Use the -verbose option for more details.
-------------------------------------------------------------------------------


Lint summary
 Unconnected/logic driven clocks                                  0
 Sequential data pins driven by a clock signal                    0
 Sequential clock pins without clock waveform                     0
 Sequential clock pins with multiple clock waveforms              0
 Generated clocks without clock waveform                          0
 Generated clocks with incompatible options                       0
 Generated clocks with multi-master clock                         0
 Paths constrained with different clocks                          0
 Loop-breaking cells for combinational feedback                   0
 Nets with multiple drivers                                       0
 Timing exceptions with no effect                                 0
 Suspicious multi_cycle exceptions                                0
 Pins/ports with conflicting case constants                       0
 Inputs without clocked external delays                           0
 Outputs without clocked external delays                          0
 Inputs without external driver/transition                       30
 Outputs without external load                                    0
 Exceptions with invalid timing start-/endpoints                  0

                                                  Total:         30

@file(1_elaborate.tcl) 68: define_cost_group -name I2C
@file(1_elaborate.tcl) 69: define_cost_group -name C2O
@file(1_elaborate.tcl) 70: define_cost_group -name I2O
@file(1_elaborate.tcl) 71: define_cost_group -name C2C
@file(1_elaborate.tcl) 72: path_group -from [all des seqs] -to [all_outputs] -group C2O -name C2O -mode default_mode
@file(1_elaborate.tcl) 73: path_group -from [all_inputs] -to [all des seqs] -group I2C -name I2C -mode default_mode
@file(1_elaborate.tcl) 74: path_group -from [all_inputs] -to [all_outputs] -group I2O -name I2O -mode default_mode
@file(1_elaborate.tcl) 75: path_group -from [all des seqs] -to [all des seqs] -group C2C -name C2C -mode default_mode
@file(1_elaborate.tcl) 82: set gn::XCEP [vfind /designs* -exception *]
@file(1_elaborate.tcl) 83: puts "\nGN INFO: Total numbers of exceptions: [llength $gn::XCEP]\n"

GN INFO: Total numbers of exceptions: 5

@file(1_elaborate.tcl) 84: catch {open $gn::reportDir/initial.all_exception.rpt "w"} gn::FXCEP
@file(1_elaborate.tcl) 85: puts $gn::FXCEP "Total numbers of exceptions: [llength $gn::XCEP]\n"
@file(1_elaborate.tcl) 86: foreach gn::X $gn::XCEP {
  puts $gn::FXCEP $gn::X
}
@file(1_elaborate.tcl) 89: close $gn::FXCEP
@file(1_elaborate.tcl) 92: report_design > $gn::reportDir/initial.design.rpt
@file(1_elaborate.tcl) 95: report_gates > $gn::reportDir/initial.gate.rpt
@file(1_elaborate.tcl) 98: report_area > $gn::reportDir/initial.area.rpt
Warning : The details given in report might be incorrect or incomplete. [RPT-80]
        : The design design:input_idx_controller should be mapped to get accurate area details.
        : Map the design using syn_map before using the '-detail' option of the 'report_area' command.
@file(1_elaborate.tcl) 101: report_timing > $gn::reportDir/initial.timing.rpt
@file(1_elaborate.tcl) 104: report_timing -endpoints > $gn::reportDir/initial.timing_ep.rpt
@file(1_elaborate.tcl) 105: report_timing -max_slack 0.1 > $gn::reportDir/initial.timing_marginalviol.rpt
@file(1_elaborate.tcl) 106: report_timing -from [all_inputs] > $gn::reportDir/initial.timing_in.rpt
@file(1_elaborate.tcl) 107: report_timing -from [all_inputs] -unconstrained > $gn::reportDir/initial.timing_in_uc.rpt
@file(1_elaborate.tcl) 108: report_timing -to   [all_outputs] > $gn::reportDir/initial.timing_out.rpt
@file(1_elaborate.tcl) 109: report_timing -to   [all_outputs] -unconstrained > $gn::reportDir/initial.timing_out_uc.rpt
@file(1_elaborate.tcl) 110: report_timing_summary > $gn::reportDir/initial.timingsummary.rpt
@file(1_elaborate.tcl) 112: set gn::CNT 1
@file(1_elaborate.tcl) 113: foreach gn::CLK [vfind /designs* -clock *] {
  exec echo "####################" > $gn::reportDir/initial.timing.clk$gn::CNT
  exec echo "# from clock: $gn::CLK" >> $gn::reportDir/initial.timing.clk$gn::CNT
  exec echo "# to clock: $gn::CLK" >> $gn::reportDir/initial.timing.clk$gn::CNT
  exec echo "####################" >> $gn::reportDir/initial.timing.clk$gn::CNT
  report_timing -from $gn::CLK -to $gn::CLK >> $gn::reportDir/initial.timing_clk$gn::CNT.rpt
  incr gn::CNT
}
@file(1_elaborate.tcl) 123: puts "\nGN INFO: Reporting Initial QoR below...\n"

GN INFO: Reporting Initial QoR below...

@file(1_elaborate.tcl) 124: redirect -tee $gn::reportDir/initial.qor.rpt {report_qor}
============================================================
  Generated by:           Genus(TM) Synthesis Solution 21.16-s062_1
  Generated on:           Mar 22 2026  01:04:05 pm
  Module:                 input_idx_controller
  Operating conditions:   WCCOM (balanced_tree)
  Wireload mode:          segmented
  Area mode:              timing library
============================================================

Timing
--------

Analysis view Clock  Period 
----------------------------
default_mode  clk   20000.0 


  Analysis     Cost   Critical        Violating 
    View      Group  Path Slack  TNS    Paths   
------------------------------------------------
default_mode     C2C    19220.3  0.0          0 
                 C2O    14352.5  0.0          0 
                 clk   No paths  0.0          0 
             default   No paths  0.0          0 
                 I2C    18992.9  0.0          0 
                 I2O    14536.5  0.0          0 
------------------------------------------------
Total                           -0.0          0 
                                                

Instance Count
--------------
Leaf Instance Count             808 
Physical Instance count           0 
Sequential Instance Count        55 
Combinational Instance Count    753 
Hierarchical Instance Count      19 
Warning : Performing RTL power analysis without power models. [PA-19]
        : Design design:input_idx_controller has not been generic synthesized.
        : For more accurate results, perform RTL power analysis using detailed power models after 'syn_gen' step followed by the 'build_rtl_power_models' command.
For more accurate power reporting use build_rtl_power_models after generic synthesis.
Warning : Duplicate when conditions found. [LBR-96]
        : Overwriting the old leakage_power value for the when condition (((I) & (!(OE))) & (!(Z))) with the new value for the when condition (((!(I)) & (!(OE))) & (Z)) for cell BUFTD16.
        : Ignoring the earlier when conditions and using the latest condition.
Warning : Duplicate when conditions found. [LBR-96]
        : Overwriting the old leakage_power value for the when condition (((I) & (!(OE))) & (!(Z))) with the new value for the when condition (((!(I)) & (!(OE))) & (Z)) for cell BUFTD12.
Warning : Duplicate when conditions found. [LBR-96]
        : Overwriting the old leakage_power value for the when condition (((I) & (!(OE))) & (!(Z))) with the new value for the when condition (((!(I)) & (!(OE))) & (Z)) for cell BUFTD6.
Warning : Duplicate when conditions found. [LBR-96]
        : Overwriting the old leakage_power value for the when condition (((I) & (!(OE))) & (!(Z))) with the new value for the when condition (((!(I)) & (!(OE))) & (Z)) for cell BUFTD8.
Warning : Duplicate when conditions found. [LBR-96]
        : Overwriting the old leakage_power value for the when condition (((I) & (!(OE))) & (!(Z))) with the new value for the when condition (((!(I)) & (!(OE))) & (Z)) for cell BUFTD1.
Warning : Duplicate when conditions found. [LBR-96]
        : Overwriting the old leakage_power value for the when condition (((I) & (!(OE))) & (!(Z))) with the new value for the when condition (((!(I)) & (!(OE))) & (Z)) for cell BUFTD3.
Warning : Duplicate when conditions found. [LBR-96]
        : Overwriting the old leakage_power value for the when condition (((I) & (!(OE))) & (!(Z))) with the new value for the when condition (((!(I)) & (!(OE))) & (Z)) for cell BUFTD4.
Warning : Duplicate when conditions found. [LBR-96]
        : Overwriting the old leakage_power value for the when condition (((I) & (!(OE))) & (!(Z))) with the new value for the when condition (((!(I)) & (!(OE))) & (Z)) for cell BUFTD2.
Warning : Duplicate when conditions found. [LBR-96]
        : Overwriting the old leakage_power value for the when condition (((I) & (!(OE))) & (!(Z))) with the new value for the when condition (((!(I)) & (!(OE))) & (Z)) for cell BUFTD0.

Area
----
Cell Area                          2858.305
Physical Cell Area                 0.000
Total Cell Area (Cell+Physical)    2858.305
Net Area                           0.000
Total Area (Cell+Physical+Net)     2858.305

Power
-----
Leakage Power                      10289.987 nW
Dynamic Power                      122194.270 nW
Total Power                        132484.257 nW

Max Fanout                         55 (n_38)
Min Fanout                         0 (n_4)
Average Fanout                     1.7
Terms to net ratio                 2.5128
Terms to instance ratio            3.1658
Runtime                            6.987817 seconds
Elapsed Runtime                    9 seconds
Genus peak memory usage            1135.73 
Innovus peak memory usage          no_value 
Hostname                           cadpc19.ee.columbia.edu
@file(1_elaborate.tcl) 125: puts "\nEC INFO: Reporting Initial Summary below...\n"

EC INFO: Reporting Initial Summary below...

@file(1_elaborate.tcl) 126: redirect -tee $gn::reportDir/initial.summary.rpt {report summary}
============================================================
  Generated by:           Genus(TM) Synthesis Solution 21.16-s062_1
  Generated on:           Mar 22 2026  01:04:05 pm
  Module:                 input_idx_controller
  Operating conditions:   WCCOM (balanced_tree)
  Wireload mode:          segmented
  Area mode:              timing library
============================================================

	Timing
	------
  Endpoint    Slack  Cost Group      Mode      
-----------------------------------------------
a_row_idx[5]   14352        C2O   default_mode 
	Area
	----

      Instance       Module  Cell Count  Cell Area  Net Area   Total Area      Wireload     
--------------------------------------------------------------------------------------------
input_idx_controller                808   2858.305     0.000     2858.305 ZeroWireload (S)  
  (S) = wireload was automatically selected

	Design Rule Check
	-----------------

Max_transition design rule: no violations.

Max_capacitance design rule: no violations.



@file(1_elaborate.tcl) 128: report_timing -lint
Info    : Timing analysis will be done for this view. [TUI-744]
        : View is 'analysis_view:input_idx_controller/default_mode'.
============================================================
  Generated by:           Genus(TM) Synthesis Solution 21.16-s062_1
  Generated on:           Mar 22 2026  01:04:05 pm
  Module:                 input_idx_controller
  Operating conditions:   WCCOM (balanced_tree)
  Wireload mode:          segmented
  Area mode:              timing library
============================================================

-------------------------------------------------------------------------------
Timing exceptions with no effect

The following timing exceptions are not currently affecting timing in the       
design in mode 'default_mode'.  Either no paths in the design satisfy the       
exception's path specification, or all paths that satisfy the path              
specification also satisfy an exception with a higher priority.  You can        
improve runtime and memory usage by removing these exceptions if they are not   
truly needed.  To see if there is a path in the design that satisfies the path  
specification for an exception, or to see what other exception is overriding an 
exception because of priority, use the command:                                 
  report timing -paths [eval [::legacy::get_attribute paths <exception>]]

exception:input_idx_controller/default_mode/clk
-------------------------------------------------------------------------------

-------------------------------------------------------------------------------
Inputs without external driver/transition

The following primary inputs have no external driver or input transition set.   
As a result the transition on the ports will be assumed as zero. The            
'external_driver' attribute is used to add and external driver or the           
'fixed_slew' attribute to add an external transition.                           

port:input_idx_controller/k[0]
port:input_idx_controller/k[1]
port:input_idx_controller/k[2]
  ... 27 other warnings in this category.
 Use the -verbose option for more details.
-------------------------------------------------------------------------------


Lint summary
 Unconnected/logic driven clocks                                  0
 Sequential data pins driven by a clock signal                    0
 Sequential clock pins without clock waveform                     0
 Sequential clock pins with multiple clock waveforms              0
 Generated clocks without clock waveform                          0
 Generated clocks with incompatible options                       0
 Generated clocks with multi-master clock                         0
 Paths constrained with different clocks                          0
 Loop-breaking cells for combinational feedback                   0
 Nets with multiple drivers                                       0
 Timing exceptions with no effect                                 1
 Suspicious multi_cycle exceptions                                0
 Pins/ports with conflicting case constants                       0
 Inputs without clocked external delays                           0
 Outputs without clocked external delays                          0
 Inputs without external driver/transition                       30
 Outputs without external load                                    0
 Exceptions with invalid timing start-/endpoints                  0

                                                  Total:         31

#@ End verbose source ../scripts/1_elaborate.tcl
@file(run_all.tcl) 15: source ../scripts/2_synthesis.tcl
Sourcing '../scripts/2_synthesis.tcl' (Sun Mar 22 13:04:05 EDT 2026)...
#@ Begin verbose source ../scripts/2_synthesis.tcl
@file(2_synthesis.tcl) 9: set_db syn_generic_effort $gn::SYN_EFFORT
  Setting attribute of root '/': 'syn_generic_effort' = medium
@file(2_synthesis.tcl) 10: syn_generic
      Running additional step before syn_gen...


Stage: pre_early_cg
------------------------------------------------
| Transform | Accepts | Rejects | Runtime (ms) | 
------------------------------------------------
------------------------------------------------
##Generic Timing Info for library domain: _default_ typical gate delay: 42.9 ps std_slew: 10.2 ps std_load: 2.3 fF
Starting mux data reorder optimization [v1.0] (stage: pre_to_gen_setup, startdef: input_idx_controller, recur: true)
Completed mux data reorder optimization (accepts: 0, rejects: 0, runtime: 0.001s)

Stage: pre_to_gen_setup
------------------------------------------------------
| Transform       | Accepts | Rejects | Runtime (ms) | 
------------------------------------------------------
| hlo_mux_reorder |       0 |       0 |         1.00 | 
------------------------------------------------------
Info    : Synthesizing. [SYNTH-1]
        : Synthesizing 'input_idx_controller' to generic gates using 'medium' effort.
PBS_Generic-Start - Elapsed_Time 0, CPU_Time 0.0
stamp 'PBS_Generic-Start' being created for table 'pbs_debug'

  Total Time (Wall) |  Stage Time (Wall)  |   % (Wall)   |    Date - Time     |  Memory   | Stage
--------------------+---------------------+--------------+--------------------+-----------+----------------------
 00:00:06(00:00:05) |  00:00:00(00:00:00) |   0.0(  0.0) |   13:04:05 (Mar22) |  536.6 MB | PBS_Generic-Start
--------------------+---------------------+--------------+--------------------+-----------+----------------------
Number of threads: 8 * 1   (id: pbs_debug, time_info v1.57)
Info: (*N*) indicates data that was populated from previously saved time_info database
Info: CPU time includes time of parent + longest thread
        Applying wireload models.
        Computing net loads.
TNS Restructuring config: no_value at stage: generic applied.
Info    : Partition Based Synthesis execution skipped. [PHYS-752]
        : Design size is less than the partition size '100000' for distributed generic optimization to kick in.
Starting mux data reorder optimization [v1.0] (stage: pre_to_gen_setup, startdef: input_idx_controller, recur: true)
Completed mux data reorder optimization (accepts: 0, rejects: 0, runtime: 0.001s)

Stage: pre_to_gen_setup
------------------------------------------------------
| Transform       | Accepts | Rejects | Runtime (ms) | 
------------------------------------------------------
| hlo_mux_reorder |       0 |       0 |         1.00 | 
------------------------------------------------------
Starting mux data reorder optimization [v1.0] (stage: post_to_gen_setup, startdef: input_idx_controller, recur: true)
Completed mux data reorder optimization (accepts: 0, rejects: 0, runtime: 0.000s)

Stage: post_to_gen_setup
------------------------------------------------------
| Transform       | Accepts | Rejects | Runtime (ms) | 
------------------------------------------------------
| hlo_mux_reorder |       0 |       0 |         0.00 | 
------------------------------------------------------
Running Unified Mux Engine Tricks...
Completed Unified Mux Engine Tricks

Stage: pre_hlo_rtlopt
--------------------------------------------
| Trick | Accepts | Rejects | Runtime (ms) | 
--------------------------------------------
--------------------------------------------
Starting infer macro optimization [v1.0] (stage: pre_rtlopt, startdef: input_idx_controller, recur: true)
Completed infer macro optimization (accepts: 0, rejects: 0, runtime: 0.001s)
Starting decode mux sandwich optimization [v2.0] (stage: pre_rtlopt, startdef: input_idx_controller, recur: true)
Completed decode mux sandwich optimization (accepts: 0, rejects: 0, runtime: 0.000s)
Starting decode mux optimization [v1.0] (stage: pre_rtlopt, startdef: input_idx_controller, recur: true)
Completed decode mux optimization (accepts: 0, rejects: 0, runtime: 0.000s)
Starting chop wide muxes [v1.0] (stage: pre_rtlopt, startdef: input_idx_controller, recur: true)
Completed chop wide muxes (accepts: 0, rejects: 0, runtime: 0.000s)
Starting common data mux cascade opt [v1.0] (stage: pre_rtlopt, startdef: input_idx_controller, recur: true)
Completed common data mux cascade opt (accepts: 0, rejects: 0, runtime: 0.000s)
Starting mux input consolidation [v1.0] (stage: pre_rtlopt, startdef: input_idx_controller, recur: true)
Completed mux input consolidation (accepts: 0, rejects: 0, runtime: 0.000s)
Starting constant-data mux optimization [v1.0] (stage: pre_rtlopt, startdef: input_idx_controller, recur: true)
Completed constant-data mux optimization (accepts: 0, rejects: 0, runtime: 0.000s)
Starting chain-to-tree inequality transform [v2.0] (stage: pre_rtlopt, startdef: input_idx_controller, recur: true)
Completed chain-to-tree inequality transform (accepts: 0, rejects: 0, runtime: 0.001s)
Starting reconvergence optimization [v1.0] (stage: pre_rtlopt, startdef: input_idx_controller, recur: true)
Completed reconvergence optimization (accepts: 0, rejects: 0, runtime: 0.000s)
Starting logic restructure optimization [v1.0] (stage: pre_rtlopt, startdef: input_idx_controller, recur: true)
Completed logic restructure optimization (accepts: 0, rejects: 0, runtime: 0.000s)
Starting common select mux optimization [v1.0] (stage: pre_rtlopt, startdef: input_idx_controller, recur: true)
Completed common select mux optimization (accepts: 0, rejects: 0, runtime: 0.000s)
Starting identity transform [v3.0] (stage: pre_rtlopt, startdef: input_idx_controller, recur: true)
Completed identity transform (accepts: 0, rejects: 0, runtime: 0.000s)
Starting reduce operator chain [v1.0] (stage: pre_rtlopt, startdef: input_idx_controller, recur: true)
Completed reduce operator chain (accepts: 0, rejects: 0, runtime: 0.000s)
Starting common data mux cascade opt [v1.0] (stage: pre_rtlopt, startdef: input_idx_controller, recur: true)
Completed common data mux cascade opt (accepts: 0, rejects: 0, runtime: 0.000s)
Starting mux input consolidation [v1.0] (stage: pre_rtlopt, startdef: input_idx_controller, recur: true)
Completed mux input consolidation (accepts: 0, rejects: 0, runtime: 0.000s)
Starting optimize datapath elements [v1.0] (stage: pre_rtlopt, startdef: input_idx_controller, recur: true)
Completed optimize datapath elements (accepts: 0, rejects: 0, runtime: 0.000s)
Starting datapath recasting [v1.0] (stage: pre_rtlopt, startdef: input_idx_controller, recur: true)
Completed datapath recasting (accepts: 0, rejects: 0, runtime: 0.000s)
Starting clip mux common data inputs [v1.0] (stage: pre_rtlopt, startdef: input_idx_controller, recur: true)
Completed clip mux common data inputs (accepts: 0, rejects: 0, runtime: 0.000s)
Starting clip the non-user hierarchies [v2.0] (stage: pre_rtlopt, startdef: input_idx_controller, recur: true)
Completed clip the non-user hierarchies (accepts: 0, rejects: 0, runtime: 0.000s)

Stage: pre_rtlopt
----------------------------------------------------------------
| Transform                 | Accepts | Rejects | Runtime (ms) | 
----------------------------------------------------------------
| hlo_infer_macro           |       0 |       0 |         1.00 | 
| hlo_decode_mux_sandwich   |       0 |       0 |         0.00 | 
| hlo_mux_decode            |       0 |       0 |         0.00 | 
| hlo_chop_mux              |       0 |       0 |         0.00 | 
| hlo_mux_cascade_opt       |       0 |       0 |         0.00 | 
| hlo_mux_consolidation     |       0 |       0 |         0.00 | 
| hlo_constant_mux_opt      |       0 |       0 |         0.00 | 
| hlo_inequality_transform  |       0 |       0 |         1.00 | 
| hlo_reconv_opt            |       0 |       0 |         0.00 | 
| hlo_restructure           |       0 |       0 |         0.00 | 
| hlo_common_select_muxopto |       0 |       0 |         0.00 | 
| hlo_identity_transform    |       0 |       0 |         0.00 | 
| hlo_reduce_operator_chain |       0 |       0 |         0.00 | 
| hlo_mux_cascade_opt       |       0 |       0 |         0.00 | 
| hlo_mux_consolidation     |       0 |       0 |         0.00 | 
| hlo_optimize_datapath     |       0 |       0 |         0.00 | 
| hlo_datapath_recast       |       0 |       0 |         0.00 | 
| hlo_clip_mux_input        |       0 |       0 |         0.00 | 
| hlo_clip                  |       0 |       0 |         0.00 | 
----------------------------------------------------------------
Running Unified Mux Engine Tricks...
Completed Unified Mux Engine Tricks

Stage: post_hlo_rtlopt
--------------------------------------------------
| Trick       | Accepts | Rejects | Runtime (ms) | 
--------------------------------------------------
| ume_runtime |       0 |       0 |         0.00 | 
--------------------------------------------------
Number of big hc bmuxes before = 0
              Info: total 3 bmuxes found, 3 are converted to onehot form, and 0 are kept as binary form
Info    : Pre-processed datapath logic. [DPOPT-6]
        : No pre-processing optimizations applied to datapath logic in 'input_idx_controller'.
Info    : Optimizing datapath logic. [DPOPT-1]
        : Optimizing datapath logic in 'input_idx_controller'.
Info    : Implementing datapath configurations. [DPOPT-3]
        : Implementing datapath configurations for 'CDN_DP_region_1_3'
CSAGen Prep Share:0 Re-Write:0 Speculation: 0
    MaxCSA: weighted_instance_count is 45 
Info    : An implementation was inferred. [CWD-19]
        : The implementation 'hdl_implementation:GB/add_signed/very_fast' was inferred through the binding 'b1' for the call to synthetic operator 'ADD_TC_OP' (pin widths: A=9 B=9 Z=9).
Info    : Sorted the set of valid implementations for synthetic operator. [CWD-36]
        : The implementations for the call to synthetic operator 'ADD_TC_OP' (pin widths: A=9 B=9 Z=9) will be considered in the following order: {'hdl_implementation:GB/add_signed/very_fast' (priority 1), 'hdl_implementation:GB/add_signed/medium' (priority 1), 'hdl_implementation:GB/add_signed/slow' (priority 1)}
Info    : An implementation was inferred. [CWD-19]
        : The implementation 'hdl_implementation:GB/add_signed/very_fast' was inferred through the binding 'b1' for the call to synthetic operator 'ADD_TC_OP' (pin widths: A=9 B=9 Z=9).
Info    : Sorted the set of valid implementations for synthetic operator. [CWD-36]
        : The implementations for the call to synthetic operator 'ADD_TC_OP' (pin widths: A=9 B=9 Z=9) will be considered in the following order: {'hdl_implementation:GB/add_signed/very_fast' (priority 1), 'hdl_implementation:GB/add_signed/medium' (priority 1), 'hdl_implementation:GB/add_signed/slow' (priority 1)}
Info    : An implementation was inferred. [CWD-19]
        : The implementation 'hdl_implementation:GB/add_signed/very_fast' was inferred through the binding 'b1' for the call to synthetic operator 'ADD_TC_OP' (pin widths: A=9 B=9 Z=9).
Info    : Sorted the set of valid implementations for synthetic operator. [CWD-36]
        : The implementations for the call to synthetic operator 'ADD_TC_OP' (pin widths: A=9 B=9 Z=9) will be considered in the following order: {'hdl_implementation:GB/add_signed/very_fast' (priority 1), 'hdl_implementation:GB/add_signed/medium' (priority 1), 'hdl_implementation:GB/add_signed/slow' (priority 1)}
MaxCSA: Successfully built Maximal CSA Expression Expr0
Warning : Maximum message print count reached. [MESG-11]
        : Maximum print count of '20' reached for message 'CWD-19'.
      Timing csa_tree...
        Done timing csa_tree.
      Timing add_signed_carry...
        Done timing add_signed_carry.
CDN_DP_region_1_3 level = 0 loads = 0 drivers = 0
CDN_DP_region_1_3_c0 in input_idx_controller: area: 392474000 ,dp = 2 mux = 0 sg = slow         worst_clk_period: -1.0000 
    wns: 0  norm_wns:  -1.0000 
    fail_endp: -1 
    tns:  0  tns_per_endp:  -1.0000   norm_tns_per_endp:  -1.0000 
    tns_sense_max:  -1.0000  tns_sense_avg:  -1.0000   tns_sense_num: -1
    power:  -9223372036854775808  
 skipped
CDN_DP_region_1_3_c1 in input_idx_controller: area: 392474000 ,dp = 2 mux = 0 sg = fast         worst_clk_period: -1.0000 
    wns: 0  norm_wns:  -1.0000 
    fail_endp: -1 
    tns:  0  tns_per_endp:  -1.0000   norm_tns_per_endp:  -1.0000 
    tns_sense_max:  -1.0000  tns_sense_avg:  -1.0000   tns_sense_num: -1
    power:  -9223372036854775808  
 is current best
CDN_DP_region_1_3_c2 in input_idx_controller: area: 392474000 ,dp = 2 mux = 0 sg = very_slow    worst_clk_period: -1.0000 
    wns: 0  norm_wns:  -1.0000 
    fail_endp: -1 
    tns:  0  tns_per_endp:  -1.0000   norm_tns_per_endp:  -1.0000 
    tns_sense_max:  -1.0000  tns_sense_avg:  -1.0000   tns_sense_num: -1
    power:  -9223372036854775808  
 is current best
CDN_DP_region_1_3_c3 in input_idx_controller: area: 392474000 ,dp = 2 mux = 0 sg = very_fast    worst_clk_period: -1.0000 
    wns: 0  norm_wns:  -1.0000 
    fail_endp: -1 
    tns:  0  tns_per_endp:  -1.0000   norm_tns_per_endp:  -1.0000 
    tns_sense_max:  -1.0000  tns_sense_avg:  -1.0000   tns_sense_num: -1
    power:  -9223372036854775808  
 is current best
CDN_DP_region_1_3_c4 in input_idx_controller: area: 392474000 ,dp = 2 mux = 0 sg = very_fast    worst_clk_period: -1.0000 
    wns: 0  norm_wns:  -1.0000 
    fail_endp: -1 
    tns:  0  tns_per_endp:  -1.0000   norm_tns_per_endp:  -1.0000 
    tns_sense_max:  -1.0000  tns_sense_avg:  -1.0000   tns_sense_num: -1
    power:  -9223372036854775808  
 is current best
CDN_DP_region_1_3_c5 in input_idx_controller: area: 392474000 ,dp = 2 mux = 0 sg = very_fast    worst_clk_period: -1.0000 
    wns: 0  norm_wns:  -1.0000 
    fail_endp: -1 
    tns:  0  tns_per_endp:  -1.0000   norm_tns_per_endp:  -1.0000 
    tns_sense_max:  -1.0000  tns_sense_avg:  -1.0000   tns_sense_num: -1
    power:  -9223372036854775808  
 is current best
CDN_DP_region_1_3_c6 in input_idx_controller: area: 392474000 ,dp = 2 mux = 0 sg = very_fast    worst_clk_period: -1.0000 
    wns: 0  norm_wns:  -1.0000 
    fail_endp: -1 
    tns:  0  tns_per_endp:  -1.0000   norm_tns_per_endp:  -1.0000 
    tns_sense_max:  -1.0000  tns_sense_avg:  -1.0000   tns_sense_num: -1
    power:  -9223372036854775808  
 is current best
CDN_DP_region_1_3_c7 in input_idx_controller: area: 402125000 ,dp = 2 mux = 0 sg = very_fast    worst_clk_period: -1.0000 
    wns: 0  norm_wns:  -1.0000 
    fail_endp: -1 
    tns:  0  tns_per_endp:  -1.0000   norm_tns_per_endp:  -1.0000 
    tns_sense_max:  -1.0000  tns_sense_avg:  -1.0000   tns_sense_num: -1
    power:  -9223372036854775808  

Best config: CDN_DP_region_1_3_c6 in input_idx_controller: area: 392474000 ,dp = 2 mux = 0 sg = very_fast    worst_clk_period: -1.0000 
    wns: 0  norm_wns:  -1.0000 
    fail_endp: -1 
    tns:  0  tns_per_endp:  -1.0000   norm_tns_per_endp:  -1.0000 
    tns_sense_max:  -1.0000  tns_sense_avg:  -1.0000   tns_sense_num: -1
    power:  -9223372036854775808  
  Smallest config area : 392474000.  Fastest config wns;  0
##>+----------------------------------------------------------------------------------------------------------------------------------------------------------------+
##>Summary table of configs (Best config is CDN_DP_region_1_3_c6)
##>+----------------------------------------------------------------------------------------------------------------------------------------------------------------+
##>                     0                  1                  2                  3                  4                  5                  6                  7            
##>+----------------------------------------------------------------------------------------------------------------------------------------------------------------+
##>           Area        392474000          392474000          392474000          392474000          392474000          392474000          392474000          402125000  
##>            WNS        +14363.00          +14363.00          +14363.00          +14363.00          +14363.00          +14363.00          +14363.00          +14363.00  
##>            TNS                0                  0                  0                  0                  0                  0                  0                  0  
##>    Num Rewrite                0                  0                  0                  0                  0                  0                  0                  0  
##>     Num Factor                0                  0                  0                  0                  0                  0                  0                  0  
##>      Num Share                0                  0                  0                  0                  0                  0                  0                  0  
##>   Num CmultCse                0                  0                  0                  0                  0                  0                  0                  0  
##>   Num Downsize                0                  0                  0                  0                  0                  0                  0                  0  
##>  Num Speculate                0                  0                  0                  0                  0                  0                  0                  0  
##>     Runtime(s)                0                  0                  0                  0                  0                  0                  0                  0  
+----------------------------------------------------------------------------------------------------------------------------------------------------------------+
##>
##>
##>+-----------------------------------------------------------------------------------------------------------------------------------------------------------------------------------------------------+
##>Optimization Step DEBUG Table for config CDN_DP_region_1_3_c6
##>
##>                          Step                        Area   (  % Chg)         WNS (Change)          TNS (Change)                Power   (  % Chg)        Runtime (s)        Comment                   
##>+-----------------------------------------------------------------------------------------------------------------------------------------------------------------------------------------------------+
##>createMaxCarrySave              START              392474000 (       )    107388545.40 (        )          0 (        )                    0 (       )              
##> datapath_rewrite_one_def       START              392474000 (  +0.00)    107388545.40 (   +0.00)          0 (       0)                    0 (  +0.00)              
##>  fast_cse_elim                 START              392474000 (  +0.00)    107388545.40 (   +0.00)          0 (       0)                    0 (  +0.00)              
##>                                  END              392474000 (  +0.00)    107388545.40 (   +0.00)          0 (       0)                    0 (  +0.00)           0  
##>  fast_cse_elim                 START              392474000 (  +0.00)    107388545.40 (   +0.00)          0 (       0)                    0 (  +0.00)              
##>                                  END              392474000 (  +0.00)    107388545.40 (   +0.00)          0 (       0)                    0 (  +0.00)           0  
##>                                  END              392474000 (  +0.00)    107388545.40 (   +0.00)          0 (       0)                    0 (  +0.00)           0  
##> dpopt_share_one_def            START              392474000 (  +0.00)    107388545.40 (   +0.00)          0 (       0)                    0 (  +0.00)              
##>                                  END              392474000 (  +0.00)    107388545.40 (   +0.00)          0 (       0)                    0 (  +0.00)           0  
##> csa_opto                       START              392474000 (  +0.00)    214748364.70 (+107359819.30)          0 (       0)                    0 (  +0.00)              
##>                                  END              392474000 (  +0.00)    214748364.70 (   +0.00)          0 (       0)                    0 (  +0.00)           0  
##>                                  END              392474000 (  +0.00)    214748364.70 (+107359819.30)          0 (       0)                    0 (  +0.00)           0  
##>canonicalize_by_names           START              392474000 (  +0.00)    214748364.70 (   +0.00)          0 (       0)                    0 (  +0.00)              
##>                                  END              392474000 (  +0.00)    214748364.70 (   +0.00)          0 (       0)                    0 (  +0.00)           0  
##>datapath_rewrite_post_csa_one_  START              392474000 (  +0.00)    214748364.70 (   +0.00)          0 (       0)                    0 (  +0.00)              
##>                                  END              392474000 (  +0.00)    214748364.70 (   +0.00)          0 (       0)                    0 (  +0.00)           0  
##>datapath_csa_factoring_one_gde  START              392474000 (  +0.00)    214748364.70 (   +0.00)          0 (       0)                    0 (  +0.00)              
##>                                  END              392474000 (  +0.00)    214748364.70 (   +0.00)          0 (       0)                    0 (  +0.00)           0  
##>dpopt_share_one_def             START              392474000 (  +0.00)    214748364.70 (   +0.00)          0 (       0)                    0 (  +0.00)              
##>                                  END              392474000 (  +0.00)    214748364.70 (   +0.00)          0 (       0)                    0 (  +0.00)           0  
##>datapath_rewrite_post_share     START              392474000 (  +0.00)    214748364.70 (   +0.00)          0 (       0)                    0 (  +0.00)              
##>                                  END              392474000 (  +0.00)    214748364.70 (   +0.00)          0 (       0)                    0 (  +0.00)           0  
##>dp_combine_const_mult_with_com  START              392474000 (  +0.00)    214748364.70 (   +0.00)          0 (       0)                    0 (  +0.00)              
##>                                  END              392474000 (  +0.00)    214748364.70 (   +0.00)          0 (       0)                    0 (  +0.00)           0  
##>dp_operator_level_decompositio  START              392474000 (  +0.00)    214748364.70 (   +0.00)          0 (       0)                    0 (  +0.00)              
##>                                  END              392474000 (  +0.00)    214748364.70 (   +0.00)          0 (       0)                    0 (  +0.00)           0  
##>selective_flatten_dp_config     START              392474000 (  +0.00)    214748364.70 (   +0.00)          0 (       0)                    0 (  +0.00)              
##>                                  END              392474000 (  +0.00)    214748364.70 (   +0.00)          0 (       0)                    0 (  +0.00)           0  
##>createMaxCarrySave              START              392474000 (  +0.00)    214748364.70 (   +0.00)          0 (       0)                    0 (  +0.00)              
##> datapath_rewrite_one_def       START              392474000 (  +0.00)    214748364.70 (   +0.00)          0 (       0)                    0 (  +0.00)              
##>  fast_cse_elim                 START              392474000 (  +0.00)    214748364.70 (   +0.00)          0 (       0)                    0 (  +0.00)              
##>                                  END              392474000 (  +0.00)    214748364.70 (   +0.00)          0 (       0)                    0 (  +0.00)           0  
##>  fast_cse_elim                 START              392474000 (  +0.00)    214748364.70 (   +0.00)          0 (       0)                    0 (  +0.00)              
##>                                  END              392474000 (  +0.00)    214748364.70 (   +0.00)          0 (       0)                    0 (  +0.00)           0  
##>                                  END              392474000 (  +0.00)    214748364.70 (   +0.00)          0 (       0)                    0 (  +0.00)           0  
##> dpopt_share_one_def            START              392474000 (  +0.00)    214748364.70 (   +0.00)          0 (       0)                    0 (  +0.00)              
##>                                  END              392474000 (  +0.00)    214748364.70 (   +0.00)          0 (       0)                    0 (  +0.00)           0  
##> csa_opto                       START              392474000 (  +0.00)    214748364.70 (   +0.00)          0 (       0)                    0 (  +0.00)              
##>                                  END              392474000 (  +0.00)    214748364.70 (   +0.00)          0 (       0)                    0 (  +0.00)           0  
##>                                  END              392474000 (  +0.00)    214748364.70 (   +0.00)          0 (       0)                    0 (  +0.00)           0  
##>context_based_simplify          START              392474000 (  +0.00)    214748364.70 (   +0.00)          0 (       0)                    0 (  +0.00)              
##>                                  END              392474000 (  +0.00)    214748364.70 (   +0.00)          0 (       0)                    0 (  +0.00)           0  
##>group_csa_final_adder_dp        START              392474000 (  +0.00)    214748364.70 (   +0.00)          0 (       0)                    0 (  +0.00)              
##>                                  END              392474000 (  +0.00)    214748364.70 (   +0.00)          0 (       0)                    0 (  +0.00)           0  
##>dpopt_flatten_critical_muxes_i  START              392474000 (  +0.00)    214748364.70 (   +0.00)          0 (       0)                    0 (  +0.00)              
##>                                  END              392474000 (  +0.00)    214748364.70 (   +0.00)          0 (       0)                    0 (  +0.00)           0  
##>create_score                    START              392474000 (  +0.00)    14363.00 (-214734001.70)          0 (       0)                    0 (  +0.00)              
##>                                  END              392474000 (  +0.00)    14363.00 (   +0.00)          0 (       0)                    0 (  +0.00)           0  
##>+-----------------------------------------------------------------------------------------------------------------------------------------------------------------------------------------------------+
Committed config: CDN_DP_region_1_3_c6
Info    : Done implementing datapath configurations. [DPOPT-4]
        : Selected 'very_fast' configuration 6 for module 'CDN_DP_region_1_3_c6'.
          Optimizations applied to 'very_fast' configuration:
            rewriting(0), factoring(0), sharing(0), cmultcse(0), downsizing(0), speculation(0)
Info    : Implementing datapath configurations. [DPOPT-3]
        : Implementing datapath configurations for 'CDN_DP_region_1_2'
CSAGen Prep Share:0 Re-Write:0 Speculation: 0
    MaxCSA: weighted_instance_count is 45 
MaxCSA: Successfully built Maximal CSA Expression Expr1
CDN_DP_region_1_2 level = 0 loads = 0 drivers = 0
CDN_DP_region_1_2_c0 in input_idx_controller: area: 392474000 ,dp = 2 mux = 0 sg = slow         worst_clk_period: -1.0000 
    wns: 0  norm_wns:  -1.0000 
    fail_endp: -1 
    tns:  0  tns_per_endp:  -1.0000   norm_tns_per_endp:  -1.0000 
    tns_sense_max:  -1.0000  tns_sense_avg:  -1.0000   tns_sense_num: -1
    power:  -9223372036854775808  
 skipped
CDN_DP_region_1_2_c1 in input_idx_controller: area: 392474000 ,dp = 2 mux = 0 sg = fast         worst_clk_period: -1.0000 
    wns: 0  norm_wns:  -1.0000 
    fail_endp: -1 
    tns:  0  tns_per_endp:  -1.0000   norm_tns_per_endp:  -1.0000 
    tns_sense_max:  -1.0000  tns_sense_avg:  -1.0000   tns_sense_num: -1
    power:  -9223372036854775808  
 is current best
CDN_DP_region_1_2_c2 in input_idx_controller: area: 392474000 ,dp = 2 mux = 0 sg = very_slow    worst_clk_period: -1.0000 
    wns: 0  norm_wns:  -1.0000 
    fail_endp: -1 
    tns:  0  tns_per_endp:  -1.0000   norm_tns_per_endp:  -1.0000 
    tns_sense_max:  -1.0000  tns_sense_avg:  -1.0000   tns_sense_num: -1
    power:  -9223372036854775808  
 is current best
CDN_DP_region_1_2_c3 in input_idx_controller: area: 392474000 ,dp = 2 mux = 0 sg = very_fast    worst_clk_period: -1.0000 
    wns: 0  norm_wns:  -1.0000 
    fail_endp: -1 
    tns:  0  tns_per_endp:  -1.0000   norm_tns_per_endp:  -1.0000 
    tns_sense_max:  -1.0000  tns_sense_avg:  -1.0000   tns_sense_num: -1
    power:  -9223372036854775808  
 is current best
CDN_DP_region_1_2_c4 in input_idx_controller: area: 392474000 ,dp = 2 mux = 0 sg = very_fast    worst_clk_period: -1.0000 
    wns: 0  norm_wns:  -1.0000 
    fail_endp: -1 
    tns:  0  tns_per_endp:  -1.0000   norm_tns_per_endp:  -1.0000 
    tns_sense_max:  -1.0000  tns_sense_avg:  -1.0000   tns_sense_num: -1
    power:  -9223372036854775808  
 is current best
CDN_DP_region_1_2_c5 in input_idx_controller: area: 392474000 ,dp = 2 mux = 0 sg = very_fast    worst_clk_period: -1.0000 
    wns: 0  norm_wns:  -1.0000 
    fail_endp: -1 
    tns:  0  tns_per_endp:  -1.0000   norm_tns_per_endp:  -1.0000 
    tns_sense_max:  -1.0000  tns_sense_avg:  -1.0000   tns_sense_num: -1
    power:  -9223372036854775808  
 is current best
CDN_DP_region_1_2_c6 in input_idx_controller: area: 392474000 ,dp = 2 mux = 0 sg = very_fast    worst_clk_period: -1.0000 
    wns: 0  norm_wns:  -1.0000 
    fail_endp: -1 
    tns:  0  tns_per_endp:  -1.0000   norm_tns_per_endp:  -1.0000 
    tns_sense_max:  -1.0000  tns_sense_avg:  -1.0000   tns_sense_num: -1
    power:  -9223372036854775808  
 is current best
CDN_DP_region_1_2_c7 in input_idx_controller: area: 402125000 ,dp = 2 mux = 0 sg = very_fast    worst_clk_period: -1.0000 
    wns: 0  norm_wns:  -1.0000 
    fail_endp: -1 
    tns:  0  tns_per_endp:  -1.0000   norm_tns_per_endp:  -1.0000 
    tns_sense_max:  -1.0000  tns_sense_avg:  -1.0000   tns_sense_num: -1
    power:  -9223372036854775808  

Best config: CDN_DP_region_1_2_c6 in input_idx_controller: area: 392474000 ,dp = 2 mux = 0 sg = very_fast    worst_clk_period: -1.0000 
    wns: 0  norm_wns:  -1.0000 
    fail_endp: -1 
    tns:  0  tns_per_endp:  -1.0000   norm_tns_per_endp:  -1.0000 
    tns_sense_max:  -1.0000  tns_sense_avg:  -1.0000   tns_sense_num: -1
    power:  -9223372036854775808  
  Smallest config area : 392474000.  Fastest config wns;  0
##>+----------------------------------------------------------------------------------------------------------------------------------------------------------------+
##>Summary table of configs (Best config is CDN_DP_region_1_2_c6)
##>+----------------------------------------------------------------------------------------------------------------------------------------------------------------+
##>                     0                  1                  2                  3                  4                  5                  6                  7            
##>+----------------------------------------------------------------------------------------------------------------------------------------------------------------+
##>           Area        392474000          392474000          392474000          392474000          392474000          392474000          392474000          402125000  
##>            WNS        +14406.60          +14406.60          +14406.60          +14406.60          +14406.60          +14406.60          +14406.60          +14406.60  
##>            TNS                0                  0                  0                  0                  0                  0                  0                  0  
##>    Num Rewrite                0                  0                  0                  0                  0                  0                  0                  0  
##>     Num Factor                0                  0                  0                  0                  0                  0                  0                  0  
##>      Num Share                0                  0                  0                  0                  0                  0                  0                  0  
##>   Num CmultCse                0                  0                  0                  0                  0                  0                  0                  0  
##>   Num Downsize                0                  0                  0                  0                  0                  0                  0                  0  
##>  Num Speculate                0                  0                  0                  0                  0                  0                  0                  0  
##>     Runtime(s)                0                  0                  0                  0                  0                  0                  0                  0  
+----------------------------------------------------------------------------------------------------------------------------------------------------------------+
##>
##>
##>+-----------------------------------------------------------------------------------------------------------------------------------------------------------------------------------------------------+
##>Optimization Step DEBUG Table for config CDN_DP_region_1_2_c6
##>
##>                          Step                        Area   (  % Chg)         WNS (Change)          TNS (Change)                Power   (  % Chg)        Runtime (s)        Comment                   
##>+-----------------------------------------------------------------------------------------------------------------------------------------------------------------------------------------------------+
##>createMaxCarrySave              START              392474000 (       )    107388589.00 (        )          0 (        )                    0 (       )              
##> datapath_rewrite_one_def       START              392474000 (  +0.00)    107388589.00 (   +0.00)          0 (       0)                    0 (  +0.00)              
##>  fast_cse_elim                 START              392474000 (  +0.00)    107388589.00 (   +0.00)          0 (       0)                    0 (  +0.00)              
##>                                  END              392474000 (  +0.00)    107388589.00 (   +0.00)          0 (       0)                    0 (  +0.00)           0  
##>  fast_cse_elim                 START              392474000 (  +0.00)    107388589.00 (   +0.00)          0 (       0)                    0 (  +0.00)              
##>                                  END              392474000 (  +0.00)    107388589.00 (   +0.00)          0 (       0)                    0 (  +0.00)           0  
##>                                  END              392474000 (  +0.00)    107388589.00 (   +0.00)          0 (       0)                    0 (  +0.00)           0  
##> dpopt_share_one_def            START              392474000 (  +0.00)    107388589.00 (   +0.00)          0 (       0)                    0 (  +0.00)              
##>                                  END              392474000 (  +0.00)    107388589.00 (   +0.00)          0 (       0)                    0 (  +0.00)           0  
##> csa_opto                       START              392474000 (  +0.00)    214748364.70 (+107359775.70)          0 (       0)                    0 (  +0.00)              
##>                                  END              392474000 (  +0.00)    214748364.70 (   +0.00)          0 (       0)                    0 (  +0.00)           0  
##>                                  END              392474000 (  +0.00)    214748364.70 (+107359775.70)          0 (       0)                    0 (  +0.00)           0  
##>canonicalize_by_names           START              392474000 (  +0.00)    214748364.70 (   +0.00)          0 (       0)                    0 (  +0.00)              
##>                                  END              392474000 (  +0.00)    214748364.70 (   +0.00)          0 (       0)                    0 (  +0.00)           0  
##>datapath_rewrite_post_csa_one_  START              392474000 (  +0.00)    214748364.70 (   +0.00)          0 (       0)                    0 (  +0.00)              
##>                                  END              392474000 (  +0.00)    214748364.70 (   +0.00)          0 (       0)                    0 (  +0.00)           0  
##>datapath_csa_factoring_one_gde  START              392474000 (  +0.00)    214748364.70 (   +0.00)          0 (       0)                    0 (  +0.00)              
##>                                  END              392474000 (  +0.00)    214748364.70 (   +0.00)          0 (       0)                    0 (  +0.00)           0  
##>dpopt_share_one_def             START              392474000 (  +0.00)    214748364.70 (   +0.00)          0 (       0)                    0 (  +0.00)              
##>                                  END              392474000 (  +0.00)    214748364.70 (   +0.00)          0 (       0)                    0 (  +0.00)           0  
##>datapath_rewrite_post_share     START              392474000 (  +0.00)    214748364.70 (   +0.00)          0 (       0)                    0 (  +0.00)              
##>                                  END              392474000 (  +0.00)    214748364.70 (   +0.00)          0 (       0)                    0 (  +0.00)           0  
##>dp_combine_const_mult_with_com  START              392474000 (  +0.00)    214748364.70 (   +0.00)          0 (       0)                    0 (  +0.00)              
##>                                  END              392474000 (  +0.00)    214748364.70 (   +0.00)          0 (       0)                    0 (  +0.00)           0  
##>dp_operator_level_decompositio  START              392474000 (  +0.00)    214748364.70 (   +0.00)          0 (       0)                    0 (  +0.00)              
##>                                  END              392474000 (  +0.00)    214748364.70 (   +0.00)          0 (       0)                    0 (  +0.00)           0  
##>selective_flatten_dp_config     START              392474000 (  +0.00)    214748364.70 (   +0.00)          0 (       0)                    0 (  +0.00)              
##>                                  END              392474000 (  +0.00)    214748364.70 (   +0.00)          0 (       0)                    0 (  +0.00)           0  
##>createMaxCarrySave              START              392474000 (  +0.00)    214748364.70 (   +0.00)          0 (       0)                    0 (  +0.00)              
##> datapath_rewrite_one_def       START              392474000 (  +0.00)    214748364.70 (   +0.00)          0 (       0)                    0 (  +0.00)              
##>  fast_cse_elim                 START              392474000 (  +0.00)    214748364.70 (   +0.00)          0 (       0)                    0 (  +0.00)              
##>                                  END              392474000 (  +0.00)    214748364.70 (   +0.00)          0 (       0)                    0 (  +0.00)           0  
##>  fast_cse_elim                 START              392474000 (  +0.00)    214748364.70 (   +0.00)          0 (       0)                    0 (  +0.00)              
##>                                  END              392474000 (  +0.00)    214748364.70 (   +0.00)          0 (       0)                    0 (  +0.00)           0  
##>                                  END              392474000 (  +0.00)    214748364.70 (   +0.00)          0 (       0)                    0 (  +0.00)           0  
##> dpopt_share_one_def            START              392474000 (  +0.00)    214748364.70 (   +0.00)          0 (       0)                    0 (  +0.00)              
##>                                  END              392474000 (  +0.00)    214748364.70 (   +0.00)          0 (       0)                    0 (  +0.00)           0  
##> csa_opto                       START              392474000 (  +0.00)    214748364.70 (   +0.00)          0 (       0)                    0 (  +0.00)              
##>                                  END              392474000 (  +0.00)    214748364.70 (   +0.00)          0 (       0)                    0 (  +0.00)           0  
##>                                  END              392474000 (  +0.00)    214748364.70 (   +0.00)          0 (       0)                    0 (  +0.00)           0  
##>context_based_simplify          START              392474000 (  +0.00)    214748364.70 (   +0.00)          0 (       0)                    0 (  +0.00)              
##>                                  END              392474000 (  +0.00)    214748364.70 (   +0.00)          0 (       0)                    0 (  +0.00)           0  
##>group_csa_final_adder_dp        START              392474000 (  +0.00)    214748364.70 (   +0.00)          0 (       0)                    0 (  +0.00)              
##>                                  END              392474000 (  +0.00)    214748364.70 (   +0.00)          0 (       0)                    0 (  +0.00)           0  
##>dpopt_flatten_critical_muxes_i  START              392474000 (  +0.00)    214748364.70 (   +0.00)          0 (       0)                    0 (  +0.00)              
##>                                  END              392474000 (  +0.00)    214748364.70 (   +0.00)          0 (       0)                    0 (  +0.00)           0  
##>create_score                    START              392474000 (  +0.00)    14406.60 (-214733958.10)          0 (       0)                    0 (  +0.00)              
##>                                  END              392474000 (  +0.00)    14406.60 (   +0.00)          0 (       0)                    0 (  +0.00)           0  
##>+-----------------------------------------------------------------------------------------------------------------------------------------------------------------------------------------------------+
Committed config: CDN_DP_region_1_2_c6
Info    : Done implementing datapath configurations. [DPOPT-4]
        : Selected 'very_fast' configuration 6 for module 'CDN_DP_region_1_2_c6'.
          Optimizations applied to 'very_fast' configuration:
            rewriting(0), factoring(0), sharing(0), cmultcse(0), downsizing(0), speculation(0)
Info    : Implementing datapath configurations. [DPOPT-3]
        : Implementing datapath configurations for 'CDN_DP_region_0_2'
CSAGen Prep Share:0 Re-Write:1 Speculation: 0
    MaxCSA: weighted_instance_count is 68 
MaxCSA: Successfully built Maximal CSA Expression Expr2
      Timing csa_tree_79...
        Done timing csa_tree_79.
      Timing add_signed_carry_89...
        Done timing add_signed_carry_89.
      Timing increment_unsigned...
        Done timing increment_unsigned.
      Timing csa_tree_101...
        Done timing csa_tree_101.
      Timing equal_adder...
        Done timing equal_adder.
      Timing increment_unsigned_110_115...
        Done timing increment_unsigned_110_115.
      Timing increment_unsigned_110_134...
        Done timing increment_unsigned_110_134.
      Timing increment_unsigned_110_157...
        Done timing increment_unsigned_110_157.
      Timing increment_unsigned_110_180...
        Done timing increment_unsigned_110_180.
      Timing increment_unsigned_110_203...
        Done timing increment_unsigned_110_203.
      Timing increment_unsigned_110_226...
        Done timing increment_unsigned_110_226.
CDN_DP_region_0_2 level = 0 loads = 0 drivers = 0
CDN_DP_region_0_2_c0 in in_ac_mode_controller: area: 252534500 ,dp = 3 mux = 1 sg = slow         worst_clk_period: -1.0000 
    wns: 0  norm_wns:  -1.0000 
    fail_endp: -1 
    tns:  0  tns_per_endp:  -1.0000   norm_tns_per_endp:  -1.0000 
    tns_sense_max:  -1.0000  tns_sense_avg:  -1.0000   tns_sense_num: -1
    power:  -9223372036854775808  
 skipped
CDN_DP_region_0_2_c1 in in_ac_mode_controller: area: 252534500 ,dp = 2 mux = 1 sg = fast         worst_clk_period: -1.0000 
    wns: 0  norm_wns:  -1.0000 
    fail_endp: -1 
    tns:  0  tns_per_endp:  -1.0000   norm_tns_per_endp:  -1.0000 
    tns_sense_max:  -1.0000  tns_sense_avg:  -1.0000   tns_sense_num: -1
    power:  -9223372036854775808  
 is current best
CDN_DP_region_0_2_c2 in in_ac_mode_controller: area: 252534500 ,dp = 2 mux = 1 sg = very_slow    worst_clk_period: -1.0000 
    wns: 0  norm_wns:  -1.0000 
    fail_endp: -1 
    tns:  0  tns_per_endp:  -1.0000   norm_tns_per_endp:  -1.0000 
    tns_sense_max:  -1.0000  tns_sense_avg:  -1.0000   tns_sense_num: -1
    power:  -9223372036854775808  
 is current best
CDN_DP_region_0_2_c3 in in_ac_mode_controller: area: 252534500 ,dp = 2 mux = 1 sg = very_fast    worst_clk_period: -1.0000 
    wns: 0  norm_wns:  -1.0000 
    fail_endp: -1 
    tns:  0  tns_per_endp:  -1.0000   norm_tns_per_endp:  -1.0000 
    tns_sense_max:  -1.0000  tns_sense_avg:  -1.0000   tns_sense_num: -1
    power:  -9223372036854775808  
 is current best
CDN_DP_region_0_2_c4 in in_ac_mode_controller: area: 252534500 ,dp = 2 mux = 1 sg = very_fast    worst_clk_period: -1.0000 
    wns: 0  norm_wns:  -1.0000 
    fail_endp: -1 
    tns:  0  tns_per_endp:  -1.0000   norm_tns_per_endp:  -1.0000 
    tns_sense_max:  -1.0000  tns_sense_avg:  -1.0000   tns_sense_num: -1
    power:  -9223372036854775808  
 is current best
CDN_DP_region_0_2_c5 in in_ac_mode_controller: area: 252534500 ,dp = 2 mux = 1 sg = very_fast    worst_clk_period: -1.0000 
    wns: 0  norm_wns:  -1.0000 
    fail_endp: -1 
    tns:  0  tns_per_endp:  -1.0000   norm_tns_per_endp:  -1.0000 
    tns_sense_max:  -1.0000  tns_sense_avg:  -1.0000   tns_sense_num: -1
    power:  -9223372036854775808  
 is current best
CDN_DP_region_0_2_c6 in in_ac_mode_controller: area: 252534500 ,dp = 2 mux = 1 sg = very_fast    worst_clk_period: -1.0000 
    wns: 0  norm_wns:  -1.0000 
    fail_endp: -1 
    tns:  0  tns_per_endp:  -1.0000   norm_tns_per_endp:  -1.0000 
    tns_sense_max:  -1.0000  tns_sense_avg:  -1.0000   tns_sense_num: -1
    power:  -9223372036854775808  
 is current best
CDN_DP_region_0_2_c7 in in_ac_mode_controller: area: 432686500 ,dp = 2 mux = 1 sg = very_fast    worst_clk_period: -1.0000 
    wns: 0  norm_wns:  -1.0000 
    fail_endp: -1 
    tns:  0  tns_per_endp:  -1.0000   norm_tns_per_endp:  -1.0000 
    tns_sense_max:  -1.0000  tns_sense_avg:  -1.0000   tns_sense_num: -1
    power:  -9223372036854775808  

Best config: CDN_DP_region_0_2_c6 in in_ac_mode_controller: area: 252534500 ,dp = 2 mux = 1 sg = very_fast    worst_clk_period: -1.0000 
    wns: 0  norm_wns:  -1.0000 
    fail_endp: -1 
    tns:  0  tns_per_endp:  -1.0000   norm_tns_per_endp:  -1.0000 
    tns_sense_max:  -1.0000  tns_sense_avg:  -1.0000   tns_sense_num: -1
    power:  -9223372036854775808  
  Smallest config area : 252534500.  Fastest config wns;  0
##>+----------------------------------------------------------------------------------------------------------------------------------------------------------------+
##>Summary table of configs (Best config is CDN_DP_region_0_2_c6)
##>+----------------------------------------------------------------------------------------------------------------------------------------------------------------+
##>                     0                  1                  2                  3                  4                  5                  6                  7            
##>+----------------------------------------------------------------------------------------------------------------------------------------------------------------+
##>           Area        252534500          252534500          252534500          252534500          252534500          252534500          252534500          432686500  
##>            WNS        +14363.00          +14363.00          +14363.00          +14363.00          +14363.00          +14363.00          +14363.00          +14363.00  
##>            TNS                0                  0                  0                  0                  0                  0                  0                  0  
##>    Num Rewrite                0                  0                  0                  0                  0                  0                  0                  1  
##>     Num Factor                0                  0                  0                  0                  0                  0                  0                  0  
##>      Num Share                0                  0                  0                  0                  0                  0                  0                  0  
##>   Num CmultCse                0                  0                  0                  0                  0                  0                  0                  0  
##>   Num Downsize                0                  0                  0                  0                  0                  0                  0                  0  
##>  Num Speculate                0                  0                  0                  0                  0                  0                  0                  0  
##>     Runtime(s)                0                  0                  0                  0                  0                  0                  0                  0  
+----------------------------------------------------------------------------------------------------------------------------------------------------------------+
##>
##>
##>+-----------------------------------------------------------------------------------------------------------------------------------------------------------------------------------------------------+
##>Optimization Step DEBUG Table for config CDN_DP_region_0_2_c6
##>
##>                          Step                        Area   (  % Chg)         WNS (Change)          TNS (Change)                Power   (  % Chg)        Runtime (s)        Comment                   
##>+-----------------------------------------------------------------------------------------------------------------------------------------------------------------------------------------------------+
##>createMaxCarrySave              START              252534500 (       )    107388545.40 (        )          0 (        )                    0 (       )              
##> datapath_rewrite_one_def       START              252534500 (  +0.00)    107388545.40 (   +0.00)          0 (       0)                    0 (  +0.00)              
##>  fast_cse_elim                 START              252534500 (  +0.00)    107388545.40 (   +0.00)          0 (       0)                    0 (  +0.00)              
##>                                  END              252534500 (  +0.00)    107388545.40 (   +0.00)          0 (       0)                    0 (  +0.00)           0  
##>  fast_cse_elim                 START              252534500 (  +0.00)    107388545.40 (   +0.00)          0 (       0)                    0 (  +0.00)              
##>                                  END              252534500 (  +0.00)    107388545.40 (   +0.00)          0 (       0)                    0 (  +0.00)           0  
##>                                  END              252534500 (  +0.00)    107388545.40 (   +0.00)          0 (       0)                    0 (  +0.00)           0  
##> dpopt_share_one_def            START              252534500 (  +0.00)    107388545.40 (   +0.00)          0 (       0)                    0 (  +0.00)              
##>                                  END              252534500 (  +0.00)    107388545.40 (   +0.00)          0 (       0)                    0 (  +0.00)           0  
##> csa_opto                       START              252534500 (  +0.00)    214748364.70 (+107359819.30)          0 (       0)                    0 (  +0.00)              
##>                                  END              276662000 (  +9.55)    214748364.70 (   +0.00)          0 (       0)                    0 (  +0.00)           0  
##>                                  END              276662000 (  +9.55)    214748364.70 (+107359819.30)          0 (       0)                    0 (  +0.00)           0  
##>canonicalize_by_names           START              276662000 (  +0.00)    214748364.70 (   +0.00)          0 (       0)                    0 (  +0.00)              
##>                                  END              276662000 (  +0.00)    214748364.70 (   +0.00)          0 (       0)                    0 (  +0.00)           0  
##>datapath_rewrite_post_csa_one_  START              276662000 (  +0.00)    214748364.70 (   +0.00)          0 (       0)                    0 (  +0.00)              
##>                                  END              276662000 (  +0.00)    214748364.70 (   +0.00)          0 (       0)                    0 (  +0.00)           0  
##>datapath_csa_factoring_one_gde  START              276662000 (  +0.00)    214748364.70 (   +0.00)          0 (       0)                    0 (  +0.00)              
##>                                  END              276662000 (  +0.00)    214748364.70 (   +0.00)          0 (       0)                    0 (  +0.00)           0  
##>dpopt_share_one_def             START              276662000 (  +0.00)    214748364.70 (   +0.00)          0 (       0)                    0 (  +0.00)              
##>                                  END              276662000 (  +0.00)    214748364.70 (   +0.00)          0 (       0)                    0 (  +0.00)           0  
##>datapath_rewrite_post_share     START              276662000 (  +0.00)    214748364.70 (   +0.00)          0 (       0)                    0 (  +0.00)              
##>                                  END              276662000 (  +0.00)    214748364.70 (   +0.00)          0 (       0)                    0 (  +0.00)           0  
##>dp_combine_const_mult_with_com  START              276662000 (  +0.00)    214748364.70 (   +0.00)          0 (       0)                    0 (  +0.00)              
##>                                  END              276662000 (  +0.00)    214748364.70 (   +0.00)          0 (       0)                    0 (  +0.00)           0  
##>dp_operator_level_decompositio  START              276662000 (  +0.00)    214748364.70 (   +0.00)          0 (       0)                    0 (  +0.00)              
##>                                  END              276662000 (  +0.00)    214748364.70 (   +0.00)          0 (       0)                    0 (  +0.00)           0  
##>selective_flatten_dp_config     START              276662000 (  +0.00)    214748364.70 (   +0.00)          0 (       0)                    0 (  +0.00)              
##>                                  END              276662000 (  +0.00)    214748364.70 (   +0.00)          0 (       0)                    0 (  +0.00)           0  
##>createMaxCarrySave              START              276662000 (  +0.00)    214748364.70 (   +0.00)          0 (       0)                    0 (  +0.00)              
##> datapath_rewrite_one_def       START              276662000 (  +0.00)    214748364.70 (   +0.00)          0 (       0)                    0 (  +0.00)              
##>  fast_cse_elim                 START              276662000 (  +0.00)    214748364.70 (   +0.00)          0 (       0)                    0 (  +0.00)              
##>                                  END              276662000 (  +0.00)    214748364.70 (   +0.00)          0 (       0)                    0 (  +0.00)           0  
##>  fast_cse_elim                 START              276662000 (  +0.00)    214748364.70 (   +0.00)          0 (       0)                    0 (  +0.00)              
##>                                  END              276662000 (  +0.00)    214748364.70 (   +0.00)          0 (       0)                    0 (  +0.00)           0  
##>                                  END              276662000 (  +0.00)    214748364.70 (   +0.00)          0 (       0)                    0 (  +0.00)           0  
##> dpopt_share_one_def            START              276662000 (  +0.00)    214748364.70 (   +0.00)          0 (       0)                    0 (  +0.00)              
##>                                  END              276662000 (  +0.00)    214748364.70 (   +0.00)          0 (       0)                    0 (  +0.00)           0  
##> csa_opto                       START              276662000 (  +0.00)    214748364.70 (   +0.00)          0 (       0)                    0 (  +0.00)              
##>                                  END              276662000 (  +0.00)    214748364.70 (   +0.00)          0 (       0)                    0 (  +0.00)           0  
##>                                  END              276662000 (  +0.00)    214748364.70 (   +0.00)          0 (       0)                    0 (  +0.00)           0  
##>context_based_simplify          START              265402500 (  -4.07)    214748364.70 (   +0.00)          0 (       0)                    0 (  +0.00)              
##>                                  END              252534500 (  -4.85)    214748364.70 (   +0.00)          0 (       0)                    0 (  +0.00)           0  
##>group_csa_final_adder_dp        START              252534500 (  +0.00)    214748364.70 (   +0.00)          0 (       0)                    0 (  +0.00)              
##>                                  END              315266000 ( +24.84)    214748364.70 (   +0.00)          0 (       0)                    0 (  +0.00)           0  
##>dpopt_flatten_critical_muxes_i  START              315266000 (  +0.00)    214748364.70 (   +0.00)          0 (       0)                    0 (  +0.00)              
##>                                  END              315266000 (  +0.00)    214748364.70 (   +0.00)          0 (       0)                    0 (  +0.00)           0  
##>create_score                    START              252534500 ( -19.90)    14363.00 (-214734001.70)          0 (       0)                    0 (  +0.00)              
##>                                  END              252534500 (  +0.00)    14363.00 (   +0.00)          0 (       0)                    0 (  +0.00)           0  
##>+-----------------------------------------------------------------------------------------------------------------------------------------------------------------------------------------------------+
Committed config: CDN_DP_region_0_2_c6
Info    : Done implementing datapath configurations. [DPOPT-4]
        : Selected 'very_fast' configuration 6 for module 'CDN_DP_region_0_2_c6'.
          Optimizations applied to 'very_fast' configuration:
            rewriting(0), factoring(0), sharing(0), cmultcse(0), downsizing(0), speculation(0)
Info    : Implementing datapath configurations. [DPOPT-3]
        : Implementing datapath configurations for 'CDN_DP_region_0_1'
CSAGen Prep Share:0 Re-Write:1 Speculation: 0
    MaxCSA: weighted_instance_count is 68 
MaxCSA: Successfully built Maximal CSA Expression Expr3
      Timing csa_tree_251...
        Done timing csa_tree_251.
      Timing csa_tree_274...
        Done timing csa_tree_274.
CDN_DP_region_0_1 level = 0 loads = 0 drivers = 0
CDN_DP_region_0_1_c0 in in_ac_mode_controller: area: 225190000 ,dp = 3 mux = 1 sg = slow         worst_clk_period: -1.0000 
    wns: 0  norm_wns:  -1.0000 
    fail_endp: -1 
    tns:  0  tns_per_endp:  -1.0000   norm_tns_per_endp:  -1.0000 
    tns_sense_max:  -1.0000  tns_sense_avg:  -1.0000   tns_sense_num: -1
    power:  -9223372036854775808  
 skipped
CDN_DP_region_0_1_c1 in in_ac_mode_controller: area: 242883500 ,dp = 2 mux = 1 sg = fast         worst_clk_period: -1.0000 
    wns: 0  norm_wns:  -1.0000 
    fail_endp: -1 
    tns:  0  tns_per_endp:  -1.0000   norm_tns_per_endp:  -1.0000 
    tns_sense_max:  -1.0000  tns_sense_avg:  -1.0000   tns_sense_num: -1
    power:  -9223372036854775808  
 is current best
CDN_DP_region_0_1_c2 in in_ac_mode_controller: area: 242883500 ,dp = 2 mux = 1 sg = very_slow    worst_clk_period: -1.0000 
    wns: 0  norm_wns:  -1.0000 
    fail_endp: -1 
    tns:  0  tns_per_endp:  -1.0000   norm_tns_per_endp:  -1.0000 
    tns_sense_max:  -1.0000  tns_sense_avg:  -1.0000   tns_sense_num: -1
    power:  -9223372036854775808  
 is current best
CDN_DP_region_0_1_c3 in in_ac_mode_controller: area: 242883500 ,dp = 2 mux = 1 sg = very_fast    worst_clk_period: -1.0000 
    wns: 0  norm_wns:  -1.0000 
    fail_endp: -1 
    tns:  0  tns_per_endp:  -1.0000   norm_tns_per_endp:  -1.0000 
    tns_sense_max:  -1.0000  tns_sense_avg:  -1.0000   tns_sense_num: -1
    power:  -9223372036854775808  
 is current best
CDN_DP_region_0_1_c4 in in_ac_mode_controller: area: 242883500 ,dp = 2 mux = 1 sg = very_fast    worst_clk_period: -1.0000 
    wns: 0  norm_wns:  -1.0000 
    fail_endp: -1 
    tns:  0  tns_per_endp:  -1.0000   norm_tns_per_endp:  -1.0000 
    tns_sense_max:  -1.0000  tns_sense_avg:  -1.0000   tns_sense_num: -1
    power:  -9223372036854775808  
 is current best
CDN_DP_region_0_1_c5 in in_ac_mode_controller: area: 242883500 ,dp = 2 mux = 1 sg = very_fast    worst_clk_period: -1.0000 
    wns: 0  norm_wns:  -1.0000 
    fail_endp: -1 
    tns:  0  tns_per_endp:  -1.0000   norm_tns_per_endp:  -1.0000 
    tns_sense_max:  -1.0000  tns_sense_avg:  -1.0000   tns_sense_num: -1
    power:  -9223372036854775808  
 is current best
CDN_DP_region_0_1_c6 in in_ac_mode_controller: area: 242883500 ,dp = 2 mux = 1 sg = very_fast    worst_clk_period: -1.0000 
    wns: 0  norm_wns:  -1.0000 
    fail_endp: -1 
    tns:  0  tns_per_endp:  -1.0000   norm_tns_per_endp:  -1.0000 
    tns_sense_max:  -1.0000  tns_sense_avg:  -1.0000   tns_sense_num: -1
    power:  -9223372036854775808  
 is current best
CDN_DP_region_0_1_c7 in in_ac_mode_controller: area: 363521000 ,dp = 2 mux = 1 sg = very_fast    worst_clk_period: -1.0000 
    wns: 0  norm_wns:  -1.0000 
    fail_endp: -1 
    tns:  0  tns_per_endp:  -1.0000   norm_tns_per_endp:  -1.0000 
    tns_sense_max:  -1.0000  tns_sense_avg:  -1.0000   tns_sense_num: -1
    power:  -9223372036854775808  

Best config: CDN_DP_region_0_1_c6 in in_ac_mode_controller: area: 242883500 ,dp = 2 mux = 1 sg = very_fast    worst_clk_period: -1.0000 
    wns: 0  norm_wns:  -1.0000 
    fail_endp: -1 
    tns:  0  tns_per_endp:  -1.0000   norm_tns_per_endp:  -1.0000 
    tns_sense_max:  -1.0000  tns_sense_avg:  -1.0000   tns_sense_num: -1
    power:  -9223372036854775808  
  Smallest config area : 242883500.  Fastest config wns;  0
##>+----------------------------------------------------------------------------------------------------------------------------------------------------------------+
##>Summary table of configs (Best config is CDN_DP_region_0_1_c6)
##>+----------------------------------------------------------------------------------------------------------------------------------------------------------------+
##>                     0                  1                  2                  3                  4                  5                  6                  7            
##>+----------------------------------------------------------------------------------------------------------------------------------------------------------------+
##>           Area        225190000          242883500          242883500          242883500          242883500          242883500          242883500          363521000  
##>            WNS        +14406.60          +14406.60          +14406.60          +14406.60          +14406.60          +14406.60          +14406.60          +14406.60  
##>            TNS                0                  0                  0                  0                  0                  0                  0                  0  
##>    Num Rewrite                0                  0                  0                  0                  0                  0                  0                  1  
##>     Num Factor                0                  0                  0                  0                  0                  0                  0                  0  
##>      Num Share                0                  0                  0                  0                  0                  0                  0                  0  
##>   Num CmultCse                0                  0                  0                  0                  0                  0                  0                  0  
##>   Num Downsize                0                  0                  0                  0                  0                  0                  0                  0  
##>  Num Speculate                0                  0                  0                  0                  0                  0                  0                  0  
##>     Runtime(s)                0                  0                  0                  0                  0                  0                  0                  0  
+----------------------------------------------------------------------------------------------------------------------------------------------------------------+
##>
##>
##>+-----------------------------------------------------------------------------------------------------------------------------------------------------------------------------------------------------+
##>Optimization Step DEBUG Table for config CDN_DP_region_0_1_c6
##>
##>                          Step                        Area   (  % Chg)         WNS (Change)          TNS (Change)                Power   (  % Chg)        Runtime (s)        Comment                   
##>+-----------------------------------------------------------------------------------------------------------------------------------------------------------------------------------------------------+
##>createMaxCarrySave              START              225190000 (       )    107388589.00 (        )          0 (        )                    0 (       )              
##> datapath_rewrite_one_def       START              225190000 (  +0.00)    107388589.00 (   +0.00)          0 (       0)                    0 (  +0.00)              
##>  fast_cse_elim                 START              225190000 (  +0.00)    107388589.00 (   +0.00)          0 (       0)                    0 (  +0.00)              
##>                                  END              225190000 (  +0.00)    107388589.00 (   +0.00)          0 (       0)                    0 (  +0.00)           0  
##>  fast_cse_elim                 START              225190000 (  +0.00)    107388589.00 (   +0.00)          0 (       0)                    0 (  +0.00)              
##>                                  END              225190000 (  +0.00)    107388589.00 (   +0.00)          0 (       0)                    0 (  +0.00)           0  
##>                                  END              225190000 (  +0.00)    107388589.00 (   +0.00)          0 (       0)                    0 (  +0.00)           0  
##> dpopt_share_one_def            START              225190000 (  +0.00)    107388589.00 (   +0.00)          0 (       0)                    0 (  +0.00)              
##>                                  END              225190000 (  +0.00)    107388589.00 (   +0.00)          0 (       0)                    0 (  +0.00)           0  
##> csa_opto                       START              225190000 (  +0.00)    214748364.70 (+107359775.70)          0 (       0)                    0 (  +0.00)              
##>                                  END              252534500 ( +12.14)    214748364.70 (   +0.00)          0 (       0)                    0 (  +0.00)           0  
##>                                  END              252534500 ( +12.14)    214748364.70 (+107359775.70)          0 (       0)                    0 (  +0.00)           0  
##>canonicalize_by_names           START              252534500 (  +0.00)    214748364.70 (   +0.00)          0 (       0)                    0 (  +0.00)              
##>                                  END              252534500 (  +0.00)    214748364.70 (   +0.00)          0 (       0)                    0 (  +0.00)           0  
##>datapath_rewrite_post_csa_one_  START              252534500 (  +0.00)    214748364.70 (   +0.00)          0 (       0)                    0 (  +0.00)              
##>                                  END              252534500 (  +0.00)    214748364.70 (   +0.00)          0 (       0)                    0 (  +0.00)           0  
##>datapath_csa_factoring_one_gde  START              252534500 (  +0.00)    214748364.70 (   +0.00)          0 (       0)                    0 (  +0.00)              
##>                                  END              252534500 (  +0.00)    214748364.70 (   +0.00)          0 (       0)                    0 (  +0.00)           0  
##>dpopt_share_one_def             START              252534500 (  +0.00)    214748364.70 (   +0.00)          0 (       0)                    0 (  +0.00)              
##>                                  END              252534500 (  +0.00)    214748364.70 (   +0.00)          0 (       0)                    0 (  +0.00)           0  
##>datapath_rewrite_post_share     START              252534500 (  +0.00)    214748364.70 (   +0.00)          0 (       0)                    0 (  +0.00)              
##>                                  END              252534500 (  +0.00)    214748364.70 (   +0.00)          0 (       0)                    0 (  +0.00)           0  
##>dp_combine_const_mult_with_com  START              252534500 (  +0.00)    214748364.70 (   +0.00)          0 (       0)                    0 (  +0.00)              
##>                                  END              252534500 (  +0.00)    214748364.70 (   +0.00)          0 (       0)                    0 (  +0.00)           0  
##>dp_operator_level_decompositio  START              252534500 (  +0.00)    214748364.70 (   +0.00)          0 (       0)                    0 (  +0.00)              
##>                                  END              252534500 (  +0.00)    214748364.70 (   +0.00)          0 (       0)                    0 (  +0.00)           0  
##>selective_flatten_dp_config     START              252534500 (  +0.00)    214748364.70 (   +0.00)          0 (       0)                    0 (  +0.00)              
##>                                  END              252534500 (  +0.00)    214748364.70 (   +0.00)          0 (       0)                    0 (  +0.00)           0  
##>createMaxCarrySave              START              252534500 (  +0.00)    214748364.70 (   +0.00)          0 (       0)                    0 (  +0.00)              
##> datapath_rewrite_one_def       START              252534500 (  +0.00)    214748364.70 (   +0.00)          0 (       0)                    0 (  +0.00)              
##>  fast_cse_elim                 START              252534500 (  +0.00)    214748364.70 (   +0.00)          0 (       0)                    0 (  +0.00)              
##>                                  END              252534500 (  +0.00)    214748364.70 (   +0.00)          0 (       0)                    0 (  +0.00)           0  
##>  fast_cse_elim                 START              252534500 (  +0.00)    214748364.70 (   +0.00)          0 (       0)                    0 (  +0.00)              
##>                                  END              252534500 (  +0.00)    214748364.70 (   +0.00)          0 (       0)                    0 (  +0.00)           0  
##>                                  END              252534500 (  +0.00)    214748364.70 (   +0.00)          0 (       0)                    0 (  +0.00)           0  
##> dpopt_share_one_def            START              252534500 (  +0.00)    214748364.70 (   +0.00)          0 (       0)                    0 (  +0.00)              
##>                                  END              252534500 (  +0.00)    214748364.70 (   +0.00)          0 (       0)                    0 (  +0.00)           0  
##> csa_opto                       START              252534500 (  +0.00)    214748364.70 (   +0.00)          0 (       0)                    0 (  +0.00)              
##>                                  END              252534500 (  +0.00)    214748364.70 (   +0.00)          0 (       0)                    0 (  +0.00)           0  
##>                                  END              252534500 (  +0.00)    214748364.70 (   +0.00)          0 (       0)                    0 (  +0.00)           0  
##>context_based_simplify          START              242883500 (  -3.82)    214748364.70 (   +0.00)          0 (       0)                    0 (  +0.00)              
##>                                  END              242883500 (  +0.00)    214748364.70 (   +0.00)          0 (       0)                    0 (  +0.00)           0  
##>group_csa_final_adder_dp        START              242883500 (  +0.00)    214748364.70 (   +0.00)          0 (       0)                    0 (  +0.00)              
##>                                  END              267011000 (  +9.93)    214748364.70 (   +0.00)          0 (       0)                    0 (  +0.00)           0  
##>dpopt_flatten_critical_muxes_i  START              267011000 (  +0.00)    214748364.70 (   +0.00)          0 (       0)                    0 (  +0.00)              
##>                                  END              267011000 (  +0.00)    214748364.70 (   +0.00)          0 (       0)                    0 (  +0.00)           0  
##>create_score                    START              242883500 (  -9.04)    14406.60 (-214733958.10)          0 (       0)                    0 (  +0.00)              
##>                                  END              242883500 (  +0.00)    14406.60 (   +0.00)          0 (       0)                    0 (  +0.00)           0  
##>+-----------------------------------------------------------------------------------------------------------------------------------------------------------------------------------------------------+
Committed config: CDN_DP_region_0_1_c6
Info    : Done implementing datapath configurations. [DPOPT-4]
        : Selected 'very_fast' configuration 6 for module 'CDN_DP_region_0_1_c6'.
          Optimizations applied to 'very_fast' configuration:
            rewriting(0), factoring(0), sharing(0), cmultcse(0), downsizing(0), speculation(0)
Info    : Implementing datapath configurations. [DPOPT-3]
        : Implementing datapath configurations for 'CDN_DP_region_0_0'
CSAGen Prep Share:0 Re-Write:1 Speculation: 0
    MaxCSA: weighted_instance_count is 68 
MaxCSA: Successfully built Maximal CSA Expression Expr4
CDN_DP_region_0_0 level = 0 loads = 0 drivers = 0
CDN_DP_region_0_0_c0 in in_ac_mode_controller: area: 225190000 ,dp = 3 mux = 1 sg = slow         worst_clk_period: -1.0000 
    wns: 0  norm_wns:  -1.0000 
    fail_endp: -1 
    tns:  0  tns_per_endp:  -1.0000   norm_tns_per_endp:  -1.0000 
    tns_sense_max:  -1.0000  tns_sense_avg:  -1.0000   tns_sense_num: -1
    power:  -9223372036854775808  
 skipped
CDN_DP_region_0_0_c1 in in_ac_mode_controller: area: 242883500 ,dp = 2 mux = 1 sg = fast         worst_clk_period: -1.0000 
    wns: 0  norm_wns:  -1.0000 
    fail_endp: -1 
    tns:  0  tns_per_endp:  -1.0000   norm_tns_per_endp:  -1.0000 
    tns_sense_max:  -1.0000  tns_sense_avg:  -1.0000   tns_sense_num: -1
    power:  -9223372036854775808  
 is current best
CDN_DP_region_0_0_c2 in in_ac_mode_controller: area: 242883500 ,dp = 2 mux = 1 sg = very_slow    worst_clk_period: -1.0000 
    wns: 0  norm_wns:  -1.0000 
    fail_endp: -1 
    tns:  0  tns_per_endp:  -1.0000   norm_tns_per_endp:  -1.0000 
    tns_sense_max:  -1.0000  tns_sense_avg:  -1.0000   tns_sense_num: -1
    power:  -9223372036854775808  
 is current best
CDN_DP_region_0_0_c3 in in_ac_mode_controller: area: 242883500 ,dp = 2 mux = 1 sg = very_fast    worst_clk_period: -1.0000 
    wns: 0  norm_wns:  -1.0000 
    fail_endp: -1 
    tns:  0  tns_per_endp:  -1.0000   norm_tns_per_endp:  -1.0000 
    tns_sense_max:  -1.0000  tns_sense_avg:  -1.0000   tns_sense_num: -1
    power:  -9223372036854775808  
 is current best
CDN_DP_region_0_0_c4 in in_ac_mode_controller: area: 242883500 ,dp = 2 mux = 1 sg = very_fast    worst_clk_period: -1.0000 
    wns: 0  norm_wns:  -1.0000 
    fail_endp: -1 
    tns:  0  tns_per_endp:  -1.0000   norm_tns_per_endp:  -1.0000 
    tns_sense_max:  -1.0000  tns_sense_avg:  -1.0000   tns_sense_num: -1
    power:  -9223372036854775808  
 is current best
CDN_DP_region_0_0_c5 in in_ac_mode_controller: area: 242883500 ,dp = 2 mux = 1 sg = very_fast    worst_clk_period: -1.0000 
    wns: 0  norm_wns:  -1.0000 
    fail_endp: -1 
    tns:  0  tns_per_endp:  -1.0000   norm_tns_per_endp:  -1.0000 
    tns_sense_max:  -1.0000  tns_sense_avg:  -1.0000   tns_sense_num: -1
    power:  -9223372036854775808  
 is current best
CDN_DP_region_0_0_c6 in in_ac_mode_controller: area: 242883500 ,dp = 2 mux = 1 sg = very_fast    worst_clk_period: -1.0000 
    wns: 0  norm_wns:  -1.0000 
    fail_endp: -1 
    tns:  0  tns_per_endp:  -1.0000   norm_tns_per_endp:  -1.0000 
    tns_sense_max:  -1.0000  tns_sense_avg:  -1.0000   tns_sense_num: -1
    power:  -9223372036854775808  
 is current best
CDN_DP_region_0_0_c7 in in_ac_mode_controller: area: 363521000 ,dp = 2 mux = 1 sg = very_fast    worst_clk_period: -1.0000 
    wns: 0  norm_wns:  -1.0000 
    fail_endp: -1 
    tns:  0  tns_per_endp:  -1.0000   norm_tns_per_endp:  -1.0000 
    tns_sense_max:  -1.0000  tns_sense_avg:  -1.0000   tns_sense_num: -1
    power:  -9223372036854775808  

Best config: CDN_DP_region_0_0_c6 in in_ac_mode_controller: area: 242883500 ,dp = 2 mux = 1 sg = very_fast    worst_clk_period: -1.0000 
    wns: 0  norm_wns:  -1.0000 
    fail_endp: -1 
    tns:  0  tns_per_endp:  -1.0000   norm_tns_per_endp:  -1.0000 
    tns_sense_max:  -1.0000  tns_sense_avg:  -1.0000   tns_sense_num: -1
    power:  -9223372036854775808  
  Smallest config area : 242883500.  Fastest config wns;  0
##>+----------------------------------------------------------------------------------------------------------------------------------------------------------------+
##>Summary table of configs (Best config is CDN_DP_region_0_0_c6)
##>+----------------------------------------------------------------------------------------------------------------------------------------------------------------+
##>                     0                  1                  2                  3                  4                  5                  6                  7            
##>+----------------------------------------------------------------------------------------------------------------------------------------------------------------+
##>           Area        225190000          242883500          242883500          242883500          242883500          242883500          242883500          363521000  
##>            WNS        +14633.00          +14633.00          +14633.00          +14633.00          +14633.00          +14633.00          +14633.00          +14633.00  
##>            TNS                0                  0                  0                  0                  0                  0                  0                  0  
##>    Num Rewrite                0                  0                  0                  0                  0                  0                  0                  1  
##>     Num Factor                0                  0                  0                  0                  0                  0                  0                  0  
##>      Num Share                0                  0                  0                  0                  0                  0                  0                  0  
##>   Num CmultCse                0                  0                  0                  0                  0                  0                  0                  0  
##>   Num Downsize                0                  0                  0                  0                  0                  0                  0                  0  
##>  Num Speculate                0                  0                  0                  0                  0                  0                  0                  0  
##>     Runtime(s)                0                  0                  0                  0                  0                  0                  0                  0  
+----------------------------------------------------------------------------------------------------------------------------------------------------------------+
##>
##>
##>+-----------------------------------------------------------------------------------------------------------------------------------------------------------------------------------------------------+
##>Optimization Step DEBUG Table for config CDN_DP_region_0_0_c6
##>
##>                          Step                        Area   (  % Chg)         WNS (Change)          TNS (Change)                Power   (  % Chg)        Runtime (s)        Comment                   
##>+-----------------------------------------------------------------------------------------------------------------------------------------------------------------------------------------------------+
##>createMaxCarrySave              START              225190000 (       )    107388815.40 (        )          0 (        )                    0 (       )              
##> datapath_rewrite_one_def       START              225190000 (  +0.00)    107388815.40 (   +0.00)          0 (       0)                    0 (  +0.00)              
##>  fast_cse_elim                 START              225190000 (  +0.00)    107388815.40 (   +0.00)          0 (       0)                    0 (  +0.00)              
##>                                  END              225190000 (  +0.00)    107388815.40 (   +0.00)          0 (       0)                    0 (  +0.00)           0  
##>  fast_cse_elim                 START              225190000 (  +0.00)    107388815.40 (   +0.00)          0 (       0)                    0 (  +0.00)              
##>                                  END              225190000 (  +0.00)    107388815.40 (   +0.00)          0 (       0)                    0 (  +0.00)           0  
##>                                  END              225190000 (  +0.00)    107388815.40 (   +0.00)          0 (       0)                    0 (  +0.00)           0  
##> dpopt_share_one_def            START              225190000 (  +0.00)    107388815.40 (   +0.00)          0 (       0)                    0 (  +0.00)              
##>                                  END              225190000 (  +0.00)    107388815.40 (   +0.00)          0 (       0)                    0 (  +0.00)           0  
##> csa_opto                       START              225190000 (  +0.00)    214748364.70 (+107359549.30)          0 (       0)                    0 (  +0.00)              
##>                                  END              252534500 ( +12.14)    214748364.70 (   +0.00)          0 (       0)                    0 (  +0.00)           0  
##>                                  END              252534500 ( +12.14)    214748364.70 (+107359549.30)          0 (       0)                    0 (  +0.00)           0  
##>canonicalize_by_names           START              252534500 (  +0.00)    214748364.70 (   +0.00)          0 (       0)                    0 (  +0.00)              
##>                                  END              252534500 (  +0.00)    214748364.70 (   +0.00)          0 (       0)                    0 (  +0.00)           0  
##>datapath_rewrite_post_csa_one_  START              252534500 (  +0.00)    214748364.70 (   +0.00)          0 (       0)                    0 (  +0.00)              
##>                                  END              252534500 (  +0.00)    214748364.70 (   +0.00)          0 (       0)                    0 (  +0.00)           0  
##>datapath_csa_factoring_one_gde  START              252534500 (  +0.00)    214748364.70 (   +0.00)          0 (       0)                    0 (  +0.00)              
##>                                  END              252534500 (  +0.00)    214748364.70 (   +0.00)          0 (       0)                    0 (  +0.00)           0  
##>dpopt_share_one_def             START              252534500 (  +0.00)    214748364.70 (   +0.00)          0 (       0)                    0 (  +0.00)              
##>                                  END              252534500 (  +0.00)    214748364.70 (   +0.00)          0 (       0)                    0 (  +0.00)           0  
##>datapath_rewrite_post_share     START              252534500 (  +0.00)    214748364.70 (   +0.00)          0 (       0)                    0 (  +0.00)              
##>                                  END              252534500 (  +0.00)    214748364.70 (   +0.00)          0 (       0)                    0 (  +0.00)           0  
##>dp_combine_const_mult_with_com  START              252534500 (  +0.00)    214748364.70 (   +0.00)          0 (       0)                    0 (  +0.00)              
##>                                  END              252534500 (  +0.00)    214748364.70 (   +0.00)          0 (       0)                    0 (  +0.00)           0  
##>dp_operator_level_decompositio  START              252534500 (  +0.00)    214748364.70 (   +0.00)          0 (       0)                    0 (  +0.00)              
##>                                  END              252534500 (  +0.00)    214748364.70 (   +0.00)          0 (       0)                    0 (  +0.00)           0  
##>selective_flatten_dp_config     START              252534500 (  +0.00)    214748364.70 (   +0.00)          0 (       0)                    0 (  +0.00)              
##>                                  END              252534500 (  +0.00)    214748364.70 (   +0.00)          0 (       0)                    0 (  +0.00)           0  
##>createMaxCarrySave              START              252534500 (  +0.00)    214748364.70 (   +0.00)          0 (       0)                    0 (  +0.00)              
##> datapath_rewrite_one_def       START              252534500 (  +0.00)    214748364.70 (   +0.00)          0 (       0)                    0 (  +0.00)              
##>  fast_cse_elim                 START              252534500 (  +0.00)    214748364.70 (   +0.00)          0 (       0)                    0 (  +0.00)              
##>                                  END              252534500 (  +0.00)    214748364.70 (   +0.00)          0 (       0)                    0 (  +0.00)           0  
##>  fast_cse_elim                 START              252534500 (  +0.00)    214748364.70 (   +0.00)          0 (       0)                    0 (  +0.00)              
##>                                  END              252534500 (  +0.00)    214748364.70 (   +0.00)          0 (       0)                    0 (  +0.00)           0  
##>                                  END              252534500 (  +0.00)    214748364.70 (   +0.00)          0 (       0)                    0 (  +0.00)           0  
##> dpopt_share_one_def            START              252534500 (  +0.00)    214748364.70 (   +0.00)          0 (       0)                    0 (  +0.00)              
##>                                  END              252534500 (  +0.00)    214748364.70 (   +0.00)          0 (       0)                    0 (  +0.00)           0  
##> csa_opto                       START              252534500 (  +0.00)    214748364.70 (   +0.00)          0 (       0)                    0 (  +0.00)              
##>                                  END              252534500 (  +0.00)    214748364.70 (   +0.00)          0 (       0)                    0 (  +0.00)           0  
##>                                  END              252534500 (  +0.00)    214748364.70 (   +0.00)          0 (       0)                    0 (  +0.00)           0  
##>context_based_simplify          START              242883500 (  -3.82)    214748364.70 (   +0.00)          0 (       0)                    0 (  +0.00)              
##>                                  END              242883500 (  +0.00)    214748364.70 (   +0.00)          0 (       0)                    0 (  +0.00)           0  
##>group_csa_final_adder_dp        START              242883500 (  +0.00)    214748364.70 (   +0.00)          0 (       0)                    0 (  +0.00)              
##>                                  END              267011000 (  +9.93)    214748364.70 (   +0.00)          0 (       0)                    0 (  +0.00)           0  
##>dpopt_flatten_critical_muxes_i  START              267011000 (  +0.00)    214748364.70 (   +0.00)          0 (       0)                    0 (  +0.00)              
##>                                  END              267011000 (  +0.00)    214748364.70 (   +0.00)          0 (       0)                    0 (  +0.00)           0  
##>create_score                    START              242883500 (  -9.04)    14633.00 (-214733731.70)          0 (       0)                    0 (  +0.00)              
##>                                  END              242883500 (  +0.00)    14633.00 (   +0.00)          0 (       0)                    0 (  +0.00)           0  
##>+-----------------------------------------------------------------------------------------------------------------------------------------------------------------------------------------------------+
Committed config: CDN_DP_region_0_0_c6
Info    : Done implementing datapath configurations. [DPOPT-4]
        : Selected 'very_fast' configuration 6 for module 'CDN_DP_region_0_0_c6'.
          Optimizations applied to 'very_fast' configuration:
            rewriting(0), factoring(0), sharing(0), cmultcse(0), downsizing(0), speculation(0)
Info    : Implementing datapath configurations. [DPOPT-3]
        : Implementing datapath configurations for 'CDN_DP_region_1_1'
CSAGen Prep Share:0 Re-Write:0 Speculation: 0
    MaxCSA: weighted_instance_count is 14 
MaxCSA: Successfully built Maximal CSA Expression Expr5
      Timing increment_unsigned_557...
        Done timing increment_unsigned_557.
      Timing increment_unsigned_559_561...
        Done timing increment_unsigned_559_561.
      Timing increment_unsigned_559_566...
        Done timing increment_unsigned_559_566.
      Timing increment_unsigned_559_571...
        Done timing increment_unsigned_559_571.
      Timing increment_unsigned_559_576...
        Done timing increment_unsigned_559_576.
      Timing increment_unsigned_559_581...
        Done timing increment_unsigned_559_581.
      Timing increment_unsigned_559_586...
        Done timing increment_unsigned_559_586.
      Timing increment_unsigned_559_591...
        Done timing increment_unsigned_559_591.
CDN_DP_region_1_1 level = 0 loads = 0 drivers = 0
CDN_DP_region_1_1_c0 in input_idx_controller: area: 61123000 ,dp = 1 mux = 0 sg = slow         worst_clk_period: -1.0000 
    wns: 0  norm_wns:  -1.0000 
    fail_endp: -1 
    tns:  0  tns_per_endp:  -1.0000   norm_tns_per_endp:  -1.0000 
    tns_sense_max:  -1.0000  tns_sense_avg:  -1.0000   tns_sense_num: -1
    power:  -9223372036854775808  
 skipped
CDN_DP_region_1_1_c1 in input_idx_controller: area: 43429500 ,dp = 1 mux = 0 sg = fast         worst_clk_period: -1.0000 
    wns: 0  norm_wns:  -1.0000 
    fail_endp: -1 
    tns:  0  tns_per_endp:  -1.0000   norm_tns_per_endp:  -1.0000 
    tns_sense_max:  -1.0000  tns_sense_avg:  -1.0000   tns_sense_num: -1
    power:  -9223372036854775808  
 is current best
CDN_DP_region_1_1_c2 in input_idx_controller: area: 43429500 ,dp = 1 mux = 0 sg = very_slow    worst_clk_period: -1.0000 
    wns: 0  norm_wns:  -1.0000 
    fail_endp: -1 
    tns:  0  tns_per_endp:  -1.0000   norm_tns_per_endp:  -1.0000 
    tns_sense_max:  -1.0000  tns_sense_avg:  -1.0000   tns_sense_num: -1
    power:  -9223372036854775808  
 is current best
CDN_DP_region_1_1_c3 in input_idx_controller: area: 43429500 ,dp = 1 mux = 0 sg = very_fast    worst_clk_period: -1.0000 
    wns: 0  norm_wns:  -1.0000 
    fail_endp: -1 
    tns:  0  tns_per_endp:  -1.0000   norm_tns_per_endp:  -1.0000 
    tns_sense_max:  -1.0000  tns_sense_avg:  -1.0000   tns_sense_num: -1
    power:  -9223372036854775808  
 is current best
CDN_DP_region_1_1_c4 in input_idx_controller: area: 43429500 ,dp = 1 mux = 0 sg = very_fast    worst_clk_period: -1.0000 
    wns: 0  norm_wns:  -1.0000 
    fail_endp: -1 
    tns:  0  tns_per_endp:  -1.0000   norm_tns_per_endp:  -1.0000 
    tns_sense_max:  -1.0000  tns_sense_avg:  -1.0000   tns_sense_num: -1
    power:  -9223372036854775808  
 is current best
CDN_DP_region_1_1_c5 in input_idx_controller: area: 43429500 ,dp = 1 mux = 0 sg = very_fast    worst_clk_period: -1.0000 
    wns: 0  norm_wns:  -1.0000 
    fail_endp: -1 
    tns:  0  tns_per_endp:  -1.0000   norm_tns_per_endp:  -1.0000 
    tns_sense_max:  -1.0000  tns_sense_avg:  -1.0000   tns_sense_num: -1
    power:  -9223372036854775808  
 is current best
CDN_DP_region_1_1_c6 in input_idx_controller: area: 43429500 ,dp = 1 mux = 0 sg = very_fast    worst_clk_period: -1.0000 
    wns: 0  norm_wns:  -1.0000 
    fail_endp: -1 
    tns:  0  tns_per_endp:  -1.0000   norm_tns_per_endp:  -1.0000 
    tns_sense_max:  -1.0000  tns_sense_avg:  -1.0000   tns_sense_num: -1
    power:  -9223372036854775808  
 is current best
CDN_DP_region_1_1_c7 in input_idx_controller: area: 43429500 ,dp = 1 mux = 0 sg = very_fast    worst_clk_period: -1.0000 
    wns: 0  norm_wns:  -1.0000 
    fail_endp: -1 
    tns:  0  tns_per_endp:  -1.0000   norm_tns_per_endp:  -1.0000 
    tns_sense_max:  -1.0000  tns_sense_avg:  -1.0000   tns_sense_num: -1
    power:  -9223372036854775808  
 is current best
Best config: CDN_DP_region_1_1_c7 in input_idx_controller: area: 43429500 ,dp = 1 mux = 0 sg = very_fast    worst_clk_period: -1.0000 
    wns: 0  norm_wns:  -1.0000 
    fail_endp: -1 
    tns:  0  tns_per_endp:  -1.0000   norm_tns_per_endp:  -1.0000 
    tns_sense_max:  -1.0000  tns_sense_avg:  -1.0000   tns_sense_num: -1
    power:  -9223372036854775808  
  Smallest config area : 43429500.  Fastest config wns;  0
##>+----------------------------------------------------------------------------------------------------------------------------------------------------------------+
##>Summary table of configs (Best config is CDN_DP_region_1_1_c7)
##>+----------------------------------------------------------------------------------------------------------------------------------------------------------------+
##>                     0                  1                  2                  3                  4                  5                  6                  7            
##>+----------------------------------------------------------------------------------------------------------------------------------------------------------------+
##>           Area         61123000           43429500           43429500           43429500           43429500           43429500           43429500           43429500  
##>            WNS        +19331.20          +19331.20          +19331.20          +19331.20          +19331.20          +19331.20          +19331.20          +19331.20  
##>            TNS                0                  0                  0                  0                  0                  0                  0                  0  
##>    Num Rewrite                0                  0                  0                  0                  0                  0                  0                  0  
##>     Num Factor                0                  0                  0                  0                  0                  0                  0                  0  
##>      Num Share                0                  0                  0                  0                  0                  0                  0                  0  
##>   Num CmultCse                0                  0                  0                  0                  0                  0                  0                  0  
##>   Num Downsize                0                  0                  0                  0                  0                  0                  0                  0  
##>  Num Speculate                0                  0                  0                  0                  0                  0                  0                  0  
##>     Runtime(s)                0                  0                  0                  0                  0                  0                  0                  0  
+----------------------------------------------------------------------------------------------------------------------------------------------------------------+
##>
##>
##>+-----------------------------------------------------------------------------------------------------------------------------------------------------------------------------------------------------+
##>Optimization Step DEBUG Table for config CDN_DP_region_1_1_c7
##>
##>                          Step                        Area   (  % Chg)         WNS (Change)          TNS (Change)                Power   (  % Chg)        Runtime (s)        Comment                   
##>+-----------------------------------------------------------------------------------------------------------------------------------------------------------------------------------------------------+
##>EquationExtraction              START               61123000 (       )    19331.20 (        )          0 (        )                    0 (       )              
##> rewrite                        START              110986500 ( +81.58)    19321.90 (   -9.30)          0 (       0)                    0 (  +0.00)              (a,ar) Expr5_from --> Expr5_to
##>                                  END              213930500 ( +92.75)    19321.90 (   +0.00)          0 (       0)                    0 (  +0.00)           0  
##>                                  END               61123000 (  +0.00)    19331.20 (   +0.00)          0 (       0)                    0 (  +0.00)           0  
##>createMaxCarrySave              START               61123000 (  +0.00)    19331.20 (   +0.00)          0 (       0)                    0 (  +0.00)              
##> datapath_rewrite_one_def       START               61123000 (  +0.00)    19331.20 (   +0.00)          0 (       0)                    0 (  +0.00)              
##>                                  END               61123000 (  +0.00)    19331.20 (   +0.00)          0 (       0)                    0 (  +0.00)           0  
##> csa_opto                       START               61123000 (  +0.00)    19331.20 (   +0.00)          0 (       0)                    0 (  +0.00)              
##>                                  END               57906000 (  -5.26)    19331.20 (   +0.00)          0 (       0)                    0 (  +0.00)           0  
##>                                  END               57906000 (  -5.26)    19331.20 (   +0.00)          0 (       0)                    0 (  +0.00)           0  
##>canonicalize_by_names           START               57906000 (  +0.00)    19331.20 (   +0.00)          0 (       0)                    0 (  +0.00)              
##>                                  END               57906000 (  +0.00)    19331.20 (   +0.00)          0 (       0)                    0 (  +0.00)           0  
##>datapath_rewrite_post_csa_one_  START               57906000 (  +0.00)    19331.20 (   +0.00)          0 (       0)                    0 (  +0.00)              
##>                                  END               57906000 (  +0.00)    19331.20 (   +0.00)          0 (       0)                    0 (  +0.00)           0  
##>datapath_csa_factoring_one_gde  START               57906000 (  +0.00)    19331.20 (   +0.00)          0 (       0)                    0 (  +0.00)              
##>                                  END               57906000 (  +0.00)    19331.20 (   +0.00)          0 (       0)                    0 (  +0.00)           0  
##>dpopt_share_one_def             START               57906000 (  +0.00)    19331.20 (   +0.00)          0 (       0)                    0 (  +0.00)              
##>                                  END               57906000 (  +0.00)    19331.20 (   +0.00)          0 (       0)                    0 (  +0.00)           0  
##>datapath_rewrite_post_share     START               57906000 (  +0.00)    19331.20 (   +0.00)          0 (       0)                    0 (  +0.00)              
##>                                  END               57906000 (  +0.00)    19331.20 (   +0.00)          0 (       0)                    0 (  +0.00)           0  
##>dp_combine_const_mult_with_com  START               57906000 (  +0.00)    19331.20 (   +0.00)          0 (       0)                    0 (  +0.00)              
##>                                  END               57906000 (  +0.00)    19331.20 (   +0.00)          0 (       0)                    0 (  +0.00)           0  
##>dp_operator_level_decompositio  START               57906000 (  +0.00)    19331.20 (   +0.00)          0 (       0)                    0 (  +0.00)              
##>                                  END               57906000 (  +0.00)    19331.20 (   +0.00)          0 (       0)                    0 (  +0.00)           0  
##>selective_flatten_dp_config     START               57906000 (  +0.00)    19331.20 (   +0.00)          0 (       0)                    0 (  +0.00)              
##>                                  END               57906000 (  +0.00)    19331.20 (   +0.00)          0 (       0)                    0 (  +0.00)           0  
##>createMaxCarrySave              START               57906000 (  +0.00)    19331.20 (   +0.00)          0 (       0)                    0 (  +0.00)              
##> datapath_rewrite_one_def       START               57906000 (  +0.00)    19331.20 (   +0.00)          0 (       0)                    0 (  +0.00)              
##>  fast_cse_elim                 START               57906000 (  +0.00)    19331.20 (   +0.00)          0 (       0)                    0 (  +0.00)              
##>                                  END               57906000 (  +0.00)    19331.20 (   +0.00)          0 (       0)                    0 (  +0.00)           0  
##>  fast_cse_elim                 START               57906000 (  +0.00)    19331.20 (   +0.00)          0 (       0)                    0 (  +0.00)              
##>                                  END               57906000 (  +0.00)    19331.20 (   +0.00)          0 (       0)                    0 (  +0.00)           0  
##>                                  END               57906000 (  +0.00)    19331.20 (   +0.00)          0 (       0)                    0 (  +0.00)           0  
##> csa_opto                       START               57906000 (  +0.00)    19331.20 (   +0.00)          0 (       0)                    0 (  +0.00)              
##>                                  END               57906000 (  +0.00)    19331.20 (   +0.00)          0 (       0)                    0 (  +0.00)           0  
##>                                  END               57906000 (  +0.00)    19331.20 (   +0.00)          0 (       0)                    0 (  +0.00)           0  
##>context_based_simplify          START               51472000 ( -11.11)    19331.20 (   +0.00)          0 (       0)                    0 (  +0.00)              
##>                                  END               43429500 ( -15.62)    19331.20 (   +0.00)          0 (       0)                    0 (  +0.00)           0  
##>group_csa_final_adder_dp        START               43429500 (  +0.00)    19331.20 (   +0.00)          0 (       0)                    0 (  +0.00)              
##>                                  END               43429500 (  +0.00)    19331.20 (   +0.00)          0 (       0)                    0 (  +0.00)           0  
##>dpopt_flatten_critical_muxes_i  START               43429500 (  +0.00)    19331.20 (   +0.00)          0 (       0)                    0 (  +0.00)              
##>                                  END               43429500 (  +0.00)    19331.20 (   +0.00)          0 (       0)                    0 (  +0.00)           0  
##>create_score                    START               43429500 (  +0.00)    19331.20 (   +0.00)          0 (       0)                    0 (  +0.00)              
##>                                  END               43429500 (  +0.00)    19331.20 (   +0.00)          0 (       0)                    0 (  +0.00)           0  
##>+-----------------------------------------------------------------------------------------------------------------------------------------------------------------------------------------------------+
Committed config: CDN_DP_region_1_1_c7
Info    : Done implementing datapath configurations. [DPOPT-4]
        : Selected 'very_fast' configuration 7 for module 'CDN_DP_region_1_1_c7'.
          Optimizations applied to 'very_fast' configuration:
            rewriting(0), factoring(0), sharing(0), cmultcse(0), downsizing(0), speculation(0)
Info    : Implementing datapath configurations. [DPOPT-3]
        : Implementing datapath configurations for 'CDN_DP_region_1_0'
CSAGen Prep Share:0 Re-Write:0 Speculation: 0
    MaxCSA: weighted_instance_count is 14 
MaxCSA: Successfully built Maximal CSA Expression Expr6
      Timing decrement_unsigned...
        Done timing decrement_unsigned.
      Timing decrement_unsigned_596_598...
        Done timing decrement_unsigned_596_598.
      Timing decrement_unsigned_596_603...
        Done timing decrement_unsigned_596_603.
      Timing decrement_unsigned_596_608...
        Done timing decrement_unsigned_596_608.
      Timing decrement_unsigned_596_613...
        Done timing decrement_unsigned_596_613.
      Timing decrement_unsigned_596_618...
        Done timing decrement_unsigned_596_618.
      Timing decrement_unsigned_596_623...
        Done timing decrement_unsigned_596_623.
      Timing decrement_unsigned_596_628...
        Done timing decrement_unsigned_596_628.
CDN_DP_region_1_0 level = 0 loads = 0 drivers = 0
CDN_DP_region_1_0_c0 in input_idx_controller: area: 51472000 ,dp = 1 mux = 0 sg = slow         worst_clk_period: -1.0000 
    wns: 0  norm_wns:  -1.0000 
    fail_endp: -1 
    tns:  0  tns_per_endp:  -1.0000   norm_tns_per_endp:  -1.0000 
    tns_sense_max:  -1.0000  tns_sense_avg:  -1.0000   tns_sense_num: -1
    power:  -9223372036854775808  
 skipped
CDN_DP_region_1_0_c1 in input_idx_controller: area: 43429500 ,dp = 1 mux = 0 sg = fast         worst_clk_period: -1.0000 
    wns: 0  norm_wns:  -1.0000 
    fail_endp: -1 
    tns:  0  tns_per_endp:  -1.0000   norm_tns_per_endp:  -1.0000 
    tns_sense_max:  -1.0000  tns_sense_avg:  -1.0000   tns_sense_num: -1
    power:  -9223372036854775808  
 is current best
CDN_DP_region_1_0_c2 in input_idx_controller: area: 43429500 ,dp = 1 mux = 0 sg = very_slow    worst_clk_period: -1.0000 
    wns: 0  norm_wns:  -1.0000 
    fail_endp: -1 
    tns:  0  tns_per_endp:  -1.0000   norm_tns_per_endp:  -1.0000 
    tns_sense_max:  -1.0000  tns_sense_avg:  -1.0000   tns_sense_num: -1
    power:  -9223372036854775808  
 is current best
CDN_DP_region_1_0_c3 in input_idx_controller: area: 43429500 ,dp = 1 mux = 0 sg = very_fast    worst_clk_period: -1.0000 
    wns: 0  norm_wns:  -1.0000 
    fail_endp: -1 
    tns:  0  tns_per_endp:  -1.0000   norm_tns_per_endp:  -1.0000 
    tns_sense_max:  -1.0000  tns_sense_avg:  -1.0000   tns_sense_num: -1
    power:  -9223372036854775808  
 is current best
CDN_DP_region_1_0_c4 in input_idx_controller: area: 43429500 ,dp = 1 mux = 0 sg = very_fast    worst_clk_period: -1.0000 
    wns: 0  norm_wns:  -1.0000 
    fail_endp: -1 
    tns:  0  tns_per_endp:  -1.0000   norm_tns_per_endp:  -1.0000 
    tns_sense_max:  -1.0000  tns_sense_avg:  -1.0000   tns_sense_num: -1
    power:  -9223372036854775808  
 is current best
CDN_DP_region_1_0_c5 in input_idx_controller: area: 43429500 ,dp = 1 mux = 0 sg = very_fast    worst_clk_period: -1.0000 
    wns: 0  norm_wns:  -1.0000 
    fail_endp: -1 
    tns:  0  tns_per_endp:  -1.0000   norm_tns_per_endp:  -1.0000 
    tns_sense_max:  -1.0000  tns_sense_avg:  -1.0000   tns_sense_num: -1
    power:  -9223372036854775808  
 is current best
CDN_DP_region_1_0_c6 in input_idx_controller: area: 43429500 ,dp = 1 mux = 0 sg = very_fast    worst_clk_period: -1.0000 
    wns: 0  norm_wns:  -1.0000 
    fail_endp: -1 
    tns:  0  tns_per_endp:  -1.0000   norm_tns_per_endp:  -1.0000 
    tns_sense_max:  -1.0000  tns_sense_avg:  -1.0000   tns_sense_num: -1
    power:  -9223372036854775808  
 is current best
CDN_DP_region_1_0_c7 in input_idx_controller: area: 43429500 ,dp = 1 mux = 0 sg = very_fast    worst_clk_period: -1.0000 
    wns: 0  norm_wns:  -1.0000 
    fail_endp: -1 
    tns:  0  tns_per_endp:  -1.0000   norm_tns_per_endp:  -1.0000 
    tns_sense_max:  -1.0000  tns_sense_avg:  -1.0000   tns_sense_num: -1
    power:  -9223372036854775808  
 is current best
Best config: CDN_DP_region_1_0_c7 in input_idx_controller: area: 43429500 ,dp = 1 mux = 0 sg = very_fast    worst_clk_period: -1.0000 
    wns: 0  norm_wns:  -1.0000 
    fail_endp: -1 
    tns:  0  tns_per_endp:  -1.0000   norm_tns_per_endp:  -1.0000 
    tns_sense_max:  -1.0000  tns_sense_avg:  -1.0000   tns_sense_num: -1
    power:  -9223372036854775808  
  Smallest config area : 43429500.  Fastest config wns;  0
##>+----------------------------------------------------------------------------------------------------------------------------------------------------------------+
##>Summary table of configs (Best config is CDN_DP_region_1_0_c7)
##>+----------------------------------------------------------------------------------------------------------------------------------------------------------------+
##>                     0                  1                  2                  3                  4                  5                  6                  7            
##>+----------------------------------------------------------------------------------------------------------------------------------------------------------------+
##>           Area         51472000           43429500           43429500           43429500           43429500           43429500           43429500           43429500  
##>            WNS        +19128.00          +19155.10          +19155.10          +19155.10          +19155.10          +19155.10          +19155.10          +19155.10  
##>            TNS                0                  0                  0                  0                  0                  0                  0                  0  
##>    Num Rewrite                0                  0                  0                  0                  0                  0                  0                  0  
##>     Num Factor                0                  0                  0                  0                  0                  0                  0                  0  
##>      Num Share                0                  0                  0                  0                  0                  0                  0                  0  
##>   Num CmultCse                0                  0                  0                  0                  0                  0                  0                  0  
##>   Num Downsize                0                  0                  0                  0                  0                  0                  0                  0  
##>  Num Speculate                0                  0                  0                  0                  0                  0                  0                  0  
##>     Runtime(s)                0                  0                  0                  0                  0                  0                  0                  0  
+----------------------------------------------------------------------------------------------------------------------------------------------------------------+
##>
##>
##>+-----------------------------------------------------------------------------------------------------------------------------------------------------------------------------------------------------+
##>Optimization Step DEBUG Table for config CDN_DP_region_1_0_c7
##>
##>                          Step                        Area   (  % Chg)         WNS (Change)          TNS (Change)                Power   (  % Chg)        Runtime (s)        Comment                   
##>+-----------------------------------------------------------------------------------------------------------------------------------------------------------------------------------------------------+
##>EquationExtraction              START               51472000 (       )    19128.00 (        )          0 (        )                    0 (       )              
##> rewrite                        START              136722500 (+165.62)    19124.20 (   -3.80)          0 (       0)                    0 (  +0.00)              (a,ar) Expr6_from --> Expr6_to
##>                                  END              213930500 ( +56.47)    19124.20 (   +0.00)          0 (       0)                    0 (  +0.00)           0  
##>                                  END               51472000 (  +0.00)    19128.00 (   +0.00)          0 (       0)                    0 (  +0.00)           0  
##>createMaxCarrySave              START               51472000 (  +0.00)    19128.00 (   +0.00)          0 (       0)                    0 (  +0.00)              
##> datapath_rewrite_one_def       START               51472000 (  +0.00)    19128.00 (   +0.00)          0 (       0)                    0 (  +0.00)              
##>                                  END               51472000 (  +0.00)    19128.00 (   +0.00)          0 (       0)                    0 (  +0.00)           0  
##> csa_opto                       START               51472000 (  +0.00)    19128.00 (   +0.00)          0 (       0)                    0 (  +0.00)              
##>                                  END               62731500 ( +21.88)    19104.70 (  -23.30)          0 (       0)                    0 (  +0.00)           0  
##>                                  END               62731500 ( +21.88)    19104.70 (  -23.30)          0 (       0)                    0 (  +0.00)           0  
##>canonicalize_by_names           START               62731500 (  +0.00)    19104.70 (   +0.00)          0 (       0)                    0 (  +0.00)              
##>                                  END               62731500 (  +0.00)    19104.70 (   +0.00)          0 (       0)                    0 (  +0.00)           0  
##>datapath_rewrite_post_csa_one_  START               62731500 (  +0.00)    19104.70 (   +0.00)          0 (       0)                    0 (  +0.00)              
##>                                  END               62731500 (  +0.00)    19104.70 (   +0.00)          0 (       0)                    0 (  +0.00)           0  
##>datapath_csa_factoring_one_gde  START               62731500 (  +0.00)    19104.70 (   +0.00)          0 (       0)                    0 (  +0.00)              
##>                                  END               62731500 (  +0.00)    19104.70 (   +0.00)          0 (       0)                    0 (  +0.00)           0  
##>dpopt_share_one_def             START               62731500 (  +0.00)    19104.70 (   +0.00)          0 (       0)                    0 (  +0.00)              
##>                                  END               62731500 (  +0.00)    19104.70 (   +0.00)          0 (       0)                    0 (  +0.00)           0  
##>datapath_rewrite_post_share     START               62731500 (  +0.00)    19104.70 (   +0.00)          0 (       0)                    0 (  +0.00)              
##>                                  END               62731500 (  +0.00)    19104.70 (   +0.00)          0 (       0)                    0 (  +0.00)           0  
##>dp_combine_const_mult_with_com  START               62731500 (  +0.00)    19104.70 (   +0.00)          0 (       0)                    0 (  +0.00)              
##>                                  END               62731500 (  +0.00)    19104.70 (   +0.00)          0 (       0)                    0 (  +0.00)           0  
##>dp_operator_level_decompositio  START               62731500 (  +0.00)    19104.70 (   +0.00)          0 (       0)                    0 (  +0.00)              
##>                                  END               62731500 (  +0.00)    19104.70 (   +0.00)          0 (       0)                    0 (  +0.00)           0  
##>selective_flatten_dp_config     START               62731500 (  +0.00)    19104.70 (   +0.00)          0 (       0)                    0 (  +0.00)              
##>                                  END               62731500 (  +0.00)    19104.70 (   +0.00)          0 (       0)                    0 (  +0.00)           0  
##>createMaxCarrySave              START               62731500 (  +0.00)    19104.70 (   +0.00)          0 (       0)                    0 (  +0.00)              
##> datapath_rewrite_one_def       START               62731500 (  +0.00)    19104.70 (   +0.00)          0 (       0)                    0 (  +0.00)              
##>  fast_cse_elim                 START               62731500 (  +0.00)    19104.70 (   +0.00)          0 (       0)                    0 (  +0.00)              
##>                                  END               62731500 (  +0.00)    19104.70 (   +0.00)          0 (       0)                    0 (  +0.00)           0  
##>  fast_cse_elim                 START               62731500 (  +0.00)    19104.70 (   +0.00)          0 (       0)                    0 (  +0.00)              
##>                                  END               62731500 (  +0.00)    19104.70 (   +0.00)          0 (       0)                    0 (  +0.00)           0  
##>                                  END               62731500 (  +0.00)    19104.70 (   +0.00)          0 (       0)                    0 (  +0.00)           0  
##> csa_opto                       START               62731500 (  +0.00)    19104.70 (   +0.00)          0 (       0)                    0 (  +0.00)              
##>                                  END               62731500 (  +0.00)    19104.70 (   +0.00)          0 (       0)                    0 (  +0.00)           0  
##>                                  END               62731500 (  +0.00)    19104.70 (   +0.00)          0 (       0)                    0 (  +0.00)           0  
##>context_based_simplify          START               54689000 ( -12.82)    19142.40 (  +37.70)          0 (       0)                    0 (  +0.00)              
##>                                  END               43429500 ( -20.59)    19155.10 (  +12.70)          0 (       0)                    0 (  +0.00)           0  
##>group_csa_final_adder_dp        START               43429500 (  +0.00)    19155.10 (   +0.00)          0 (       0)                    0 (  +0.00)              
##>                                  END               43429500 (  +0.00)    19155.10 (   +0.00)          0 (       0)                    0 (  +0.00)           0  
##>dpopt_flatten_critical_muxes_i  START               43429500 (  +0.00)    19155.10 (   +0.00)          0 (       0)                    0 (  +0.00)              
##>                                  END               43429500 (  +0.00)    19155.10 (   +0.00)          0 (       0)                    0 (  +0.00)           0  
##>create_score                    START               43429500 (  +0.00)    19155.10 (   +0.00)          0 (       0)                    0 (  +0.00)              
##>                                  END               43429500 (  +0.00)    19155.10 (   +0.00)          0 (       0)                    0 (  +0.00)           0  
##>+-----------------------------------------------------------------------------------------------------------------------------------------------------------------------------------------------------+
Committed config: CDN_DP_region_1_0_c7
Info    : Done implementing datapath configurations. [DPOPT-4]
        : Selected 'very_fast' configuration 7 for module 'CDN_DP_region_1_0_c7'.
          Optimizations applied to 'very_fast' configuration:
            rewriting(0), factoring(0), sharing(0), cmultcse(0), downsizing(0), speculation(0)
Info:  Ungrouped 0 dp-cluster instances.  0 cluster instances were left intact, to aid verification.
              Preparing netlist for verification ...
              Done preparing netlist for verification.
Info    : Done optimizing datapath logic. [DPOPT-2]
        : Done optimizing datapath logic in 'input_idx_controller'.
      Removing temporary intermediate hierarchies under input_idx_controller
Number of big hc bmuxes after = 0
Starting logic reduction [v1.0] (stage: post_rtlopt, startdef: input_idx_controller, recur: true)
Completed logic reduction (accepts: 0, rejects: 0, runtime: 0.000s)
Starting mux data reorder optimization [v1.0] (stage: post_rtlopt, startdef: input_idx_controller, recur: true)
Completed mux data reorder optimization (accepts: 0, rejects: 0, runtime: 0.000s)

Stage: post_rtlopt
----------------------------------------------------------
| Transform           | Accepts | Rejects | Runtime (ms) | 
----------------------------------------------------------
| hlo_logic_reduction |       0 |       0 |         0.00 | 
| hlo_mux_reorder     |       0 |       0 |         0.00 | 
----------------------------------------------------------
              Optimizing muxes in design 'in_ac_mode_controller'.
              Post blast muxes in design 'in_ac_mode_controller'.
Starting mux speculation [v1.0] (stage: post_muxopt, startdef: input_idx_controller, recur: true)
Starting speculation optimization
Completed speculation optimization (accepts:0)
Completed mux speculation (accepts: 0, rejects: 0, runtime: 0.014s)

Stage: post_muxopt
------------------------------------------------------
| Transform       | Accepts | Rejects | Runtime (ms) | 
------------------------------------------------------
| hlo_speculation |       0 |       0 |        14.00 | 
------------------------------------------------------
==================================
Stage : to_generic 
==================================
  =================
   Message Summary
  =================
----------------------------------------------------------------------------------------------------------------------------------------------------------------------------------------------------
|    Id     |  Sev   |Count |                                                                            Message Text                                                                              |
----------------------------------------------------------------------------------------------------------------------------------------------------------------------------------------------------
| CDFG-738  |Info    |    1 |Common subexpression eliminated.                                                                                                                                      |
| CDFG-739  |Info    |    1 |Common subexpression kept.                                                                                                                                            |
| CDFG-818  |Warning |    1 |Using default parameter value for module elaboration.                                                                                                                 |
| CWD-19    |Info    |   76 |An implementation was inferred.                                                                                                                                       |
| CWD-36    |Info    |   20 |Sorted the set of valid implementations for synthetic operator.                                                                                                       |
| DPOPT-1   |Info    |    1 |Optimizing datapath logic.                                                                                                                                            |
| DPOPT-2   |Info    |    1 |Done optimizing datapath logic.                                                                                                                                       |
| DPOPT-3   |Info    |    7 |Implementing datapath configurations.                                                                                                                                 |
| DPOPT-4   |Info    |    7 |Done implementing datapath configurations.                                                                                                                            |
| DPOPT-6   |Info    |    1 |Pre-processed datapath logic.                                                                                                                                         |
| ELAB-1    |Info    |    1 |Elaborating Design.                                                                                                                                                   |
| ELAB-2    |Info    |    1 |Elaborating Subdesign.                                                                                                                                                |
| ELAB-3    |Info    |    1 |Done Elaborating Design.                                                                                                                                              |
| LBR-9     |Warning |   40 |Library cell has no output pins defined.                                                                                                                              |
|           |        |      |Add the missing output pin(s)                                                                                                                                         |
|           |        |      | , then reload the library. Else the library cell will be marked as timing model i.e. unusable. Timing_model means that the cell does not have any defined function.  |
|           |        |      | If there is no output pin, Genus will mark library cell as unusable i.e. the attribute 'usable' will be marked to 'false' on the libcell. Therefore, the cell is not |
|           |        |      | used for mapping and it will not be picked up from the library for synthesis. If you query the attribute 'unusable_reason' on the libcell; result will be: 'Library  |
|           |        |      | cell has no output pins.'Note: The message LBR-9 is only for the logical pins and not for the power_ground pins. Genus will depend upon the output function defined  |
|           |        |      | in the pin group (output pin) of the cell, to use it for mapping. The pg_pin will not have any function defined.                                                     |
| LBR-40    |Info    |    1 |An unsupported construct was detected in this library.                                                                                                                |
|           |        |      |Check to see if this construct is really needed for synthesis. Many liberty constructs are not actually required.                                                     |
| LBR-41    |Info    |    1 |An output library pin lacks a function attribute.                                                                                                                     |
|           |        |      |If the remainder of this library cell's semantic checks are successful, it will be considered as a timing-model                                                       |
|           |        |      | (because one of its outputs does not have a valid function.                                                                                                          |
| LBR-96    |Warning |    9 |Duplicate when conditions found.                                                                                                                                      |
|           |        |      |Ignoring the earlier when conditions and using the latest condition.                                                                                                  |
| LBR-101   |Warning |    4 |Unusable clock gating integrated cell found at the time of loading libraries. This warning happens because a particular library cell is defined as                    |
|           |        |      | 'clock_gating_integrated_cell', but 'dont_use' attribute is defined as true in the liberty library. To make Genus use this cell for clock gating insertion,          |
|           |        |      | 'dont_use' attribute should be set to false.                                                                                                                         |
|           |        |      |To make the cell usable, change the value of 'dont_use' attribute to false.                                                                                           |
| LBR-162   |Info    |  245 |Both 'pos_unate' and 'neg_unate' timing_sense arcs have been processed.                                                                                               |
|           |        |      |Setting the 'timing_sense' to non_unate.                                                                                                                              |
| LBR-412   |Info    |    1 |Created nominal operating condition.                                                                                                                                  |
|           |        |      |The nominal operating condition is represented, either by the nominal PVT values specified in the library source                                                      |
|           |        |      | (via nom_process,nom_voltage and nom_temperature respectively), or by the default PVT values (1.0,1.0,1.0).                                                          |
| LBR-415   |Info    |    1 |Unusable library cells found at the time of loading a library.                                                                                                        |
|           |        |      |For  more  information, refer to 'Cells Identified as Unusable' in the 'User Guide'. To know the reason why a cell is considered as unusable, check 'unusable_reason' |
|           |        |      | libcell attribute.                                                                                                                                                   |
| LBR-518   |Info    |    1 |Missing a function attribute in the output pin definition.                                                                                                            |
| MESG-10   |Warning |    8 |Unknown message ID.                                                                                                                                                   |
| PA-19     |Warning |    1 |Performing RTL power analysis without power models.                                                                                                                   |
|           |        |      |For more accurate results, perform RTL power analysis using detailed power models after 'syn_gen' step followed by the 'build_rtl_power_models' command.              |
| PHYS-752  |Info    |    1 |Partition Based Synthesis execution skipped.                                                                                                                          |
| RPT-80    |Warning |    2 |The details given in report might be incorrect or incomplete.                                                                                                         |
|           |        |      |Map the design using syn_map before using the '-detail' option of the 'report_area' command.                                                                          |
| SYNTH-1   |Info    |    1 |Synthesizing.                                                                                                                                                         |
| TIM-11    |Warning |    8 |Timing problems have been detected in this design.                                                                                                                    |
|           |        |      |Use 'check_timing_intent' or 'report timing -lint' to report more information.                                                                                        |
| TIM-1000  |Info    |    1 |Multimode clock gating check is disabled.                                                                                                                             |
| TUI-32    |Warning |    1 |This attribute will be obsolete in a next major release.                                                                                                              |
| TUI-744   |Info    |    2 |Timing analysis will be done for this view.                                                                                                                           |
|           |        |      |Worst paths will be shown in this view.                                                                                                                               |
| VLOGPT-31 |Warning |    1 |Unsupported system task or function: assuming value 1'b1.                                                                                                             |
|           |        |      |The $signed and $unsigned system functions are always supported, and synthesizable SystemVerilog system functions are supported when SystemVerilog parsing is         |
|           |        |      | enabled.  No other system functions are supported.                                                                                                                   |
| VLOGPT-33 |Warning |    1 |Ignoring unsynthesizable declaration.                                                                                                                                 |
| VLOGPT-37 |Warning |    2 |Ignoring unsynthesizable construct.                                                                                                                                   |
|           |        |      |For example, the following constructs will be ignored:
    - initial block
    - final block
    - program block
    - property block
    - sequence block
    -      |
|           |        |      | covergroup
    - checker block
    - gate drive strength
    - system task enable
    - reg declaration with initial value
    - specify block.                      |
----------------------------------------------------------------------------------------------------------------------------------------------------------------------------------------------------
Mapper: Libraries have:
	domain _default_: 441 combo usable cells and 280 sequential usable cells
      Mapping 'input_idx_controller'...
        Preparing the circuit
          Pruning unused logic
Multi-threaded constant propagation [1|0] ...
Info    : A datapath component has been ungrouped. [GB-6]
        : The instance 'dec_sub_62_92' of datapath component 'decrement_unsigned_596_598'.
Info    : A datapath component has been ungrouped. [GB-6]
        : The instance 'inc_add_110_46' of datapath component 'increment_unsigned_559_561'.
Info    : A datapath component has been ungrouped. [GB-6]
        : The instance 'csa_tree_eq_30_30_groupi' of datapath component 'csa_tree_eq_30_30_group_116'.
Info    : A datapath component has been ungrouped. [GB-6]
        : The instance 'csa_tree_eq_31_30_groupi' of datapath component 'csa_tree_eq_31_30_group_289'.
Info    : A datapath component has been ungrouped. [GB-6]
        : The instance 'csa_tree_eq_32_30_groupi' of datapath component 'csa_tree_eq_32_30_group_452'.
Info    : A datapath component has been ungrouped. [GB-6]
        : The instance 'inc_add_45_30' of datapath component 'increment_unsigned_110_226'.
Info    : A datapath component has been ungrouped. [GB-6]
        : The instance 'add_41_39' of datapath component 'add_unsigned_23_3'.
Info    : A datapath component has been ungrouped. [GB-6]
        : The instance 'add_42_39' of datapath component 'add_unsigned_23_3'.
Info    : A datapath component has been ungrouped. [GB-6]
        : The instance 'add_108_40' of datapath component 'add_unsigned_33'.
Info    : A datapath component has been ungrouped. [GB-6]
        : The instance 'add_109_40' of datapath component 'add_unsigned_33'.
Info    : A datapath component has been ungrouped. [GB-6]
        : The instance 'add_57_30' of datapath component 'add_unsigned_47'.
Info    : A datapath component has been ungrouped. [GB-6]
        : The instance 'add_69_30' of datapath component 'add_unsigned_47'.
Info    : Replacing the synchronous part of an always feeding back flip-flop with a logic constant. [GLO-45]
        : The instance is 'b_col_os_reg[2]'. The constant is '0'.
        : To prevent this optimization, set 'optimize_constant_feedback_seqs' root attribute to 'false'. The instance attribute 'optimize_constant_feedback_seq' controls this optimization. 
Info    : Replacing the synchronous part of an always feeding back flip-flop with a logic constant. [GLO-45]
        : The instance is 'b_col_os_reg[1]'. The constant is '0'.
Info    : Replacing the synchronous part of an always feeding back flip-flop with a logic constant. [GLO-45]
        : The instance is 'b_col_os_reg[0]'. The constant is '0'.
Info    : Replacing the synchronous part of an always feeding back flip-flop with a logic constant. [GLO-45]
        : The instance is 'a_row_os_reg[2]'. The constant is '0'.
Info    : Replacing the synchronous part of an always feeding back flip-flop with a logic constant. [GLO-45]
        : The instance is 'a_row_os_reg[1]'. The constant is '0'.
Info    : Replacing the synchronous part of an always feeding back flip-flop with a logic constant. [GLO-45]
        : The instance is 'a_row_os_reg[0]'. The constant is '0'.
Info    : Replacing a flip-flop with a logic constant 0. [GLO-12]
        : The instance is 'a_row_os_reg[0]'.
        : To prevent this optimization, set the 'optimize_constant_0_flops' root attribute to 'false' or 'optimize_constant_0_seq' instance attribute to 'false'. You can also see the complete list of deleted sequential with command "report sequential -deleted" (on Reason "constant0").
Info    : Replacing a flip-flop with a logic constant 0. [GLO-12]
        : The instance is 'a_row_os_reg[1]'.
Info    : Replacing a flip-flop with a logic constant 0. [GLO-12]
        : The instance is 'a_row_os_reg[2]'.
Info    : Replacing a flip-flop with a logic constant 0. [GLO-12]
        : The instance is 'b_col_os_reg[0]'.
Info    : Replacing a flip-flop with a logic constant 0. [GLO-12]
        : The instance is 'b_col_os_reg[1]'.
Info    : Replacing a flip-flop with a logic constant 0. [GLO-12]
        : The instance is 'b_col_os_reg[2]'.
Info    : Replacing the synchronous part of an always feeding back flip-flop with a logic constant. [GLO-45]
        : The instance is 'u_ac/j_reg[2]'. The constant is '0'.
Info    : Replacing the synchronous part of an always feeding back flip-flop with a logic constant. [GLO-45]
        : The instance is 'u_ac/j_reg[1]'. The constant is '0'.
Info    : Replacing the synchronous part of an always feeding back flip-flop with a logic constant. [GLO-45]
        : The instance is 'u_ac/j_reg[0]'. The constant is '0'.
Info    : Replacing the synchronous part of an always feeding back flip-flop with a logic constant. [GLO-45]
        : The instance is 'u_ac/i_reg[2]'. The constant is '0'.
Info    : Replacing the synchronous part of an always feeding back flip-flop with a logic constant. [GLO-45]
        : The instance is 'u_ac/i_reg[1]'. The constant is '0'.
Info    : Replacing the synchronous part of an always feeding back flip-flop with a logic constant. [GLO-45]
        : The instance is 'u_ac/i_reg[0]'. The constant is '0'.
Info    : Replacing a flip-flop with a logic constant 0. [GLO-12]
        : The instance is 'u_ac/i_reg[0]'.
Info    : Replacing a flip-flop with a logic constant 0. [GLO-12]
        : The instance is 'u_ac/i_reg[1]'.
Info    : Replacing a flip-flop with a logic constant 0. [GLO-12]
        : The instance is 'u_ac/i_reg[2]'.
Info    : Replacing a flip-flop with a logic constant 0. [GLO-12]
        : The instance is 'u_ac/j_reg[0]'.
Info    : Replacing a flip-flop with a logic constant 0. [GLO-12]
        : The instance is 'u_ac/j_reg[1]'.
Info    : Replacing a flip-flop with a logic constant 0. [GLO-12]
        : The instance is 'u_ac/j_reg[2]'.
Info    : Deleting sequential instances not driving any primary outputs. [GLO-32]
        : Deleting 12 sequential instances. 
Following instances are deleted as they do not drive any primary output:
'a_row_os_reg[0]', 'a_row_os_reg[1]', 'a_row_os_reg[2]', 'b_col_os_reg[0]', 
'b_col_os_reg[1]', 'b_col_os_reg[2]', 'u_ac/i_reg[0]', 'u_ac/i_reg[1]', 
'u_ac/i_reg[2]', 'u_ac/j_reg[0]', 'u_ac/j_reg[1]', 'u_ac/j_reg[2]'.
        : Optimizations such as constant propagation or redundancy removal could change the connections so an instance does not drive any primary outputs anymore. To see the list of deleted sequential, set the 'information_level' attribute to 2 or above. If the message is truncated set the message attribute 'truncate' to false to see the complete list.
          Analyzing hierarchical boundaries
          Aggressive hierarchical optimization: disabled
          Propagating constants
        Done preparing the circuit
          Structuring (delay-based) input_idx_controller...
          Done structuring (delay-based) input_idx_controller
Multi-threaded Virtual Mapping    (8 threads per ST process, 8 of 16 CPUs usable)
          Structuring (delay-based) logic partition in input_idx_controller...
            Starting redundancy-removal...
            Finished redundancy-removal...
          Done structuring (delay-based) logic partition in input_idx_controller
        Mapping logic partition in input_idx_controller...
          Structuring (delay-based) cb_oseq...
            Starting partial collapsing (xors only) cb_oseq
            Finished partial collapsing.
            Starting partial collapsing  cb_oseq
            Finished partial collapsing.
            Starting redundancy-removal...
            Finished redundancy-removal...
            Starting redundancy-removal...
            Finished redundancy-removal...
          Done structuring (delay-based) cb_oseq
        Mapping component cb_oseq...
          Structuring (delay-based) logic partition in in_ac_mode_controller...
          Done structuring (delay-based) logic partition in in_ac_mode_controller
        Mapping logic partition in in_ac_mode_controller...
          Structuring (delay-based) cb_part_114...
            Starting partial collapsing (xors only) cb_part_114
            Finished partial collapsing.
            Starting partial collapsing  cb_part_114
            Finished partial collapsing.
            Starting redundancy-removal...
            Finished redundancy-removal...
            Starting redundancy-removal...
            Finished redundancy-removal...
          Done structuring (delay-based) cb_part_114
        Mapping component cb_part_114...
          Structuring (delay-based) logic partition in input_idx_controller...
          Done structuring (delay-based) logic partition in input_idx_controller
        Mapping logic partition in input_idx_controller...
==================================
Stage : first_condense 
==================================
  =================
   Message Summary
  =================
----------------------------------------------------------------------------------------------------------------------------------------------------------------------------------------------------
|   Id   |Sev  |Count |                                                                               Message Text                                                                                 |
----------------------------------------------------------------------------------------------------------------------------------------------------------------------------------------------------
| GB-6   |Info |   12 |A datapath component has been ungrouped.                                                                                                                                    |
| GLO-12 |Info |   12 |Replacing a flip-flop with a logic constant 0.                                                                                                                              |
|        |     |      |To prevent this optimization, set the 'optimize_constant_0_flops' root attribute to 'false' or 'optimize_constant_0_seq' instance attribute to 'false'. You can also see    |
|        |     |      | the complete list of deleted sequential with command 'report sequential -deleted' (on Reason 'constant0').                                                                 |
| GLO-32 |Info |    1 |Deleting sequential instances not driving any primary outputs.                                                                                                              |
|        |     |      |Optimizations such as constant propagation or redundancy removal could change the connections so an instance does not drive any primary outputs anymore. To see the list of |
|        |     |      | deleted sequential, set the 'information_level' attribute to 2 or above. If the message is truncated set the message attribute 'truncate' to false to see the complete     |
|        |     |      | list.                                                                                                                                                                      |
| GLO-45 |Info |   12 |Replacing the synchronous part of an always feeding back flip-flop with a logic constant.                                                                                   |
|        |     |      |To prevent this optimization, set 'optimize_constant_feedback_seqs' root attribute to 'false'. The instance attribute 'optimize_constant_feedback_seq' controls this        |
|        |     |      | optimization.                                                                                                                                                              |
----------------------------------------------------------------------------------------------------------------------------------------------------------------------------------------------------
 
Global mapping target info
==========================
Cost Group 'C2O' target slack:   440 ps
Target path end-point (Port: input_idx_controller/a_row_idx[8])

             Pin                         Type          Fanout  Load Arrival   
                                                               (fF)   (ps)    
------------------------------------------------------------------------------
(clock clk)                    <<<  launch                                0 R 
cb_seqi
  a_row_os_reg[3]/clk                                                         
  a_row_os_reg[3]/q            (u)  unmapped_d_flop         4   9.2           
cb_seqi/g10_in_1 
cb_parti399/cb_seqi_g10_in_1 
  g11/in_1                                                                    
  g11/z                        (u)  unmapped_nand2          4   9.2           
  g1308/in_1                                                                  
  g1308/z                      (u)  unmapped_complex2       1   2.3           
  g1275/in_0                                                                  
  g1275/z                      (u)  unmapped_nand2          3   6.9           
  g1259/in_1                                                                  
  g1259/z                      (u)  unmapped_nand2          1   2.3           
  g1230/in_0                                                                  
  g1230/z                      (u)  unmapped_nand2          3   6.9           
  g1206/in_1                                                                  
  g1206/z                      (u)  unmapped_nand2          1   2.3           
  g1191/in_1                                                                  
  g1191/z                      (u)  unmapped_nand2          3   6.9           
  g1184/in_1                                                                  
  g1184/z                      (u)  unmapped_nand2          1   2.3           
  g1172/in_1                                                                  
  g1172/z                      (u)  unmapped_nand2          2   4.6           
  g1166/in_0                                                                  
  g1166/z                      (u)  unmapped_or2            1   2.3           
  g1167/in_1                                                                  
  g1167/z                      (u)  unmapped_nand2          1 500.0           
cb_parti399/a_row_idx[5] 
a_row_idx[8]                   <<<  interconnect                              
                                    out port                                  
(input_idx_controller_line_31)      ext delay                                 
- - - - - - - - - - - - - - - - - - - - - - - - - - - - - - - - - - - - - - - 
(clock clk)                         capture                           20000 R 
                                    uncertainty                               
------------------------------------------------------------------------------
Cost Group   : 'C2O' (path_group 'C2O')
Start-point  : cb_seqi/a_row_os_reg[3]/clk
End-point    : a_row_idx[8]
Mode         : default_mode

(u) : Net has unmapped pin(s).

The global mapper estimates a slack for this path of 13861ps.
 
Cost Group 'I2O' target slack:   432 ps
Target path end-point (Port: input_idx_controller/sram_rd_en)

               Pin                            Type          Fanout  Load Arrival   
                                                                    (fF)   (ps)    
-----------------------------------------------------------------------------------
(clock clk)                         <<<  launch                                0 R 
(input_idx_controller_line_28_1_1)       ext delay                                 
tpu_start                           (u)  in port                 4 509.2           
cb_parti/tpu_start 
  g402/in_0                                                                        
  g402/z                            (u)  unmapped_complex2       3 504.6           
cb_parti/sram_rd_en 
sram_rd_en                          <<<  interconnect                              
                                         out port                                  
(input_idx_controller_line_31_93_1)      ext delay                                 
- - - - - - - - - - - - - - - - - - - - - - - - - - - - - - - - - - - - - - - - - -
(clock clk)                              capture                           20000 R 
                                         uncertainty                               
-----------------------------------------------------------------------------------
Cost Group   : 'I2O' (path_group 'I2O')
Start-point  : tpu_start
End-point    : sram_rd_en
Mode         : default_mode

(u) : Net has unmapped pin(s).

The global mapper estimates a slack for this path of 14388ps.
 
Cost Group 'C2C' target slack:   588 ps
Target path end-point (Pin: u_ac/j_reg[8]/d)

      Pin                  Type          Fanout  Load Arrival   
                                                 (fF)   (ps)    
----------------------------------------------------------------
(clock clk)      <<<  launch                                0 R 
u_ac
  cb_seqi
    z_reg[7]/clk                                                
    z_reg[7]/q   (u)  unmapped_d_flop         9 518.4           
  cb_seqi/a_row_idx[7] 
  cb_oseqi/cb_seqi_a_row_idx[7] 
    g1184/in_1                                                  
    g1184/z      (u)  unmapped_complex2       3   6.9           
    g2345/in_0                                                  
    g2345/z      (u)  unmapped_nand2          2   4.6           
    g2327/in_1                                                  
    g2327/z      (u)  unmapped_complex2       1   2.3           
    g2328/in_1                                                  
    g2328/z      (u)  unmapped_nand2          1   2.3           
    g2289/in_0                                                  
    g2289/z      (u)  unmapped_nand2          1   2.3           
    g2279/in_1                                                  
    g2279/z      (u)  unmapped_complex2       1   2.3           
    g2274/in_1                                                  
    g2274/z      (u)  unmapped_or2            1   2.3           
    g1913/in_0                                                  
    g1913/z      (u)  unmapped_or2            1   2.3           
    g2264/in_1                                                  
    g2264/z      (u)  unmapped_complex2       1   2.3           
    g2258/in_1                                                  
    g2258/z      (u)  unmapped_or2            1   2.3           
    g2257/in_0                                                  
    g2257/z      (u)  unmapped_complex2       3   6.9           
    g2256/in_1                                                  
    g2256/z      (u)  unmapped_complex2       1   2.3           
    g2251/in_0                                                  
    g2251/z      (u)  unmapped_complex2       8  18.4           
    g2245/in_1                                                  
    g2245/z      (u)  unmapped_complex2       1   2.3           
    g2217/in_1                                                  
    g2217/z      (u)  unmapped_nand2          2   4.6           
    g2193/in_0                                                  
    g2193/z      (u)  unmapped_complex2       2   4.6           
    g2180/in_0                                                  
    g2180/z      (u)  unmapped_complex2       2   4.6           
    g2175/in_0                                                  
    g2175/z      (u)  unmapped_complex2       1   2.3           
    g2168/in_0                                                  
    g2168/z      (u)  unmapped_nand2          1   2.3           
    g2166/in_1                                                  
    g2166/z      (u)  unmapped_nand2          1   2.3           
  cb_oseqi/cb_seqi_g184_g423_z 
  cb_seqi/g184_g423_z 
    j_reg[8]/d   <<<  unmapped_d_flop                           
    j_reg[8]/clk      setup                                     
- - - - - - - - - - - - - - - - - - - - - - - - - - - - - - - - 
(clock clk)           capture                           20000 R 
                      uncertainty                               
----------------------------------------------------------------
Cost Group   : 'C2C' (path_group 'C2C')
Start-point  : u_ac/cb_seqi/z_reg[7]/clk
End-point    : u_ac/cb_seqi/j_reg[8]/d
Mode         : default_mode

(u) : Net has unmapped pin(s).

The global mapper estimates a slack for this path of 18827ps.
 
Cost Group 'I2C' target slack:   588 ps
Target path end-point (Pin: u_ac/j_reg[8]/d)

               Pin                            Type          Fanout  Load Arrival   
                                                                    (fF)   (ps)    
-----------------------------------------------------------------------------------
(clock clk)                         <<<  launch                                0 R 
(input_idx_controller_line_28_18_1)      ext delay                                 
n[4]                                (u)  in port                 4 509.2           
u_ac/n[4] 
  cb_oseqi/n[4] 
    g1184/in_0                                                                     
    g1184/z                         (u)  unmapped_complex2       3   6.9           
    g2345/in_0                                                                     
    g2345/z                         (u)  unmapped_nand2          2   4.6           
    g2327/in_1                                                                     
    g2327/z                         (u)  unmapped_complex2       1   2.3           
    g2328/in_1                                                                     
    g2328/z                         (u)  unmapped_nand2          1   2.3           
    g2289/in_0                                                                     
    g2289/z                         (u)  unmapped_nand2          1   2.3           
    g2279/in_1                                                                     
    g2279/z                         (u)  unmapped_complex2       1   2.3           
    g2274/in_1                                                                     
    g2274/z                         (u)  unmapped_or2            1   2.3           
    g1913/in_0                                                                     
    g1913/z                         (u)  unmapped_or2            1   2.3           
    g2264/in_1                                                                     
    g2264/z                         (u)  unmapped_complex2       1   2.3           
    g2258/in_1                                                                     
    g2258/z                         (u)  unmapped_or2            1   2.3           
    g2257/in_0                                                                     
    g2257/z                         (u)  unmapped_complex2       3   6.9           
    g2256/in_1                                                                     
    g2256/z                         (u)  unmapped_complex2       1   2.3           
    g2251/in_0                                                                     
    g2251/z                         (u)  unmapped_complex2       8  18.4           
    g2245/in_1                                                                     
    g2245/z                         (u)  unmapped_complex2       1   2.3           
    g2217/in_1                                                                     
    g2217/z                         (u)  unmapped_nand2          2   4.6           
    g2193/in_0                                                                     
    g2193/z                         (u)  unmapped_complex2       2   4.6           
    g2180/in_0                                                                     
    g2180/z                         (u)  unmapped_complex2       2   4.6           
    g2175/in_0                                                                     
    g2175/z                         (u)  unmapped_complex2       1   2.3           
    g2168/in_0                                                                     
    g2168/z                         (u)  unmapped_nand2          1   2.3           
    g2166/in_1                                                                     
    g2166/z                         (u)  unmapped_nand2          1   2.3           
  cb_oseqi/cb_seqi_g184_g423_z 
  cb_seqi/g184_g423_z 
    j_reg[8]/d                      <<<  unmapped_d_flop                           
    j_reg[8]/clk                         setup                                     
- - - - - - - - - - - - - - - - - - - - - - - - - - - - - - - - - - - - - - - - - -
(clock clk)                              capture                           20000 R 
                                         uncertainty                               
-----------------------------------------------------------------------------------
Cost Group   : 'I2C' (path_group 'I2C')
Start-point  : n[4]
End-point    : u_ac/cb_seqi/j_reg[8]/d
Mode         : default_mode

(u) : Net has unmapped pin(s).

The global mapper estimates a slack for this path of 19148ps.
 
          Performing post-condense optimization ...

Info    : Hierarchical instance automatically ungrouped. [GLO-51]
        : Instance 'u_ac' in module 'input_idx_controller' would be automatically ungrouped.
        : Hierarchical instances can be automatically ungrouped to allow for better area or timing optimization. To prevent this ungroup, set the root-level attribute 'auto_ungroup' to 'none'. You can also prevent individual ungroup with setting the attribute 'ungroup_ok' of instances or modules to 'false'.
          There are 1 hierarchical instances automatically ungrouped.

State Retention Synthesis Status
================================

Category                        Flops   Percentage
--------------------------------------------------
Total instances                    43        100.0
Excluded from State Retention      43        100.0
    - Will not convert             43        100.0
      - Preserved                   0          0.0
      - Power intent excluded      43        100.0
    - Could not convert             0          0.0
      - Scan type                   0          0.0
      - No suitable cell            0          0.0
State Retention instances           0          0.0
--------------------------------------------------

PBS_Generic_Opt-Post - Elapsed_Time 9, CPU_Time 8.706916
stamp 'PBS_Generic_Opt-Post' being created for table 'pbs_debug'

  Total Time (Wall) |  Stage Time (Wall)  |   % (Wall)   |    Date - Time     |  Memory   | Stage
--------------------+---------------------+--------------+--------------------+-----------+----------------------
 00:00:06(00:00:05) |  00:00:00(00:00:00) |   0.0(  0.0) |   13:04:05 (Mar22) |  536.6 MB | PBS_Generic-Start
--------------------+---------------------+--------------+--------------------+-----------+----------------------
 00:00:15(00:00:14) |  00:00:08(00:00:09) | 100.0(100.0) |   13:04:14 (Mar22) |  881.0 MB | PBS_Generic_Opt-Post
--------------------+---------------------+--------------+--------------------+-----------+----------------------
Number of threads: 8 * 1   (id: pbs_debug, time_info v1.57)
Info: (*N*) indicates data that was populated from previously saved time_info database
Info: CPU time includes time of parent + longest thread
        Applying wireload models.
        Computing net loads.
PBS_Generic-Postgen HBO Optimizations - Elapsed_Time 0, CPU_Time 0.0
stamp 'PBS_Generic-Postgen HBO Optimizations' being created for table 'pbs_debug'

  Total Time (Wall) |  Stage Time (Wall)  |   % (Wall)   |    Date - Time     |  Memory   | Stage
--------------------+---------------------+--------------+--------------------+-----------+----------------------
 00:00:06(00:00:05) |  00:00:00(00:00:00) |   0.0(  0.0) |   13:04:05 (Mar22) |  536.6 MB | PBS_Generic-Start
--------------------+---------------------+--------------+--------------------+-----------+----------------------
 00:00:15(00:00:14) |  00:00:08(00:00:09) | 100.0(100.0) |   13:04:14 (Mar22) |  881.0 MB | PBS_Generic_Opt-Post
--------------------+---------------------+--------------+--------------------+-----------+----------------------
 00:00:15(00:00:14) |  00:00:00(00:00:00) |   0.0(  0.0) |   13:04:14 (Mar22) |  881.0 MB | PBS_Generic-Postgen HBO Optimizations
--------------------+---------------------+--------------+--------------------+-----------+----------------------
Number of threads: 8 * 1   (id: pbs_debug, time_info v1.57)
Info: (*N*) indicates data that was populated from previously saved time_info database
Info: CPU time includes time of parent + longest thread
##>=================== Cadence Confidential (Generic-Logical) ===================
##>=================== Cadence Confidential (Generic-Logical) ===================
##>Main Thread Summary:
##>----------------------------------------------------------------------------------------
##>STEP                           Elapsed       WNS       TNS     Insts      Area    Memory
##>----------------------------------------------------------------------------------------
##>G:Initial                            0         -         -       814      2867       536
##>G:Setup                              0         -         -         -         -         -
##>G:Launch ST                          0         -         -         -         -         -
##>G:Design Partition                   0         -         -         -         -         -
##>G:Create Partition Netlists          0         -         -         -         -         -
##>G:Init Power                         0         -         -         -         -         -
##>G:Budgeting                          0         -         -         -         -         -
##>G:Derenv-DB                          0         -         -         -         -         -
##>G:Debug Outputs                      0         -         -         -         -         -
##>G:ST loading                         0         -         -         -         -         -
##>G:Distributed                        0         -         -         -         -         -
##>G:Timer                              0         -         -         -         -         -
##>G:Assembly                           0         -         -         -         -         -
##>G:DFT                                0         -         -         -         -         -
##>G:Const Prop                         0         -         -       550      2110       881
##>G:Misc                               9
##>----------------------------------------------------------------------------------------
##>Total Elapsed                        9
##>========================================================================================
Info    : Done synthesizing. [SYNTH-2]
        : Done synthesizing 'input_idx_controller' to generic gates.
        Applying wireload models.
        Computing net loads.
      flow.cputime  flow.realtime  timing.setup.tns  timing.setup.wns  snapshot
UM:*                                                                   syn_gen
@file(2_synthesis.tcl) 11: report datapath > $gn::reportDir/syn_preopt.datapath_generic.rpt
Beginning report datapath command
        Applying wireload models.
        Computing net loads.
@file(2_synthesis.tcl) 16: set_db syn_map_effort $gn::MAP_EFFORT
  Setting attribute of root '/': 'syn_map_effort' = high
@file(2_synthesis.tcl) 17: syn_map
##Generic Timing Info for library domain: _default_ typical gate delay: 42.9 ps std_slew: 10.2 ps std_load: 2.3 fF
Info    : Mapping. [SYNTH-4]
        : Mapping 'input_idx_controller' using 'high' effort.
Mapper: Libraries have:
	domain _default_: 441 combo usable cells and 280 sequential usable cells
Configuring mapper costing (none)
TNS Restructuring config: no_value at stage: map applied.
PBS_TechMap-Start - Elapsed_Time 0, CPU_Time 0.0
stamp 'PBS_TechMap-Start' being created for table 'pbs_debug'

  Total Time (Wall) |  Stage Time (Wall)  |   % (Wall)   |    Date - Time     |  Memory   | Stage
--------------------+---------------------+--------------+--------------------+-----------+----------------------
 00:00:06(00:00:05) |  00:00:00(00:00:00) |   0.0(  0.0) |   13:04:05 (Mar22) |  536.6 MB | PBS_Generic-Start
--------------------+---------------------+--------------+--------------------+-----------+----------------------
 00:00:15(00:00:14) |  00:00:08(00:00:09) | 100.0(100.0) |   13:04:14 (Mar22) |  881.0 MB | PBS_Generic_Opt-Post
--------------------+---------------------+--------------+--------------------+-----------+----------------------
 00:00:15(00:00:14) |  00:00:00(00:00:00) |   0.0(  0.0) |   13:04:14 (Mar22) |  881.0 MB | PBS_Generic-Postgen HBO Optimizations
--------------------+---------------------+--------------+--------------------+-----------+----------------------
 00:00:15(00:00:14) |  00:00:00(00:00:00) |   0.0(  0.0) |   13:04:14 (Mar22) |  881.0 MB | PBS_TechMap-Start
--------------------+---------------------+--------------+--------------------+-----------+----------------------
Number of threads: 8 * 1   (id: pbs_debug, time_info v1.57)
Info: (*N*) indicates data that was populated from previously saved time_info database
Info: CPU time includes time of parent + longest thread
        Applying wireload models.
        Computing net loads.
PBS_TechMap-Premap HBO Optimizations - Elapsed_Time 0, CPU_Time 0.0
stamp 'PBS_TechMap-Premap HBO Optimizations' being created for table 'pbs_debug'

  Total Time (Wall) |  Stage Time (Wall)  |   % (Wall)   |    Date - Time     |  Memory   | Stage
--------------------+---------------------+--------------+--------------------+-----------+----------------------
 00:00:06(00:00:05) |  00:00:00(00:00:00) |   0.0(  0.0) |   13:04:05 (Mar22) |  536.6 MB | PBS_Generic-Start
--------------------+---------------------+--------------+--------------------+-----------+----------------------
 00:00:15(00:00:14) |  00:00:08(00:00:09) | 100.0(100.0) |   13:04:14 (Mar22) |  881.0 MB | PBS_Generic_Opt-Post
--------------------+---------------------+--------------+--------------------+-----------+----------------------
 00:00:15(00:00:14) |  00:00:00(00:00:00) |   0.0(  0.0) |   13:04:14 (Mar22) |  881.0 MB | PBS_Generic-Postgen HBO Optimizations
--------------------+---------------------+--------------+--------------------+-----------+----------------------
 00:00:15(00:00:14) |  00:00:00(00:00:00) |   0.0(  0.0) |   13:04:14 (Mar22) |  881.0 MB | PBS_TechMap-Start
--------------------+---------------------+--------------+--------------------+-----------+----------------------
 00:00:15(00:00:14) |  00:00:00(00:00:00) |   0.0(  0.0) |   13:04:14 (Mar22) |  881.0 MB | PBS_TechMap-Premap HBO Optimizations
--------------------+---------------------+--------------+--------------------+-----------+----------------------
Number of threads: 8 * 1   (id: pbs_debug, time_info v1.57)
Info: (*N*) indicates data that was populated from previously saved time_info database
Info: CPU time includes time of parent + longest thread
Info    : Partition Based Synthesis execution skipped. [PHYS-752]
        : Design size is less than the partition size '100000' for distributed mapping optimization to kick in.
Mapper: Libraries have:
	domain _default_: 441 combo usable cells and 280 sequential usable cells
      Mapping 'input_idx_controller'...
        Preparing the circuit
          Pruning unused logic
          Analyzing hierarchical boundaries
          Aggressive hierarchical optimization: disabled
          Propagating constants
        Done preparing the circuit
          Structuring (delay-based) input_idx_controller...
            Starting redundancy-removal...
            Finished redundancy-removal...
          Done structuring (delay-based) input_idx_controller
Multi-threaded Virtual Mapping    (8 threads per ST process, 8 of 16 CPUs usable)
 
Global mapping target info
==========================
Cost Group 'C2O' target slack:   440 ps
Target path end-point (Port: input_idx_controller/a_row_idx[8])

             Pin                         Type          Fanout  Load Arrival   
                                                               (fF)   (ps)    
------------------------------------------------------------------------------
(clock clk)                    <<<  launch                                0 R 
a_row_os_reg[3]/clk                                                           
a_row_os_reg[3]/q              (u)  unmapped_d_flop         4   9.2           
g11/in_1                                                                      
g11/z                          (u)  unmapped_nand2          4   9.2           
g4006/in_1                                                                    
g4006/z                        (u)  unmapped_complex2       1   2.3           
g3949/in_0                                                                    
g3949/z                        (u)  unmapped_nand2          3   6.9           
g3893/in_1                                                                    
g3893/z                        (u)  unmapped_nand2          1   2.3           
g3864/in_0                                                                    
g3864/z                        (u)  unmapped_nand2          3   6.9           
g3823/in_1                                                                    
g3823/z                        (u)  unmapped_nand2          1   2.3           
g3797/in_0                                                                    
g3797/z                        (u)  unmapped_nand2          3   6.9           
g3792/in_1                                                                    
g3792/z                        (u)  unmapped_nand2          1   2.3           
g3767/in_0                                                                    
g3767/z                        (u)  unmapped_nand2          2   4.6           
g3761/in_0                                                                    
g3761/z                        (u)  unmapped_or2            1   2.3           
g3762/in_1                                                                    
g3762/z                        (u)  unmapped_nand2          1 500.0           
a_row_idx[8]                   <<<  interconnect                              
                                    out port                                  
(input_idx_controller_line_31)      ext delay                                 
- - - - - - - - - - - - - - - - - - - - - - - - - - - - - - - - - - - - - - - 
(clock clk)                         capture                           20000 R 
                                    uncertainty                               
------------------------------------------------------------------------------
Cost Group   : 'C2O' (path_group 'C2O')
Start-point  : a_row_os_reg[3]/clk
End-point    : a_row_idx[8]
Mode         : default_mode

(u) : Net has unmapped pin(s).

The global mapper estimates a slack for this path of 13842ps.
 
Cost Group 'I2O' target slack:   433 ps
Target path end-point (Port: input_idx_controller/sram_rd_en)

               Pin                            Type          Fanout  Load Arrival   
                                                                    (fF)   (ps)    
-----------------------------------------------------------------------------------
(clock clk)                         <<<  launch                                0 R 
(input_idx_controller_line_28_1_1)       ext delay                                 
tpu_start                           (u)  in port                 2 504.6           
g4143/in_1                                                                         
g4143/z                             (u)  unmapped_complex2       3   6.9           
g4144/in_0                                                                         
g4144/z                             (u)  unmapped_not            1 500.0           
sram_rd_en                          <<<  interconnect                              
                                         out port                                  
(input_idx_controller_line_31_93_1)      ext delay                                 
- - - - - - - - - - - - - - - - - - - - - - - - - - - - - - - - - - - - - - - - - -
(clock clk)                              capture                           20000 R 
                                         uncertainty                               
-----------------------------------------------------------------------------------
Cost Group   : 'I2O' (path_group 'I2O')
Start-point  : tpu_start
End-point    : sram_rd_en
Mode         : default_mode

(u) : Net has unmapped pin(s).

The global mapper estimates a slack for this path of 14401ps.
 
Cost Group 'I2C' target slack:   588 ps
Target path end-point (Pin: u_ac_j_reg[8]/d)

               Pin                            Type          Fanout  Load Arrival   
                                                                    (fF)   (ps)    
-----------------------------------------------------------------------------------
(clock clk)                         <<<  launch                                0 R 
(input_idx_controller_line_28_20_1)      ext delay                                 
n[2]                                (u)  in port                 4 509.2           
u_ac_g1206/in_1                                                                    
u_ac_g1206/z                        (u)  unmapped_complex2       3   6.9           
g3968/in_0                                                                         
g3968/z                             (u)  unmapped_nand2          2   4.6           
g3912/in_1                                                                         
g3912/z                             (u)  unmapped_or2            1   2.3           
g3871/in_1                                                                         
g3871/z                             (u)  unmapped_nand2          1   2.3           
g3859/in_1                                                                         
g3859/z                             (u)  unmapped_complex2       1   2.3           
g3829/in_0                                                                         
g3829/z                             (u)  unmapped_complex2       1   2.3           
g3800/in_0                                                                         
g3800/z                             (u)  unmapped_or2            1   2.3           
g3777/in_1                                                                         
g3777/z                             (u)  unmapped_complex2       1   2.3           
g3771/in_1                                                                         
g3771/z                             (u)  unmapped_complex2       1   2.3           
g3144/in_0                                                                         
g3144/z                             (u)  unmapped_or2            1   2.3           
g3753/in_0                                                                         
g3753/z                             (u)  unmapped_complex2       1   2.3           
g3750/in_1                                                                         
g3750/z                             (u)  unmapped_complex2       1   2.3           
g3749/in_0                                                                         
g3749/z                             (u)  unmapped_or2            1   2.3           
g3230/in_0                                                                         
g3230/z                             (u)  unmapped_or2            3   6.9           
g3748/in_1                                                                         
g3748/z                             (u)  unmapped_complex2       1   2.3           
g3742/in_0                                                                         
g3742/z                             (u)  unmapped_complex2       8  18.4           
g3718/in_1                                                                         
g3718/z                             (u)  unmapped_complex2       1   2.3           
g3705/in_1                                                                         
g3705/z                             (u)  unmapped_nand2          2   4.6           
g3685/in_0                                                                         
g3685/z                             (u)  unmapped_complex2       2   4.6           
g3674/in_0                                                                         
g3674/z                             (u)  unmapped_complex2       2   4.6           
g3667/in_0                                                                         
g3667/z                             (u)  unmapped_complex2       1   2.3           
g3661/in_0                                                                         
g3661/z                             (u)  unmapped_nand2          1   2.3           
g3659/in_1                                                                         
g3659/z                             (u)  unmapped_nand2          1   2.3           
u_ac_j_reg[8]/d                     <<<  unmapped_d_flop                           
u_ac_j_reg[8]/clk                        setup                                     
- - - - - - - - - - - - - - - - - - - - - - - - - - - - - - - - - - - - - - - - - -
(clock clk)                              capture                           20000 R 
                                         uncertainty                               
-----------------------------------------------------------------------------------
Cost Group   : 'I2C' (path_group 'I2C')
Start-point  : n[2]
End-point    : u_ac_j_reg[8]/d
Mode         : default_mode

(u) : Net has unmapped pin(s).

The global mapper estimates a slack for this path of 19093ps.
 
Cost Group 'C2C' target slack:   588 ps
Target path end-point (Pin: u_ac_j_reg[8]/d)

      Pin                   Type          Fanout  Load Arrival   
                                                  (fF)   (ps)    
-----------------------------------------------------------------
(clock clk)       <<<  launch                                0 R 
u_ac_z_reg[5]/clk                                                
u_ac_z_reg[5]/q   (u)  unmapped_d_flop         9 518.4           
u_ac_g1206/in_0                                                  
u_ac_g1206/z      (u)  unmapped_complex2       3   6.9           
g3968/in_0                                                       
g3968/z           (u)  unmapped_nand2          2   4.6           
g3912/in_1                                                       
g3912/z           (u)  unmapped_or2            1   2.3           
g3871/in_1                                                       
g3871/z           (u)  unmapped_nand2          1   2.3           
g3859/in_1                                                       
g3859/z           (u)  unmapped_complex2       1   2.3           
g3829/in_0                                                       
g3829/z           (u)  unmapped_complex2       1   2.3           
g3800/in_0                                                       
g3800/z           (u)  unmapped_or2            1   2.3           
g3777/in_1                                                       
g3777/z           (u)  unmapped_complex2       1   2.3           
g3771/in_1                                                       
g3771/z           (u)  unmapped_complex2       1   2.3           
g3144/in_0                                                       
g3144/z           (u)  unmapped_or2            1   2.3           
g3753/in_0                                                       
g3753/z           (u)  unmapped_complex2       1   2.3           
g3750/in_1                                                       
g3750/z           (u)  unmapped_complex2       1   2.3           
g3749/in_0                                                       
g3749/z           (u)  unmapped_or2            1   2.3           
g3230/in_0                                                       
g3230/z           (u)  unmapped_or2            3   6.9           
g3748/in_1                                                       
g3748/z           (u)  unmapped_complex2       1   2.3           
g3742/in_0                                                       
g3742/z           (u)  unmapped_complex2       8  18.4           
g3718/in_1                                                       
g3718/z           (u)  unmapped_complex2       1   2.3           
g3705/in_1                                                       
g3705/z           (u)  unmapped_nand2          2   4.6           
g3685/in_0                                                       
g3685/z           (u)  unmapped_complex2       2   4.6           
g3674/in_0                                                       
g3674/z           (u)  unmapped_complex2       2   4.6           
g3667/in_0                                                       
g3667/z           (u)  unmapped_complex2       1   2.3           
g3661/in_0                                                       
g3661/z           (u)  unmapped_nand2          1   2.3           
g3659/in_1                                                       
g3659/z           (u)  unmapped_nand2          1   2.3           
u_ac_j_reg[8]/d   <<<  unmapped_d_flop                           
u_ac_j_reg[8]/clk      setup                                     
- - - - - - - - - - - - - - - - - - - - - - - - - - - - - - - - -
(clock clk)            capture                           20000 R 
                       uncertainty                               
-----------------------------------------------------------------
Cost Group   : 'C2C' (path_group 'C2C')
Start-point  : u_ac_z_reg[5]/clk
End-point    : u_ac_j_reg[8]/d
Mode         : default_mode

(u) : Net has unmapped pin(s).

The global mapper estimates a slack for this path of 18763ps.
 
          Restructuring (delay-based) input_idx_controller...
          Done restructuring (delay-based) input_idx_controller
        Optimizing component input_idx_controller...
Multi-threaded Virtual Mapping    (8 threads per ST process, 8 of 16 CPUs usable)
Multi-threaded Technology Mapping (8 threads per ST process, 8 of 16 CPUs usable)
 
Global mapping timing result
============================
        Applying wireload models.
        Computing net loads.
        Tracing clock networks.
        Levelizing the circuit.
        Computing delays.
        Computing arrivals and requireds.
               Pin                         Type       Fanout  Load Slew Delay Arrival   
                                                              (fF) (ps)  (ps)   (ps)    
----------------------------------------------------------------------------------------
(clock clk)                              launch                                     0 R 
(input_idx_controller_line_28_12_1)      ext delay                       +250     250 R 
m[3]                                     in port           2 502.0    0    +0     250 R 
p17509A5879/A2                                                             +0     250   
p17509A5879/ZN                           NR2D1             3   2.7   90   +15     265 F 
p17509A/B                                                                  +0     265   
p17509A/ZN                               AOI21D1           2   1.7  153   +71     336 R 
p17562A5859/B1                                                             +0     336   
p17562A5859/ZN                           OAI22D1           1   0.7   55   +60     396 F 
p17562A/C                                                                  +0     396   
p17562A/ZN                               AOI221D0          1   0.7  144  +140     535 R 
p17693A/C                                                                  +0     535   
p17693A/ZN                               OAI221D0          1   0.7  718  +108     644 F 
p17770A/C                                                                  +0     644   
p17770A/ZN                               AOI221D0          1   1.1  590  +271     914 R 
p17920A/B                                                                  +0     914   
p17920A/ZN                               OAI211D1          3   2.5  143  +142    1057 F 
p17858A/A1                                                                 +0    1057   
p17858A/ZN                               IND3D1           20  20.4  318  +262    1319 F 
Fp18065A/I                                                                 +0    1319   
Fp18065A/ZN                              INVD2            10  15.5  129  +117    1436 R 
p18135A/B                                                                  +0    1436   
p18135A/ZN                               OAI211D1          1   0.9   56   +70    1506 F 
p18161A5835/B                                                              +0    1506   
p18161A5835/ZN                           IOA21D1           1   0.9   32   +26    1532 R 
num_computated_reg[3]/D             <<<  DFKCNQD1                          +0    1532   
num_computated_reg[3]/CP                 setup                      150   +88    1621 R 
- - - - - - - - - - - - - - - - - - - - - - - - - - - - - - - - - - - - - - - - - - - - 
(clock clk)                              capture                                20000 R 
                                         uncertainty                     -150   19850 R 
----------------------------------------------------------------------------------------
Cost Group   : 'I2C' (path_group 'I2C')
Timing slack :   18229ps 
Start-point  : m[3]
End-point    : num_computated_reg[3]/D
Mode         : default_mode

          Pin                   Type       Fanout  Load Slew Delay Arrival   
                                                   (fF) (ps)  (ps)   (ps)    
-----------------------------------------------------------------------------
(clock clk)                   launch                                     0 R 
u_ac_i_reg[3]/CP                                         150    +0       0 R 
u_ac_i_reg[3]/Q               DFQD1            10 508.2 4281 +2374    2374 R 
p17693A/B1                                                      +0    2374   
p17693A/ZN                    OAI221D0          1   0.7  718  +634    3009 F 
p17770A/C                                                       +0    3009   
p17770A/ZN                    AOI221D0          1   1.1  590  +271    3280 R 
p17920A/B                                                       +0    3280   
p17920A/ZN                    OAI211D1          3   2.5  143  +142    3422 F 
p17858A/A1                                                      +0    3422   
p17858A/ZN                    IND3D1           20  20.4  318  +262    3684 F 
Fp18065A/I                                                      +0    3684   
Fp18065A/ZN                   INVD2            10  15.5  129  +117    3801 R 
p18135A/B                                                       +0    3801   
p18135A/ZN                    OAI211D1          1   0.9   56   +70    3871 F 
p18161A5835/B                                                   +0    3871   
p18161A5835/ZN                IOA21D1           1   0.9   32   +26    3898 R 
num_computated_reg[3]/D  <<<  DFKCNQD1                          +0    3898   
num_computated_reg[3]/CP      setup                      150   +88    3986 R 
- - - - - - - - - - - - - - - - - - - - - - - - - - - - - - - - - - - - - - -
(clock clk)                   capture                                20000 R 
                              uncertainty                     -150   19850 R 
-----------------------------------------------------------------------------
Cost Group   : 'C2C' (path_group 'C2C')
Timing slack :   15864ps 
Start-point  : u_ac_i_reg[3]/CP
End-point    : num_computated_reg[3]/D
Mode         : default_mode

               Pin                          Type       Fanout  Load Slew Delay Arrival   
                                                               (fF) (ps)  (ps)   (ps)    
-----------------------------------------------------------------------------------------
(clock clk)                              launch                                      0 R 
(input_idx_controller_line_28_1_1)       ext delay                        +250     250 R 
tpu_start                                in port            2 504.1    0    +0     250 R 
p13496A/A2                                                                  +0     250   
p13496A/Z                                AN2D8              3 501.5  537  +323     573 R 
sram_rd_en                          <<<  interconnect                537    +0     573 R 
                                         out port                           +0     573 R 
(input_idx_controller_line_31_93_1)      ext delay                       +5000    5573 R 
- - - - - - - - - - - - - - - - - - - - - - - - - - - - - - - - - - - - - - - - - - - - -
(clock clk)                              capture                                 20000 R 
                                         uncertainty                      -150   19850 R 
-----------------------------------------------------------------------------------------
Cost Group   : 'I2O' (path_group 'I2O')
Timing slack :   14277ps 
Start-point  : tpu_start
End-point    : sram_rd_en
Mode         : default_mode

             Pin                       Type       Fanout  Load Slew Delay Arrival   
                                                          (fF) (ps)  (ps)   (ps)    
------------------------------------------------------------------------------------
(clock clk)                         launch                                      0 R 
u_ac_z_reg[3]/CP                                                150    +0       0 R 
u_ac_z_reg[3]/Q                     DFQD1              9 507.4 4274 +2371    2371 R 
p13133A/A2                                                             +0    2371   
p13133A/ZN                          CKND2D1            4   5.4  697  +498    2869 F 
p13167A/A2                                                             +0    2869   
p13167A/ZN                          OAI21D1            2   1.8  166  +135    3004 R 
Fp13166A/I                                                             +0    3004   
Fp13166A/ZN                         INVD1              2   1.8   44   +38    3042 F 
p13184A/A1                                                             +0    3042   
p13184A/ZN                          OAI21D1            3   2.5  162   +52    3094 R 
p13196A/A1                                                             +0    3094   
p13196A/ZN                          IOA21D1            3   2.5  136   +98    3192 R 
p13220A/A1                                                             +0    3192   
p13220A/ZN                          IOA21D1            2   1.8  126   +90    3283 R 
p13247A5850/A1                                                         +0    3283   
p13247A5850/Z                       AN2XD1             1   2.2   43   +69    3352 R 
p13246A/A1                                                             +0    3352   
p13246A/Z                           OR2D8              1 500.0  534  +331    3683 R 
a_row_idx[8]                   <<<  interconnect                534    +0    3683 R 
                                    out port                           +0    3683 R 
(input_idx_controller_line_31)      ext delay                       +5000    8683 R 
- - - - - - - - - - - - - - - - - - - - - - - - - - - - - - - - - - - - - - - - - - 
(clock clk)                         capture                                 20000 R 
                                    uncertainty                      -150   19850 R 
------------------------------------------------------------------------------------
Cost Group   : 'C2O' (path_group 'C2O')
Timing slack :   11167ps 
Start-point  : u_ac_z_reg[3]/CP
End-point    : a_row_idx[8]
Mode         : default_mode

 
 
Global mapping status
=====================
                                   Group   
                                  Tot Wrst 
                           Total  Weighted 
Operation                   Area   Slacks  
 global_map                 1156        0 

    Cost Group            Target    Slack    Diff.  Constr.
-----------------------------------------------------------
           C2O               440    11167             20000 
           I2O               433    14277             20000 
           I2C               588    18229             20000 
           C2C               588    15864             20000 

 
Global incremental target info
==============================
Cost Group 'C2O' target slack:   291 ps
Target path end-point (Port: input_idx_controller/a_row_idx[8])

             Pin                       Type       Fanout  Load Arrival   
                                                          (fF)   (ps)    
-------------------------------------------------------------------------
(clock clk)                    <<<  launch                           0 R 
u_ac_z_reg[3]/CP                                                         
u_ac_z_reg[3]/Q                     DFQD1              9 507.4           
p13133A/A2                                                               
p13133A/ZN                          CKND2D1            4   5.4           
p13167A/A2                                                               
p13167A/ZN                          OAI21D1            2   1.8           
Fp13166A/I                                                               
Fp13166A/ZN                         INVD1              2   1.8           
p13184A/A1                                                               
p13184A/ZN                          OAI21D1            3   2.5           
p13196A/A1                                                               
p13196A/ZN                          IOA21D1            3   2.5           
p13220A/A1                                                               
p13220A/ZN                          IOA21D1            2   1.8           
p13247A5850/A1                                                           
p13247A5850/Z                       AN2XD1             1   2.2           
p13246A/A1                                                               
p13246A/Z                           OR2D8              1 500.0           
a_row_idx[8]                   <<<  interconnect                         
                                    out port                             
(input_idx_controller_line_31)      ext delay                            
- - - - - - - - - - - - - - - - - - - - - - - - - - - - - - - - - - - - -
(clock clk)                         capture                      20000 R 
                                    uncertainty                          
-------------------------------------------------------------------------
Cost Group   : 'C2O' (path_group 'C2O')
Start-point  : u_ac_z_reg[3]/CP
End-point    : a_row_idx[8]
Mode         : default_mode

The global mapper estimates a slack for this path of 10739ps.
 
Cost Group 'I2O' target slack:   286 ps
Target path end-point (Port: input_idx_controller/sram_rd_en)

               Pin                          Type       Fanout  Load Arrival   
                                                               (fF)   (ps)    
------------------------------------------------------------------------------
(clock clk)                         <<<  launch                           0 R 
(input_idx_controller_line_28_1_1)       ext delay                            
tpu_start                                in port            2 504.1           
p13496A/A2                                                                    
p13496A/Z                                AN2D8              3 501.5           
sram_rd_en                          <<<  interconnect                         
                                         out port                             
(input_idx_controller_line_31_93_1)      ext delay                            
- - - - - - - - - - - - - - - - - - - - - - - - - - - - - - - - - - - - - - - 
(clock clk)                              capture                      20000 R 
                                         uncertainty                          
------------------------------------------------------------------------------
Cost Group   : 'I2O' (path_group 'I2O')
Start-point  : tpu_start
End-point    : sram_rd_en
Mode         : default_mode

The global mapper estimates a slack for this path of 14277ps.
 
Cost Group 'I2C' target slack:   390 ps
Target path end-point (Pin: num_computated_reg[3]/D (DFKCNQD1/D))

               Pin                         Type       Fanout  Load Arrival   
                                                              (fF)   (ps)    
-----------------------------------------------------------------------------
(clock clk)                         <<<  launch                          0 R 
(input_idx_controller_line_28_12_1)      ext delay                           
m[3]                                     in port           2 502.0           
p17509A5879/A2                                                               
p17509A5879/ZN                           NR2D1             3   2.7           
p17509A/B                                                                    
p17509A/ZN                               AOI21D1           2   1.7           
p17562A5859/B1                                                               
p17562A5859/ZN                           OAI22D1           1   0.7           
p17562A/C                                                                    
p17562A/ZN                               AOI221D0          1   0.7           
p17693A/C                                                                    
p17693A/ZN                               OAI221D0          1   0.7           
p17770A/C                                                                    
p17770A/ZN                               AOI221D0          1   1.1           
p17920A/B                                                                    
p17920A/ZN                               OAI211D1          3   2.5           
p17858A/A1                                                                   
p17858A/ZN                               IND3D1           20  20.4           
Fp18065A/I                                                                   
Fp18065A/ZN                              INVD2            10  15.5           
p18135A/B                                                                    
p18135A/ZN                               OAI211D1          1   0.9           
p18161A5835/B                                                                
p18161A5835/ZN                           IOA21D1           1   0.9           
num_computated_reg[3]/D             <<<  DFKCNQD1                            
num_computated_reg[3]/CP                 setup                               
- - - - - - - - - - - - - - - - - - - - - - - - - - - - - - - - - - - - - - -
(clock clk)                              capture                     20000 R 
                                         uncertainty                         
-----------------------------------------------------------------------------
Cost Group   : 'I2C' (path_group 'I2C')
Start-point  : m[3]
End-point    : num_computated_reg[3]/D
Mode         : default_mode

The global mapper estimates a slack for this path of 18192ps.
 
Cost Group 'C2C' target slack:   390 ps
Target path end-point (Pin: num_computated_reg[3]/D (DFKCNQD1/D))

          Pin                   Type       Fanout  Load Arrival   
                                                   (fF)   (ps)    
------------------------------------------------------------------
(clock clk)              <<<  launch                          0 R 
u_ac_i_reg[3]/CP                                                  
u_ac_i_reg[3]/Q               DFQD1            10 508.2           
p17693A/B1                                                        
p17693A/ZN                    OAI221D0          1   0.7           
p17770A/C                                                         
p17770A/ZN                    AOI221D0          1   1.1           
p17920A/B                                                         
p17920A/ZN                    OAI211D1          3   2.5           
p17858A/A1                                                        
p17858A/ZN                    IND3D1           20  20.4           
Fp18065A/I                                                        
Fp18065A/ZN                   INVD2            10  15.5           
p18135A/B                                                         
p18135A/ZN                    OAI211D1          1   0.9           
p18161A5835/B                                                     
p18161A5835/ZN                IOA21D1           1   0.9           
num_computated_reg[3]/D  <<<  DFKCNQD1                            
num_computated_reg[3]/CP      setup                               
- - - - - - - - - - - - - - - - - - - - - - - - - - - - - - - - - 
(clock clk)                   capture                     20000 R 
                              uncertainty                         
------------------------------------------------------------------
Cost Group   : 'C2C' (path_group 'C2C')
Start-point  : u_ac_i_reg[3]/CP
End-point    : num_computated_reg[3]/D
Mode         : default_mode

The global mapper estimates a slack for this path of 15431ps.
 
 
Global incremental timing result
================================
        Applying wireload models.
        Computing net loads.
        Tracing clock networks.
        Levelizing the circuit.
        Computing delays.
        Computing arrivals and requireds.
               Pin                         Type       Fanout  Load Slew Delay Arrival   
                                                              (fF) (ps)  (ps)   (ps)    
----------------------------------------------------------------------------------------
(clock clk)                              launch                                     0 R 
(input_idx_controller_line_28_18_1)      ext delay                       +250     250 F 
n[4]                                     in port           3 503.2    0    +0     250 F 
p17545A/A2                                                                 +0     250   
p17545A/ZN                               NR2D0             3   2.1  105   +64     314 R 
p17570A/B                                                                  +0     314   
p17570A/ZN                               AOI21D0           2   1.3   55   +48     362 F 
p17584A/B1                                                                 +0     362   
p17584A/ZN                               AOI22D0           1   0.7   83   +77     439 R 
p17595A/B                                                                  +0     439   
p17595A/ZN                               OAI211D0          1   0.7   72   +76     515 F 
p17617A/B                                                                  +0     515   
p17617A/ZN                               IAO21D0           1   0.7   56   +53     568 R 
p17629A/C                                                                  +0     568   
p17629A/ZN                               OAI221D0          1   1.0   90   +95     664 F 
p17708A/B                                                                  +0     664   
p17708A/ZN                               AOI211D1          1   0.7  181   +90     753 R 
p17743A/B                                                                  +0     753   
p17743A/ZN                               OAI211D0          1   0.8   81   +97     850 F 
p17763A/B2                                                                 +0     850   
p17763A/ZN                               INR3D0            3   2.0   92   +70     920 R 
p17796A/A1                                                                 +0     920   
p17796A/ZN                               INR2D0            4   2.7  123  +115    1035 R 
p17858A/B2                                                                 +0    1035   
p17858A/ZN                               IND3D0           20  13.9  427  +280    1315 F 
Fp18065A/I                                                                 +0    1315   
Fp18065A/ZN                              CKND0            10  15.1  291  +269    1584 R 
p18135A/B                                                                  +0    1584   
p18135A/ZN                               OAI211D0          1   0.6   92  +110    1694 F 
p18161A5835/B                                                              +0    1694   
p18161A5835/ZN                           IOA21D0           1   0.9   42   +43    1737 R 
num_computated_reg[3]/D             <<<  DFKCNQD1                          +0    1737   
num_computated_reg[3]/CP                 setup                      150   +90    1827 R 
- - - - - - - - - - - - - - - - - - - - - - - - - - - - - - - - - - - - - - - - - - - - 
(clock clk)                              capture                                20000 R 
                                         uncertainty                     -150   19850 R 
----------------------------------------------------------------------------------------
Cost Group   : 'I2C' (path_group 'I2C')
Timing slack :   18023ps 
Start-point  : n[4]
End-point    : num_computated_reg[3]/D
Mode         : default_mode

          Pin                   Type       Fanout  Load Slew Delay Arrival   
                                                   (fF) (ps)  (ps)   (ps)    
-----------------------------------------------------------------------------
(clock clk)                   launch                                     0 R 
u_ac_z_reg[7]/CP                                         150    +0       0 R 
u_ac_z_reg[7]/Q               DFQD4             9 512.0 1078  +701     701 R 
Fp6888A5925/I                                                   +0     701   
Fp6888A5925/ZN                CKND2             1   0.6  139   +40     741 F 
p17545A/A1                                                      +0     741   
p17545A/ZN                    NR2D0             3   2.1  105   +96     838 R 
p17570A/B                                                       +0     838   
p17570A/ZN                    AOI21D0           2   1.3   55   +48     886 F 
p17584A/B1                                                      +0     886   
p17584A/ZN                    AOI22D0           1   0.7   83   +77     963 R 
p17595A/B                                                       +0     963   
p17595A/ZN                    OAI211D0          1   0.7   72   +76    1039 F 
p17617A/B                                                       +0    1039   
p17617A/ZN                    IAO21D0           1   0.7   56   +53    1092 R 
p17629A/C                                                       +0    1092   
p17629A/ZN                    OAI221D0          1   1.0   90   +95    1188 F 
p17708A/B                                                       +0    1188   
p17708A/ZN                    AOI211D1          1   0.7  181   +90    1277 R 
p17743A/B                                                       +0    1277   
p17743A/ZN                    OAI211D0          1   0.8   81   +97    1374 F 
p17763A/B2                                                      +0    1374   
p17763A/ZN                    INR3D0            3   2.0   92   +70    1444 R 
p17796A/A1                                                      +0    1444   
p17796A/ZN                    INR2D0            4   2.7  123  +115    1559 R 
p17858A/B2                                                      +0    1559   
p17858A/ZN                    IND3D0           20  13.9  427  +280    1839 F 
Fp18065A/I                                                      +0    1839   
Fp18065A/ZN                   CKND0            10  15.1  291  +269    2108 R 
p18135A/B                                                       +0    2108   
p18135A/ZN                    OAI211D0          1   0.6   92  +110    2218 F 
p18161A5835/B                                                   +0    2218   
p18161A5835/ZN                IOA21D0           1   0.9   42   +43    2261 R 
num_computated_reg[3]/D  <<<  DFKCNQD1                          +0    2261   
num_computated_reg[3]/CP      setup                      150   +90    2351 R 
- - - - - - - - - - - - - - - - - - - - - - - - - - - - - - - - - - - - - - -
(clock clk)                   capture                                20000 R 
                              uncertainty                     -150   19850 R 
-----------------------------------------------------------------------------
Cost Group   : 'C2C' (path_group 'C2C')
Timing slack :   17499ps 
Start-point  : u_ac_z_reg[7]/CP
End-point    : num_computated_reg[3]/D
Mode         : default_mode

               Pin                          Type       Fanout  Load Slew Delay Arrival   
                                                               (fF) (ps)  (ps)   (ps)    
-----------------------------------------------------------------------------------------
(clock clk)                              launch                                      0 R 
(input_idx_controller_line_28_1_1)       ext delay                        +250     250 R 
tpu_start                                in port            2 504.1    0    +0     250 R 
p13496A/A2                                                                  +0     250   
p13496A/Z                                AN2D8              3 501.3  536  +323     573 R 
sram_rd_en                          <<<  interconnect                536    +0     573 R 
                                         out port                           +0     573 R 
(input_idx_controller_line_31_93_1)      ext delay                       +5000    5573 R 
- - - - - - - - - - - - - - - - - - - - - - - - - - - - - - - - - - - - - - - - - - - - -
(clock clk)                              capture                                 20000 R 
                                         uncertainty                      -150   19850 R 
-----------------------------------------------------------------------------------------
Cost Group   : 'I2O' (path_group 'I2O')
Timing slack :   14277ps 
Start-point  : tpu_start
End-point    : sram_rd_en
Mode         : default_mode

             Pin                       Type       Fanout  Load Slew Delay Arrival   
                                                          (fF) (ps)  (ps)   (ps)    
------------------------------------------------------------------------------------
(clock clk)                         launch                                      0 R 
u_ac_z_reg[3]/CP                                                150    +0       0 R 
u_ac_z_reg[3]/Q                     DFQD4              9 513.1 1080  +703     703 R 
p13133A/A2                                                             +0     703   
p13133A/ZN                          ND2D3              4   5.0  162   +99     801 F 
p13167A/A2                                                             +0     801   
p13167A/ZN                          OAI21D0            2   1.2   92   +90     892 R 
Fp13166A/I                                                             +0     892   
Fp13166A/ZN                         CKND0              2   1.3   37   +42     933 F 
p13184A/A1                                                             +0     933   
p13184A/ZN                          OAI21D0            3   1.9  108   +71    1004 R 
p13196A/A1                                                             +0    1004   
p13196A/ZN                          IOA21D0            3   1.9   69   +90    1094 R 
p13220A/A1                                                             +0    1094   
p13220A/ZN                          IOA21D0            2   1.2   62   +75    1169 R 
p13247A5850/A1                                                         +0    1169   
p13247A5850/Z                       CKAN2D0            1   2.2   53   +83    1252 R 
p13246A/A1                                                             +0    1252   
p13246A/Z                           OR2D8              1 500.0  534  +334    1587 R 
a_row_idx[8]                   <<<  interconnect                534    +0    1587 R 
                                    out port                           +0    1587 R 
(input_idx_controller_line_31)      ext delay                       +5000    6587 R 
- - - - - - - - - - - - - - - - - - - - - - - - - - - - - - - - - - - - - - - - - - 
(clock clk)                         capture                                 20000 R 
                                    uncertainty                      -150   19850 R 
------------------------------------------------------------------------------------
Cost Group   : 'C2O' (path_group 'C2O')
Timing slack :   13263ps 
Start-point  : u_ac_z_reg[3]/CP
End-point    : a_row_idx[8]
Mode         : default_mode

 
==================================
Stage : global_incr_map 
==================================
  =================
   Message Summary
  =================
----------------------------------------------------------------------------------------------------------------------------------------------------------------------------------------------------
|    Id    |Sev  |Count |                                                                              Message Text                                                                                |
----------------------------------------------------------------------------------------------------------------------------------------------------------------------------------------------------
| GLO-51   |Info |    1 |Hierarchical instance automatically ungrouped.                                                                                                                            |
|          |     |      |Hierarchical instances can be automatically ungrouped to allow for better area or timing optimization. To prevent this ungroup, set the root-level attribute              |
|          |     |      | 'auto_ungroup' to 'none'. You can also prevent individual ungroup with setting the attribute 'ungroup_ok' of instances or modules to 'false'.                            |
| PHYS-752 |Info |    1 |Partition Based Synthesis execution skipped.                                                                                                                              |
| SYNTH-2  |Info |    1 |Done synthesizing.                                                                                                                                                        |
| SYNTH-4  |Info |    1 |Mapping.                                                                                                                                                                  |
----------------------------------------------------------------------------------------------------------------------------------------------------------------------------------------------------
 
Global incremental optimization status
======================================
                                   Group   
                                  Tot Wrst 
                           Total  Weighted 
Operation                   Area   Slacks  
 global_incr                1184        0 

    Cost Group            Target    Slack    Diff.  Constr.
-----------------------------------------------------------
           C2O               291    13263             20000 
           I2O               286    14277             20000 
           I2C               390    18023             20000 
           C2C               390    17499             20000 


Scan mapping status report
==========================
    Scan mapping: converting flip-flops that pass TDRC.
    Scan mapping: bypassed.  You have to either 1) set attribute 'dft_scan_map_mode' to 'tdrc_pass' and run 'check_dft_rules' or 2) set attribute 'dft_scan_map_mode' to 'force_all'.

    Scan mapping bypassed because no TDRC data is available: either command 'check_dft_rules' has not been run or TDRC data has been subsequently invalidated.
          Performing post-mapping optimization ...


State Retention Synthesis Status
================================

Category                        Flops   Percentage
--------------------------------------------------
Total instances                    43        100.0
Excluded from State Retention      43        100.0
    - Will not convert             43        100.0
      - Preserved                   0          0.0
      - Power intent excluded      43        100.0
    - Could not convert             0          0.0
      - Scan type                   0          0.0
      - No suitable cell            0          0.0
State Retention instances           0          0.0
--------------------------------------------------

INFO: skipping constant propagation
PBS_Techmap-Global Mapping - Elapsed_Time 1, CPU_Time 0.7968440000000001
stamp 'PBS_Techmap-Global Mapping' being created for table 'pbs_debug'

  Total Time (Wall) |  Stage Time (Wall)  |   % (Wall)   |    Date - Time     |  Memory   | Stage
--------------------+---------------------+--------------+--------------------+-----------+----------------------
 00:00:06(00:00:05) |  00:00:00(00:00:00) |   0.0(  0.0) |   13:04:05 (Mar22) |  536.6 MB | PBS_Generic-Start
--------------------+---------------------+--------------+--------------------+-----------+----------------------
 00:00:15(00:00:14) |  00:00:08(00:00:09) |  91.6( 90.0) |   13:04:14 (Mar22) |  881.0 MB | PBS_Generic_Opt-Post
--------------------+---------------------+--------------+--------------------+-----------+----------------------
 00:00:15(00:00:14) |  00:00:00(00:00:00) |   0.0(  0.0) |   13:04:14 (Mar22) |  881.0 MB | PBS_Generic-Postgen HBO Optimizations
--------------------+---------------------+--------------+--------------------+-----------+----------------------
 00:00:15(00:00:14) |  00:00:00(00:00:00) |   0.0(  0.0) |   13:04:14 (Mar22) |  881.0 MB | PBS_TechMap-Start
--------------------+---------------------+--------------+--------------------+-----------+----------------------
 00:00:15(00:00:14) |  00:00:00(00:00:00) |   0.0(  0.0) |   13:04:14 (Mar22) |  881.0 MB | PBS_TechMap-Premap HBO Optimizations
--------------------+---------------------+--------------+--------------------+-----------+----------------------
 00:00:16(00:00:15) |  00:00:00(00:00:01) |   8.4( 10.0) |   13:04:15 (Mar22) |  881.0 MB | PBS_Techmap-Global Mapping
--------------------+---------------------+--------------+--------------------+-----------+----------------------
Number of threads: 8 * 1   (id: pbs_debug, time_info v1.57)
Info: (*N*) indicates data that was populated from previously saved time_info database
Info: CPU time includes time of parent + longest thread
Warning : Command 'commit_power_intent' cannot proceed as there is no power intent loaded. [CPI-506]
        : Command 'commit_power_intent' requires a valid power_intent to be loaded.
Info    : Wrote formal verification information. [CFM-5]
        : Wrote 'fv/input_idx_controller/fv_map.fv.json' for netlist 'fv/input_idx_controller/fv_map.v.gz'.
Info    : Wrote dofile. [CFM-1]
        : Dofile is 'fv/input_idx_controller/rtl_to_fv_map.do'.
        : Alias mapping flow is enabled.
        Applying wireload models.
        Computing net loads.
PBS_TechMap-Datapath Postmap Operations - Elapsed_Time 1, CPU_Time 1.0
stamp 'PBS_TechMap-Datapath Postmap Operations' being created for table 'pbs_debug'

  Total Time (Wall) |  Stage Time (Wall)  |   % (Wall)   |    Date - Time     |  Memory   | Stage
--------------------+---------------------+--------------+--------------------+-----------+----------------------
 00:00:06(00:00:05) |  00:00:00(00:00:00) |   0.0(  0.0) |   13:04:05 (Mar22) |  536.6 MB | PBS_Generic-Start
--------------------+---------------------+--------------+--------------------+-----------+----------------------
 00:00:15(00:00:14) |  00:00:08(00:00:09) |  82.9( 81.8) |   13:04:14 (Mar22) |  881.0 MB | PBS_Generic_Opt-Post
--------------------+---------------------+--------------+--------------------+-----------+----------------------
 00:00:15(00:00:14) |  00:00:00(00:00:00) |   0.0(  0.0) |   13:04:14 (Mar22) |  881.0 MB | PBS_Generic-Postgen HBO Optimizations
--------------------+---------------------+--------------+--------------------+-----------+----------------------
 00:00:15(00:00:14) |  00:00:00(00:00:00) |   0.0(  0.0) |   13:04:14 (Mar22) |  881.0 MB | PBS_TechMap-Start
--------------------+---------------------+--------------+--------------------+-----------+----------------------
 00:00:15(00:00:14) |  00:00:00(00:00:00) |   0.0(  0.0) |   13:04:14 (Mar22) |  881.0 MB | PBS_TechMap-Premap HBO Optimizations
--------------------+---------------------+--------------+--------------------+-----------+----------------------
 00:00:16(00:00:15) |  00:00:00(00:00:01) |   7.6(  9.1) |   13:04:15 (Mar22) |  881.0 MB | PBS_Techmap-Global Mapping
--------------------+---------------------+--------------+--------------------+-----------+----------------------
 00:00:17(00:00:16) |  00:00:01(00:00:01) |   9.5(  9.1) |   13:04:16 (Mar22) |  881.0 MB | PBS_TechMap-Datapath Postmap Operations
--------------------+---------------------+--------------+--------------------+-----------+----------------------
Number of threads: 8 * 1   (id: pbs_debug, time_info v1.57)
Info: (*N*) indicates data that was populated from previously saved time_info database
Info: CPU time includes time of parent + longest thread
PBS_TechMap-Postmap HBO Optimizations - Elapsed_Time 0, CPU_Time -0.0038279999999986103
stamp 'PBS_TechMap-Postmap HBO Optimizations' being created for table 'pbs_debug'

  Total Time (Wall) |  Stage Time (Wall)  |   % (Wall)   |    Date - Time     |  Memory   | Stage
--------------------+---------------------+--------------+--------------------+-----------+----------------------
 00:00:06(00:00:05) |  00:00:00(00:00:00) |   0.0(  0.0) |   13:04:05 (Mar22) |  536.6 MB | PBS_Generic-Start
--------------------+---------------------+--------------+--------------------+-----------+----------------------
 00:00:15(00:00:14) |  00:00:08(00:00:09) |  82.9( 81.8) |   13:04:14 (Mar22) |  881.0 MB | PBS_Generic_Opt-Post
--------------------+---------------------+--------------+--------------------+-----------+----------------------
 00:00:15(00:00:14) |  00:00:00(00:00:00) |   0.0(  0.0) |   13:04:14 (Mar22) |  881.0 MB | PBS_Generic-Postgen HBO Optimizations
--------------------+---------------------+--------------+--------------------+-----------+----------------------
 00:00:15(00:00:14) |  00:00:00(00:00:00) |   0.0(  0.0) |   13:04:14 (Mar22) |  881.0 MB | PBS_TechMap-Start
--------------------+---------------------+--------------+--------------------+-----------+----------------------
 00:00:15(00:00:14) |  00:00:00(00:00:00) |   0.0(  0.0) |   13:04:14 (Mar22) |  881.0 MB | PBS_TechMap-Premap HBO Optimizations
--------------------+---------------------+--------------+--------------------+-----------+----------------------
 00:00:16(00:00:15) |  00:00:00(00:00:01) |   7.6(  9.1) |   13:04:15 (Mar22) |  881.0 MB | PBS_Techmap-Global Mapping
--------------------+---------------------+--------------+--------------------+-----------+----------------------
 00:00:17(00:00:16) |  00:00:01(00:00:01) |   9.5(  9.1) |   13:04:16 (Mar22) |  881.0 MB | PBS_TechMap-Datapath Postmap Operations
--------------------+---------------------+--------------+--------------------+-----------+----------------------
 00:00:17(00:00:16) |  00:00:00(00:00:00) |  -0.0(  0.0) |   13:04:16 (Mar22) |  881.0 MB | PBS_TechMap-Postmap HBO Optimizations
--------------------+---------------------+--------------+--------------------+-----------+----------------------
Number of threads: 8 * 1   (id: pbs_debug, time_info v1.57)
Info: (*N*) indicates data that was populated from previously saved time_info database
Info: CPU time includes time of parent + longest thread
 Doing ConstProp on design:input_idx_controller ... 

Time taken by ConstProp Step: 00:00:00
PBS_TechMap-Postmap Clock Gating - Elapsed_Time 0, CPU_Time 0.0
stamp 'PBS_TechMap-Postmap Clock Gating' being created for table 'pbs_debug'

  Total Time (Wall) |  Stage Time (Wall)  |   % (Wall)   |    Date - Time     |  Memory   | Stage
--------------------+---------------------+--------------+--------------------+-----------+----------------------
 00:00:06(00:00:05) |  00:00:00(00:00:00) |   0.0(  0.0) |   13:04:05 (Mar22) |  536.6 MB | PBS_Generic-Start
--------------------+---------------------+--------------+--------------------+-----------+----------------------
 00:00:15(00:00:14) |  00:00:08(00:00:09) |  82.9( 81.8) |   13:04:14 (Mar22) |  881.0 MB | PBS_Generic_Opt-Post
--------------------+---------------------+--------------+--------------------+-----------+----------------------
 00:00:15(00:00:14) |  00:00:00(00:00:00) |   0.0(  0.0) |   13:04:14 (Mar22) |  881.0 MB | PBS_Generic-Postgen HBO Optimizations
--------------------+---------------------+--------------+--------------------+-----------+----------------------
 00:00:15(00:00:14) |  00:00:00(00:00:00) |   0.0(  0.0) |   13:04:14 (Mar22) |  881.0 MB | PBS_TechMap-Start
--------------------+---------------------+--------------+--------------------+-----------+----------------------
 00:00:15(00:00:14) |  00:00:00(00:00:00) |   0.0(  0.0) |   13:04:14 (Mar22) |  881.0 MB | PBS_TechMap-Premap HBO Optimizations
--------------------+---------------------+--------------+--------------------+-----------+----------------------
 00:00:16(00:00:15) |  00:00:00(00:00:01) |   7.6(  9.1) |   13:04:15 (Mar22) |  881.0 MB | PBS_Techmap-Global Mapping
--------------------+---------------------+--------------+--------------------+-----------+----------------------
 00:00:17(00:00:16) |  00:00:01(00:00:01) |   9.5(  9.1) |   13:04:16 (Mar22) |  881.0 MB | PBS_TechMap-Datapath Postmap Operations
--------------------+---------------------+--------------+--------------------+-----------+----------------------
 00:00:17(00:00:16) |  00:00:00(00:00:00) |  -0.0(  0.0) |   13:04:16 (Mar22) |  881.0 MB | PBS_TechMap-Postmap HBO Optimizations
--------------------+---------------------+--------------+--------------------+-----------+----------------------
 00:00:17(00:00:16) |  00:00:00(00:00:00) |   0.0(  0.0) |   13:04:16 (Mar22) |  881.0 MB | PBS_TechMap-Postmap Clock Gating
--------------------+---------------------+--------------+--------------------+-----------+----------------------
Number of threads: 8 * 1   (id: pbs_debug, time_info v1.57)
Info: (*N*) indicates data that was populated from previously saved time_info database
Info: CPU time includes time of parent + longest thread
-------------------------------------------------------------------------------
 hi_fo_buf                  1184        0         0     50594     2968

           Trick     Calls     Accepts   Attempts    Time(secs) 
-----------------------------------------------------------
       hi_fo_buf         0  (        0 /        0 )  0.00

 
Incremental optimization status
===============================
                                   Group   
                                  Tot Wrst     Total - - DRC Totals - -
                           Total  Weighted      Neg      Max       Max     Leakage 
Operation                   Area   Slacks      Slack    Trans      Cap      Power  
 init_delay                 1184        0         0     50594     2968       9650 

           Trick     Calls     Accepts   Attempts    Time(secs) 
-----------------------------------------------------------
       crit_upsz         0  (        0 /        0 )  0.00
    plc_bal_star         0  (        0 /        0 )  0.00
     drc_buftimb         0  (        0 /        0 )  0.00
          plc_st         0  (        0 /        0 )  0.00
    plc_st_fence         0  (        0 /        0 )  0.00
        plc_star         0  (        0 /        0 )  0.00
      plc_laf_st         0  (        0 /        0 )  0.00
 plc_laf_st_fence         0  (        0 /        0 )  0.00
     drc_buftims         0  (        0 /        0 )  0.00
            fopt         0  (        0 /        0 )  0.00
   plc_laf_lo_st         0  (        0 /        0 )  0.00
       plc_lo_st         0  (        0 /        0 )  0.00
        mb_split         0  (        0 /        0 )  0.00

 
Local TNS optimization status
=============================
                                   Group   
                                  Tot Wrst     Total - - DRC Totals - -
                           Total  Weighted      Neg      Max       Max     Leakage 
Operation                   Area   Slacks      Slack    Trans      Cap      Power  
 init_tns                   1184        0         0     50594     2968       9650 

           Trick     Calls     Accepts   Attempts    Time(secs) 
-----------------------------------------------------------
    plc_bal_star         0  (        0 /        0 )  0.00
     drc_buftimb         0  (        0 /        0 )  0.00
     drc_buftims         0  (        0 /        0 )  0.00
       crit_upsz         0  (        0 /        0 )  0.00
   plc_laf_lo_st         0  (        0 /        0 )  0.00
       plc_lo_st         0  (        0 /        0 )  0.00
            fopt         0  (        0 /        0 )  0.00
       crit_dnsz         0  (        0 /        0 )  0.00
             dup         0  (        0 /        0 )  0.00
        setup_dn         0  (        0 /        0 )  0.00
        mb_split         0  (        0 /        0 )  0.00

PBS_TechMap-Postmap Cleanup - Elapsed_Time 0, CPU_Time -0.003317000000002679
stamp 'PBS_TechMap-Postmap Cleanup' being created for table 'pbs_debug'

  Total Time (Wall) |  Stage Time (Wall)  |   % (Wall)   |    Date - Time     |  Memory   | Stage
--------------------+---------------------+--------------+--------------------+-----------+----------------------
 00:00:06(00:00:05) |  00:00:00(00:00:00) |   0.0(  0.0) |   13:04:05 (Mar22) |  536.6 MB | PBS_Generic-Start
--------------------+---------------------+--------------+--------------------+-----------+----------------------
 00:00:15(00:00:14) |  00:00:08(00:00:09) |  82.9( 81.8) |   13:04:14 (Mar22) |  881.0 MB | PBS_Generic_Opt-Post
--------------------+---------------------+--------------+--------------------+-----------+----------------------
 00:00:15(00:00:14) |  00:00:00(00:00:00) |   0.0(  0.0) |   13:04:14 (Mar22) |  881.0 MB | PBS_Generic-Postgen HBO Optimizations
--------------------+---------------------+--------------+--------------------+-----------+----------------------
 00:00:15(00:00:14) |  00:00:00(00:00:00) |   0.0(  0.0) |   13:04:14 (Mar22) |  881.0 MB | PBS_TechMap-Start
--------------------+---------------------+--------------+--------------------+-----------+----------------------
 00:00:15(00:00:14) |  00:00:00(00:00:00) |   0.0(  0.0) |   13:04:14 (Mar22) |  881.0 MB | PBS_TechMap-Premap HBO Optimizations
--------------------+---------------------+--------------+--------------------+-----------+----------------------
 00:00:16(00:00:15) |  00:00:00(00:00:01) |   7.6(  9.1) |   13:04:15 (Mar22) |  881.0 MB | PBS_Techmap-Global Mapping
--------------------+---------------------+--------------+--------------------+-----------+----------------------
 00:00:17(00:00:16) |  00:00:01(00:00:01) |   9.5(  9.1) |   13:04:16 (Mar22) |  881.0 MB | PBS_TechMap-Datapath Postmap Operations
--------------------+---------------------+--------------+--------------------+-----------+----------------------
 00:00:17(00:00:16) |  00:00:00(00:00:00) |  -0.0(  0.0) |   13:04:16 (Mar22) |  881.0 MB | PBS_TechMap-Postmap HBO Optimizations
--------------------+---------------------+--------------+--------------------+-----------+----------------------
 00:00:17(00:00:16) |  00:00:00(00:00:00) |   0.0(  0.0) |   13:04:16 (Mar22) |  881.0 MB | PBS_TechMap-Postmap Clock Gating
--------------------+---------------------+--------------+--------------------+-----------+----------------------
 00:00:17(00:00:16) |  00:00:00(00:00:00) |  -0.0(  0.0) |   13:04:16 (Mar22) |  881.0 MB | PBS_TechMap-Postmap Cleanup
--------------------+---------------------+--------------+--------------------+-----------+----------------------
Number of threads: 8 * 1   (id: pbs_debug, time_info v1.57)
Info: (*N*) indicates data that was populated from previously saved time_info database
Info: CPU time includes time of parent + longest thread
PBS_Techmap-Post_MBCI - Elapsed_Time 0, CPU_Time 0.0
stamp 'PBS_Techmap-Post_MBCI' being created for table 'pbs_debug'

  Total Time (Wall) |  Stage Time (Wall)  |   % (Wall)   |    Date - Time     |  Memory   | Stage
--------------------+---------------------+--------------+--------------------+-----------+----------------------
 00:00:06(00:00:05) |  00:00:00(00:00:00) |   0.0(  0.0) |   13:04:05 (Mar22) |  536.6 MB | PBS_Generic-Start
--------------------+---------------------+--------------+--------------------+-----------+----------------------
 00:00:15(00:00:14) |  00:00:08(00:00:09) |  82.9( 81.8) |   13:04:14 (Mar22) |  881.0 MB | PBS_Generic_Opt-Post
--------------------+---------------------+--------------+--------------------+-----------+----------------------
 00:00:15(00:00:14) |  00:00:00(00:00:00) |   0.0(  0.0) |   13:04:14 (Mar22) |  881.0 MB | PBS_Generic-Postgen HBO Optimizations
--------------------+---------------------+--------------+--------------------+-----------+----------------------
 00:00:15(00:00:14) |  00:00:00(00:00:00) |   0.0(  0.0) |   13:04:14 (Mar22) |  881.0 MB | PBS_TechMap-Start
--------------------+---------------------+--------------+--------------------+-----------+----------------------
 00:00:15(00:00:14) |  00:00:00(00:00:00) |   0.0(  0.0) |   13:04:14 (Mar22) |  881.0 MB | PBS_TechMap-Premap HBO Optimizations
--------------------+---------------------+--------------+--------------------+-----------+----------------------
 00:00:16(00:00:15) |  00:00:00(00:00:01) |   7.6(  9.1) |   13:04:15 (Mar22) |  881.0 MB | PBS_Techmap-Global Mapping
--------------------+---------------------+--------------+--------------------+-----------+----------------------
 00:00:17(00:00:16) |  00:00:01(00:00:01) |   9.5(  9.1) |   13:04:16 (Mar22) |  881.0 MB | PBS_TechMap-Datapath Postmap Operations
--------------------+---------------------+--------------+--------------------+-----------+----------------------
 00:00:17(00:00:16) |  00:00:00(00:00:00) |  -0.0(  0.0) |   13:04:16 (Mar22) |  881.0 MB | PBS_TechMap-Postmap HBO Optimizations
--------------------+---------------------+--------------+--------------------+-----------+----------------------
 00:00:17(00:00:16) |  00:00:00(00:00:00) |   0.0(  0.0) |   13:04:16 (Mar22) |  881.0 MB | PBS_TechMap-Postmap Clock Gating
--------------------+---------------------+--------------+--------------------+-----------+----------------------
 00:00:17(00:00:16) |  00:00:00(00:00:00) |  -0.0(  0.0) |   13:04:16 (Mar22) |  881.0 MB | PBS_TechMap-Postmap Cleanup
--------------------+---------------------+--------------+--------------------+-----------+----------------------
 00:00:17(00:00:16) |  00:00:00(00:00:00) |   0.0(  0.0) |   13:04:16 (Mar22) |  881.0 MB | PBS_Techmap-Post_MBCI
--------------------+---------------------+--------------+--------------------+-----------+----------------------
Number of threads: 8 * 1   (id: pbs_debug, time_info v1.57)
Info: (*N*) indicates data that was populated from previously saved time_info database
Info: CPU time includes time of parent + longest thread
##>=================== Cadence Confidential (Mapping-Logical) ===================
##>Main Thread Summary:
##>----------------------------------------------------------------------------------------
##>STEP                           Elapsed       WNS       TNS     Insts      Area    Memory
##>----------------------------------------------------------------------------------------
##>M:Initial                            0         -         -       550      2110       881
##>M:Pre Cleanup                        0         -         -       550      2110       881
##>M:Setup                              0         -         -         -         -         -
##>M:Launch ST                          0         -         -         -         -         -
##>M:Design Partition                   0         -         -         -         -         -
##>M:Create Partition Netlists          0         -         -         -         -         -
##>M:Init Power                         0         -         -         -         -         -
##>M:Budgeting                          0         -         -         -         -         -
##>M:Derenv-DB                          0         -         -         -         -         -
##>M:Debug Outputs                      0         -         -         -         -         -
##>M:ST loading                         0         -         -         -         -         -
##>M:Distributed                        0         -         -         -         -         -
##>M:Timer                              0         -         -         -         -         -
##>M:Assembly                           0         -         -         -         -         -
##>M:DFT                                0         -         -         -         -         -
##>M:DP Operations                      1         -         -       382      1183       881
##>M:Const Prop                         0     13263         0       382      1183       881
##>M:Cleanup                            0     13263         0       382      1183       881
##>M:MBCI                               0         -         -       382      1183       881
##>M:Const Gate Removal                 0         -         -         -         -         -
##>M:Misc                               1
##>----------------------------------------------------------------------------------------
##>Total Elapsed                        2
##>========================================================================================
Info    : Done mapping. [SYNTH-5]
        : Done mapping 'input_idx_controller'.
        Applying wireload models.
        Computing net loads.
      flow.cputime  flow.realtime  timing.setup.tns  timing.setup.wns  snapshot
UM:*                                                                   syn_map
@file(2_synthesis.tcl) 18: report datapath > $gn::reportDir/syn_preopt.datapath_mapped.rpt
Beginning report datapath command
        Applying wireload models.
        Computing net loads.
@file(2_synthesis.tcl) 23: set_db syn_opt_effort $gn::INCR_EFFORT
  Setting attribute of root '/': 'syn_opt_effort' = high
@file(2_synthesis.tcl) 24: syn_opt
Info    : Incrementally optimizing. [SYNTH-7]
        : Incrementally optimizing 'input_idx_controller' using 'high' effort.
 
Incremental optimization status
===============================
                                   Group   
                                  Tot Wrst     Total - - DRC Totals - -
                           Total  Weighted      Neg      Max       Max     Leakage 
Operation                   Area   Slacks      Slack    Trans      Cap      Power  
 init_iopt                  1184        0         0     50594     2968       9650 
-------------------------------------------------------------------------------
 const_prop                 1184        0         0     50594     2968       9650 
 simp_cc_inputs             1178        0         0     47884     3200       9720 
-------------------------------------------------------------------------------
 const_prop                 1178        0         0     47884     3200       9720 
-------------------------------------------------------------------------------
 hi_fo_buf                  1178        0         0     47884     3200       9720 

           Trick     Calls     Accepts   Attempts    Time(secs) 
-----------------------------------------------------------
       hi_fo_buf         0  (        0 /        0 )  0.00

 
Incremental optimization status
===============================
                                   Group   
                                  Tot Wrst     Total - - DRC Totals - -
                           Total  Weighted      Neg      Max       Max     Leakage 
Operation                   Area   Slacks      Slack    Trans      Cap      Power  
 init_delay                 1178        0         0     47884     3200       9720 

           Trick     Calls     Accepts   Attempts    Time(secs) 
-----------------------------------------------------------
        crit_msz         0  (        0 /        0 )  0.00
       crit_upsz         0  (        0 /        0 )  0.00
       crit_slew         0  (        0 /        0 )  0.00
        setup_dn         0  (        0 /        0 )  0.00
    plc_bal_star         0  (        0 /        0 )  0.00
     drc_buftimb         0  (        0 /        0 )  0.00
          plc_st         0  (        0 /        0 )  0.00
    plc_st_fence         0  (        0 /        0 )  0.00
        plc_star         0  (        0 /        0 )  0.00
      plc_laf_st         0  (        0 /        0 )  0.00
 plc_laf_st_fence         0  (        0 /        0 )  0.00
     drc_buftims         0  (        0 /        0 )  0.00
   plc_laf_lo_st         0  (        0 /        0 )  0.00
       plc_lo_st         0  (        0 /        0 )  0.00
            fopt         0  (        0 /        0 )  0.00
       crit_swap         0  (        0 /        0 )  0.00
       mux2_swap         0  (        0 /        0 )  0.00
       crit_dnsz         0  (        0 /        0 )  0.00
       load_swap         0  (        0 /        0 )  0.00
            fopt         0  (        0 /        0 )  0.00
        setup_dn         0  (        0 /        0 )  0.00
       load_isol         0  (        0 /        0 )  0.00
       load_isol         0  (        0 /        0 )  0.00
        move_for         0  (        0 /        0 )  0.00
        move_for         0  (        0 /        0 )  0.00
          rem_bi         0  (        0 /        0 )  0.00
         offload         0  (        0 /        0 )  0.00
          rem_bi         0  (        0 /        0 )  0.00
         offload         0  (        0 /        0 )  0.00
           phase         0  (        0 /        0 )  0.00
        in_phase         0  (        0 /        0 )  0.00
       merge_bit         0  (        0 /        0 )  0.00
     merge_idrvr         0  (        0 /        0 )  0.00
     merge_iload         0  (        0 /        0 )  0.00
    merge_idload         0  (        0 /        0 )  0.00
      merge_drvr         0  (        0 /        0 )  0.00
      merge_load         0  (        0 /        0 )  0.00
          decomp         0  (        0 /        0 )  0.00
        p_decomp         0  (        0 /        0 )  0.00
        levelize         0  (        0 /        0 )  0.00
        mb_split         0  (        0 /        0 )  0.00
             dup         0  (        0 /        0 )  0.00
      mux_retime         0  (        0 /        0 )  0.00
         buf2inv         0  (        0 /        0 )  0.00
             exp         0  (        0 /        0 )  0.00
       gate_deco         0  (        0 /        0 )  0.00
       gcomp_tim         0  (        0 /        0 )  0.00
  inv_pair_2_buf         0  (        0 /        0 )  0.00


           Trick     Calls     Accepts   Attempts    Time(secs) 
-----------------------------------------------------------
         crr_220         0  (        0 /        0 )  0.00
        crr_glob         0  (        0 /        0 )  0.00
         crr_200         0  (        0 /        0 )  0.00
        crr_glob         0  (        0 /        0 )  0.00
         crr_300         0  (        0 /        0 )  0.00
        crr_glob         0  (        0 /        0 )  0.00
         crr_400         0  (        0 /        0 )  0.00
        crr_glob         0  (        0 /        0 )  0.00
         crr_111         0  (        0 /        0 )  0.00
        crr_glob         0  (        0 /        0 )  0.00
         crr_210         0  (        0 /        0 )  0.00
        crr_glob         0  (        0 /        0 )  0.00
         crr_110         0  (        0 /        0 )  0.00
        crr_glob         0  (        0 /        0 )  0.00
         crr_101         0  (        0 /        0 )  0.00
        crr_glob         0  (        0 /        0 )  0.00
         crr_201         0  (        0 /        0 )  0.00
        crr_glob         0  (        0 /        0 )  0.00
         crr_211         0  (        0 /        0 )  0.00
        crr_glob         0  (        0 /        0 )  0.00
        crit_msz         0  (        0 /        0 )  0.00
       crit_upsz         0  (        0 /        0 )  0.00
       crit_slew         0  (        0 /        0 )  0.00
        setup_dn         0  (        0 /        0 )  0.00
    plc_bal_star         0  (        0 /        0 )  0.00
     drc_buftimb         0  (        0 /        0 )  0.00
          plc_st         0  (        0 /        0 )  0.00
    plc_st_fence         0  (        0 /        0 )  0.00
        plc_star         0  (        0 /        0 )  0.00
      plc_laf_st         0  (        0 /        0 )  0.00
 plc_laf_st_fence         0  (        0 /        0 )  0.00
     drc_buftims         0  (        0 /        0 )  0.00
       plc_lo_st         0  (        0 /        0 )  0.00
            fopt         0  (        0 /        0 )  0.00
       crit_swap         0  (        0 /        0 )  0.00
       mux2_swap         0  (        0 /        0 )  0.00
       crit_dnsz         0  (        0 /        0 )  0.00
       load_swap         0  (        0 /        0 )  0.00
            fopt         0  (        0 /        0 )  0.00
        setup_dn         0  (        0 /        0 )  0.00
       load_isol         0  (        0 /        0 )  0.00
       load_isol         0  (        0 /        0 )  0.00
        move_for         0  (        0 /        0 )  0.00
        move_for         0  (        0 /        0 )  0.00
          rem_bi         0  (        0 /        0 )  0.00
         offload         0  (        0 /        0 )  0.00
          rem_bi         0  (        0 /        0 )  0.00
         offload         0  (        0 /        0 )  0.00
       merge_bit         0  (        0 /        0 )  0.00
     merge_idrvr         0  (        0 /        0 )  0.00
     merge_iload         0  (        0 /        0 )  0.00
    merge_idload         0  (        0 /        0 )  0.00
      merge_drvr         0  (        0 /        0 )  0.00
      merge_load         0  (        0 /        0 )  0.00
           phase         0  (        0 /        0 )  0.00
          decomp         0  (        0 /        0 )  0.00
        p_decomp         0  (        0 /        0 )  0.00
        levelize         0  (        0 /        0 )  0.00
        mb_split         0  (        0 /        0 )  0.00
        in_phase         0  (        0 /        0 )  0.00
             dup         0  (        0 /        0 )  0.00
      mux_retime         0  (        0 /        0 )  0.00
         buf2inv         0  (        0 /        0 )  0.00
             exp         0  (        0 /        0 )  0.00
       gate_deco         0  (        0 /        0 )  0.00
       gcomp_tim         0  (        0 /        0 )  0.00
  inv_pair_2_buf         0  (        0 /        0 )  0.00
 init_drc                   1178        0         0     47884     3200       9720 
 incr_max_trans             1271        0         0         0        0      11465 

           Trick     Calls     Accepts   Attempts    Time(secs) 
-----------------------------------------------------------
          plc_st        13  (        0 /        0 )  0.00
        plc_star        13  (        0 /        0 )  0.00
        drc_bufs        26  (       13 /       13 )  0.04
        drc_fopt         0  (        0 /        0 )  0.00
        drc_bufb         0  (        0 /        0 )  0.00
      simple_buf         0  (        0 /        0 )  0.00
             dup         0  (        0 /        0 )  0.00
       crit_dnsz         0  (        0 /        0 )  0.00
       crit_upsz         0  (        0 /        0 )  0.00
       crit_slew         0  (        0 /        0 )  0.00


           Trick     Calls     Accepts   Attempts    Time(secs) 
-----------------------------------------------------------
          plc_st         0  (        0 /        0 )  0.00
        plc_star         0  (        0 /        0 )  0.00
      drc_buf_sp         0  (        0 /        0 )  0.00
        drc_bufs         0  (        0 /        0 )  0.00
        drc_fopt         0  (        0 /        0 )  0.00
        drc_bufb         0  (        0 /        0 )  0.00
      simple_buf         0  (        0 /        0 )  0.00
             dup         0  (        0 /        0 )  0.00
       crit_dnsz         0  (        0 /        0 )  0.00
       crit_upsz         0  (        0 /        0 )  0.00


           Trick     Calls     Accepts   Attempts    Time(secs) 
-----------------------------------------------------------
          plc_st         0  (        0 /        0 )  0.00
        plc_star         0  (        0 /        0 )  0.00
      drc_buf_sp         0  (        0 /        0 )  0.00
        drc_bufs         0  (        0 /        0 )  0.00
        drc_fopt         0  (        0 /        0 )  0.00
        drc_bufb         0  (        0 /        0 )  0.00
             dup         0  (        0 /        0 )  0.00
       crit_dnsz         0  (        0 /        0 )  0.00
       crit_upsz         0  (        0 /        0 )  0.00

 init_tns                   1271        0         0         0        0      11465 

           Trick     Calls     Accepts   Attempts    Time(secs) 
-----------------------------------------------------------
            fopt         0  (        0 /        0 )  0.00
    plc_bal_star         0  (        0 /        0 )  0.00
     drc_buftimb         0  (        0 /        0 )  0.00
     drc_buftims         0  (        0 /        0 )  0.00
        crit_msz         0  (        0 /        0 )  0.00
       crit_upsz         0  (        0 /        0 )  0.00
   plc_laf_lo_st         0  (        0 /        0 )  0.00
       plc_lo_st         0  (        0 /        0 )  0.00
       crit_swap         0  (        0 /        0 )  0.00
       mux2_swap         0  (        0 /        0 )  0.00
       crit_dnsz         0  (        0 /        0 )  0.00
       load_swap         0  (        0 /        0 )  0.00
            fopt         0  (        0 /        0 )  0.00
        setup_dn         0  (        0 /        0 )  0.00
       load_isol         0  (        0 /        0 )  0.00
       load_isol         0  (        0 /        0 )  0.00
        move_for         0  (        0 /        0 )  0.00
        move_for         0  (        0 /        0 )  0.00
          rem_bi         0  (        0 /        0 )  0.00
         offload         0  (        0 /        0 )  0.00
          rem_bi         0  (        0 /        0 )  0.00
         offload         0  (        0 /        0 )  0.00
       merge_bit         0  (        0 /        0 )  0.00
     merge_idrvr         0  (        0 /        0 )  0.00
     merge_iload         0  (        0 /        0 )  0.00
    merge_idload         0  (        0 /        0 )  0.00
      merge_drvr         0  (        0 /        0 )  0.00
      merge_load         0  (        0 /        0 )  0.00
           phase         0  (        0 /        0 )  0.00
          decomp         0  (        0 /        0 )  0.00
        p_decomp         0  (        0 /        0 )  0.00
        levelize         0  (        0 /        0 )  0.00
        mb_split         0  (        0 /        0 )  0.00
             dup         0  (        0 /        0 )  0.00
      mux_retime         0  (        0 /        0 )  0.00
       crr_local         0  (        0 /        0 )  0.00
         buf2inv         0  (        0 /        0 )  0.00

 init_area                  1271        0         0         0        0      11465 
 rem_inv                    1207        0         0         0        0      10666 
 merge_bi                   1200        0         0         0        0      10729 
 rem_inv_qb                 1176        0         0         0        0      10753 
 io_phase                   1174        0         0         0        0      10780 
 glob_area                  1123        0         0         0        0       9466 
 area_down                  1119        0         0         0        0       9353 

           Trick     Calls     Accepts   Attempts    Time(secs) 
-----------------------------------------------------------
           undup         0  (        0 /        0 )  0.00
         rem_buf         7  (        0 /        0 )  0.01
         rem_inv        59  (       47 /       47 )  0.07
        merge_bi         6  (        6 /        6 )  0.01
      rem_inv_qb        30  (        1 /        1 )  0.04
    seq_res_area         8  (        0 /        0 )  0.32
        io_phase         8  (        3 /        3 )  0.01
       gate_comp        66  (        0 /        0 )  0.12
       gcomp_mog         4  (        0 /        0 )  0.03
       glob_area        28  (       22 /       28 )  0.02
       area_down        13  (        4 /        4 )  0.04
      size_n_buf         0  (        0 /        0 )  0.00
  gate_deco_area         0  (        0 /        0 )  0.00
         rem_buf         4  (        0 /        0 )  0.00
         rem_inv         0  (        0 /        0 )  0.00
        merge_bi         0  (        0 /        0 )  0.00
      rem_inv_qb        17  (        0 /        0 )  0.02

                                   Group   
                                  Tot Wrst     Total - - DRC Totals - -
                           Total  Weighted      Neg      Max       Max     Leakage 
Operation                   Area   Slacks      Slack    Trans      Cap      Power  
 init_power                 1119        0         0         0        0       9353 
 glob_power                 1119        0         0         0        0       9026 
 power_down                 1119        0         0         0        0       8921 

           Trick     Calls     Accepts   Attempts    Time(secs) 
-----------------------------------------------------------
       p_rem_buf         4  (        0 /        0 )  0.01
       p_rem_inv         0  (        0 /        0 )  0.00
      p_merge_bi         0  (        0 /        0 )  0.00
        io_phase         5  (        0 /        0 )  0.01
       gate_comp        66  (        0 /        0 )  0.12
       gcomp_mog         4  (        0 /        0 )  0.03
      glob_power        27  (       20 /       27 )  0.02
      power_down        15  (        9 /        9 )  0.04
      size_n_buf         0  (        0 /        0 )  0.00

 
Incremental optimization status
===============================
                                   Group   
                                  Tot Wrst     Total - - DRC Totals - -
                           Total  Weighted      Neg      Max       Max     Leakage 
Operation                   Area   Slacks      Slack    Trans      Cap      Power  
 init_delay                 1119        0         0         0        0       8921 

           Trick     Calls     Accepts   Attempts    Time(secs) 
-----------------------------------------------------------
         crr_220         0  (        0 /        0 )  0.00
        crr_glob         0  (        0 /        0 )  0.00
         crr_200         0  (        0 /        0 )  0.00
        crr_glob         0  (        0 /        0 )  0.00
         crr_300         0  (        0 /        0 )  0.00
        crr_glob         0  (        0 /        0 )  0.00
         crr_400         0  (        0 /        0 )  0.00
        crr_glob         0  (        0 /        0 )  0.00
         crr_111         0  (        0 /        0 )  0.00
        crr_glob         0  (        0 /        0 )  0.00
         crr_210         0  (        0 /        0 )  0.00
        crr_glob         0  (        0 /        0 )  0.00
         crr_110         0  (        0 /        0 )  0.00
        crr_glob         0  (        0 /        0 )  0.00
         crr_101         0  (        0 /        0 )  0.00
        crr_glob         0  (        0 /        0 )  0.00
         crr_201         0  (        0 /        0 )  0.00
        crr_glob         0  (        0 /        0 )  0.00
         crr_211         0  (        0 /        0 )  0.00
        crr_glob         0  (        0 /        0 )  0.00
        crit_msz         0  (        0 /        0 )  0.00
       crit_upsz         0  (        0 /        0 )  0.00
       crit_slew         0  (        0 /        0 )  0.00
        setup_dn         0  (        0 /        0 )  0.00
    plc_bal_star         0  (        0 /        0 )  0.00
     drc_buftimb         0  (        0 /        0 )  0.00
          plc_st         0  (        0 /        0 )  0.00
    plc_st_fence         0  (        0 /        0 )  0.00
        plc_star         0  (        0 /        0 )  0.00
      plc_laf_st         0  (        0 /        0 )  0.00
 plc_laf_st_fence         0  (        0 /        0 )  0.00
     drc_buftims         0  (        0 /        0 )  0.00
       plc_lo_st         0  (        0 /        0 )  0.00
            fopt         0  (        0 /        0 )  0.00
       crit_swap         0  (        0 /        0 )  0.00
       mux2_swap         0  (        0 /        0 )  0.00
       crit_dnsz         0  (        0 /        0 )  0.00
       load_swap         0  (        0 /        0 )  0.00
            fopt         0  (        0 /        0 )  0.00
        setup_dn         0  (        0 /        0 )  0.00
       load_isol         0  (        0 /        0 )  0.00
       load_isol         0  (        0 /        0 )  0.00
        move_for         0  (        0 /        0 )  0.00
        move_for         0  (        0 /        0 )  0.00
          rem_bi         0  (        0 /        0 )  0.00
         offload         0  (        0 /        0 )  0.00
          rem_bi         0  (        0 /        0 )  0.00
         offload         0  (        0 /        0 )  0.00
       merge_bit         0  (        0 /        0 )  0.00
     merge_idrvr         0  (        0 /        0 )  0.00
     merge_iload         0  (        0 /        0 )  0.00
    merge_idload         0  (        0 /        0 )  0.00
      merge_drvr         0  (        0 /        0 )  0.00
      merge_load         0  (        0 /        0 )  0.00
           phase         0  (        0 /        0 )  0.00
          decomp         0  (        0 /        0 )  0.00
        p_decomp         0  (        0 /        0 )  0.00
        levelize         0  (        0 /        0 )  0.00
        mb_split         0  (        0 /        0 )  0.00
        in_phase         0  (        0 /        0 )  0.00
             dup         0  (        0 /        0 )  0.00
      mux_retime         0  (        0 /        0 )  0.00
         buf2inv         0  (        0 /        0 )  0.00
             exp         0  (        0 /        0 )  0.00
       gate_deco         0  (        0 /        0 )  0.00
       gcomp_tim         0  (        0 /        0 )  0.00
  inv_pair_2_buf         0  (        0 /        0 )  0.00
 init_drc                   1119        0         0         0        0       8921 

           Trick     Calls     Accepts   Attempts    Time(secs) 
-----------------------------------------------------------
          plc_st         0  (        0 /        0 )  0.00
        plc_star         0  (        0 /        0 )  0.00
        drc_bufs         0  (        0 /        0 )  0.00
        drc_fopt         0  (        0 /        0 )  0.00
        drc_bufb         0  (        0 /        0 )  0.00
      simple_buf         0  (        0 /        0 )  0.00
             dup         0  (        0 /        0 )  0.00
       crit_dnsz         0  (        0 /        0 )  0.00
       crit_upsz         0  (        0 /        0 )  0.00
       crit_slew         0  (        0 /        0 )  0.00


           Trick     Calls     Accepts   Attempts    Time(secs) 
-----------------------------------------------------------
          plc_st         0  (        0 /        0 )  0.00
        plc_star         0  (        0 /        0 )  0.00
        drc_bufs         0  (        0 /        0 )  0.00
        drc_fopt         0  (        0 /        0 )  0.00
        drc_bufb         0  (        0 /        0 )  0.00
      simple_buf         0  (        0 /        0 )  0.00
             dup         0  (        0 /        0 )  0.00
       crit_dnsz         0  (        0 /        0 )  0.00
       crit_upsz         0  (        0 /        0 )  0.00


           Trick     Calls     Accepts   Attempts    Time(secs) 
-----------------------------------------------------------
          plc_st         0  (        0 /        0 )  0.00
        plc_star         0  (        0 /        0 )  0.00
        drc_bufs         0  (        0 /        0 )  0.00
        drc_fopt         0  (        0 /        0 )  0.00
        drc_bufb         0  (        0 /        0 )  0.00
             dup         0  (        0 /        0 )  0.00
       crit_dnsz         0  (        0 /        0 )  0.00
       crit_upsz         0  (        0 /        0 )  0.00

 init_tns                   1119        0         0         0        0       8921 

           Trick     Calls     Accepts   Attempts    Time(secs) 
-----------------------------------------------------------
            fopt         0  (        0 /        0 )  0.00
    plc_bal_star         0  (        0 /        0 )  0.00
     drc_buftimb         0  (        0 /        0 )  0.00
     drc_buftims         0  (        0 /        0 )  0.00
        crit_msz         0  (        0 /        0 )  0.00
       crit_upsz         0  (        0 /        0 )  0.00
   plc_laf_lo_st         0  (        0 /        0 )  0.00
       plc_lo_st         0  (        0 /        0 )  0.00
       crit_swap         0  (        0 /        0 )  0.00
       mux2_swap         0  (        0 /        0 )  0.00
       crit_dnsz         0  (        0 /        0 )  0.00
       load_swap         0  (        0 /        0 )  0.00
            fopt         0  (        0 /        0 )  0.00
        setup_dn         0  (        0 /        0 )  0.00
       load_isol         0  (        0 /        0 )  0.00
       load_isol         0  (        0 /        0 )  0.00
        move_for         0  (        0 /        0 )  0.00
        move_for         0  (        0 /        0 )  0.00
          rem_bi         0  (        0 /        0 )  0.00
         offload         0  (        0 /        0 )  0.00
          rem_bi         0  (        0 /        0 )  0.00
         offload         0  (        0 /        0 )  0.00
       merge_bit         0  (        0 /        0 )  0.00
     merge_idrvr         0  (        0 /        0 )  0.00
     merge_iload         0  (        0 /        0 )  0.00
    merge_idload         0  (        0 /        0 )  0.00
      merge_drvr         0  (        0 /        0 )  0.00
      merge_load         0  (        0 /        0 )  0.00
           phase         0  (        0 /        0 )  0.00
          decomp         0  (        0 /        0 )  0.00
        p_decomp         0  (        0 /        0 )  0.00
        levelize         0  (        0 /        0 )  0.00
        mb_split         0  (        0 /        0 )  0.00
             dup         0  (        0 /        0 )  0.00
      mux_retime         0  (        0 /        0 )  0.00
       crr_local         0  (        0 /        0 )  0.00
         buf2inv         0  (        0 /        0 )  0.00

 init_area                  1119        0         0         0        0       8921 

           Trick     Calls     Accepts   Attempts    Time(secs) 
-----------------------------------------------------------
           undup         0  (        0 /        0 )  0.00
         rem_buf         4  (        0 /        0 )  0.01
         rem_inv         0  (        0 /        0 )  0.00
        merge_bi         0  (        0 /        0 )  0.00
      rem_inv_qb        17  (        0 /        0 )  0.02
        io_phase         5  (        0 /        0 )  0.01
       gate_comp        66  (        0 /        0 )  0.11
       gcomp_mog         4  (        0 /        0 )  0.03
       glob_area        17  (        0 /       17 )  0.01
       area_down        13  (        0 /        0 )  0.02
      size_n_buf         0  (        0 /        0 )  0.00
  gate_deco_area         0  (        0 /        0 )  0.00

                                   Group   
                                  Tot Wrst     Total - - DRC Totals - -
                           Total  Weighted      Neg      Max       Max     Leakage 
Operation                   Area   Slacks      Slack    Trans      Cap      Power  
 init_power                 1119        0         0         0        0       8921 

           Trick     Calls     Accepts   Attempts    Time(secs) 
-----------------------------------------------------------
       p_rem_buf         4  (        0 /        0 )  0.00
       p_rem_inv         0  (        0 /        0 )  0.00
      p_merge_bi         0  (        0 /        0 )  0.00
        io_phase         5  (        0 /        0 )  0.01
       gate_comp        66  (        0 /        0 )  0.11
       gcomp_mog         4  (        0 /        0 )  0.03
      glob_power        17  (        0 /       17 )  0.01
      power_down        13  (        0 /        0 )  0.02
      size_n_buf         0  (        0 /        0 )  0.00

 
Incremental optimization status
===============================
                                   Group   
                                  Tot Wrst     Total - - DRC Totals - -
                           Total  Weighted      Neg      Max       Max     Leakage 
Operation                   Area   Slacks      Slack    Trans      Cap      Power  
 init_delay                 1119        0         0         0        0       8921 

           Trick     Calls     Accepts   Attempts    Time(secs) 
-----------------------------------------------------------
        crit_msz         0  (        0 /        0 )  0.00
       crit_upsz         0  (        0 /        0 )  0.00
       crit_slew         0  (        0 /        0 )  0.00
        setup_dn         0  (        0 /        0 )  0.00
    plc_bal_star         0  (        0 /        0 )  0.00
     drc_buftimb         0  (        0 /        0 )  0.00
          plc_st         0  (        0 /        0 )  0.00
    plc_st_fence         0  (        0 /        0 )  0.00
        plc_star         0  (        0 /        0 )  0.00
      plc_laf_st         0  (        0 /        0 )  0.00
 plc_laf_st_fence         0  (        0 /        0 )  0.00
     drc_buftims         0  (        0 /        0 )  0.00
   plc_laf_lo_st         0  (        0 /        0 )  0.00
       plc_lo_st         0  (        0 /        0 )  0.00
            fopt         0  (        0 /        0 )  0.00
       crit_swap         0  (        0 /        0 )  0.00
       mux2_swap         0  (        0 /        0 )  0.00
       crit_dnsz         0  (        0 /        0 )  0.00
       load_swap         0  (        0 /        0 )  0.00
            fopt         0  (        0 /        0 )  0.00
        setup_dn         0  (        0 /        0 )  0.00
       load_isol         0  (        0 /        0 )  0.00
       load_isol         0  (        0 /        0 )  0.00
        move_for         0  (        0 /        0 )  0.00
        move_for         0  (        0 /        0 )  0.00
          rem_bi         0  (        0 /        0 )  0.00
         offload         0  (        0 /        0 )  0.00
          rem_bi         0  (        0 /        0 )  0.00
         offload         0  (        0 /        0 )  0.00
           phase         0  (        0 /        0 )  0.00
        in_phase         0  (        0 /        0 )  0.00
       merge_bit         0  (        0 /        0 )  0.00
     merge_idrvr         0  (        0 /        0 )  0.00
     merge_iload         0  (        0 /        0 )  0.00
    merge_idload         0  (        0 /        0 )  0.00
      merge_drvr         0  (        0 /        0 )  0.00
      merge_load         0  (        0 /        0 )  0.00
          decomp         0  (        0 /        0 )  0.00
        p_decomp         0  (        0 /        0 )  0.00
        levelize         0  (        0 /        0 )  0.00
        mb_split         0  (        0 /        0 )  0.00
             dup         0  (        0 /        0 )  0.00
      mux_retime         0  (        0 /        0 )  0.00
         buf2inv         0  (        0 /        0 )  0.00
             exp         0  (        0 /        0 )  0.00
       gate_deco         0  (        0 /        0 )  0.00
       gcomp_tim         0  (        0 /        0 )  0.00
  inv_pair_2_buf         0  (        0 /        0 )  0.00

 init_drc                   1119        0         0         0        0       8921 

           Trick     Calls     Accepts   Attempts    Time(secs) 
-----------------------------------------------------------
          plc_st         0  (        0 /        0 )  0.00
        plc_star         0  (        0 /        0 )  0.00
        drc_bufs         0  (        0 /        0 )  0.00
        drc_fopt         0  (        0 /        0 )  0.00
        drc_bufb         0  (        0 /        0 )  0.00
      simple_buf         0  (        0 /        0 )  0.00
             dup         0  (        0 /        0 )  0.00
       crit_dnsz         0  (        0 /        0 )  0.00
       crit_upsz         0  (        0 /        0 )  0.00
       crit_slew         0  (        0 /        0 )  0.00


           Trick     Calls     Accepts   Attempts    Time(secs) 
-----------------------------------------------------------
          plc_st         0  (        0 /        0 )  0.00
        plc_star         0  (        0 /        0 )  0.00
        drc_bufs         0  (        0 /        0 )  0.00
        drc_fopt         0  (        0 /        0 )  0.00
        drc_bufb         0  (        0 /        0 )  0.00
      simple_buf         0  (        0 /        0 )  0.00
             dup         0  (        0 /        0 )  0.00
       crit_dnsz         0  (        0 /        0 )  0.00
       crit_upsz         0  (        0 /        0 )  0.00


           Trick     Calls     Accepts   Attempts    Time(secs) 
-----------------------------------------------------------
          plc_st         0  (        0 /        0 )  0.00
        plc_star         0  (        0 /        0 )  0.00
        drc_bufs         0  (        0 /        0 )  0.00
        drc_fopt         0  (        0 /        0 )  0.00
        drc_bufb         0  (        0 /        0 )  0.00
             dup         0  (        0 /        0 )  0.00
       crit_dnsz         0  (        0 /        0 )  0.00
       crit_upsz         0  (        0 /        0 )  0.00

==================================
Stage : incr_opt 
==================================
  =================
   Message Summary
  =================
-------------------------------------------------------------------------------------------------------------
|   Id    |  Sev   |Count |                                  Message Text                                   |
-------------------------------------------------------------------------------------------------------------
| CFM-1   |Info    |    1 |Wrote dofile.                                                                    |
| CFM-5   |Info    |    1 |Wrote formal verification information.                                           |
| CPI-506 |Warning |    1 |Command 'commit_power_intent' cannot proceed as there is no power intent loaded. |
| PA-7    |Info    |    4 |Resetting power analysis results.                                                |
|         |        |      |All computed switching activities are removed.                                   |
| SYNTH-5 |Info    |    1 |Done mapping.                                                                    |
| SYNTH-7 |Info    |    1 |Incrementally optimizing.                                                        |
-------------------------------------------------------------------------------------------------------------
Info    : Done incrementally optimizing. [SYNTH-8]
        : Done incrementally optimizing 'input_idx_controller'.
        Applying wireload models.
        Computing net loads.
      flow.cputime  flow.realtime  timing.setup.tns  timing.setup.wns  snapshot
UM:*                                                                   syn_opt
@file(2_synthesis.tcl) 29: foreach cg [vfind / -cost_group -null_ok *] {
  report_timing -group [list $cg] > $gn::reportDir/syn_postopt.timing_[basename $cg]_post_incr.rpt
}
        Applying wireload models.
        Computing net loads.
        Tracing clock networks.
        Levelizing the circuit.
        Computing delays.
        Computing arrivals and requireds.
@file(2_synthesis.tcl) 34: report_design > $gn::reportDir/syn_postopt.design.rpt
@file(2_synthesis.tcl) 37: report_gates -power > $gn::reportDir/syn_postopt.gates.rpt
Info    : Joules engine is used. [RPT-16]
        : Joules engine is being used for the command report_gates -power.
Info   : ACTP-0001 Activity propagation started for stim#0 netlist
       : input_idx_controller
Info   : ACTP-0009 [ACTPInfo] Activity Propagation Progress Report :   0%   1%   2%   3%   4%   5%   6%   7%   8%   9%  10%  11%  12%  13%  14%  15%  16%  17%  18%  19%  20%  21%  22%  23%  24%  25%  26%  27%  28%  29%  30%  31%  32%  33%  34%  35%  36%  37%  38%  39%  40%  41%  42%  43%  44%  45%  46%  47%  48%  49%  50%  51%  52%  53%  54%  55%  56%  57%  58%  59%  60%  61%  62%  63%  64%  65%  66%  67%  68%  69%  70%  71%  72%  73%  74%  75%  76%  77%  78%  79%  80%  81%  82%  83%  84%  85%  86%  87%  88%  89%  90%  91%  92%  93%  94%  95%  96%  97%  98%  99% 100%
Info   : ACTP-0001 Activity propagation ended for stim#0
Info   : PWRA-0001 compute_power effective options 
       : -mode : vectorless
       : -skip_propagation : 1
       : -frequency_scaling_factor : 1.0
       : -use_clock_freq : stim
       : -stim :/stim#0
       : -fromGenus : 1
Info   : ACTP-0001 Timing initialization started
Info   : ACTP-0001 Timing initialization ended
Info   : PWRA-0002 Skipping activity propagation due to -skip_ap option....
Warning: PWRA-0302 Frequency scaling is not applicable for vectorless flow.
       : Ignoring frequency scaling.
Warning: PWRA-0304 -stim option is not applicable with vectorless mode of power
       : analysis, ignored this option.
Info   : PWRA-0002 Started 'vectorless' power computation.
Info   : PWRA-0009 [PwrInfo] Power Computation Progress Report :   0%   1%   2%   3%   4%   5%   6%   7%   8%   9%  10%  11%  12%  13%  14%  15%  16%  17%  18%  19%  20%  21%  22%  23%  24%  25%  26%  27%  28%  29%  30%  31%  32%  33%  34%  35%  36%  37%  38%  39%  40%  41%  42%  43%  44%  45%  46%  47%  48%  49%  50%  51%  52%  53%  54%  55%  56%  57%  58%  59%  60%  61%  62%  63%  64%  65%  66%  67%  68%  69%  70%  71%  72%  73%  74%  75%  76%  77%  78%  79%  80%  81%  82%  83%  84%  85%  86%  87%  88%  89%  90%  91%  92%  93%  94%  95%  96%  97%  98%  99% 100%
Info   : PWRA-0002 Finished power computation.
Info   : PWRA-0007 Completed successfully.
       : Info=6, Warn=2, Error=0, Fatal=0
@file(2_synthesis.tcl) 40: report_area > $gn::reportDir/syn_postopt.area.rpt
@file(2_synthesis.tcl) 43: report_timing -nworst 5 > $gn::reportDir/syn_postopt.timing.rpt
@file(2_synthesis.tcl) 46: report_timing -endpoints > $gn::reportDir/syn_postopt.timing_ep.rpt
@file(2_synthesis.tcl) 47: report_timing -max_slack 0.1 > $gn::reportDir/syn_postopt.timing_marginalviol.rpt
@file(2_synthesis.tcl) 48: report_timing -from [all_inputs] > $gn::reportDir/syn_postopt.timing_in.rpt
@file(2_synthesis.tcl) 49: report_timing -to   [all_outputs] > $gn::reportDir/syn_postopt.timing_out.rpt
@file(2_synthesis.tcl) 50: report_timing_summary > $gn::reportDir/syn_postopt.timingsummary.rpt
@file(2_synthesis.tcl) 52: set gn::CNT 1
@file(2_synthesis.tcl) 53: foreach gn::CLK [vfind /designs* -clock *] {
  exec echo "####################" > $gn::reportDir/syn_postopt.timing.clk$gn::CNT
  exec echo "# from clock: $gn::CLK" >> $gn::reportDir/syn_postopt.timing.clk$gn::CNT
  exec echo "# to clock: $gn::CLK" >> $gn::reportDir/syn_postopt.timing.clk$gn::CNT
  exec echo "####################" >> $gn::reportDir/syn_postopt.timing.clk$gn::CNT
  report_timing -from $gn::CLK -to $gn::CLK >> $gn::reportDir/syn_postopt.timing_clk$gn::CNT.rpt
  incr gn::CNT
}
@file(2_synthesis.tcl) 63: report_clock_gating > $gn::reportDir/syn_postopt.clockgating.rpt
Warning : Potential error generating clock gating report. [RPT_CG-12]
        : 'lp_insert_clock_gating' root attribute is set to 'false'.
        : The 'report clock_gating' command depends on the 'lp_insert_clock_gating' attribute.  Set it to 'true' before calling this command.


@file(2_synthesis.tcl) 64: report_power > $gn::reportDir/syn_postopt.power.rpt
Info    : Joules engine is used. [RPT-16]
        : Joules engine is being used for the command report_power.
Output file: ../report/syn_postopt.power.rpt
@file(2_synthesis.tcl) 65: report_area > $gn::reportDir/syn_postopt.area.rpt
@file(2_synthesis.tcl) 66: report_qor > $gn::reportDir/syn_postopt.qor.rpt
#@ End verbose source ../scripts/2_synthesis.tcl
@file(run_all.tcl) 16: source ../scripts/3_export.tcl
Sourcing '../scripts/3_export.tcl' (Sun Mar 22 13:04:18 EDT 2026)...
#@ Begin verbose source ../scripts/3_export.tcl
@file(3_export.tcl) 6: write_hdl > $gn::OutDir/$TOPCELL.syn.v
@file(3_export.tcl) 7: write_sdc -view default_mode > $gn::OutDir/$TOPCELL.syn.sdc
Finished SDC export (command execution time mm:ss (real) = 00:00).
@file(3_export.tcl) 11: write_sdf > $gn::OutDir/$TOPCELL.syn.sdf
Warning : Default value for an option has changed in this release. [WSDF-104]
        : Default value for -setuphold has changed from split to merge_always. Specify '-setuphold split' to preserve the behavior of the previous release.
        : Specify the option explicitly.
Warning : Default value for an option has changed in this release. [WSDF-104]
        : Default value for -recrem has changed from split to merge_always. Specify '-recrem split' to preserve the behavior of the previous release.
#@ End verbose source ../scripts/3_export.tcl
#@ End verbose source ../scripts/run_all.tcl

Lic Summary:
[13:04:19.080080] Cdslmd servers: bioeelincad
[13:04:19.080090] Feature usage summary:
[13:04:19.080090] Genus_Synthesis

