111111110011111100110010101010100
111111110011111100110011010101011
111111110011111100110010010110111
111111110011111100110011010001101
111111110011111100110010010110100
111111110011111100110100000010110
111111110011111100110011111100111
111111110011111100101111111011010
000000001100111111001110100100110
000000001100111111001110000010110
000000001100111111001101000110000
000000001100111111010000111001100
000000001100111111001110001100101
000000001100111111010000000010001
000000001100111111010011010101011
000000001100111111001111001110101
111111110000111000100100110010110
111111110000111000100111110000000
111111110000111000100110011000011
111111110000111000101000100100010
111111110000111000100100001011000
111111110000111000100100111111010
111111110000111000100111010111000
111111110000111000100101110011100
111111111111101011101011110011000
111111111111101011101101100010000
111111111111101011100111101011101
111111111111101011101010101000010
111111111111101011101000111001101
111111111111101011101100010001010
111111111111101011101100001010011
111111111111101011100111110001101
111111110010010101001111010001011
111111110010010101001110001001000
111111110010010101001011011110100
111111110010010101001101100111110
111111110010010101001110011111010
111111110010010101001111111101010
111111110010010101001111011110100
111111110010010101001010010111101
111111111101101111101100011110111
111111111101101111110000111110001
111111111101101111101110110000101
111111111101101111110000110011010
111111111101101111101011010110000
111111111101101111101110000001011
111111111101101111110001000010100
111111111101101111101111011110101
000000001010000100100001011111010
000000001010000100100011111110010
000000001010000100100101000101010
000000001010000100100100010011011
000000001010000100100010011111110
000000001010000100100001010010001
000000001010000100100010001001001
000000001010000100100010110101001
111111110100011010100011111011001
111111110100011010100110000010000
111111110100011010100101110001101
111111110100011010100111011111011
111111110100011010100011000110001
111111110100011010100100011000010
111111110100011010100111011010111
111111110100011010100110111000100
111111110011111100110011000000110
111111110011111100110011010010110
111111110011111100110001000101100
111111110011111100110101010111101
111111110011111100110100000111110
111111110011111100110010101001110
111111110011111100110101001111010
111111110011111100110100001111110
000000001100111111010000100011100
000000001100111111010000001001011
000000001100111111001110110110101
000000001100111111010010000001101
000000001100111111010001001110010
000000001100111111001111001101000
000000001100111111010001110100000
000000001100111111001111100001101
111111110000111000100111100110110
111111110000111000100101111000010
111111110000111000100101011000110
111111110000111000100110110001101
111111110000111000100110110010000
111111110000111000101000111101101
111111110000111000101001010101101
111111110000111000100101000011000
111111111111101011101011010000101
111111111111101011101100000001100
111111111111101011101010000101110
111111111111101011101011111111010
111111111111101011101011010101100
111111111111101011101100100000001
111111111111101011101110000011001
111111111111101011101100100101100
111111110010010101001110100011010
111111110010010101001110100010100
111111110010010101001101110101101
111111110010010101001101111101111
111111110010010101001110000001001
111111110010010101010000011101010
111111110010010101001111110000110
111111110010010101001101011001101
111111111101101111101110101011111
111111111101101111101111101100100
111111111101101111101100110011000
111111111101101111110000001001110
111111111101101111101110110010101
111111111101101111101111000010000
111111111101101111110000011101101
111111111101101111101111100101011
000000001010000100100011110110101
000000001010000100100000111000001
000000001010000100100011000111001
000000001010000100100011110011001
000000001010000100100011111001110
000000001010000100100010000001100
000000001010000100100001101100001
000000001010000100100011000100110
111111110100011010100101001110101
111111110100011010100011111111000
111111110100011010100010110100111
111111110100011010100101011101111
111111110100011010100100101000110
111111110100011010100110101000101
111111110100011010101000010000111
111111110100011010100100100000001
111111110011111100110100001111010
111111110011111100110011100100110
111111110011111100110010010010100
111111110011111100110010001100101
111111110011111100110011010001011
111111110011111100110001111010100
111111110011111100110010100010111
111111110011111100110010011111101
000000001100111111001110001101000
000000001100111111010010000111001
000000001100111111001101000110011
000000001100111111001101111000101
000000001100111111001110001110100
000000001100111111001011011110001
000000001100111111001011111011111
000000001100111111010010011100100
111111110000111000100101011111001
111111110000111000101000111010100
111111110000111000100111111101011
111111110000111000101000011011111
111111110000111000100110001000111
111111110000111000100110101110100
111111110000111000100110100110111
111111110000111000101001110000000
111111111111101011101011101111001
111111111111101011101110000111001
111111111111101011101010011001101
111111111111101011101001010011010
111111111111101011101011110011010
111111111111101011101001001110110
111111111111101011101011000111101
111111111111101011101111000110011
111111110010010101010000110011111
111111110010010101001100100010010
111111110010010101001110011010110
111111110010010101001010000011011
111111110010010101001111011101001
111111110010010101001011100010010
111111110010010101001100100011101
111111110010010101001101000110100
111111111101101111101111111101010
111111111101101111110000100000001
111111111101101111101110111100110
111111111101101111101110001011001
111111111101101111101111000101000
111111111101101111101110100000101
111111111101101111101110111110110
111111111101101111110001100101001
000000001010000100100011010111001
000000001010000100100010010110101
000000001010000100100010001000001
000000001010000100011111110000001
000000001010000100100100110100011
000000001010000100100000010100101
000000001010000100100000110001111
000000001010000100100100011001110
111111110100011010100111010010010
111111110100011010100110010101111
111111110100011010100110001100111
111111110100011010100011110001011
111111110100011010100101100001100
111111110100011010100101011100001
111111110100011010101000010100100
111111110100011010100101101101110
111111110011111100110001100110001
111111110011111100110000010011111
111111110011111100110011001100010
111111110011111100110100111000010
111111110011111100110010111000010
111111110011111100110001010011001
111111110011111100110011111111010
111111110011111100110011110001001
000000001100111111001110110001101
000000001100111111001101000100100
000000001100111111010000011110100
000000001100111111010000110000110
000000001100111111010000101000011
000000001100111111001110010000010
000000001100111111001111011010100
000000001100111111001110100010011
111111110000111000101000010111001
111111110000111000100111011011111
111111110000111000100111111101001
111111110000111000100110111010000
111111110000111000101001100001011
111111110000111000100110110011101
111111110000111000100111010001001
111111110000111000100101000101110
111111111111101011101001010100011
111111111111101011101011110101000
111111111111101011101011100111110
111111111111101011101101111110100
111111111111101011101010000100000
111111111111101011101011011111010
111111111111101011101011101100011
111111111111101011101010111111000
111111110010010101001110010101100
111111110010010101001110001000101
111111110010010101001110000111101
111111110010010101001111100110010
111111110010010101010000110100011
111111110010010101001100001010101
111111110010010101001100110001110
111111110010010101001100100000011
111111111101101111101110010000011
111111111101101111101111101100101
111111111101101111101110000000110
111111111101101111110001110000101
111111111101101111101111100011000
111111111101101111101111001000110
111111111101101111101110001111110
111111111101101111101110000111000
000000001010000100100010010100101
000000001010000100100010010100111
000000001010000100100010111010011
000000001010000100100100011110101
000000001010000100100011101000010
000000001010000100100010000111100
000000001010000100100010110100010
000000001010000100100000001011001
111111110100011010100100110011001
111111110100011010100100111010101
111111110100011010100101111000101
111111110100011010100111010001000
111111110100011010100011100101100
111111110100011010100110001000111
111111110100011010100111101010011
111111110100011010100011111101101
111111110011111100110001001101000
111111110011111100110011101100001
111111110011111100110001010001011
111111110011111100110100011010011
111111110011111100110100000001101
111111110011111100110101001000111
111111110011111100110001100001110
111111110011111100110011010111011
000000001100111111010000010000101
000000001100111111001110110011001
000000001100111111010000010001111
000000001100111111001111011100110
000000001100111111001111100101000
000000001100111111010001000011001
000000001100111111010000001011001
000000001100111111010001111000111
111111110000111000100110010001011
111111110000111000100110110001100
111111110000111000100111000010111
111111110000111000100110100000000
111111110000111000100101001001110
111111110000111000101000100110101
111111110000111000100101110010101
111111110000111000100100100100010
111111111111101011101100001001110
111111111111101011101011101101110
111111111111101011101100100000110
111111111111101011101011100011110
111111111111101011101100001010011
111111111111101011101101010001101
111111111111101011101100110011000
111111111111101011101101100000100
111111110010010101001110101101010
111111110010010101010000000111011
111111110010010101001111100011110
111111110010010101001111100100110
111111110010010101001111101010011
111111110010010101001111001111111
111111110010010101001110110100010
111111110010010101001100000110001
111111111101101111101110111011001
111111111101101111101100101101000
111111111101101111101111000110111
111111111101101111101110101011000
111111111101101111101010110101100
111111111101101111110001101001000
111111111101101111101101111111111
111111111101101111101110110011110
000000001010000100100001101011101
000000001010000100100011011001001
000000001010000100100010000011001
000000001010000100100010000111110
000000001010000100100000110100101
000000001010000100100010110001101
000000001010000100100001011101001
000000001010000100011111000110000
111111110100011010100100111111111
111111110100011010100100110000011
111111110100011010100101000001111
111111110100011010100101011010100
111111110100011010100100010110110
111111110100011010100110110010011
111111110100011010100100001011100
111111110100011010100101011100100
111111110011111100110011011010001
111111110011111100110011000111000
111111110011111100110011011011001
111111110011111100110110001100001
111111110011111100110010100001101
111111110011111100110011001110001
111111110011111100110011100000100
111111110011111100110100000001000
000000001100111111001100011011110
000000001100111111010000011110000
000000001100111111010000000000111
000000001100111111010001110100100
000000001100111111001111110011111
000000001100111111001110010110101
000000001100111111001110100000010
000000001100111111001011010101110
111111110000111000100101110010001
111111110000111000100111011110111
111111110000111000100111011010001
111111110000111000101001001110011
111111110000111000101000110101011
111111110000111000100111101001000
111111110000111000101000001111001
111111110000111000100110100011010
111111111111101011101011111001101
111111111111101011101000000010010
111111111111101011101100000100110
111111111111101011101100100100010
111111111111101011101101001111010
111111111111101011101110111100111
111111111111101011101100111011111
111111111111101011101110010001011
111111110010010101001110101111101
111111110010010101001101000101010
111111110010010101001111000000101
111111110010010101010000110101101
111111110010010101010000101100010
111111110010010101010000010011110
111111110010010101010000010001110
111111110010010101010000001100110
111111111101101111101111101010001
111111111101101111110000001101111
111111111101101111110000000010000
111111111101101111110010100110000
111111111101101111101111101111101
111111111101101111101110110010100
111111111101101111110000010101011
111111111101101111101111110001011
000000001010000100100100001010011
000000001010000100100010011011101
000000001010000100100100010001111
000000001010000100100101101001101
000000001010000100100011101011100
000000001010000100100011010110010
000000001010000100100010111010000
000000001010000100100011000110001
111111110100011010100101010011111
111111110100011010100010001000111
111111110100011010100101110000101
111111110100011010100101101111010
111111110100011010100101101001000
111111110100011010100110110111001
111111110100011010100011101101100
111111110100011010100101011011100
111111110011111100110001001100010
111111110011111100101111110110000
111111110011111100101111011000000
111111110011111100110101011001000
111111110011111100110000110110100
111111110011111100110100100010011
111111110011111100110010101010110
111111110011111100110001000110001
000000001100111111001110110011101
000000001100111111001101001101110
000000001100111111001100111011101
000000001100111111010001101110001
000000001100111111001011110001111
000000001100111111010001001110101
000000001100111111001111111010001
000000001100111111001110110000011
111111110000111000100111010111000
111111110000111000100101100101110
111111110000111000100110110011001
111111110000111000101010001011111
111111110000111000100110000101001
111111110000111000100111010001010
111111110000111000101001101010110
111111110000111000100111100011111
111111111111101011101100101110000
111111111111101011101101000010000
111111111111101011101011101100001
111111111111101011101110001011001
111111111111101011101100110011110
111111111111101011101100100001010
111111111111101011101011011110111
111111111111101011101011110101111
111111110010010101001110001010010
111111110010010101001100100000101
111111110010010101001100000000101
111111110010010101010000010110100
111111110010010101001001101011001
111111110010010101010001000101100
111111110010010101001111111100101
111111110010010101001101110001000
111111111101101111101110000110111
111111111101101111101110100110101
111111111101101111101100101110111
111111111101101111101111110011011
111111111101101111101101010100110
111111111101101111110001011101110
111111111101101111101110100010000
111111111101101111101111010000000
000000001010000100100001101000001
000000001010000100100010011110011
000000001010000100100001010101010
000000001010000100100010011111111
000000001010000100100011100111111
000000001010000100100010110011101
000000001010000100100000110001100
000000001010000100100011101111001
111111110100011010100101010001111
111111110100011010100110101011100
111111110100011010100011000010111
111111110100011010100110111111110
111111110100011010100011011010011
111111110100011010101000000101101
111111110100011010100100101010010
111111110100011010100110011011101
111111110011111100110001000010000
111111110011111100110011110110111
111111110011111100110010111110111
111111110011111100110011010001100
111111110011111100110000011001000
111111110011111100110010001010011
111111110011111100110100110101101
111111110011111100110100110110000
000000001100111111001010101101001
000000001100111111010010010101010
000000001100111111001110011111001
000000001100111111010001101001000
000000001100111111001101111010101
000000001100111111010000111101100
000000001100111111001110110011000
000000001100111111010000101010101
111111110000111000100010110110111
111111110000111000101010001010110
111111110000111000100101000001110
111111110000111000101010000110010
111111110000111000100100101001101
111111110000111000101001100010001
111111110000111000100100100100100
111111110000111000101001001011001
111111111111101011101001000110010
111111111111101011101100101101111
111111111111101011101010010010010
111111111111101011101010100010100
111111111111101011101010011100000
111111111111101011101010111111011
111111111111101011101011010100001
111111111111101011101100110110000
111111110010010101001011001111001
111111110010010101001111110111101
111111110010010101001101010111000
111111110010010101001110001010101
111111110010010101001111011010010
111111110010010101001110010000011
111111110010010101001101010111111
111111110010010101001111000110110
111111111101101111101000101111101
111111111101101111110010001001001
111111111101101111101111110001011
111111111101101111101110111100000
111111111101101111101010011001011
111111111101101111110001100100001
111111111101101111101110110011001
111111111101101111101110011000110
000000001010000100011101101010010
000000001010000100100101100110000
000000001010000100100010111011110
000000001010000100100011101111010
000000001010000100100000111111111
000000001010000100100011111001001
000000001010000100100010010100110
000000001010000100100010101111010
111111110100011010100100101011100
111111110100011010100110101111001
111111110100011010100011111001101
111111110100011010100110101010011
111111110100011010100110100001001
111111110100011010100110101101010
111111110100011010100100010111100
111111110100011010100111101010101
111111110011111100110000010000101
111111110011111100110000100100100
111111110011111100110011100000001
111111110011111100110001100100011
111111110011111100110000011101110
111111110011111100110011000111001
111111110011111100110100011000011
111111110011111100110000110001100
000000001100111111001100111101111
000000001100111111001111000001101
000000001100111111010001011011101
000000001100111111001110111000110
000000001100111111001101111110111
000000001100111111001101001000011
000000001100111111001111100101100
000000001100111111001111011001101
111111110000111000100110001010100
111111110000111000100101101010100
111111110000111000101000101100101
111111110000111000101001001001100
111111110000111000100101010110011
111111110000111000100101101001000
111111110000111000101010001001011
111111110000111000100110110000000
111111111111101011101011110010001
111111111111101011101010101111100
111111111111101011101101010000010
111111111111101011101100000011110
111111111111101011101100000001110
111111111111101011101000010110111
111111111111101011101110010010000
111111111111101011101100000111010
111111110010010101001100110001000
111111110010010101001101100100011
111111110010010101001111110101001
111111110010010101001101000010011
111111110010010101001111001001111
111111110010010101001101100100010
111111110010010101001110000100011
111111110010010101001101100000011
111111111101101111101111111100011
111111111101101111101110011111101
111111111101101111101110111101101
111111111101101111110000011001000
111111111101101111101111111110000
111111111101101111110000010010010
111111111101101111110000011001001
111111111101101111101111001111011
000000001010000100100010101111100
000000001010000100100011000011100
000000001010000100100010100100100
000000001010000100100000100000011
000000001010000100100101001110010
000000001010000100100010011100110
000000001010000100100010001010011
000000001010000100100010110100111
111111110100011010100100010000110
111111110100011010100011011101110
111111110100011010100011110001111
111111110100011010100100110010101
111111110100011010100101001101111
111111110100011010100011101010100
111111110100011010100111100001101
111111110100011010100101011000001
111111110011111100110011000001101
111111110011111100110010101101000
111111110011111100110101011001010
111111110011111100110010011110110
111111110011111100110010000101101
111111110011111100110100010110001
111111110011111100110001011000000
111111110011111100110110100101001
000000001100111111010000110100111
000000001100111111001111001001101
000000001100111111001111010110010
000000001100111111001110010000010
000000001100111111001111110111100
000000001100111111001111001100100
000000001100111111001111101100111
000000001100111111001110001111111
111111110000111000100111100010011
111111110000111000100101011001110
111111110000111000101000101000000
111111110000111000100110110100100
111111110000111000100110011010011
111111110000111000100111110100010
111111110000111000101000001111001
111111110000111000100110110111011
111111111111101011101100010101000
111111111111101011101100000110001
111111111111101011101101001011010
111111111111101011101110100010111
111111111111101011101100011110001
111111111111101011101100101100011
111111111111101011101001111010111
111111111111101011101101001111111
111111110010010101001111100011010
111111110010010101001110101010011
111111110010010101001110111000011
111111110010010101001101011001101
111111110010010101001110100100110
111111110010010101001110000111111
111111110010010101001101111111011
111111110010010101001111101010011
111111111101101111101111010001000
111111111101101111101110101101110
111111111101101111101111110110100
111111111101101111101111111011011
111111111101101111101101000101110
111111111101101111101111110101000
111111111101101111101110110111010
111111111101101111101111111001100
000000001010000100100010011100101
000000001010000100100011110001101
000000001010000100100010100010011
000000001010000100100000001000000
000000001010000100100011000101010
000000001010000100100010111110010
000000001010000100100010010110101
000000001010000100100011011010110
111111110100011010100110010110100
111111110100011010100110000001010
111111110100011010100101011100111
111111110100011010100011101011111
111111110100011010100110000101000
111111110100011010100101000010111
111111110100011010100011001010011
111111110100011010100110100100010
111111110011111100110100000111111
111111110011111100110001001111000
111111110011111100110011101100011
111111110011111100110011011011101
111111110011111100110000110110011
111111110011111100110010110001110
111111110011111100110001111111100
111111110011111100110011010110010
000000001100111111001101110011001
000000001100111111001110111101010
000000001100111111001011010000110
000000001100111111010000000100110
000000001100111111001111001011010
000000001100111111001111000000001
000000001100111111001101111010011
000000001100111111010000011010101
111111110000111000100111011100101
111111110000111000100111011011010
111111110000111000100100111100011
111111110000111000101001001101101
111111110000111000100101111100001
111111110000111000100101011101111
111111110000111000100110101001111
111111110000111000100100011111100
111111111111101011101100010100000
111111111111101011101100101111100
111111111111101011101011010000111
111111111111101011101110000101000
111111111111101011101111100010110
111111111111101011101010010010001
111111111111101011101101010001000
111111111111101011101011000000011
111111110010010101001101111001101
111111110010010101001101011000101
111111110010010101001110001011100
111111110010010101001110000100110
111111110010010101001100111111000
111111110010010101001101110110001
111111110010010101001100001011111
111111110010010101001101111101100
111111111101101111110001100010011
111111111101101111110001101100111
111111111101101111110000001010010
111111111101101111101111010110010
111111111101101111101111011101001
111111111101101111110011100011101
111111111101101111101111001010010
111111111101101111101111010100100
000000001010000100100100001010101
000000001010000100100100100010001
000000001010000100100010100111000
000000001010000100100100111101110
000000001010000100100001001111001
000000001010000100100010010110111
000000001010000100100011000001101
000000001010000100011111111111010
111111110100011010100111100010110
111111110100011010100101011010111
111111110100011010100110011111100
111111110100011010100111101001101
111111110100011010100111000110100
111111110100011010100100111101101
111111110100011010100110011111010
111111110100011010100100011001010
111111110011111100110011000101110
111111110011111100110101110101100
111111110011111100110011100101101
111111110011111100110100001110000
111111110011111100110011000000111
111111110011111100110011100011010
111111110011111100110011110110011
111111110011111100110000010011100
000000001100111111001110000010101
000000001100111111010001001100110
000000001100111111010000100000101
000000001100111111001110100110100
000000001100111111001111110110110
000000001100111111010000101111111
000000001100111111010000011010110
000000001100111111010000010011101
111111110000111000100110000100011
111111110000111000100110010101110
111111110000111000100110101110101
111111110000111000100111010001000
111111110000111000100110000001000
111111110000111000100100110100011
111111110000111000100110101111001
111111110000111000101001010001101
111111111111101011101100110111111
111111111111101011101100110101110
111111111111101011101011111011011
111111111111101011101100101000101
111111111111101011101011001010010
111111111111101011101000000100000
111111111111101011101100111000111
111111111111101011101100010110010
111111110010010101001100111111100
111111110010010101001110001100100
111111110010010101001110010000010
111111110010010101001101100110011
111111110010010101001110010100011
111111110010010101001101101001110
111111110010010101001101000100010
111111110010010101010001000110110
111111111101101111101111011110011
111111111101101111110000111001001
111111111101101111101110011010000
111111111101101111110010101110100
111111111101101111101110010110011
111111111101101111101100001110101
111111111101101111101111001100000
111111111101101111101101110111010
000000001010000100100001101110100
000000001010000100100011111101001
000000001010000100100010010011011
000000001010000100100010111000001
000000001010000100100101000001010
000000001010000100100100100110101
000000001010000100100000100101000
000000001010000100100011101110101
111111110100011010100110010000011
111111110100011010100110000000010
111111110100011010100110010110011
111111110100011010100101101010011
111111110100011010100100111100000
111111110100011010100100010011010
111111110100011010100111000001111
111111110100011010100110001100000
111111110011111100110001100101111
111111110011111100110000110111100
111111110011111100101111111001111
111111110011111100101111111000111
111111110011111100110000011001100
111111110011111100110001111010111
111111110011111100110010100111101
111111110011111100110011000011111
000000001100111111001111110000100
000000001100111111001111111010110
000000001100111111010000101000110
000000001100111111010000011101101
000000001100111111010001001000011
000000001100111111010000111101011
000000001100111111010000001101101
000000001100111111010001011111000
111111110000111000100111010110111
111111110000111000101000000110001
111111110000111000100110001010010
111111110000111000100100100011110
111111110000111000100110001100101
111111110000111000101000110011001
111111110000111000100111101010001
111111110000111000101001101111000
111111111111101011101100000111011
111111111111101011100111010110010
111111111111101011101010001010010
111111111111101011101010110111010
111111111111101011101011110010001
111111111111101011101011100000001
111111111111101011101100111111111
111111111111101011101011000110100
111111110010010101001101111011110
111111110010010101001110101000110
111111110010010101001110001000001
111111110010010101001101111101100
111111110010010101001111101000100
111111110010010101001110101010101
111111110010010101001111011111111
111111110010010101010000000010111
111111111101101111101111110101110
111111111101101111101110111011010
111111111101101111101110000111100
111111111101101111101110110100101
111111111101101111101101001111011
111111111101101111110000010101101
111111111101101111101110011000100
111111111101101111101111000011111
000000001010000100100010010010111
000000001010000100100000110110010
000000001010000100011111100111100
000000001010000100011111101000011
000000001010000100100001111000010
000000001010000100100011101001011
000000001010000100100011010000100
000000001010000100100100000010010
111111110100011010100111010011101
111111110100011010100011101010001
111111110100011010100100100110100
111111110100011010100101001111110
111111110100011010100100110101100
111111110100011010100110101111011
111111110100011010100110001010010
111111110100011010100100111011101
111111110011111100110010000011111
111111110011111100110010001110001
111111110011111100110011000100001
111111110011111100110011100100000
111111110011111100110011110110100
111111110011111100110010101110001
111111110011111100110011000001110
111111110011111100110000011110100
000000001100111111001111011110000
000000001100111111010001100000110
000000001100111111001111010001001
000000001100111111001111100000101
000000001100111111010000010010000
000000001100111111001110000101000
000000001100111111001111110011101
000000001100111111001110001001010
111111110000111000101000011001111
111111110000111000100110111010011
111111110000111000100100110010000
111111110000111000100111001011010
111111110000111000100100110011101
111111110000111000100101000001001
111111110000111000101010110101011
111111110000111000100101101001011
111111111111101011101000101100111
111111111111101011101101011101111
111111111111101011101011011101010
111111111111101011101010111011101
111111111111101011101100110011111
111111111111101011101001111111001
111111111111101011101010100111001
111111111111101011101000011100000
111111110010010101001101100111001
111111110010010101001110101010100
111111110010010101001100011010000
111111110010010101001111011111110
111111110010010101001100011111101
111111110010010101001011100011001
111111110010010101001100011100110
111111110010010101001100101111011
111111111101101111101111011111010
111111111101101111101111011111100
111111111101101111101111101000001
111111111101101111101111111110011
111111111101101111101101111111001
111111111101101111101111001010010
111111111101101111101110001111010
111111111101101111101111101101101
000000001010000100100010111111100
000000001010000100100010101100011
000000001010000100100010100111010
000000001010000100100100001101011
000000001010000100100011101001000
000000001010000100100011110101001
000000001010000100100001000010000
000000001010000100100011001101011
111111110100011010100100001011000
111111110100011010100101010110101
111111110100011010100101100010100
111111110100011010100110010110001
111111110100011010100111110000110
111111110100011010100101011101000
111111110100011010100100001000100
111111110100011010100011011101000
111111110011111100110100110011101
111111110011111100110001100110110
111111110011111100110010110001110
111111110011111100110011100001001
111111110011111100110010110101100
111111110011111100110101001111010
111111110011111100110010101001110
111111110011111100110100001100000
000000001100111111001101110111011
000000001100111111001111010101100
000000001100111111001110011000000
000000001100111111001110111010110
000000001100111111001110001001011
000000001100111111001111110110011
000000001100111111001111111111001
000000001100111111010000101110011
111111110000111000100111100011010
111111110000111000100110011100011
111111110000111000100100001001100
111111110000111000100100111100011
111111110000111000100011011110101
111111110000111000100110001100100
111111110000111000100101101011001
111111110000111000100111011001011
111111111111101011101001111111100
111111111111101011101010100001011
111111111111101011101100100000110
111111111111101011101011110000110
111111111111101011101100001001010
111111111111101011101100101110000
111111111111101011101101010100011
111111111111101011101110001100110
111111110010010101001100100111010
111111110010010101001100001110001
111111110010010101001101101100110
111111110010010101001110101111010
111111110010010101001101010001101
111111110010010101010000011010110
111111110010010101001111100011111
111111110010010101010000010011010
111111111101101111110000110000001
111111111101101111101111010000100
111111111101101111101110110100100
111111111101101111101101010101000
111111111101101111101101101111111
111111111101101111101111101001000
111111111101101111101101111110101
111111111101101111101111100000010
000000001010000100100011110000011
000000001010000100100010110111100
000000001010000100100101001001100
000000001010000100100001100010100
000000001010000100100001101100010
000000001010000100100001110100011
000000001010000100100010010001110
000000001010000100100010101101010
111111110100011010100100000111110
111111110100011010100110011100001
111111110100011010100110100000010
111111110100011010100101011010110
111111110100011010100110011011110
111111110100011010100100001100110
111111110100011010100110110000001
111111110100011010100110101111110
111111110011111100110010100101110
111111110011111100110101100000011
111111110011111100110101000100100
111111110011111100110011000110010
111111110011111100110010111100000
111111110011111100110110010101000
111111110011111100110100000001111
111111110011111100110011011001010
000000001100111111001110100100101
000000001100111111010010110010110
000000001100111111010000010111001
000000001100111111001111010101100
000000001100111111010001101001001
000000001100111111001110011110101
000000001100111111001100101100100
000000001100111111001101110001011
111111110000111000100111010000101
111111110000111000100111011010000
111111110000111000100101011001010
111111110000111000100101010101100
111111110000111000100110001001111
111111110000111000100111100100011
111111110000111000100110110000110
111111110000111000100101110011000
111111111111101011101000011010010
111111111111101011101101110010011
111111111111101011101100000111010
111111111111101011101101000011110
111111111111101011101101011100100
111111111111101011101010101111000
111111111111101011101010111001000
111111111111101011101000100101111
111111110010010101001101100100110
111111110010010101001111100001111
111111110010010101001111010000001
111111110010010101001101001010110
111111110010010101001101110000010
111111110010010101010000011110100
111111110010010101001110111001000
111111110010010101001110100111101
111111111101101111101011011111111
111111111101101111110000101110100
111111111101101111110001010000100
111111111101101111110000000101101
111111111101101111101111101111011
111111111101101111110000100000110
111111111101101111101111011111000
111111111101101111101100111111100
000000001010000100100010000100100
000000001010000100100100100101110
000000001010000100100100101011111
000000001010000100100010000010000
000000001010000100100011000111011
000000001010000100100100001000001
000000001010000100100010000010101
000000001010000100100010111101101
111111110100011010100101100011101
111111110100011010100110100111011
111111110100011010100101101010111
111111110100011010100111011010000
111111110100011010100101011000101
111111110100011010100110001101100
111111110100011010100101011000000
111111110100011010100100101110101
111111110011111100101111110010000
111111110011111100110110000010000
111111110011111100110100011111011
111111110011111100110100010101111
111111110011111100110001111011000
111111110011111100110000111110000
111111110011111100110101010011000
111111110011111100110010010000110
000000001100111111001100101000111
000000001100111111010001001111000
000000001100111111001110111010011
000000001100111111001110011111011
000000001100111111010000100011110
000000001100111111010000111110010
000000001100111111010000111001010
000000001100111111001111100001101
111111110000111000100111100000110
111111110000111000101001011010100
111111110000111000100110001001110
111111110000111000101000101110110
111111110000111000100100000110111
111111110000111000101001011011110
111111110000111000101000011001000
111111110000111000100101110111111
111111111111101011100111000000001
111111111111101011101101101101111
111111111111101011101011110100010
111111111111101011101100101000110
111111111111101011101001111010001
111111111111101011101011100011100
111111111111101011101101111000101
111111111111101011101010000011001
111111110010010101001100000001100
111111110010010101010001000010011
111111110010010101001100000111101
111111110010010101001110100000101
111111110010010101001101000101100
111111110010010101010000000000101
111111110010010101001111101111001
111111110010010101001101100110010
111111111101101111101011000110101
111111111101101111110001000011001
111111111101101111101111001000010
111111111101101111101101000110110
111111111101101111101111111001100
111111111101101111110000100100001
111111111101101111110000001010111
111111111101101111101101111100101
000000001010000100011111000000001
000000001010000100100101010011101
000000001010000100100010010001001
000000001010000100100010100000101
000000001010000100100001110101100
000000001010000100100001100101010
000000001010000100100100011001110
000000001010000100100001010100000
111111110100011010100100010111111
111111110100011010100111100001010
111111110100011010100101101000010
111111110100011010100110000001000
111111110100011010100100000000101
111111110100011010100111010000100
111111110100011010100110011001011
111111110100011010100100010110111
111111110011111100110001011010100
111111110011111100110010110010101
111111110011111100110010100001000
111111110011111100110100011001111
111111110011111100110001110011000
111111110011111100110010110100011
111111110011111100110100001101100
111111110011111100110100111001001
000000001100111111001111110001110
000000001100111111001110001000110
000000001100111111001101111010001
000000001100111111010000010011100
000000001100111111010000011111001
000000001100111111010001010111111
000000001100111111010011011000000
000000001100111111010001000101110
111111110000111000100110000011011
111111110000111000100110111011001
111111110000111000101000011110011
111111110000111000100111000000100
111111110000111000100110000101100
111111110000111000100110011111011
111111110000111000101000000110010
111111110000111000101000111100011
111111111111101011101001111010100
111111111111101011101011011000101
111111111111101011101001011101111
111111111111101011101101011010100
111111111111101011101011000001001
111111111111101011101101100000000
111111111111101011101100111001011
111111111111101011101100110010001
111111110010010101010000011010101
111111110010010101010000011110000
111111110010010101010000111010110
111111110010010101001101010000101
111111110010010101010000010110010
111111110010010101001101011011110
111111110010010101001101010100001
111111110010010101001101101010011
111111111101101111101110000000010
111111111101101111110001010110100
111111111101101111110000000111011
111111111101101111110000000010010
111111111101101111101101001101010
111111111101101111101011010001011
111111111101101111101100101011101
111111111101101111101111011010101
000000001010000100100101011011010
000000001010000100100100010111001
000000001010000100100000111011001
000000001010000100100100001000000
000000001010000100100101010001101
000000001010000100100010100111001
000000001010000100100001101100110
000000001010000100100000110111100
111111110100011010100100010001111
111111110100011010100111001100110
111111110100011010100011110111001
111111110100011010100111001000101
111111110100011010100100101110000
111111110100011010100100011001100
111111110100011010100100001001110
111111110100011010100101100110111
111111110011111100110011111001110
111111110011111100110100111100101
111111110011111100110001010011111
111111110011111100110010000010011
111111110011111100110011001100111
111111110011111100110001001001111
111111110011111100101111101110111
111111110011111100110011001110000
000000001100111111010000011010010
000000001100111111001111001011101
000000001100111111010000010111000
000000001100111111001101100100001
000000001100111111001111011111101
000000001100111111001101001011101
000000001100111111010000011110011
000000001100111111001110011100111
111111110000111000100111110000101
111111110000111000100101111111010
111111110000111000101000000101001
111111110000111000100111111011101
111111110000111000101001001110110
111111110000111000100100101110000
111111110000111000100111011000010
111111110000111000100111111111010
111111111111101011101011111010111
111111111111101011101100101010010
111111111111101011101010001111000
111111111111101011101010011111100
111111111111101011101010101100010
111111111111101011101101000010000
111111111111101011101011000111011
111111111111101011101100111010010
111111110010010101001111001110100
111111110010010101001101000011111
111111110010010101001111110000001
111111110010010101001101010111101
111111110010010101001111010111110
111111110010010101001101011010011
111111110010010101010000100010011
111111110010010101001111110100101
111111111101101111110010000000100
111111111101101111110000010011011
111111111101101111101110110111010
111111111101101111101100001100100
111111111101101111101111011010010
111111111101101111101100100111101
111111111101101111101101100100111
111111111101101111101101100000111
000000001010000100100011111010101
000000001010000100100011111101110
000000001010000100100011100110111
000000001010000100100011110001111
000000001010000100100011100011011
000000001010000100100100100000000
000000001010000100100011011111100
000000001010000100100011100100001
111111110100011010100101010100011
111111110100011010100111001111111
111111110100011010100011110111000
111111110100011010100100110011100
111111110100011010100101110010001
111111110100011010100100110011000
111111110100011010100010111110010
111111110100011010101000110110000
111111110011111100110010010110101
111111110011111100110101101001001
111111110011111100110010100001100
111111110011111100110010001000101
111111110011111100110011000111100
111111110011111100110010010111001
111111110011111100110100100100100
111111110011111100110101101101110
000000001100111111001101110011110
000000001100111111001111000111010
000000001100111111010000101000101
000000001100111111001111101111101
000000001100111111010000101100000
000000001100111111001110100101101
000000001100111111001100010110001
000000001100111111010010101100011
111111110000111000100110010011011
111111110000111000100011111101110
111111110000111000100111111100001
111111110000111000100100110011100
111111110000111000100101110000010
111111110000111000100101111001011
111111110000111000100101010111010
111111110000111000100110110011100
111111111111101011101000011010000
111111111111101011101100111111010
111111111111101011101110101101010
111111111111101011101011111111001
111111111111101011101100010101111
111111111111101011100111110110100
111111111111101011101100101000000
111111111111101011101101111000101
111111110010010101001111101001001
111111110010010101010000000101100
111111110010010101010000011100001
111111110010010101010010001011101
111111110010010101010000111110000
111111110010010101001101110010010
111111110010010101001110111101010
111111110010010101001111001110010
111111111101101111101101101100011
111111111101101111110010010110110
111111111101101111101110010000101
111111111101101111101101011010101
111111111101101111101111001010010
111111111101101111101110100100101
111111111101101111110001011001100
111111111101101111110010000111100
000000001010000100100011100001110
000000001010000100100011101111101
000000001010000100100011111101111
000000001010000100100100101100100
000000001010000100100100010000101
000000001010000100100010111010101
000000001010000100100011110001110
000000001010000100100011111011001
111111110100011010100110111011110
111111110100011010100111000001010
111111110100011010100101110110001
111111110100011010100110100101010
111111110100011010100111000111011
111111110100011010100110000011000
111111110100011010100101101101101
111111110100011010100110100011100
111111110011111100110100101000001
111111110011111100110100101100100
111111110011111100110100011011100
111111110011111100110010101000001
111111110011111100110010110101011
111111110011111100110010010011010
111111110011111100110011010001111
111111110011111100110011110101100
000000001100111111010010001101011
000000001100111111001011100000111
000000001100111111001100100011100
000000001100111111001101000010011
000000001100111111001111010110001
000000001100111111001010111011111
000000001100111111001101110010110
000000001100111111001100111001001
111111110000111000101000100010011
111111110000111000100011101000110
111111110000111000100101000101110
111111110000111000101000001101100
111111110000111000101001110101000
111111110000111000100110001110110
111111110000111000100101010101111
111111110000111000100110010000110
111111111111101011101100101110011
111111111111101011101010111100111
111111111111101011101010010100000
111111111111101011101010101101101
111111111111101011101100101100101
111111111111101011101011100101010
111111111111101011101100001001000
111111111111101011101100011001101
111111110010010101001111101001111
111111110010010101001101110100100
111111110010010101001100001010101
111111110010010101001100110011011
111111110010010101001110111011110
111111110010010101001101010111101
111111110010010101001101111111100
111111110010010101001110010110001
111111111101101111101111000101010
111111111101101111110000010101100
111111111101101111101111100111001
111111111101101111101101101111110
111111111101101111101101101111100
111111111101101111101111000000000
111111111101101111110000101110000
111111111101101111101110111110000
000000001010000100100011101110011
000000001010000100011111000011010
000000001010000100100000010111100
000000001010000100100010110010111
000000001010000100100100000011100
000000001010000100100001100011011
000000001010000100100010000110010
000000001010000100100000110000000
111111110100011010100110111010110
111111110100011010100010110111101
111111110100011010100100011101110
111111110100011010100100100000010
111111110100011010100100111011101
111111110100011010100011001111100
111111110100011010100100111000010
111111110100011010100100100010000
111111110011111100110011111011111
111111110011111100110100000001100
111111110011111100110011101111000
111111110011111100110001011000100
111111110011111100110010100001001
111111110011111100110100001101111
111111110011111100110101110101101
111111110011111100101111111011010
000000001100111111010001100010011
000000001100111111010000001110100
000000001100111111010000101001001
000000001100111111010000011110110
000000001100111111010000101000101
000000001100111111010010000011110
000000001100111111001111001101010
000000001100111111010000000100111
111111110000111000100111101110010
111111110000111000100101110011011
111111110000111000100110111011010
111111110000111000100110100101011
111111110000111000100110101001010
111111110000111000101001100010001
111111110000111000101001010000110
111111110000111000100100101001011
111111111111101011101011010011000
111111111111101011101100101111000
111111111111101011101010001000111
111111111111101011101101100100001
111111111111101011101100010111111
111111111111101011101011010000010
111111111111101011101101110000000
111111111111101011101011111100111
111111110010010101001101011101110
111111110010010101001111001000000
111111110010010101010000100000110
111111110010010101001111101000011
111111110010010101001111110100011
111111110010010101001101110111100
111111110010010101010000000111110
111111110010010101001100001111100
111111111101101111101101101101011
111111111101101111101110101000010
111111111101101111110000000000001
111111111101101111110000111111001
111111111101101111101111001111101
111111111101101111101111011110011
111111111101101111110010100100010
111111111101101111101011000100001
000000001010000100100010110111001
000000001010000100100100101110111
000000001010000100100100011110000
000000001010000100100001110011001
000000001010000100100011101001110
000000001010000100100000010000101
000000001010000100100011110000110
000000001010000100100000101000101
111111110100011010100100110111001
111111110100011010100100011110010
111111110100011010100100101100100
111111110100011010100110010100010
111111110100011010100110110110000
111111110100011010100101110101001
111111110100011010100111010000111
111111110100011010100110111110010
111111110011111100110011100000000
111111110011111100110100010100010
111111110011111100110100100011011
111111110011111100110011010111100
111111110011111100110010100110111
111111110011111100110011101000110
111111110011111100110010101010011
111111110011111100110011010001001
000000001100111111001100111000000
000000001100111111001111011001010
000000001100111111001111010101011
000000001100111111001101110111100
000000001100111111001110111111001
000000001100111111001110010101111
000000001100111111001101000011110
000000001100111111010000010111101
111111110000111000100010111111010
111111110000111000100100101100101
111111110000111000100110110110000
111111110000111000100110000011100
111111110000111000100100010100010
111111110000111000101000001010011
111111110000111000100001010010011
111111110000111000100100001101010
111111111111101011101100100100101
111111111111101011101100110000000
111111111111101011101101000100100
111111111111101011101101010000111
111111111111101011101101011101100
111111111111101011101100100011011
111111111111101011101101100111001
111111111111101011101101111001010
111111110010010101001100100111011
111111110010010101001100101010111
111111110010010101001101111011011
111111110010010101001110110011011
111111110010010101001101011101001
111111110010010101010000100101110
111111110010010101001100001011000
111111110010010101001110100101111
111111111101101111101101000001111
111111111101101111101110011101100
111111111101101111101110010000100
111111111101101111101101101010001
111111111101101111101101111000000
111111111101101111101111000000011
111111111101101111101011111110011
111111111101101111101101100100010
000000001010000100100010011010101
000000001010000100100010011000000
000000001010000100100010100111111
000000001010000100100010110011100
000000001010000100100011000010001
000000001010000100100011101111100
000000001010000100011111110001001
000000001010000100011101111011101
111111110100011010100110000011101
111111110100011010100101111101000
111111110100011010100110100101001
111111110100011010100110000100100
111111110100011010100101101001111
111111110100011010100111001000110
111111110100011010100101110010111
111111110100011010100101100011011
111111110011111100110100000010011
111111110011111100110110001101000
111111110011111100110011111101011
111111110011111100110100001100010
111111110011111100110100000111010
111111110011111100110011001011010
111111110011111100110100100010011
111111110011111100110011011010111
000000001100111111001101001110100
000000001100111111001111000111110
000000001100111111001110010100010
000000001100111111001101000110001
000000001100111111001111001101001
000000001100111111001110110011110
000000001100111111001110100010111
000000001100111111001111000000010
111111110000111000100100011100001
111111110000111000100111101001100
111111110000111000101000000111100
111111110000111000100100000010010
111111110000111000100110011000110
111111110000111000100100101011011
111111110000111000100101110100101
111111110000111000100110010010110
111111111111101011101010101001000
111111111111101011101100100101111
111111111111101011101100111001110
111111111111101011101010111010110
111111111111101011101010110110010
111111111111101011101010110001010
111111111111101011101010011110011
111111111111101011101011100100101
111111110010010101001101100111000
111111110010010101001110111101111
111111110010010101001110000111101
111111110010010101001100101001011
111111110010010101001111011100000
111111110010010101001110000010011
111111110010010101001110110100111
111111110010010101001101100100101
111111111101101111101111010010100
111111111101101111101111000011111
111111111101101111110001011000000
111111111101101111101110010011101
111111111101101111101111000111011
111111111101101111101111001110000
111111111101101111101111100111101
111111111101101111110001000101010
000000001010000100011111110101100
000000001010000100100101100011100
000000001010000100100001101011100
000000001010000100100010001000011
000000001010000100100000011101101
000000001010000100100000110010010
000000001010000100100010001101100
000000001010000100100011111101001
111111110100011010100011000001111
111111110100011010100101010000101
111111110100011010101001001101111
111111110100011010100011101011110
111111110100011010100101001111001
111111110100011010100100111011001
111111110100011010100100011101011
111111110100011010100101110111100
111111110011111100110010111011001
111111110011111100110010011010001
111111110011111100110011001010000
111111110011111100110011111111000
111111110011111100110011001001010
111111110011111100110100001010110
111111110011111100110010010110001
111111110011111100110100011010101
000000001100111111001100110101101
000000001100111111001100011001000
000000001100111111010000010001100
000000001100111111001110101011001
000000001100111111001110011001010
000000001100111111001110001000101
000000001100111111010000000011101
000000001100111111001111001001111
111111110000111000100101110110010
111111110000111000100100100001110
111111110000111000100101100011000
111111110000111000100111010111001
111111110000111000100110111001100
111111110000111000100111000000101
111111110000111000100100100000001
111111110000111000100111011011100
111111111111101011101010000010010
111111111111101011101010010010110
111111111111101011101010111110001
111111111111101011101101101111010
111111111111101011101010101111001
111111111111101011101011111000100
111111111111101011101011001010000
111111111111101011101011000110111
111111110010010101001100100001110
111111110010010101001011100011010
111111110010010101001111100011110
111111110010010101001101000110011
111111110010010101001101101010000
111111110010010101001100111011100
111111110010010101001110011011111
111111110010010101001110101001000
111111111101101111101111000001110
111111111101101111101111111111001
111111111101101111101111100011011
111111111101101111101111010011111
111111111101101111110000011010101
111111111101101111101111010100100
111111111101101111110000001110110
111111111101101111101111001010000
000000001010000100100010100101001
000000001010000100100000010110111
000000001010000100100010001001000
000000001010000100100100000001100
000000001010000100100010111100010
000000001010000100100100110111000
000000001010000100100000111010110
000000001010000100100010000101100
111111110100011010100100110101000
111111110100011010100100000100011
111111110100011010100100010101010
111111110100011010100101111100100
111111110100011010100101101011110
111111110100011010100110000101011
111111110100011010100100010110010
111111110100011010100100100000101
111111110011111100110010001110111
111111110011111100110001100000000
111111110011111100110001000111000
111111110011111100110010011110110
111111110011111100110101011000010
111111110011111100110000110100111
111111110011111100110000100010110
111111110011111100110011111001000
000000001100111111010001010010011
000000001100111111001111010000111
000000001100111111010000011000000
000000001100111111001111100001000
000000001100111111001111000001010
000000001100111111001111011001110
000000001100111111001111100000010
000000001100111111010010000011001
111111110000111000100110010001001
111111110000111000100100101011101
111111110000111000100111000111110
111111110000111000100111000010000
111111110000111000100111001100010
111111110000111000100100100010100
111111110000111000100101110111000
111111110000111000101001100011101
111111111111101011101011001101000
111111111111101011101101011011011
111111111111101011101100001011110
111111111111101011101011111000001
111111111111101011101100110101000
111111111111101011101101010000100
111111111111101011101100000111101
111111111111101011101011100101011
111111110010010101001110011000110
111111110010010101001110010010001
111111110010010101001111000110001
111111110010010101001111000000101
111111110010010101001110100111011
111111110010010101001101101010101
111111110010010101001110011000011
111111110010010101001111001001010
111111111101101111110000001100110
111111111101101111101111000001010
111111111101101111110001000000100
111111111101101111101111010010101
111111111101101111101111011000111
111111111101101111101101111110100
111111111101101111101110000100011
111111111101101111101111001010111
000000001010000100100001110010111
000000001010000100100001000001010
000000001010000100100000110010111
000000001010000100100011010010000
000000001010000100100101101101110
000000001010000100011111010000110
000000001010000100100000101100011
000000001010000100100100101011100
111111110100011010100101011101101
111111110100011010100100101000101
111111110100011010100111101000100
111111110100011010100101111110011
111111110100011010100101001111001
111111110100011010100011101001011
111111110100011010100010101000111
111111110100011010100100100001111
111111110011111100110100010101111
111111110011111100110100101000111
111111110011111100110010100001000
111111110011111100110011100100001
111111110011111100110001011111010
111111110011111100110100110001010
111111110011111100110001010110101
111111110011111100110001110000101
000000001100111111010000001000111
000000001100111111001111010000101
000000001100111111001111101110100
000000001100111111001110100100101
000000001100111111010001000111000
000000001100111111001111100100110
000000001100111111010000101100000
000000001100111111010001100010111
111111110000111000100100110101011
111111110000111000100101101100111
111111110000111000101000000000101
111111110000111000101000010001100
111111110000111000100101101110101
111111110000111000100111100010101
111111110000111000100110011110110
111111110000111000101000110010110
111111111111101011101001100000111
111111111111101011101001010110110
111111111111101011101011110011110
111111111111101011101011101000110
111111111111101011101010011010000
111111111111101011101100100101101
111111111111101011101011001101001
111111111111101011101101111111011
111111110010010101001100100100100
111111110010010101001011010010011
111111110010010101001110110001100
111111110010010101010000110111101
111111110010010101001110010001000
111111110010010101010000111110000
111111110010010101001100111010010
111111110010010101001111011001101
111111111101101111101110001110010
111111111101101111101110101011011
111111111101101111101111000110110
111111111101101111101110100110101
111111111101101111101100110100010
111111111101101111101111111000001
111111111101101111101101111000101
111111111101101111101111111101010
000000001010000100100011111001000
000000001010000100100101100111011
000000001010000100100100010100110
000000001010000100100100101100000
000000001010000100100010111010111
000000001010000100100010001011011
000000001010000100100011100001011
000000001010000100100100100000010
111111110100011010100101110110110
111111110100011010100100111011110
111111110100011010100110001010011
111111110100011010100110000010011
111111110100011010100100011111111
111111110100011010100101101111000
111111110100011010100100010111001
111111110100011010100110100111001
111111110011111100110001100100101
111111110011111100110010010101000
111111110011111100110011110101011
111111110011111100110000111100100
111111110011111100110011010010101
111111110011111100110001101100000
111111110011111100110000101111110
111111110011111100110010110000001
000000001100111111001111010111011
000000001100111111001110100011000
000000001100111111010000101001000
000000001100111111001111110011000
000000001100111111010000101111100
000000001100111111001111001001010
000000001100111111001110110110101
000000001100111111001110111111111
111111110000111000100110101001011
111111110000111000100100001001011
111111110000111000100100111111111
111111110000111000100101101011001
111111110000111000100100101101111
111111110000111000100101101100000
111111110000111000100100111110110
111111110000111000100111110010011
111111111111101011101100100111101
111111111111101011101100000111000
111111111111101011101011111010110
111111111111101011101101111000101
111111111111101011101011110010011
111111111111101011101100101010100
111111111111101011101011001000011
111111111111101011101011111101010
111111110010010101001100100110101
111111110010010101001100100001010
111111110010010101001100100110000
111111110010010101001101100011100
111111110010010101001101000001111
111111110010010101001110110000001
111111110010010101001100010111010
111111110010010101001101001000010
111111111101101111101110001101111
111111111101101111101110111110011
111111111101101111101110100011110
111111111101101111110000101101101
111111111101101111101101100100001
111111111101101111110001010100000
111111111101101111101110110001110
111111111101101111101111001001010
000000001010000100100010000110100
000000001010000100100001111111001
000000001010000100100011010010010
000000001010000100100001110010001
000000001010000100100011000110110
000000001010000100100010111001000
000000001010000100100000110100010
000000001010000100100010100110101
111111110100011010100100000010000
111111110100011010100101101110000
111111110100011010100110000000110
111111110100011010100101001111000
111111110100011010100100011111100
111111110100011010100111101111000
111111110100011010100101000101001
111111110100011010100110010110000
111111110011111100110011010001001
111111110011111100110011101111100
111111110011111100110010001101010
111111110011111100110010010011111
111111110011111100110010001100110
111111110011111100110011101000010
111111110011111100110011011111000
111111110011111100110100111001001
000000001100111111010000100110100
000000001100111111001110010000101
000000001100111111010000000000111
000000001100111111001111001100101
000000001100111111001100011000001
000000001100111111001111100111111
000000001100111111001111101111100
000000001100111111010000111101000
111111110000111000101000001100101
111111110000111000100110001111101
111111110000111000100110000011111
111111110000111000100100000010001
111111110000111000100011101101101
111111110000111000101000000010110
111111110000111000100100011010011
111111110000111000100110111110011
111111111111101011101101011101100
111111111111101011101001100110110
111111111111101011101100000010110
111111111111101011101010001111110
111111111111101011101000001101101
111111111111101011101100101010100
111111111111101011101010000001000
111111111111101011101011011001011
111111110010010101001101111010101
111111110010010101001101100100011
111111110010010101001110110010000
111111110010010101001111110010011
111111110010010101001100100010111
111111110010010101001111111001001
111111110010010101001110111000010
111111110010010101001111101001001
111111111101101111110000101010100
111111111101101111110001100111000
111111111101101111101111010101000
111111111101101111101110110011111
111111111101101111101111101100101
111111111101101111101110111001010
111111111101101111101111001111101
111111111101101111110000111111110
000000001010000100100101001111010
000000001010000100100011000101010
000000001010000100100100001111100
000000001010000100100010111111101
000000001010000100100010100111000
000000001010000100100001101101010
000000001010000100100011101000011
000000001010000100100100011101111
111111110100011010100101001100111
111111110100011010100111001100010
111111110100011010100011010000001
111111110100011010100100010110010
111111110100011010100101010001000
111111110100011010100111110110000
111111110100011010100010101011001
111111110100011010100101001001100
111111110011111100110100000111000
111111110011111100110010001111001
111111110011111100110011111010001
111111110011111100110100010100011
111111110011111100110010100110010
111111110011111100110010010011010
111111110011111100110011111111111
111111110011111100110100001010010
000000001100111111001111001000011
000000001100111111001111011001001
000000001100111111001110101111101
000000001100111111001111110111000
000000001100111111001111110110011
000000001100111111001101100001110
000000001100111111001110111110111
000000001100111111010000111000011
111111110000111000100100001010111
111111110000111000100100011001100
111111110000111000101010000011101
111111110000111000101000100100110
111111110000111000100100001010111
111111110000111000100111001110101
111111110000111000101010110011100
111111110000111000100111011111101
111111111111101011101011101110100
111111111111101011101100011101011
111111111111101011101011111110010
111111111111101011101010000111011
111111111111101011101000111111110
111111111111101011101001100001010
111111111111101011101011110111101
111111111111101011101110110101110
111111110010010101001011101000010
111111110010010101001110110111010
111111110010010101001100110001000
111111110010010101001101001100110
111111110010010101001011001010111
111111110010010101001101111011101
111111110010010101001101110011110
111111110010010101001111010111111
111111111101101111101100000001110
111111111101101111101110000100101
111111111101101111101111111001011
111111111101101111110000000011100
111111111101101111101100000111101
111111111101101111101110100111100
111111111101101111110000101100010
111111111101101111101111010001111
000000001010000100100010000101101
000000001010000100100011010010100
000000001010000100100101010101100
000000001010000100100010011010011
000000001010000100011110111010000
000000001010000100100011000011100
000000001010000100100101011100110
000000001010000100100011111000100
111111110100011010100011100110011
111111110100011010100101000100110
111111110100011010100101011101111
111111110100011010100110100110101
111111110100011010100110100101010
111111110100011010100110000010001
111111110100011010100110000100111
111111110100011010100110110111101
111111110011111100110101001001000
111111110011111100110011100101001
111111110011111100110010010010000
111111110011111100110000101000100
111111110011111100110001110100101
111111110011111100110010011001100
111111110011111100110001100111111
111111110011111100110010101110101
000000001100111111001111000000101
000000001100111111010001101001011
000000001100111111010001110110101
000000001100111111001111010111011
000000001100111111001101100110101
000000001100111111001111011001011
000000001100111111001111011110001
000000001100111111001111100101000
111111110000111000100111101011001
111111110000111000100110111111111
111111110000111000100101011101001
111111110000111000100100001010111
111111110000111000100110101000011
111111110000111000100101011110010
111111110000111000100011011011111
111111110000111000100101110011000
111111111111101011101100011011100
111111111111101011101011111110110
111111111111101011101010111010000
111111111111101011101011111001100
111111111111101011101011010111010
111111111111101011101011111011111
111111111111101011101001111101101
111111111111101011101010101101010
111111110010010101001101010001111
111111110010010101010000011000010
111111110010010101001110110010001
111111110010010101001101011011100
111111110010010101001100101011100
111111110010010101001110000100000
111111110010010101001101110010101
111111110010010101001100011101011
111111111101101111101110010101111
111111111101101111101101110110110
111111111101101111101111000110011
111111111101101111101110001001111
111111111101101111101101011100110
111111111101101111101100010010000
111111111101101111101100000011101
111111111101101111101111100111110
000000001010000100100101110100110
000000001010000100100101111011100
000000001010000100100011000101000
000000001010000100100011100101000
000000001010000100100011011011110
000000001010000100100100100011110
000000001010000100100010101111000
000000001010000100100001111100101
111111110100011010100100001001010
111111110100011010100100101000001
111111110100011010100101100110000
111111110100011010100010110010100
111111110100011010100011101100010
111111110100011010100010011000111
111111110100011010100001011100101
111111110100011010100101011111110
111111110011111100110001011000011
111111110011111100110001001010110
111111110011111100110000100000100
111111110011111100110100010010011
111111110011111100110100011101100
111111110011111100110100010100110
111111110011111100101111001010111
111111110011111100110001100001001
000000001100111111001110110110001
000000001100111111010000101000111
000000001100111111001110010001000
000000001100111111010001101100100
000000001100111111001111000101001
000000001100111111001111001000110
000000001100111111001101011110011
000000001100111111001110011000110
111111110000111000100111111111110
111111110000111000100110000100100
111111110000111000100101111001111
111111110000111000101000101011011
111111110000111000100110011101111
111111110000111000100100000011100
111111110000111000100101101111001
111111110000111000100110000011000
111111111111101011101100111000010
111111111111101011101010010000111
111111111111101011101001011110100
111111111111101011101101011010110
111111111111101011101010111100100
111111111111101011101000011111101
111111111111101011101010111111100
111111111111101011101000010111101
111111110010010101001111000100111
111111110010010101001111010001000
111111110010010101001100100100101
111111110010010101010000110010111
111111110010010101001110110110101
111111110010010101001110000110010
111111110010010101001101111101011
111111110010010101001111010000000
111111111101101111101110010110100
111111111101101111101110100010100
111111111101101111101010111011010
111111111101101111110000100000000
111111111101101111101111000011100
111111111101101111101111110100111
111111111101101111101010101111000
111111111101101111101100111101101
000000001010000100100011111001001
000000001010000100100011010000000
000000001010000100100000111000101
000000001010000100100101000010100
000000001010000100100000111101011
000000001010000100100000011101101
000000001010000100100001000000000
000000001010000100011111111011111
111111110100011010100101101100001
111111110100011010100011100110010
111111110100011010100010011110011
111111110100011010100110010011001
111111110100011010100110000111010
111111110100011010100100110101000
111111110100011010100010101001011
111111110100011010100100000101110
111111110011111100110100000000000
111111110011111100110010110011111
111111110011111100110011001110111
111111110011111100110100010110100
111111110011111100110100011000110
111111110011111100110001100110000
111111110011111100110010010101010
111111110011111100110000110100100
000000001100111111001111000011110
000000001100111111001111001111010
000000001100111111001111010011011
000000001100111111001101001111010
000000001100111111001111001001010
000000001100111111010000111111111
000000001100111111001110000100100
000000001100111111010001000110001
111111110000111000100101110101111
111111110000111000100100011100000
111111110000111000100111010101101
111111110000111000101000001100000
111111110000111000101000101001000
111111110000111000101000001001100
111111110000111000100111001110100
111111110000111000100111110111110
111111111111101011101101000100011
111111111111101011101000110100111
111111111111101011101011111111010
111111111111101011101101101000100
111111111111101011101010100011010
111111111111101011101100001100010
111111111111101011101101110100010
111111111111101011101010111011100
111111110010010101001111011011011
111111110010010101001110011011010
111111110010010101001110111101011
111111110010010101001110101001100
111111110010010101001110011011111
111111110010010101001100111100000
111111110010010101001110011110100
111111110010010101001100011100110
111111111101101111110001001011100
111111111101101111101100101011111
111111111101101111101110010111001
111111111101101111110000001011001
111111111101101111101101101110000
111111111101101111101111000111100
111111111101101111101111100010001
111111111101101111101101100001000
000000001010000100100100011011111
000000001010000100100001101111101
000000001010000100100010110011110
000000001010000100011111111101100
000000001010000100100000010010111
000000001010000100100010110011010
000000001010000100100011101010010
000000001010000100100010010011101
111111110100011010100101100101000
111111110100011010100101010110110
111111110100011010100110001101000
111111110100011010100100110111000
111111110100011010100100000010100
111111110100011010100100100101000
111111110100011010100111110101011
111111110100011010100011001111101
111111110011111100110010010110100
111111110011111100110100000101001
111111110011111100110011011001101
111111110011111100110011100000111
111111110011111100110010110101010
111111110011111100110011001101010
111111110011111100110101111010110
111111110011111100110010100110100
000000001100111111010001010010100
000000001100111111001110100110001
000000001100111111001110100111001
000000001100111111001110010101110
000000001100111111010000000011110
000000001100111111010001111111100
000000001100111111001111000110111
000000001100111111001111100100011
111111110000111000101000000000100
111111110000111000100110101011000
111111110000111000100111010111011
111111110000111000100101111010111
111111110000111000101001000011101
111111110000111000100110100001011
111111110000111000100100100101000
111111110000111000101001001110000
111111111111101011101110001101001
111111111111101011101000100111110
111111111111101011101000100111011
111111111111101011101011100001100
111111111111101011101011011101001
111111111111101011101101011100010
111111111111101011101011100110001
111111111111101011101001100101000
111111110010010101010000000011100
111111110010010101001100111100100
111111110010010101001110000110000
111111110010010101001101111100110
111111110010010101001111110111110
111111110010010101001110011110110
111111110010010101001100101000111
111111110010010101001111000111101
111111111101101111101111110111000
111111111101101111101101111010101
111111111101101111101101001101001
111111111101101111101111111001100
111111111101101111101111100100011
111111111101101111101100110001101
111111111101101111110001010111011
111111111101101111101111100101110
000000001010000100100011010000001
000000001010000100100010001111001
000000001010000100100010011101001
000000001010000100100001000100101
000000001010000100100100001100001
000000001010000100100010111011101
000000001010000100100010101111011
000000001010000100100100000110111
111111110100011010100110010000000
111111110100011010100101001101110
111111110100011010100100001010111
111111110100011010100110001100010
111111110100011010100111101111011
111111110100011010100101001110101
111111110100011010100100011110101
111111110100011010100110101010011
111111110011111100110011111101000
111111110011111100110010000101010
111111110011111100110101100011100
111111110011111100110001101110101
111111110011111100110010111101010
111111110011111100110010001111100
111111110011111100110010101101100
111111110011111100110100001011010
000000001100111111001111100110100
000000001100111111010000100010110
000000001100111111001110110111100
000000001100111111010010001010111
000000001100111111001110100101100
000000001100111111010000101101101
000000001100111111010001100001010
000000001100111111010001000000010
111111110000111000100101110111101
111111110000111000100101010111001
111111110000111000101000000010011
111111110000111000100111110110000
111111110000111000100100111001101
111111110000111000100101011110001
111111110000111000100110111111011
111111110000111000100111101100001
111111111111101011101011100000011
111111111111101011101100101110101
111111111111101011101011100101001
111111111111101011101111110111100
111111111111101011101010001110111
111111111111101011101011110110001
111111111111101011101101011101101
111111111111101011101100100101011
111111110010010101001110100111111
111111110010010101001111010110010
111111110010010101001111000100011
111111110010010101001111101101000
111111110010010101001101000110010
111111110010010101001110111111101
111111110010010101010000001001100
111111110010010101001110100111011
111111111101101111101101111001010
111111111101101111110000101100001
111111111101101111101110111101010
111111111101101111110010010111011
111111111101101111101100101001101
111111111101101111101111101010101
111111111101101111110000100111010
111111111101101111101110010011001
000000001010000100100010011000100
000000001010000100100001100010011
000000001010000100100100000101011
000000001010000100100001000001000
000000001010000100100010110001010
000000001010000100100011011111111
000000001010000100100011010110110
000000001010000100100010011101111
111111110100011010100101101000111
111111110100011010100101100110010
111111110100011010100110101000110
111111110100011010100110000000000
111111110100011010100101101100101
111111110100011010100101100010100
111111110100011010100110001100100
111111110100011010100110000010101
111111110011111100110101100010011
111111110011111100110001011110110
111111110011111100110001001000101
111111110011111100110101101100110
111111110011111100110101100111011
111111110011111100110011100010000
111111110011111100110011001001000
111111110011111100110100110011001
000000001100111111010000000011101
000000001100111111001111001111111
000000001100111111001110010100110
000000001100111111001100111111111
000000001100111111001111111010011
000000001100111111001101111111000
000000001100111111001101000110100
000000001100111111010001001011100
111111110000111000100110100000110
111111110000111000100101011110100
111111110000111000100010111110111
111111110000111000100101111000001
111111110000111000100110111101110
111111110000111000100010100110011
111111110000111000100100010011110
111111110000111000101010001101110
111111111111101011101100111101100
111111111111101011101000111100110
111111111111101011100101111010111
111111111111101011101011100110010
111111111111101011101100000101110
111111111111101011101001101101110
111111111111101011101001001000101
111111111111101011110000011011000
111111110010010101001110100001110
111111110010010101010000011010101
111111110010010101001110110000101
111111110010010101001100011101011
111111110010010101001111000000000
111111110010010101001101110101011
111111110010010101001101000010010
111111110010010101001111110111111
111111111101101111101111111100011
111111111101101111101101111010111
111111111101101111101101011110100
111111111101101111101111101001010
111111111101101111101111110111010
111111111101101111101110110001110
111111111101101111101100010011111
111111111101101111110010010110110
000000001010000100100001111000100
000000001010000100100011111110011
000000001010000100100010101111100
000000001010000100100000010010100
000000001010000100100001001100010
000000001010000100100011011010001
000000001010000100100000101111101
000000001010000100100101001100111
111111110100011010100101111100010
111111110100011010100101001000000
111111110100011010100010100000010
111111110100011010100001000010110
111111110100011010100101110111000
111111110100011010100001101011111
111111110100011010100001111101001
111111110100011010100111111100011
111111110011111100110001011010100
111111110011111100110011001110000
111111110011111100110011111001111
111111110011111100110011011110100
111111110011111100110101000101100
111111110011111100110010010000110
111111110011111100110001110011110
111111110011111100110010001100000
000000001100111111001111001110111
000000001100111111010000100001100
000000001100111111010001001001010
000000001100111111001111111101011
000000001100111111001111001011111
000000001100111111001110101111001
000000001100111111010000000111110
000000001100111111001111011010001
111111110000111000100111001110001
111111110000111000101001000011111
111111110000111000100110111011101
111111110000111000100110110101100
111111110000111000100111111101100
111111110000111000101001100110100
111111110000111000100110110000111
111111110000111000100101100110001
111111111111101011101100101000100
111111111111101011101101111011100
111111111111101011101101001100000
111111111111101011101101011000111
111111111111101011101100001001101
111111111111101011101011111100011
111111111111101011101100001101000
111111111111101011101011110110011
111111110010010101010001001101011
111111110010010101001110011110100
111111110010010101010010000101001
111111110010010101010001110111011
111111110010010101001011111011111
111111110010010101001101001011100
111111110010010101010000111011101
111111110010010101001111001010101
111111111101101111110000000011001
111111111101101111110001100011110
111111111101101111101111111011100
111111111101101111110001010100011
111111111101101111101111111110110
111111111101101111101101110111101
111111111101101111101111010001110
111111111101101111101110100011100
000000001010000100100011110000000
000000001010000100100010010110111
000000001010000100100101010000010
000000001010000100100100110000101
000000001010000100100010000000111
000000001010000100100001011111110
000000001010000100100100110111100
000000001010000100100100011100000
111111110100011010100101011010101
111111110100011010100111111000111
111111110100011010100110000101011
111111110100011010100101101110000
111111110100011010100110011001110
111111110100011010100110111011011
111111110100011010100101000000011
111111110100011010100010111011011
111111110011111100110010101011011
111111110011111100110011011001101
111111110011111100110010001101001
111111110011111100110000110011101
111111110011111100110001010001001
111111110011111100110101011010101
111111110011111100110110110101010
111111110011111100110010110110110
000000001100111111001111000000101
000000001100111111001110000001100
000000001100111111001101001110101
000000001100111111001110111011001
000000001100111111001110001011111
000000001100111111001101001000110
000000001100111111010010001111011
000000001100111111001111101000101
111111110000111000100101010010000
111111110000111000100111000110110
111111110000111000100101010010110
111111110000111000100101110001110
111111110000111000100101010110001
111111110000111000100101100010001
111111110000111000101001011001100
111111110000111000101000110000110
111111111111101011101001100111000
111111111111101011101101001001000
111111111111101011101000010001011
111111111111101011101010110010011
111111111111101011100101101000011
111111111111101011101001010011010
111111111111101011101101010111011
111111111111101011101011100110001
111111110010010101001110101110010
111111110010010101001110010001101
111111110010010101001101110110000
111111110010010101001110100110110
111111110010010101010001000000101
111111110010010101001110010001111
111111110010010101001110111010011
111111110010010101001101111100110
111111111101101111101100110010101
111111111101101111110000100001101
111111111101101111101100101000101
111111111101101111101111000101111
111111111101101111101011000110010
111111111101101111101011100001011
111111111101101111101111001010000
111111111101101111110000010100111
000000001010000100100001010001010
000000001010000100100101001011111
000000001010000100100001001100101
000000001010000100100100000001100
000000001010000100011110101001110
000000001010000100011110101011011
000000001010000100100010100000001
000000001010000100100110100111000
111111110100011010100101010011010
111111110100011010100110101110101
111111110100011010100010011101101
111111110100011010100100011000110
111111110100011010100001011110000
111111110100011010100100110001100
111111110100011010100110110000101
111111110100011010100100010100100
111111110011111100110010010101011
111111110011111100110000001101011
111111110011111100110011100000111
111111110011111100110011110000100
111111110011111100110000100010000
111111110011111100110000110110111
111111110011111100110000011100010
111111110011111100110010101111100
000000001100111111010000111111100
000000001100111111001110011011110
000000001100111111001101001010001
000000001100111111001110100111001
000000001100111111010000101000111
000000001100111111001110111111100
000000001100111111001110101111000
000000001100111111001110101000100
111111110000111000100111010000010
111111110000111000100111111111010
111111110000111000101000001011010
111111110000111000101000011011010
111111110000111000100110111010111
111111110000111000101001001010000
111111110000111000100111000101111
111111110000111000100110011000101
111111111111101011101011000111001
111111111111101011101000101011100
111111111111101011101110000110001
111111111111101011101101000101011
111111111111101011101011011010001
111111111111101011101010000001001
111111111111101011101000110011000
111111111111101011101100001101100
111111110010010101001111000001101
111111110010010101001101101101010
111111110010010101001110101001111
111111110010010101001110110111010
111111110010010101001110001010110
111111110010010101001111010011111
111111110010010101001110000110001
111111110010010101001111111100011
111111111101101111101110101110011
111111111101101111101101000001111
111111111101101111101100101000111
111111111101101111101110011011101
111111111101101111101100000110001
111111111101101111101101010001111
111111111101101111101101100110111
111111111101101111101110110110000
000000001010000100100001001100011
000000001010000100100001000100101
000000001010000100100010100101100
000000001010000100100100000101000
000000001010000100011111001101101
000000001010000100100011010001000
000000001010000100100001001100000
000000001010000100011111000010011
111111110100011010100100101011010
111111110100011010100011001111110
111111110100011010100101001010110
111111110100011010100110001101011
111111110100011010100011010111001
111111110100011010100100011011100
111111110100011010100011100001111
111111110100011010100100000000111
111111110011111100110010101101100
111111110011111100110010011011101
111111110011111100110010111110000
111111110011111100110000101000100
111111110011111100110001010011001
111111110011111100110100000101001
111111110011111100110001111100111
111111110011111100110011000101110
000000001100111111010011000010101
000000001100111111001110100100100
000000001100111111010001000011010
000000001100111111010000010110110
000000001100111111001110011101100
000000001100111111001110011111001
000000001100111111001111000001011
000000001100111111010001000101101
111111110000111000101000011100110
111111110000111000100111001011110
111111110000111000101000000111110
111111110000111000101000010100010
111111110000111000100111101110111
111111110000111000100110101010111
111111110000111000100111101110011
111111110000111000100111110101000
111111111111101011101010101011100
111111111111101011101100100010101
111111111111101011101011010001100
111111111111101011101011011010101
111111111111101011101101000101101
111111111111101011101101101100100
111111111111101011101100011100100
111111111111101011101001110011101
111111110010010101001111010110111
111111110010010101001100010110011
111111110010010101001101001111011
111111110010010101001101110110010
111111110010010101001100110000111
111111110010010101001101110011011
111111110010010101001101110101010
111111110010010101001110100101111
111111111101101111101111000011011
111111111101101111101111010110101
111111111101101111101110001011000
111111111101101111101111000100101
111111111101101111110000000011001
111111111101101111101111100110110
111111111101101111101100111111101
111111111101101111101101110010001
000000001010000100100100001000000
000000001010000100100010001100100
000000001010000100100011100001111
000000001010000100100010100110010
000000001010000100100001100000110
000000001010000100100011001110100
000000001010000100100010101110111
000000001010000100100011110010001
111111110100011010100110101000010
111111110100011010100101001101011
111111110100011010100011100100000
111111110100011010100100100111110
111111110100011010100111001000111
111111110100011010100110011111111
111111110100011010100101100001010
111111110100011010100101111101000
111111110011111100110100111000111
111111110011111100110100000000011
111111110011111100110011001000000
111111110011111100110101010011100
111111110011111100110111001100110
111111110011111100110000111110111
111111110011111100110100100011101
111111110011111100110100010111001
000000001100111111001111101001100
000000001100111111001111000001101
000000001100111111010000010101000
000000001100111111010011010000111
000000001100111111010000011001111
000000001100111111001100010011001
000000001100111111010001000011101
000000001100111111001111111101011
111111110000111000101000010000101
111111110000111000100111101001111
111111110000111000100111001010101
111111110000111000101000011100001
111111110000111000101010101111010
111111110000111000100110011110011
111111110000111000101000010000111
111111110000111000100111000101011
111111111111101011101001110010111
111111111111101011101100101001000
111111111111101011101100110000011
111111111111101011101100011111000
111111111111101011101101000101101
111111111111101011101110101111001
111111111111101011101001110011011
111111111111101011101011110101001
111111110010010101001101010001001
111111110010010101001111000101101
111111110010010101001110000011001
111111110010010101010001000110111
111111110010010101001101100000011
111111110010010101001100101100110
111111110010010101001111001111110
111111110010010101001111010010010
111111111101101111101111001010011
111111111101101111110000010010011
111111111101101111101100100001010
111111111101101111110000111111011
111111111101101111101111001011111
111111111101101111101110000011010
111111111101101111110001001011111
111111111101101111101101011011110
000000001010000100100001010110011
000000001010000100100100110111001
000000001010000100100010110001011
000000001010000100100011110001010
000000001010000100100010110011101
000000001010000100100100101010110
000000001010000100100010100011101
000000001010000100100011101001001
111111110100011010100110110000110
111111110100011010100110110100101
111111110100011010100101011000101
111111110100011010100110100011011
111111110100011010100110010101001
111111110100011010100100111000111
111111110100011010100110010110010
111111110100011010100110011111100
111111110011111100110010100111000
111111110011111100110011000100100
111111110011111100110100100111111
111111110011111100110010001001110
111111110011111100110011000101111
111111110011111100110011100000000
111111110011111100110011110101000
111111110011111100110100000110001
000000001100111111001111110101001
000000001100111111001110111111101
000000001100111111010000100011010
000000001100111111001111110011000
000000001100111111001111110101100
000000001100111111001110001010110
000000001100111111001110100010010
000000001100111111001111000101011
111111110000111000100110110010101
111111110000111000101000011010100
111111110000111000100101101101111
111111110000111000100110010001000
111111110000111000100111110110010
111111110000111000100110101111000
111111110000111000100110010100000
111111110000111000100110110001101
111111111111101011101001001100111
111111111111101011101110010111011
111111111111101011101010001111100
111111111111101011101010111010011
111111111111101011101010110100010
111111111111101011101011001111011
111111111111101011101010001110010
111111111111101011101101000101011
111111110010010101001011010100100
111111110010010101001011010010100
111111110010010101001111110010011
111111110010010101001011010100101
111111110010010101001100000000110
111111110010010101001001100001100
111111110010010101001110100010100
111111110010010101001101101100100
111111111101101111101100000101100
111111111101101111101110111000011
111111111101101111101110110001100
111111111101101111101100111011100
111111111101101111101011010101100
111111111101101111101100000110000
111111111101101111110000101101001
111111111101101111101111011100101
000000001010000100100001010111010
000000001010000100100011010011111
000000001010000100100001111100101
000000001010000100100011001110111
000000001010000100100010010101000
000000001010000100100001100000101
000000001010000100100011001010001
000000001010000100100010100111011
111111110100011010100100100101000
111111110100011010100010000110100
111111110100011010100110100111010
111111110100011010100010011000000
111111110100011010100100101011011
111111110100011010100010101101100
111111110100011010100101000011001
111111110100011010100101010000011
111111110011111100110011010110010
111111110011111100110001101001010
111111110011111100110100110000011
111111110011111100110010111100001
111111110011111100110010100011100
111111110011111100110100000010111
111111110011111100110011000101100
111111110011111100110011111111100
000000001100111111001111100111000
000000001100111111001100011110000
000000001100111111001111111100100
000000001100111111001110001100100
000000001100111111001111100011000
000000001100111111001110000000101
000000001100111111001111110010010
000000001100111111001110111101011
111111110000111000100111011101101
111111110000111000100101111001111
111111110000111000101000101001101
111111110000111000100111011010000
111111110000111000100111000011100
111111110000111000100110010000100
111111110000111000100100110100010
111111110000111000100110000011001
111111111111101011101101000110110
111111111111101011101010111011000
111111111111101011101100110010110
111111111111101011101001110100010
111111111111101011101110000010000
111111111111101011101001010101100
111111111111101011101100011001001
111111111111101011101011001001110
111111110010010101001101111010100
111111110010010101001101011000111
111111110010010101001111011011110
111111110010010101001110001001001
111111110010010101001111110000101
111111110010010101001111100111000
111111110010010101010000011101100
111111110010010101010000001010110
111111111101101111110000000010010
111111111101101111101111011010111
111111111101101111101111101101100
111111111101101111101110110010010
111111111101101111101101111000011
111111111101101111101110110011010
111111111101101111110000001101110
111111111101101111101101000110110
000000001010000100100011000101000
000000001010000100100000111110001
000000001010000100100011101000011
000000001010000100100001000001001
000000001010000100100011111110110
000000001010000100100010000111000
000000001010000100100101010110010
000000001010000100100010011000010
111111110100011010100101101011110
111111110100011010100100101100101
111111110100011010100110111000010
111111110100011010100110011101001
111111110100011010100101110000110
111111110100011010100111010111011
111111110100011010100101100010010
111111110100011010100111100010010
111111110011111100110011110011000
111111110011111100110001111100001
111111110011111100110100001101100
111111110011111100110011001001000
111111110011111100110100001010010
111111110011111100110010010010111
111111110011111100110010101010011
111111110011111100110011010010011
000000001100111111010000010010101
000000001100111111001101000001110
000000001100111111010000000100110
000000001100111111001110101111011
000000001100111111001101100011100
000000001100111111001011111110100
000000001100111111001111000100001
000000001100111111001111100001110
111111110000111000101001000110011
111111110000111000100101011010101
111111110000111000100111010111101
111111110000111000100101000010111
111111110000111000100111001010110
111111110000111000100100111101110
111111110000111000100110111101100
111111110000111000100111010010001
111111111111101011101011000101110
111111111111101011101001101010110
111111111111101011101100000010001
111111111111101011101011010000110
111111111111101011101100011010111
111111111111101011100111010101001
111111111111101011101001110111011
111111111111101011101011110000000
111111110010010101001101101000001
111111110010010101001110011000010
111111110010010101001110110100110
111111110010010101001111010000110
111111110010010101001101110001001
111111110010010101001110000101101
111111110010010101001110111010011
111111110010010101001110111001101
111111111101101111110001100111110
111111111101101111101110101011000
111111111101101111110000100101110
111111111101101111101111111110010
111111111101101111110001001011001
111111111101101111101111011100111
111111111101101111110001011000010
111111111101101111110001010111011
000000001010000100100100001111111
000000001010000100100011110101001
000000001010000100100100011011001
000000001010000100100011111001000
000000001010000100100011110000100
000000001010000100100010111100011
000000001010000100100101010001000
000000001010000100100100011111100
111111110100011010101000001010001
111111110100011010100011100000011
111111110100011010101000001110111
111111110100011010100111010101001
111111110100011010100100100001001
111111110100011010100110101100110
111111110100011010100111100010010
111111110100011010100111001110110
111111110011111100110000111110110
111111110011111100110100111111101
111111110011111100110101000100100
111111110011111100110011101110010
111111110011111100110010100110101
111111110011111100110010010000110
111111110011111100110001100110000
111111110011111100110010011001100
000000001100111111001010110000101
000000001100111111001111110001011
000000001100111111010011110001010
000000001100111111001101011000001
000000001100111111001110000100101
000000001100111111001100000100111
000000001100111111001111010010110
000000001100111111001110010000110
111111110000111000100100110111110
111111110000111000100111010001110
111111110000111000101001011110011
111111110000111000100110001011110
111111110000111000100110101001010
111111110000111000100110011101011
111111110000111000100110101010110
111111110000111000100101011101101
111111111111101011101000110100000
111111111111101011101011101000111
111111111111101011101101011110010
111111111111101011101011001100010
111111111111101011101001101100101
111111111111101011101101011101110
111111111111101011101010010101111
111111111111101011101000000101111
111111110010010101001101001100100
111111110010010101001111001010001
111111110010010101001101111100001
111111110010010101001111001010001
111111110010010101001110100111000
111111110010010101001110001001000
111111110010010101001100101111010
111111110010010101001111001101011
111111111101101111101110010111100
111111111101101111101111010010111
111111111101101111110000000100100
111111111101101111101101011001110
111111111101101111101110110000111
111111111101101111101110100100110
111111111101101111101111111001011
111111111101101111101110100010010
000000001010000100100000110000000
000000001010000100100100110000100
000000001010000100100100011011000
000000001010000100100001110000110
000000001010000100100100000110110
000000001010000100011111111000010
000000001010000100100011000101001
000000001010000100100100100110110
111111110100011010100010111100000
111111110100011010100101111000101
111111110100011010101010000100011
111111110100011010100110011101001
111111110100011010100101100001001
111111110100011010100100110011111
111111110100011010100100111011101
111111110100011010100100011010111
111111110011111100110011111111110
111111110011111100110011010011100
111111110011111100110011111110111
111111110011111100110100001001110
111111110011111100110100001001001
111111110011111100110010001110011
111111110011111100110100000100111
111111110011111100110011111100110
000000001100111111010000011101100
000000001100111111010000010000011
000000001100111111010000000000111
000000001100111111010000101011100
000000001100111111001111101101101
000000001100111111001111110010101
000000001100111111001110110111011
000000001100111111001111010101100
111111110000111000101001000111010
111111110000111000100111001001001
111111110000111000101000001011000
111111110000111000101000100001011
111111110000111000100101011111101
111111110000111000101000001100111
111111110000111000100101110110010
111111110000111000100100011101010
111111111111101011101101110110110
111111111111101011101101001010110
111111111111101011101100101000110
111111111111101011101100101001001
111111111111101011101011011001000
111111111111101011101101011010011
111111111111101011101100000000101
111111111111101011101100001011010
111111110010010101001111001000011
111111110010010101001110010100100
111111110010010101001111101000100
111111110010010101001110100101011
111111110010010101001110110110111
111111110010010101001110000011101
111111110010010101001111110001001
111111110010010101001110111001111
111111111101101111110000000111010
111111111101101111101110111001111
111111111101101111110000111110001
111111111101101111110000100010001
111111111101101111110000010000111
111111111101101111101110111001001
111111111101101111101111001101101
111111111101101111101110100101101
000000001010000100100010001011001
000000001010000100100011010011101
000000001010000100100011101001110
000000001010000100100100000010110
000000001010000100100100000101100
000000001010000100100010011001011
000000001010000100100010111000110
000000001010000100100010111100101
111111110100011010100110011001010
111111110100011010100100100100000
111111110100011010100100101110100
111111110100011010100110011000000
111111110100011010100111011011011
111111110100011010100100001100110
111111110100011010100100111101110
111111110100011010100101010100101
111111110011111100110101001010001
111111110011111100110010001100110
111111110011111100110000111110101
111111110011111100110001111101010
111111110011111100110011000010101
111111110011111100110000100001101
111111110011111100110110111011100
111111110011111100110100101101000
000000001100111111010011000011001
000000001100111111001100111100010
000000001100111111001101111111110
000000001100111111001111111001001
000000001100111111010010011000000
000000001100111111001100111010100
000000001100111111010010100111101
000000001100111111001111011100111
111111110000111000100110001011010
111111110000111000101010000101111
111111110000111000101000010101101
111111110000111000100100101010011
111111110000111000100110010000001
111111110000111000100110001010110
111111110000111000100111011110011
111111110000111000101001111101011
111111111111101011101110011010100
111111111111101011101010100110111
111111111111101011101011011000010
111111111111101011101101001101101
111111111111101011101110101111100
111111111111101011101100010101010
111111111111101011101110000111000
111111111111101011101010111100110
111111110010010101001111110010110
111111110010010101010000111011011
111111110010010101001111000100010
111111110010010101001101100110101
111111110010010101001110100011011
111111110010010101001101111100010
111111110010010101001111101011000
111111110010010101010001001001001
111111111101101111110001001111010
111111111101101111101101010100001
111111111101101111101110011000101
111111111101101111110100010010110
111111111101101111101110011001010
111111111101101111101111101101001
111111111101101111110010111000101
111111111101101111101111110100010
000000001010000100100100111101011
000000001010000100100011001011011
000000001010000100100010000111101
000000001010000100100001110000001
000000001010000100100000101100100
000000001010000100100000101010101
000000001010000100100111001000110
000000001010000100100110000001011
111111110100011010101000100010011
111111110100011010100100100000110
111111110100011010100100101010110
111111110100011010100110001000101
111111110100011010101000001010110
111111110100011010100011001100001
111111110100011010100111101001010
111111110100011010100110011011001
111111110011111100110011100010000
111111110011111100110001110010101
111111110011111100110011011001011
111111110011111100110000110001100
111111110011111100110010101011110
111111110011111100110100110111101
111111110011111100110011111101101
111111110011111100110010000100000
000000001100111111010000100101110
000000001100111111001110101111011
000000001100111111010001111010000
000000001100111111010000011110100
000000001100111111001110111110100
000000001100111111010000100010001
000000001100111111010001100001011
000000001100111111001110110111011
111111110000111000100110110101101
111111110000111000100011001100101
111111110000111000101001010010001
111111110000111000100110010010010
111111110000111000100100100110000
111111110000111000101001001110001
111111110000111000101000000100011
111111110000111000100110101111010
111111111111101011101011110110001
111111111111101011101011011001011
111111111111101011101111011001000
111111111111101011101100011001001
111111111111101011101000101110010
111111111111101011101100111111111
111111111111101011101100010110010
111111111111101011101011000010001
111111110010010101001111110011101
111111110010010101001110101101000
111111110010010101001110111101101
111111110010010101001100100010110
111111110010010101001101111100011
111111110010010101010000000011010
111111110010010101001111000111111
111111110010010101001101111000000
111111111101101111101011111100111
111111111101101111101111011000100
111111111101101111110000100001001
111111111101101111101111111011111
111111111101101111101100011011011
111111111101101111101110101110101
111111111101101111101110001010001
111111111101101111101110001100011
000000001010000100100010001111000
000000001010000100100010010101110
000000001010000100100011111010111
000000001010000100100100100111000
000000001010000100100011011110011
000000001010000100100011000011100
000000001010000100100100000000010
000000001010000100100010110101110
111111110100011010100110001110000
111111110100011010100100001001110
111111110100011010101000110100010
111111110100011010100101100110001
111111110100011010100011110010110
111111110100011010100110110011101
111111110100011010100111000101110
111111110100011010100011110010111
111111110011111100110011100001100
111111110011111100110010101010100
111111110011111100110010100000010
111111110011111100110000110010010
111111110011111100110001011001110
111111110011111100110011000101001
111111110011111100110001000001001
111111110011111100110010111111100
000000001100111111001110011100010
000000001100111111001111111110011
000000001100111111010000010011110
000000001100111111001101010111111
000000001100111111001100110011110
000000001100111111010000101101110
000000001100111111001110101010010
000000001100111111010010001101000
111111110000111000100111111110010
111111110000111000100110000101010
111111110000111000100110110100011
111111110000111000100110101011110
111111110000111000100101110101011
111111110000111000101001000000000
111111110000111000100101011011010
111111110000111000100110011111000
111111111111101011101100111100101
111111111111101011101100001011000
111111111111101011101100010101100
111111111111101011101010110010010
111111111111101011101100011110000
111111111111101011101010101010001
111111111111101011101100001010100
111111111111101011101101001111101
111111110010010101001100111011000
111111110010010101001101010010010
111111110010010101010000001111101
111111110010010101001101000010100
111111110010010101001110011111111
111111110010010101001110010011001
111111110010010101001011110010110
111111110010010101001110100000001
111111111101101111101111000101111
111111111101101111110001011110100
111111111101101111101111011010110
111111111101101111110001100000000
111111111101101111101110110110101
111111111101101111110000110001110
111111111101101111110001011100001
111111111101101111101111011000111
000000001010000100100010001010101
000000001010000100100101011010110
000000001010000100100000110011101
000000001010000100100010001011100
000000001010000100011110111000100
000000001010000100100000110100100
000000001010000100100010011011100
000000001010000100100001100100010
111111110100011010100101111110011
111111110100011010100111110101000
111111110100011010100011000111010
111111110100011010100011110011101
111111110100011010100001001111110
111111110100011010100101100110110
111111110100011010100110001011100
111111110100011010100110001000011
111111110011111100110011011111101
111111110011111100110101101010000
111111110011111100110001101110110
111111110011111100110010001001000
111111110011111100110000111110100
111111110011111100110011100111110
111111110011111100110011000001111
111111110011111100110100111101101
000000001100111111010000011001000
000000001100111111001111100111100
000000001100111111001111100101000
000000001100111111001111010111101
000000001100111111001111100111011
000000001100111111001111110101000
000000001100111111010000011010000
000000001100111111010000110100110
111111110000111000100101110101100
111111110000111000100110110101011
111111110000111000100111000001100
111111110000111000100110101000110
111111110000111000100101100110000
111111110000111000100101011100110
111111110000111000100111001101000
111111110000111000101000001010101
111111111111101011101011001011001
111111111111101011101010101010010
111111111111101011101000010011100
111111111111101011101011001101000
111111111111101011101010000101110
111111111111101011101100010011110
111111111111101011101100010000111
111111111111101011101100100010100
111111110010010101001110001011010
111111110010010101001110110101110
111111110010010101001101101010010
111111110010010101001101010100011
111111110010010101001101010110111
111111110010010101001101110101100
111111110010010101001111111100101
111111110010010101001101010101110
111111111101101111110000011101010
111111111101101111110001011010011
111111111101101111101111100001101
111111111101101111101110100111010
111111111101101111101100111111001
111111111101101111110000100011101
111111111101101111101111111101110
111111111101101111101111111011000
000000001010000100100011000101001
000000001010000100100100101001011
000000001010000100100100000111001
000000001010000100100000100010111
000000001010000100100000111110001
000000001010000100100000111011110
000000001010000100100011101100010
000000001010000100100011010000011
111111110100011010100100100101000
111111110100011010100111000100100
111111110100011010100100110001000
111111110100011010100100011001001
111111110100011010100011011011101
111111110100011010100110011000100
111111110100011010100100100011001
111111110100011010101000011101000
111111110011111100110011010001010
111111110011111100110000111101101
111111110011111100110010110011011
111111110011111100101111011000110
111111110011111100110010001101100
111111110011111100110100111001010
111111110011111100110010100100101
111111110011111100110011000100101
000000001100111111001110100111010
000000001100111111010001011110010
000000001100111111001111100011110
000000001100111111001111000001000
000000001100111111001110011101011
000000001100111111010000000010100
000000001100111111001111110111010
000000001100111111001111110100011
111111110000111000100110110110110
111111110000111000100110011110001
111111110000111000101000011011110
111111110000111000100011110100101
111111110000111000100100110100011
111111110000111000100100000011110
111111110000111000100100110100111
111111110000111000100100010110000
111111111111101011101011100100000
111111111111101011101100011000000
111111111111101011101100000011001
111111111111101011101010001111100
111111111111101011101001011100000
111111111111101011101011110111100
111111111111101011101011101110001
111111111111101011101010111001001
111111110010010101001110110011000
111111110010010101001111000101111
111111110010010101001111001111111
111111110010010101001110000101110
111111110010010101010000000001100
111111110010010101001100111101011
111111110010010101001100011101110
111111110010010101001111101011100
111111111101101111110001001110100
111111111101101111110000001011011
111111111101101111110000100001111
111111111101101111101110110100000
111111111101101111101111010110110
111111111101101111101110010010101
111111111101101111101111110100001
111111111101101111101111101000001
000000001010000100100011100011101
000000001010000100100100101011000
000000001010000100100011000010111
000000001010000100100101001110011
000000001010000100100100001001010
000000001010000100100100101001111
000000001010000100100100110111011
000000001010000100100101010110001
111111110100011010100010010001101
111111110100011010100101010100100
111111110100011010100110000111000
111111110100011010100010100110111
111111110100011010100010001101101
111111110100011010100101001111100
111111110100011010100011011100101
111111110100011010100011110001100
111111110011111100110100000010100
111111110011111100110101001111111
111111110011111100110001001100110
111111110011111100110100000001011
111111110011111100110010110001000
111111110011111100110100000011100
111111110011111100110001110101110
111111110011111100110010001111100
000000001100111111001111101100000
000000001100111111010001101010010
000000001100111111001100010010000
000000001100111111001101001011011
000000001100111111001101101001011
000000001100111111001110101011101
000000001100111111001111011010101
000000001100111111001100010000001
111111110000111000100101111100001
111111110000111000100101111110001
111111110000111000100110010010000
111111110000111000100111101011001
111111110000111000100100111010001
111111110000111000101000100011010
111111110000111000101000011110111
111111110000111000101001010010000
111111111111101011101100011111111
111111111111101011101100111111111
111111111111101011101010000111001
111111111111101011101011101101110
111111111111101011101010110101110
111111111111101011101010111100100
111111111111101011101011111101000
111111111111101011101000111010010
111111110010010101001111010110110
111111110010010101001111010000000
111111110010010101001100000100110
111111110010010101001100101101001
111111110010010101001100000000111
111111110010010101001100011100000
111111110010010101001101000100101
111111110010010101001100101110010
111111111101101111110001100010111
111111111101101111110001000010001
111111111101101111101110111100111
111111111101101111101100011111110
111111111101101111110000011100001
111111111101101111101111101111001
111111111101101111101110000000000
111111111101101111101011110101010
000000001010000100100100000010111
000000001010000100100100001110001
000000001010000100100010001000000
000000001010000100011110111110100
000000001010000100100010011100101
000000001010000100100010100101001
000000001010000100100010111010101
000000001010000100100000101001010
111111110100011010100101001101101
111111110100011010101000001111000
111111110100011010100001100100001
111111110100011010100100000100010
111111110100011010100011001111100
111111110100011010100101100101011
111111110100011010100101011000111
111111110100011010100010010011001
111111110011111100110100100111000
111111110011111100110100110010100
111111110011111100110001001001001
111111110011111100110010001110001
111111110011111100110000110011011
111111110011111100110010000110101
111111110011111100110110110111110
111111110011111100110010101111001
000000001100111111001111111011001
000000001100111111001110010100010
000000001100111111010000111100000
000000001100111111001111110111011
000000001100111111010001010101011
000000001100111111001111001110101
000000001100111111010001010110100
000000001100111111001110001011011
111111110000111000100111000011110
111111110000111000100101111110000
111111110000111000100111101000000
111111110000111000100110100011110
111111110000111000100111110100011
111111110000111000100110001100001
111111110000111000101001101001011
111111110000111000100110001111000
111111111111101011101100100100010
111111111111101011101101000111000
111111111111101011101010000111111
111111111111101011101011010111100
111111111111101011101001111111000
111111111111101011101011101010000
111111111111101011101110110111010
111111111111101011101011101000100
111111110010010101010001010000110
111111110010010101001110001000011
111111110010010101001110000100100
111111110010010101001101111110000
111111110010010101001101101000000
111111110010010101001101101000001
111111110010010101010010011100010
111111110010010101001101011011111
111111111101101111110001101010101
111111111101101111101111000000110
111111111101101111101111001001111
111111111101101111110000110101111
111111111101101111101110100101100
111111111101101111101111000010011
111111111101101111110001100111100
111111111101101111101101011111100
000000001010000100100100000101010
000000001010000100100010010100100
000000001010000100100100100011100
000000001010000100100010010100010
000000001010000100100100011000001
000000001010000100100010100000111
000000001010000100100100101111100
000000001010000100100011001110001
111111110100011010100101011011011
111111110100011010100100011110001
111111110100011010100111011100001
111111110100011010100110101101010
111111110100011010100110011111010
111111110100011010100010101000111
111111110100011010100111000110110
111111110100011010100011111001010
111111110011111100110011010111111
111111110011111100110001110110011
111111110011111100110010100100101
111111110011111100110011010101101
111111110011111100110001010011010
111111110011111100110010011001001
111111110011111100110000111111100
111111110011111100110001100101101
000000001100111111001010111000000
000000001100111111001111011011010
000000001100111111001111001011000
000000001100111111001110000110110
000000001100111111001110110011011
000000001100111111001100011001000
000000001100111111001100101001011
000000001100111111010001001010000
111111110000111000100011011101100
111111110000111000100110110100011
111111110000111000100101001011110
111111110000111000100111100010101
111111110000111000100110100101010
111111110000111000100100011011101
111111110000111000100101100000110
111111110000111000100111011010111
111111111111101011101010001101011
111111111111101011101011110010000
111111111111101011101011100110110
111111111111101011101011111110101
111111111111101011101011000110100
111111111111101011101010011010000
111111111111101011101010001011110
111111111111101011101011100010000
111111110010010101001011011110100
111111110010010101001100110111011
111111110010010101001100011111100
111111110010010101001100000111111
111111110010010101001100010010000
111111110010010101001011001100010
111111110010010101001001011111011
111111110010010101001111111000110
111111111101101111101110000110011
111111111101101111101101011011000
111111111101101111110001110110000
111111111101101111101011101111010
111111111101101111101111000111011
111111111101101111101101101110111
111111111101101111101100101010000
111111111101101111101111111110100
000000001010000100011111010010101
000000001010000100100001000100111
000000001010000100100001001110001
000000001010000100011101010100010
000000001010000100100001101010110
000000001010000100011110010001001
000000001010000100011110000100001
000000001010000100100100110110100
111111110100011010100110010011011
111111110100011010100100111110001
111111110100011010100101100010001
111111110100011010100001001000111
111111110100011010100011110101000
111111110100011010100100001110101
111111110100011010100010000111111
111111110100011010100111010101001
111111110011111100110100110011111
111111110011111100110011100000101
111111110011111100110100011101000
111111110011111100110100010111000
111111110011111100110101001010101
111111110011111100110011111111111
111111110011111100110010110100111
111111110011111100110100100011111
000000001100111111010000001110111
000000001100111111001101011000100
000000001100111111010000011110111
000000001100111111010001010101100
000000001100111111010001101000100
000000001100111111010010101010011
000000001100111111001101011000110
000000001100111111001110010110101
111111110000111000100110010101100
111111110000111000100101110110110
111111110000111000100111010001010
111111110000111000101000110111010
111111110000111000100111111100011
111111110000111000101001000010001
111111110000111000100110100111000
111111110000111000100111001111111
111111111111101011101011100100100
111111111111101011101011100010100
111111111111101011101010000000001
111111111111101011101100001010001
111111111111101011101100011011110
111111111111101011101100110001001
111111111111101011101111100111101
111111111111101011101101111000111
111111110010010101001011111010000
111111110010010101001110111001111
111111110010010101010000111000011
111111110010010101001011110010011
111111110010010101010000110010100
111111110010010101001110011110110
111111110010010101001101110000010
111111110010010101001110111010111
111111111101101111101101110100101
111111111101101111101101011001010
111111111101101111101110111001101
111111111101101111110000111100001
111111111101101111110010010111110
111111111101101111110001010111001
111111111101101111101110010011011
111111111101101111110000011111100
000000001010000100100011101001110
000000001010000100100010100101101
000000001010000100100011110000010
000000001010000100100011011010010
000000001010000100100100000000000
000000001010000100100100000011110
000000001010000100100011111011101
000000001010000100100011101111011
111111110100011010100101000110010
111111110100011010101000111101111
111111110100011010101001111001111
111111110100011010100001100111010
111111110100011010101000110111010
111111110100011010100011001110000
111111110100011010100100101011010
111111110100011010101000000001000
111111110011111100110001010111101
111111110011111100110100000011101
111111110011111100110001101000111
111111110011111100110010000101110
111111110011111100110001100111000
111111110011111100110010100010011
111111110011111100110010100011110
111111110011111100110100011010100
000000001100111111001101011000011
000000001100111111001111000001010
000000001100111111001011001001011
000000001100111111001110000000001
000000001100111111001101111101011
000000001100111111001101110111010
000000001100111111001110010111111
000000001100111111010001000101101
111111110000111000100111010010110
111111110000111000100110101001000
111111110000111000100110000000011
111111110000111000101001010110100
111111110000111000101000001011000
111111110000111000100110111000000
111111110000111000101000000101111
111111110000111000100111000100010
111111111111101011101011100010011
111111111111101011101011010011001
111111111111101011100111010011010
111111111111101011101100111100010
111111111111101011101100110000001
111111111111101011101001100101001
111111111111101011101011000111010
111111111111101011101011110100100
111111110010010101001101100011110
111111110010010101010000011110000
111111110010010101001101010101110
111111110010010101001110011101000
111111110010010101001110000011001
111111110010010101001100001000001
111111110010010101001011010010001
111111110010010101001110101111011
111111111101101111101100110010011
111111111101101111101110111110000
111111111101101111101100110001111
111111111101101111110000001000001
111111111101101111101101110001011
111111111101101111101111000001110
111111111101101111101111011001101
111111111101101111101110101010010
000000001010000100100000100100110
000000001010000100100010011111011
000000001010000100100001101001001
000000001010000100100011001010001
000000001010000100100010000011100
000000001010000100100011000100100
000000001010000100100001111101110
000000001010000100100010000101010
111111110100011010100010110011111
111111110100011010100101100001000
111111110100011010100100100001001
111111110100011010100101110110100
111111110100011010100011011110010
111111110100011010100110100110001
111111110100011010100101000011100
111111110100011010100101101000000
111111110011111100110101101111011
111111110011111100110001000111011
111111110011111100110001100011010
111111110011111100110001000011010
111111110011111100110010110100101
111111110011111100110100001000111
111111110011111100110011110011010
111111110011111100101110010101110
000000001100111111001101111111000
000000001100111111001101110010011
000000001100111111001111001000111
000000001100111111001101011111101
000000001100111111001100110011100
000000001100111111010001111101011
000000001100111111010000101100101
000000001100111111001011111111001
111111110000111000101000110000110
111111110000111000100110111000111
111111110000111000100110001101010
111111110000111000100100111101110
111111110000111000100110011100100
111111110000111000101001001000001
111111110000111000100111000101001
111111110000111000100101011101111
111111111111101011101100010101110
111111111111101011101011000010101
111111111111101011101010110111010
111111111111101011101001001111001
111111111111101011101010110101010
111111111111101011101110111001011
111111111111101011101101010110001
111111111111101011101000001111111
111111110010010101001101101100110
111111110010010101001101000001101
111111110010010101001110110000000
111111110010010101001110100111011
111111110010010101001101101001000
111111110010010101001111011110010
111111110010010101001111111110100
111111110010010101001101101000100
111111111101101111101111011101100
111111111101101111110001001100000
111111111101101111101111111101101
111111111101101111101101011001101
111111111101101111101101100111110
111111111101101111110010010110001
111111111101101111101111110101100
111111111101101111101110110100001
000000001010000100100001010110101
000000001010000100100000110000010
000000001010000100100011010000100
000000001010000100100100101100101
000000001010000100100001011010111
000000001010000100100011110000111
000000001010000100100110110101000
000000001010000100100001101110011
111111110100011010100011111111101
111111110100011010100100011101111
111111110100011010100101011100000
111111110100011010100101011100000
111111110100011010100100110110100
111111110100011010100111000110001
111111110100011010100111010100000
111111110100011010100011011100010
111111110011111100110010010000110
111111110011111100110001110011011
111111110011111100101111111101111
111111110011111100101111011111001
111111110011111100110001001011101
111111110011111100110100010000101
111111110011111100110011001010001
111111110011111100110001011001010
000000001100111111001101010000000
000000001100111111001110001000001
000000001100111111001100111011100
000000001100111111001100100100110
000000001100111111001110011100100
000000001100111111001111110100010
000000001100111111010000001010010
000000001100111111001111010101111
111111110000111000100100100000001
111111110000111000100101010011111
111111110000111000100010101000011
111111110000111000100011011000011
111111110000111000100101001101110
111111110000111000100110010110010
111111110000111000100111001101101
111111110000111000100011110101101
111111111111101011101011011001100
111111111111101011101011001000000
111111111111101011101000100010010
111111111111101011101010011110000
111111111111101011101100100011000
111111111111101011101010101101000
111111111111101011101100100011001
111111111111101011101001010011111
111111110010010101001100101011111
111111110010010101001110011000010
111111110010010101001100001001101
111111110010010101001011111101110
111111110010010101001111010111101
111111110010010101001110011101110
111111110010010101001111111111100
111111110010010101001101001001011
111111111101101111110000000110000
111111111101101111110000101010010
111111111101101111110010001110010
111111111101101111101110100110100
111111111101101111101110101010010
111111111101101111110000010111100
111111111101101111101110011101001
111111111101101111110001110001011
000000001010000100100001001100001
000000001010000100100001101100010
000000001010000100100001111100011
000000001010000100100011101001000
000000001010000100100100001111110
000000001010000100100011101010100
000000001010000100100101011010100
000000001010000100100010111010001
111111110100011010100100110001000
111111110100011010100101111010100
111111110100011010100101100001100
111111110100011010100101001111010
111111110100011010100100101000011
111111110100011010100101011100001
111111110100011010100101010110010
111111110100011010100100111110010
111111110011111100110010011101001
111111110011111100110110010011110
111111110011111100110010110010001
111111110011111100110100001011000
111111110011111100110100010111001
111111110011111100110101110001110
111111110011111100110010011010101
111111110011111100110001011110000
000000001100111111001101011100001
000000001100111111010001111111000
000000001100111111001110111000000
000000001100111111001111100111110
000000001100111111001110001111111
000000001100111111010001010011101
000000001100111111001111011101010
000000001100111111001110011101111
111111110000111000100111000010001
111111110000111000101000000010000
111111110000111000100100111011011
111111110000111000100111010100101
111111110000111000100110111101110
111111110000111000100110011100110
111111110000111000100110000010010
111111110000111000100111010101010
111111111111101011101011001100110
111111111111101011101110100100011
111111111111101011101010001110111
111111111111101011101100101111110
111111111111101011101011011001111
111111111111101011101100001110000
111111111111101011101001010000100
111111111111101011101001110011101
111111110010010101001101011100101
111111110010010101001110000000100
111111110010010101001011110010001
111111110010010101010000110100111
111111110010010101001100111100100
111111110010010101001110010001100
111111110010010101001100111010111
111111110010010101001101000010101
111111111101101111101111100101001
111111111101101111110001011010110
111111111101101111110000011001010
111111111101101111110000100101000
111111111101101111101101011010100
111111111101101111110000100100011
111111111101101111110000001101100
111111111101101111101110111001111
000000001010000100100000101000111
000000001010000100100110011111010
000000001010000100100011111001011
000000001010000100100011101001111
000000001010000100100000111110111
000000001010000100100100110011110
000000001010000100100010000111100
000000001010000100100010000100110
111111110100011010100101101100111
111111110100011010100101011110111
111111110100011010100011001111101
111111110100011010100110101010100
111111110100011010100011010001011
111111110100011010100100111001100
111111110100011010100110000100001
111111110100011010100101111100111
111111110011111100110100110001101
111111110011111100110000101011000
111111110011111100101111100001001
111111110011111100110011100000111
111111110011111100110011111110101
111111110011111100110010101000110
111111110011111100110100010000111
111111110011111100110101000000110
000000001100111111010000110111100
000000001100111111001110010100100
000000001100111111001110101010010
000000001100111111010000011100110
000000001100111111001110111010011
000000001100111111001111100010101
000000001100111111010000111001100
000000001100111111001111110001110
111111110000111000101000011101010
111111110000111000100110100001101
111111110000111000100101011001001
111111110000111000100110101101101
111111110000111000100110000000011
111111110000111000100100011110001
111111110000111000101000110110110
111111110000111000101000000001011
111111111111101011101011101100110
111111111111101011101010010000110
111111111111101011101000110110100
111111111111101011101110110001011
111111111111101011101011110000111
111111111111101011101101011101001
111111111111101011101011100010001
111111111111101011101011001111000
111111110010010101001111111101010
111111110010010101001010000010001
111111110010010101001101111011101
111111110010010101001111110100110
111111110010010101001101111001110
111111110010010101001110110111100
111111110010010101001111010000011
111111110010010101001111001111001
111111111101101111110001000011110
111111111101101111101100110101011
111111111101101111101100101110011
111111111101101111101111101100111
111111111101101111101110011110110
111111111101101111101111000111000
111111111101101111110000000011011
111111111101101111101111110100010
000000001010000100100011101101100
000000001010000100100001011010010
000000001010000100100011011100001
000000001010000100100101001100111
000000001010000100100010000011010
000000001010000100100011010010100
000000001010000100100110010011010
000000001010000100100011101010110
111111110100011010100110001011111
111111110100011010100101000100101
111111110100011010100011111000010
111111110100011010101000000011011
111111110100011010100110111000011
111111110100011010100111100010010
111111110100011010100011100000100
111111110100011010100101000101100
111111110011111100110011011100100
111111110011111100110110010000011
111111110011111100110100000010110
111111110011111100110001011100111
111111110011111100110010100111001
111111110011111100110010000000110
111111110011111100110010101100011
111111110011111100110100100100100
000000001100111111010000001010011
000000001100111111001111100110001
000000001100111111001111100000111
000000001100111111010000101000000
000000001100111111001110111110010
000000001100111111010000000110101
000000001100111111010000001011010
000000001100111111001111001000000
111111110000111000100101101010000
111111110000111000100110111110000
111111110000111000100111111101000
111111110000111000100110011110011
111111110000111000101001000101100
111111110000111000100111110000110
111111110000111000100111101110110
111111110000111000100110000001000
111111111111101011101001010011101
111111111111101011101100111011100
111111111111101011101101111010010
111111111111101011101010100111001
111111111111101011101010100100101
111111111111101011101100111010011
111111111111101011101101101001111
111111111111101011101010011100001
111111110010010101001111000111110
111111110010010101001111101001110
111111110010010101010001000010010
111111110010010101001101111010111
111111110010010101001100110101110
111111110010010101001111010100111
111111110010010101001111011010000
111111110010010101001111010011100
111111111101101111101100111110000
111111111101101111101110010101000
111111111101101111110001010010010
111111111101101111101110011001100
111111111101101111110000111011010
111111111101101111110001101011111
111111111101101111110001000100001
111111111101101111101111101101101
000000001010000100100001110011101
000000001010000100100011101001000
000000001010000100100110001100011
000000001010000100100010110010011
000000001010000100100011100000000
000000001010000100100011100111100
000000001010000100100100001010110
000000001010000100100001010001010
111111110100011010100001111111101
111111110100011010100110010001001
111111110100011010100101101101011
111111110100011010100100101010110
111111110100011010100110110100010
111111110100011010100101011011101
111111110100011010100110010110010
111111110100011010100011110010010
111111110011111100110010011101010
111111110011111100110010000001101
111111110011111100110001101100000
111111110011111100110100001101010
111111110011111100110011001111001
111111110011111100110001110101001
111111110011111100110011000011011
111111110011111100110011000000110
000000001100111111010001101010001
000000001100111111010000011111011
000000001100111111001111101010001
000000001100111111010000001000110
000000001100111111010000100110011
000000001100111111010001000110011
000000001100111111010001010100100
000000001100111111001111011001110
111111110000111000100110111110111
111111110000111000100101111111100
111111110000111000100101011110011
111111110000111000101000000001011
111111110000111000100111010111101
111111110000111000100100110110100
111111110000111000100111000000010
111111110000111000101000011010001
111111111111101011101011100111001
111111111111101011101010001110110
111111111111101011101000101011011
111111111111101011101011011110010
111111111111101011101101111101110
111111111111101011101001100110000
111111111111101011101011111100100
111111111111101011101110110100101
111111110010010101001111110000010
111111110010010101001101100111001
111111110010010101001101010001100
111111110010010101001110111001100
111111110010010101010001100010111
111111110010010101001110110101111
111111110010010101010000111001011
111111110010010101010000000111001
111111111101101111101111000011111
111111111101101111110010100001001
111111111101101111101111011100011
111111111101101111110001001011001
111111111101101111110001110101111
111111111101101111110010011110111
111111111101101111101111100011010
111111111101101111110000100110011
000000001010000100100001100101100
000000001010000100100010011110101
000000001010000100011111100011110
000000001010000100100001110000011
000000001010000100100100100111110
000000001010000100100001101110011
000000001010000100100001011010000
000000001010000100100100111001011
111111110100011010100110001110111
111111110100011010100011101111000
111111110100011010100010111110110
111111110100011010100111101111001
111111110100011010100100111010100
111111110100011010100100101100001
111111110100011010100010111111101
111111110100011010100110110111101
111111110011111100110100001001010
111111110011111100110010010010001
111111110011111100110100011110011
111111110011111100110000001111011
111111110011111100110000111000001
111111110011111100110001100100110
111111110011111100110011000101000
111111110011111100110100011110101
000000001100111111010000000000011
000000001100111111001110110100000
000000001100111111001111111101010
000000001100111111001100000100010
000000001100111111001101000010011
000000001100111111001101100011001
000000001100111111001111010010101
000000001100111111010000111101001
111111110000111000100110000110011
111111110000111000101000011011111
111111110000111000100110110001110
111111110000111000100101001010101
111111110000111000100100001111010
111111110000111000100011110001100
111111110000111000100111111110111
111111110000111000101000110101010
111111111111101011101101001101100
111111111111101011101101011001000
111111111111101011101101110010101
111111111111101011101010111001101
111111111111101011101011010001110
111111111111101011101101001001100
111111111111101011101001110101001
111111111111101011101011101001100
111111110010010101001110011000010
111111110010010101001101100011000
111111110010010101001100110001110
111111110010010101001110111011101
111111110010010101001101111100010
111111110010010101001101110000001
111111110010010101001111110111100
111111110010010101001110100101000
111111111101101111101101100101110
111111111101101111101101101100010
111111111101101111101101011101001
111111111101101111101100010111100
111111111101101111101101010100110
111111111101101111101011101001101
111111111101101111110000011110101
111111111101101111110000010110100
000000001010000100100000011110001
000000001010000100100001111110001
000000001010000100100001100011111
000000001010000100100000010011111
000000001010000100100000100000110
000000001010000100011110101011111
000000001010000100100011110011001
000000001010000100100100000010110
111111110100011010100110000010001
111111110100011010100011100011111
111111110100011010100101001011111
111111110100011010100101000100101
111111110100011010100101101001101
111111110100011010100101000101001
111111110100011010100111011000101
111111110100011010100111000010111
111111110011111100110011010110010
111111110011111100110010101101101
111111110011111100110010000100111
111111110011111100110010000101011
111111110011111100110010111100110
111111110011111100110100000000111
111111110011111100110001101011110
111111110011111100110011110110101
000000001100111111010011010111111
000000001100111111001111010110100
000000001100111111001110001101100
000000001100111111010001000011000
000000001100111111001110100101111
000000001100111111010000101000101
000000001100111111010000001010011
000000001100111111010010000111010
111111110000111000100100000011010
111111110000111000100110010000000
111111110000111000100110011001100
111111110000111000101000111110101
111111110000111000100110000010001
111111110000111000100111000110100
111111110000111000101000110000010
111111110000111000100111010111000
111111111111101011101010110010100
111111111111101011101101001101011
111111111111101011101100101000110
111111111111101011101010101101111
111111111111101011101100101000000
111111111111101011101101101110011
111111111111101011101011010110100
111111111111101011101011110010101
111111110010010101001111000011001
111111110010010101001111111010000
111111110010010101001101010001000
111111110010010101001111010000101
111111110010010101001110011101000
111111110010010101001110111010110
111111110010010101001110000000001
111111110010010101010001001001001
111111111101101111101101010101000
111111111101101111110001011000010
111111111101101111101100011011110
111111111101101111101101011100011
111111111101101111101111101000111
111111111101101111110000010110101
111111111101101111101110110000000
111111111101101111101111100011110
000000001010000100100001101101100
000000001010000100100010111111000
000000001010000100100000001111110
000000001010000100100010000011010
000000001010000100100001010110101
000000001010000100100011111001100
000000001010000100100010011011011
000000001010000100100011110111101
111111110100011010100110110011000
111111110100011010100100011100100
111111110100011010100111011100110
111111110100011010100100101101101
111111110100011010100101000110001
111111110100011010100101101110001
111111110100011010100100101010000
111111110100011010100101011011011
All outputs match expected results. Test PASSED.
